file,type,line,frame
/home/gabriel/Disk/Research/research-javascript-test-smells/repositories/commander.js/tests/useColor.test.js,Conditional Test Logic,"{'line': 15, 'column': 4, 'index': 423}","  13 |
  14 |   afterAll(() => {
> 15 |     if (holdNoColor === undefined) delete process.env.NO_COLOR;
     |    ^ Conditional Test Logic
  16 |     else process.env.NO_COLOR = holdNoColor;
  17 |
  18 |     if (holdForceColor === undefined) delete process.env.FORCE_COLOR;"
/home/gabriel/Disk/Research/research-javascript-test-smells/repositories/commander.js/tests/useColor.test.js,Conditional Test Logic,"{'line': 18, 'column': 4, 'index': 533}","  16 |     else process.env.NO_COLOR = holdNoColor;
  17 |
> 18 |     if (holdForceColor === undefined) delete process.env.FORCE_COLOR;
     |    ^ Conditional Test Logic
  19 |     else process.env.FORCE_COLOR = holdForceColor;
  20 |
  21 |     if (holdCliColorForce === undefined) delete process.env.CLICOLOR_FORCE;"
/home/gabriel/Disk/Research/research-javascript-test-smells/repositories/commander.js/tests/useColor.test.js,Conditional Test Logic,"{'line': 21, 'column': 4, 'index': 655}","  19 |     else process.env.FORCE_COLOR = holdForceColor;
  20 |
> 21 |     if (holdCliColorForce === undefined) delete process.env.CLICOLOR_FORCE;
     |    ^ Conditional Test Logic
  22 |     else process.env.CLICOLOR_FORCE = holdCliColorForce;
  23 |   });
  24 |"
/home/gabriel/Disk/Research/research-javascript-test-smells/repositories/commander.js/tests/options.version.test.js,Exception Handling,"{'line': 11, 'column': 6, 'index': 476}","   9 |     // Override unknownOption as convenient way to check fails as expected.
  10 |     jest.spyOn(program, 'unknownOption').mockImplementation(() => {
> 11 |       throw new Error(errorMessage);
     |      ^ Exception Handling
  12 |     });
  13 |
  14 |     expect(() => {"
/home/gabriel/Disk/Research/research-javascript-test-smells/repositories/commander.js/tests/options.variadic.test.js,Magic Number,"{'line': 111, 'column': 44, 'index': 3856}","  109 |     // variadic processing reads the multiple values, but up to custom coercion what it does.
  110 |     program.parse(['--required', '1e2', '1e3'], { from: 'user' });
> 111 |     expect(program.opts().required).toEqual(1000);
      |                                            ^ Magic Number
  112 |   });
  113 | });
  114 |"
/home/gabriel/Disk/Research/research-javascript-test-smells/repositories/commander.js/tests/options.required.test.js,Exception Handling,"{'line': 23, 'column': 6, 'index': 894}","  21 |     // Arrange. Mock error routine to allow interception.
  22 |     const mockOptionMissingArgument = jest.fn(() => {
> 23 |       throw new Error('optionMissingArgument');
     |      ^ Exception Handling
  24 |     });
  25 |     const program = new commander.Command();
  26 |     program.optionMissingArgument = mockOptionMissingArgument;"
/home/gabriel/Disk/Research/research-javascript-test-smells/repositories/commander.js/tests/options.required.test.js,Exception Handling,"{'line': 61, 'column': 6, 'index': 2318}","  59 |     // Arrange. Mock error routine to allow interception.
  60 |     const mockOptionMissingArgument = jest.fn(() => {
> 61 |       throw new Error('optionMissingArgument');
     |      ^ Exception Handling
  62 |     });
  63 |     const defaultValue = 'default';
  64 |     const program = new commander.Command();"
/home/gabriel/Disk/Research/research-javascript-test-smells/repositories/commander.js/tests/options.mandatory.test.js,Exception Handling,"{'line': 264, 'column': 4, 'index': 8340}","  262 |
  263 |     let caughtErr;
> 264 |     try {
      |    ^ Exception Handling
  265 |       program.parse(['node', 'test', '--help']);
  266 |     } catch (err) {
  267 |       caughtErr = err;"
/home/gabriel/Disk/Research/research-javascript-test-smells/repositories/commander.js/tests/options.mandatory.test.js,Exception Handling,"{'line': 282, 'column': 4, 'index': 8818}","  280 |
  281 |     let caughtErr;
> 282 |     try {
      |    ^ Exception Handling
  283 |       program.parse(['node', 'test', 'sub', '--help']);
  284 |     } catch (err) {
  285 |       caughtErr = err;"
/home/gabriel/Disk/Research/research-javascript-test-smells/repositories/commander.js/tests/options.getset.test.js,Duplicate Assert,"{'line': 65, 'column': 2, 'index': 2485}","  63 |   const program = new commander.Command();
  64 |   program.option('--foo', 'description', 'default value');
> 65 |   expect(program.getOptionValueSource('foo')).toBe('default');
     |  ^ Duplicate Assert
  66 |   program.setOptionValue('foo', 'bar');
  67 |   expect(program.getOptionValueSource('foo')).toBeUndefined();
  68 | });"
/home/gabriel/Disk/Research/research-javascript-test-smells/repositories/commander.js/tests/options.getset.test.js,Duplicate Assert,"{'line': 67, 'column': 2, 'index': 2588}","  65 |   expect(program.getOptionValueSource('foo')).toBe('default');
  66 |   program.setOptionValue('foo', 'bar');
> 67 |   expect(program.getOptionValueSource('foo')).toBeUndefined();
     |  ^ Duplicate Assert
  68 | });
  69 |"
/home/gabriel/Disk/Research/research-javascript-test-smells/repositories/commander.js/tests/options.env.test.js,Duplicate Assert,"{'line': 275, 'column': 4, 'index': 10019}","  273 |     );
  274 |     program.parse(['--foo', 'cli'], { from: 'user' });
> 275 |     expect(optionEventMock).toHaveBeenCalledWith('cli');
      |    ^ Duplicate Assert
  276 |     expect(optionEventMock).toHaveBeenCalledTimes(1);
  277 |     expect(optionEnvEventMock).toHaveBeenCalledTimes(0);
  278 |     delete process.env.BAR;"
/home/gabriel/Disk/Research/research-javascript-test-smells/repositories/commander.js/tests/options.env.test.js,Duplicate Assert,"{'line': 276, 'column': 4, 'index': 10076}","  274 |     program.parse(['--foo', 'cli'], { from: 'user' });
  275 |     expect(optionEventMock).toHaveBeenCalledWith('cli');
> 276 |     expect(optionEventMock).toHaveBeenCalledTimes(1);
      |    ^ Duplicate Assert
  277 |     expect(optionEnvEventMock).toHaveBeenCalledTimes(0);
  278 |     delete process.env.BAR;
  279 |   });"
/home/gabriel/Disk/Research/research-javascript-test-smells/repositories/commander.js/tests/options.env.test.js,Duplicate Assert,"{'line': 291, 'column': 4, 'index': 10592}","  289 |     );
  290 |     program.parse(['--foo', 'cli'], { from: 'user' });
> 291 |     expect(parseMock).toHaveBeenCalledWith('cli', undefined);
      |    ^ Duplicate Assert
  292 |     expect(parseMock).toHaveBeenCalledTimes(1);
  293 |     delete process.env.BAR;
  294 |   });"
/home/gabriel/Disk/Research/research-javascript-test-smells/repositories/commander.js/tests/options.env.test.js,Duplicate Assert,"{'line': 292, 'column': 4, 'index': 10654}","  290 |     program.parse(['--foo', 'cli'], { from: 'user' });
  291 |     expect(parseMock).toHaveBeenCalledWith('cli', undefined);
> 292 |     expect(parseMock).toHaveBeenCalledTimes(1);
      |    ^ Duplicate Assert
  293 |     delete process.env.BAR;
  294 |   });
  295 | });"
/home/gabriel/Disk/Research/research-javascript-test-smells/repositories/commander.js/tests/options.dual-options.test.js,Magic Number,"{'line': 10, 'column': 46, 'index': 410}","   8 |   program.option('--one');
   9 |   const helper = new DualOptions(program.options);
> 10 |   expect(helper.positiveOptions.size).toEqual(1);
     |                                              ^ Magic Number
  11 |   expect(helper.negativeOptions.size).toEqual(0);
  12 |   expect(helper.dualOptions.size).toEqual(0);
  13 | });"
/home/gabriel/Disk/Research/research-javascript-test-smells/repositories/commander.js/tests/options.dual-options.test.js,Magic Number,"{'line': 11, 'column': 46, 'index': 460}","   9 |   const helper = new DualOptions(program.options);
  10 |   expect(helper.positiveOptions.size).toEqual(1);
> 11 |   expect(helper.negativeOptions.size).toEqual(0);
     |                                              ^ Magic Number
  12 |   expect(helper.dualOptions.size).toEqual(0);
  13 | });
  14 |"
/home/gabriel/Disk/Research/research-javascript-test-smells/repositories/commander.js/tests/options.dual-options.test.js,Magic Number,"{'line': 12, 'column': 42, 'index': 506}","  10 |   expect(helper.positiveOptions.size).toEqual(1);
  11 |   expect(helper.negativeOptions.size).toEqual(0);
> 12 |   expect(helper.dualOptions.size).toEqual(0);
     |                                          ^ Magic Number
  13 | });
  14 |
  15 | test('when negative option then stored in negativeOptions', () => {"
/home/gabriel/Disk/Research/research-javascript-test-smells/repositories/commander.js/tests/options.dual-options.test.js,Magic Number,"{'line': 19, 'column': 46, 'index': 743}","  17 |   program.option('--no-one');
  18 |   const helper = new DualOptions(program.options);
> 19 |   expect(helper.positiveOptions.size).toEqual(0);
     |                                              ^ Magic Number
  20 |   expect(helper.negativeOptions.size).toEqual(1);
  21 |   expect(helper.dualOptions.size).toEqual(0);
  22 | });"
/home/gabriel/Disk/Research/research-javascript-test-smells/repositories/commander.js/tests/options.dual-options.test.js,Magic Number,"{'line': 20, 'column': 46, 'index': 793}","  18 |   const helper = new DualOptions(program.options);
  19 |   expect(helper.positiveOptions.size).toEqual(0);
> 20 |   expect(helper.negativeOptions.size).toEqual(1);
     |                                              ^ Magic Number
  21 |   expect(helper.dualOptions.size).toEqual(0);
  22 | });
  23 |"
/home/gabriel/Disk/Research/research-javascript-test-smells/repositories/commander.js/tests/options.dual-options.test.js,Magic Number,"{'line': 21, 'column': 42, 'index': 839}","  19 |   expect(helper.positiveOptions.size).toEqual(0);
  20 |   expect(helper.negativeOptions.size).toEqual(1);
> 21 |   expect(helper.dualOptions.size).toEqual(0);
     |                                          ^ Magic Number
  22 | });
  23 |
  24 | test('when unrelated positive and negative options then no dual options', () => {"
/home/gabriel/Disk/Research/research-javascript-test-smells/repositories/commander.js/tests/options.dual-options.test.js,Magic Number,"{'line': 28, 'column': 42, 'index': 1102}","  26 |   program.option('--one').option('--no-two');
  27 |   const helper = new DualOptions(program.options);
> 28 |   expect(helper.dualOptions.size).toEqual(0);
     |                                          ^ Magic Number
  29 | });
  30 |
  31 | test('when related positive and negative options then stored as dual option', () => {"
/home/gabriel/Disk/Research/research-javascript-test-smells/repositories/commander.js/tests/options.dual-options.test.js,Magic Number,"{'line': 35, 'column': 42, 'index': 1369}","  33 |   program.option('--one').option('--no-one');
  34 |   const helper = new DualOptions(program.options);
> 35 |   expect(helper.dualOptions.size).toEqual(1);
     |                                          ^ Magic Number
  36 | });
  37 |
  38 | test('when related negative and positive options then stored as dual option', () => {"
/home/gabriel/Disk/Research/research-javascript-test-smells/repositories/commander.js/tests/options.dual-options.test.js,Magic Number,"{'line': 42, 'column': 42, 'index': 1636}","  40 |   program.option('--no-one').option('--one');
  41 |   const helper = new DualOptions(program.options);
> 42 |   expect(helper.dualOptions.size).toEqual(1);
     |                                          ^ Magic Number
  43 | });
  44 |
  45 | describe('valueFromOption with boolean option', () => {"
/home/gabriel/Disk/Research/research-javascript-test-smells/repositories/commander.js/tests/options.default.test.js,Magic Number,"{'line': 15, 'column': 38, 'index': 638}","  13 |     program.option('-d, --debug', 'description', 0);
  14 |     program.parse([], { from: 'user' });
> 15 |     expect(program.opts().debug).toBe(0);
     |                                      ^ Magic Number
  16 |   });
  17 |
  18 |   test('when boolean option with string default then value is default', () => {"
/home/gabriel/Disk/Research/research-javascript-test-smells/repositories/commander.js/tests/options.default.test.js,Magic Number,"{'line': 29, 'column': 37, 'index': 1192}","  27 |     program.option('-p, --port <port-number>', 'description', 80);
  28 |     program.parse([], { from: 'user' });
> 29 |     expect(program.opts().port).toBe(80);
     |                                     ^ Magic Number
  30 |   });
  31 |
  32 |   test('when required option-argument and default string then value is default', () => {"
/home/gabriel/Disk/Research/research-javascript-test-smells/repositories/commander.js/tests/options.default.test.js,Magic Number,"{'line': 43, 'column': 37, 'index': 1760}","  41 |     program.option('-p, --port [port-number]', 'description', 80);
  42 |     program.parse([], { from: 'user' });
> 43 |     expect(program.opts().port).toBe(80);
     |                                     ^ Magic Number
  44 |   });
  45 |
  46 |   test('when optional option-argument and default string then value is default', () => {"
/home/gabriel/Disk/Research/research-javascript-test-smells/repositories/commander.js/tests/options.default.test.js,Magic Number,"{'line': 74, 'column': 38, 'index': 3035}","  72 |     program.addOption(new Option('-d, --debug').default(0));
  73 |     program.parse([], { from: 'user' });
> 74 |     expect(program.opts().debug).toBe(0);
     |                                      ^ Magic Number
  75 |   });
  76 |
  77 |   test('when boolean option with string default then value is default', () => {"
/home/gabriel/Disk/Research/research-javascript-test-smells/repositories/commander.js/tests/options.default.test.js,Magic Number,"{'line': 88, 'column': 37, 'index': 3605}","  86 |     program.addOption(new Option('-p, --port <port-number>').default(80));
  87 |     program.parse([], { from: 'user' });
> 88 |     expect(program.opts().port).toBe(80);
     |                                     ^ Magic Number
  89 |   });
  90 |
  91 |   test('when required option-argument and default string then value is default', () => {"
/home/gabriel/Disk/Research/research-javascript-test-smells/repositories/commander.js/tests/options.default.test.js,Magic Number,"{'line': 102, 'column': 37, 'index': 4189}","  100 |     program.addOption(new Option('-p, --port [port-number]').default(80));
  101 |     program.parse([], { from: 'user' });
> 102 |     expect(program.opts().port).toBe(80);
      |                                     ^ Magic Number
  103 |   });
  104 |
  105 |   test('when optional option-argument and default string then value is default', () => {"
/home/gabriel/Disk/Research/research-javascript-test-smells/repositories/commander.js/tests/options.conflicts.test.js,Duplicate Assert,"{'line': 40, 'column': 4, 'index': 1068}","  38 |     const { program, actionMock } = makeProgram();
  39 |     program.parse('node test.js foo --json'.split(' '));
> 40 |     expect(actionMock).toHaveBeenCalledTimes(1);
     |    ^ Duplicate Assert
  41 |     expect(actionMock).toHaveBeenCalledWith({ json: true }, expect.any(Object));
  42 |   });
  43 |"
/home/gabriel/Disk/Research/research-javascript-test-smells/repositories/commander.js/tests/options.conflicts.test.js,Duplicate Assert,"{'line': 41, 'column': 4, 'index': 1117}","  39 |     program.parse('node test.js foo --json'.split(' '));
  40 |     expect(actionMock).toHaveBeenCalledTimes(1);
> 41 |     expect(actionMock).toHaveBeenCalledWith({ json: true }, expect.any(Object));
     |    ^ Duplicate Assert
  42 |   });
  43 |
  44 |   test('should call action when there are no implicit conflicting options set', () => {"
/home/gabriel/Disk/Research/research-javascript-test-smells/repositories/commander.js/tests/options.conflicts.test.js,Duplicate Assert,"{'line': 47, 'column': 4, 'index': 1403}","  45 |     const { program, actionMock } = makeProgram();
  46 |     program.parse('node test.js foo --silent'.split(' '));
> 47 |     expect(actionMock).toHaveBeenCalledTimes(1);
     |    ^ Duplicate Assert
  48 |     expect(actionMock).toHaveBeenCalledWith(
  49 |       { silent: true },
  50 |       expect.any(Object),"
/home/gabriel/Disk/Research/research-javascript-test-smells/repositories/commander.js/tests/options.conflicts.test.js,Duplicate Assert,"{'line': 48, 'column': 4, 'index': 1452}","  46 |     program.parse('node test.js foo --silent'.split(' '));
  47 |     expect(actionMock).toHaveBeenCalledTimes(1);
> 48 |     expect(actionMock).toHaveBeenCalledWith(
     |    ^ Duplicate Assert
  49 |       { silent: true },
  50 |       expect.any(Object),
  51 |     );"
/home/gabriel/Disk/Research/research-javascript-test-smells/repositories/commander.js/tests/options.conflicts.test.js,Duplicate Assert,"{'line': 112, 'column': 4, 'index': 3383}","  110 |     program.parse('node test.js foo --silent'.split(' '));
  111 |
> 112 |     expect(actionMock).toHaveBeenCalledTimes(1);
      |    ^ Duplicate Assert
  113 |     expect(actionMock).toHaveBeenCalledWith(
  114 |       { debug: true, silent: true },
  115 |       expect.any(Object),"
/home/gabriel/Disk/Research/research-javascript-test-smells/repositories/commander.js/tests/options.conflicts.test.js,Duplicate Assert,"{'line': 113, 'column': 4, 'index': 3432}","  111 |
  112 |     expect(actionMock).toHaveBeenCalledTimes(1);
> 113 |     expect(actionMock).toHaveBeenCalledWith(
      |    ^ Duplicate Assert
  114 |       { debug: true, silent: true },
  115 |       expect.any(Object),
  116 |     );"
/home/gabriel/Disk/Research/research-javascript-test-smells/repositories/commander.js/tests/options.conflicts.test.js,Duplicate Assert,"{'line': 273, 'column': 4, 'index': 8866}","  271 |     program.parse('node test.js bar --a --b'.split(' '));
  272 |
> 273 |     expect(actionMock).toHaveBeenCalledTimes(1);
      |    ^ Duplicate Assert
  274 |     expect(actionMock).toHaveBeenCalledWith(
  275 |       { a: true, b: true },
  276 |       expect.any(Object),"
/home/gabriel/Disk/Research/research-javascript-test-smells/repositories/commander.js/tests/options.conflicts.test.js,Duplicate Assert,"{'line': 274, 'column': 4, 'index': 8915}","  272 |
  273 |     expect(actionMock).toHaveBeenCalledTimes(1);
> 274 |     expect(actionMock).toHaveBeenCalledWith(
      |    ^ Duplicate Assert
  275 |       { a: true, b: true },
  276 |       expect.any(Object),
  277 |     );"
/home/gabriel/Disk/Research/research-javascript-test-smells/repositories/commander.js/tests/options.conflicts.test.js,Exception Handling,"{'line': 301, 'column': 4, 'index': 9761}","  299 |       .addOption(new commander.Option('--white').conflicts('black'));
  300 |
> 301 |     try {
      |    ^ Exception Handling
  302 |       program.parse('--white --black foo'.split(' '), { from: 'user' });
  303 |     } catch (err) {
  304 |       exception = err;"
/home/gabriel/Disk/Research/research-javascript-test-smells/repositories/commander.js/tests/options.conflicts.test.js,Exception Handling,"{'line': 318, 'column': 4, 'index': 10293}","  316 |       .addOption(new commander.Option('--white').conflicts('black'));
  317 |
> 318 |     try {
      |    ^ Exception Handling
  319 |       program.parse('--white --black foo --help'.split(' '), { from: 'user' });
  320 |     } catch (err) {
  321 |       exception = err;"
/home/gabriel/Disk/Research/research-javascript-test-smells/repositories/commander.js/tests/options.conflicts.test.js,Exception Handling,"{'line': 337, 'column': 4, 'index': 10951}","  335 |     program.command('ext', 'external command', { executableFile: pm });
  336 |
> 337 |     try {
      |    ^ Exception Handling
  338 |       program.parse('--white --black ext'.split(' '), { from: 'user' });
  339 |     } catch (err) {
  340 |       exception = err;"
/home/gabriel/Disk/Research/research-javascript-test-smells/repositories/commander.js/tests/helpGroup.test.js,Duplicate Assert,"{'line': 65, 'column': 4, 'index': 2438}","  63 |     program.option('--unus');
  64 |     const helpInfo = program.helpInformation();
> 65 |     expect(helpInfo).toMatch(/Greek:\n *--alpha/);
     |    ^ Duplicate Assert
  66 |     expect(helpInfo).toMatch(/Latin:\n *--unus/);
  67 |   });
  68 |"
/home/gabriel/Disk/Research/research-javascript-test-smells/repositories/commander.js/tests/helpGroup.test.js,Duplicate Assert,"{'line': 66, 'column': 4, 'index': 2489}","  64 |     const helpInfo = program.helpInformation();
  65 |     expect(helpInfo).toMatch(/Greek:\n *--alpha/);
> 66 |     expect(helpInfo).toMatch(/Latin:\n *--unus/);
     |    ^ Duplicate Assert
  67 |   });
  68 |
  69 |   test('when implicit help option then help option not affected', () => {"
/home/gabriel/Disk/Research/research-javascript-test-smells/repositories/commander.js/tests/helpGroup.test.js,Duplicate Assert,"{'line': 134, 'column': 4, 'index': 4942}","  132 |     program.option('--alpha');
  133 |     const helpInfo = program.helpInformation();
> 134 |     expect(helpInfo).toMatch(/Latin:\n *--duo\n *--unus/);
      |    ^ Duplicate Assert
  135 |     expect(helpInfo).toMatch(/Greek:\n *--alpha\n *--beta/);
  136 |   });
  137 |"
/home/gabriel/Disk/Research/research-javascript-test-smells/repositories/commander.js/tests/helpGroup.test.js,Duplicate Assert,"{'line': 135, 'column': 4, 'index': 5001}","  133 |     const helpInfo = program.helpInformation();
  134 |     expect(helpInfo).toMatch(/Latin:\n *--duo\n *--unus/);
> 135 |     expect(helpInfo).toMatch(/Greek:\n *--alpha\n *--beta/);
      |    ^ Duplicate Assert
  136 |   });
  137 |
  138 |   test('when set sortOptions then groups are in order added not sorted', () => {"
/home/gabriel/Disk/Research/research-javascript-test-smells/repositories/commander.js/tests/helpGroup.test.js,Duplicate Assert,"{'line': 176, 'column': 4, 'index': 6513}","  174 |     program.command('unus');
  175 |     const helpInfo = program.helpInformation();
> 176 |     expect(helpInfo).toMatch(/Greek:\n *alpha/);
      |    ^ Duplicate Assert
  177 |     expect(helpInfo).toMatch(/Latin:\n *unus/);
  178 |   });
  179 |"
/home/gabriel/Disk/Research/research-javascript-test-smells/repositories/commander.js/tests/helpGroup.test.js,Duplicate Assert,"{'line': 177, 'column': 4, 'index': 6562}","  175 |     const helpInfo = program.helpInformation();
  176 |     expect(helpInfo).toMatch(/Greek:\n *alpha/);
> 177 |     expect(helpInfo).toMatch(/Latin:\n *unus/);
      |    ^ Duplicate Assert
  178 |   });
  179 |
  180 |   test('when implicit help command then help command not affected', () => {"
/home/gabriel/Disk/Research/research-javascript-test-smells/repositories/commander.js/tests/helpGroup.test.js,Duplicate Assert,"{'line': 239, 'column': 4, 'index': 8773}","  237 |     program.command('alpha');
  238 |     const helpInfo = program.helpInformation();
> 239 |     expect(helpInfo).toMatch(/Latin:\n *duo\n *unus/);
      |    ^ Duplicate Assert
  240 |     expect(helpInfo).toMatch(/Greek:\n *alpha\n *beta/);
  241 |   });
  242 |"
/home/gabriel/Disk/Research/research-javascript-test-smells/repositories/commander.js/tests/helpGroup.test.js,Duplicate Assert,"{'line': 240, 'column': 4, 'index': 8828}","  238 |     const helpInfo = program.helpInformation();
  239 |     expect(helpInfo).toMatch(/Latin:\n *duo\n *unus/);
> 240 |     expect(helpInfo).toMatch(/Greek:\n *alpha\n *beta/);
      |    ^ Duplicate Assert
  241 |   });
  242 |
  243 |   test('when set sortOptions then groups are in order added not sorted', () => {"
/home/gabriel/Disk/Research/research-javascript-test-smells/repositories/commander.js/tests/help.visibleArguments.test.js,Magic Number,"{'line': 25, 'column': 44, 'index': 999}","  23 |     const helper = new commander.Help();
  24 |     const visibleArguments = helper.visibleArguments(program);
> 25 |     expect(visibleArguments.length).toEqual(1);
     |                                            ^ Magic Number
  26 |     expect(visibleArguments[0]).toEqual(
  27 |       new commander.Argument('<file>', 'file description'),
  28 |     );"
/home/gabriel/Disk/Research/research-javascript-test-smells/repositories/commander.js/tests/help.visibleArguments.test.js,Magic Number,"{'line': 39, 'column': 44, 'index': 1491}","  37 |     const helper = new commander.Help();
  38 |     const visibleArguments = helper.visibleArguments(program);
> 39 |     expect(visibleArguments.length).toEqual(1);
     |                                            ^ Magic Number
  40 |     expect(visibleArguments[0]).toEqual(
  41 |       new commander.Argument('<file>', 'file description'),
  42 |     );"
/home/gabriel/Disk/Research/research-javascript-test-smells/repositories/commander.js/tests/help.visibleArguments.test.js,Magic Number,"{'line': 51, 'column': 44, 'index': 1960}","  49 |     const helper = new commander.Help();
  50 |     const visibleArguments = helper.visibleArguments(program);
> 51 |     expect(visibleArguments.length).toEqual(2);
     |                                            ^ Magic Number
  52 |     expect(visibleArguments[0]).toEqual(
  53 |       new commander.Argument('<file1>', 'file1 description'),
  54 |     );"
/home/gabriel/Disk/Research/research-javascript-test-smells/repositories/commander.js/tests/help.visibleArguments.test.js,Magic Number,"{'line': 67, 'column': 44, 'index': 2565}","  65 |     const helper = new commander.Help();
  66 |     const visibleArguments = helper.visibleArguments(program);
> 67 |     expect(visibleArguments.length).toEqual(2);
     |                                            ^ Magic Number
  68 |     expect(visibleArguments[0]).toEqual(
  69 |       new commander.Argument('<file1>', 'file1 description'),
  70 |     );"
/home/gabriel/Disk/Research/research-javascript-test-smells/repositories/commander.js/tests/help.longestOptionTermLength.test.js,Magic Number,"{'line': 11, 'column': 68, 'index': 462}","   9 |     program.helpOption(false);
  10 |     const helper = new commander.Help();
> 11 |     expect(helper.longestOptionTermLength(program, helper)).toEqual(0);
     |                                                                    ^ Magic Number
  12 |   });
  13 |
  14 |   test('when just implicit help option returns length of help flags', () => {"
/home/gabriel/Disk/Research/research-javascript-test-smells/repositories/commander.js/tests/help.longestCommandTermLength.test.js,Magic Number,"{'line': 10, 'column': 72, 'index': 441}","   8 |     const program = new commander.Command();
   9 |     const helper = new commander.Help();
> 10 |     expect(helper.longestSubcommandTermLength(program, helper)).toEqual(0);
     |                                                                        ^ Magic Number
  11 |   });
  12 |
  13 |   test('when command and no help then returns length of term', () => {"
/home/gabriel/Disk/Research/research-javascript-test-smells/repositories/commander.js/tests/help.longestArgumentTermLength.test.js,Magic Number,"{'line': 10, 'column': 70, 'index': 438}","   8 |     const program = new commander.Command();
   9 |     const helper = new commander.Help();
> 10 |     expect(helper.longestArgumentTermLength(program, helper)).toEqual(0);
     |                                                                      ^ Magic Number
  11 |   });
  12 |
  13 |   test('when has argument description then returns argument length', () => {"
/home/gabriel/Disk/Research/research-javascript-test-smells/repositories/commander.js/tests/command.unknownOption.test.js,Exception Handling,"{'line': 31, 'column': 4, 'index': 758}","  29 |
  30 |     let caughtErr;
> 31 |     try {
     |    ^ Exception Handling
  32 |       program.parse(['node', 'test', 'info', '--NONSENSE']);
  33 |     } catch (err) {
  34 |       caughtErr = err;"
/home/gabriel/Disk/Research/research-javascript-test-smells/repositories/commander.js/tests/command.unknownOption.test.js,Exception Handling,"{'line': 47, 'column': 4, 'index': 1200}","  45 |
  46 |     let caughtErr;
> 47 |     try {
     |    ^ Exception Handling
  48 |       program.parse(['node', 'test', 'info', 'a', '--NONSENSE']);
  49 |     } catch (err) {
  50 |       caughtErr = err;"
/home/gabriel/Disk/Research/research-javascript-test-smells/repositories/commander.js/tests/command.unknownOption.test.js,Exception Handling,"{'line': 63, 'column': 4, 'index': 1631}","  61 |
  62 |     let caughtErr;
> 63 |     try {
     |    ^ Exception Handling
  64 |       program.parse(['node', 'test', '--NONSENSE']);
  65 |     } catch (err) {
  66 |       caughtErr = err;"
/home/gabriel/Disk/Research/research-javascript-test-smells/repositories/commander.js/tests/command.unknownOption.test.js,Exception Handling,"{'line': 80, 'column': 4, 'index': 2091}","  78 |
  79 |     let caughtErr;
> 80 |     try {
     |    ^ Exception Handling
  81 |       program.parse(['node', 'test', 'info', 'a', '--NONSENSE']);
  82 |     } catch (err) {
  83 |       caughtErr = err;"
/home/gabriel/Disk/Research/research-javascript-test-smells/repositories/commander.js/tests/command.unknownOption.test.js,Exception Handling,"{'line': 92, 'column': 4, 'index': 2452}","  90 |     program.exitOverride();
  91 |     let caughtErr;
> 92 |     try {
     |    ^ Exception Handling
  93 |       program.parse(['node', 'test', '--NONSENSE']);
  94 |     } catch (err) {
  95 |       caughtErr = err;"
/home/gabriel/Disk/Research/research-javascript-test-smells/repositories/commander.js/tests/command.unknownOption.test.js,Exception Handling,"{'line': 106, 'column': 4, 'index': 2834}","  104 |
  105 |     let caughtErr;
> 106 |     try {
      |    ^ Exception Handling
  107 |       program.parse(['--NONSENSE', 'sub'], { from: 'user' });
  108 |     } catch (err) {
  109 |       caughtErr = err;"
/home/gabriel/Disk/Research/research-javascript-test-smells/repositories/commander.js/tests/command.unknownCommand.test.js,Exception Handling,"{'line': 51, 'column': 4, 'index': 1447}","  49 |     program.exitOverride().command('sub');
  50 |     let caughtErr;
> 51 |     try {
     |    ^ Exception Handling
  52 |       program.parse('node test.js unknown'.split(' '));
  53 |     } catch (err) {
  54 |       caughtErr = err;"
/home/gabriel/Disk/Research/research-javascript-test-smells/repositories/commander.js/tests/command.unknownCommand.test.js,Exception Handling,"{'line': 65, 'column': 4, 'index': 1988}","  63 |     program.exitOverride().command('sub');
  64 |     let caughtErr;
> 65 |     try {
     |    ^ Exception Handling
  66 |       program.parse('node test.js sbu --silly'.split(' '));
  67 |     } catch (err) {
  68 |       caughtErr = err;"
/home/gabriel/Disk/Research/research-javascript-test-smells/repositories/commander.js/tests/command.showHelpAfterError.test.js,Exception Handling,"{'line': 21, 'column': 4, 'index': 573}","  19 |     program.argument('<file>');
  20 |     let caughtErr;
> 21 |     try {
     |    ^ Exception Handling
  22 |       program.parse([], { from: 'user' });
  23 |     } catch (err) {
  24 |       caughtErr = err;"
/home/gabriel/Disk/Research/research-javascript-test-smells/repositories/commander.js/tests/command.showHelpAfterError.test.js,Exception Handling,"{'line': 34, 'column': 4, 'index': 989}","  32 |     program.option('--output <file>');
  33 |     let caughtErr;
> 34 |     try {
     |    ^ Exception Handling
  35 |       program.parse(['--output'], { from: 'user' });
  36 |     } catch (err) {
  37 |       caughtErr = err;"
/home/gabriel/Disk/Research/research-javascript-test-smells/repositories/commander.js/tests/command.showHelpAfterError.test.js,Exception Handling,"{'line': 47, 'column': 4, 'index': 1434}","  45 |     program.requiredOption('--password <cipher>');
  46 |     let caughtErr;
> 47 |     try {
     |    ^ Exception Handling
  48 |       program.parse([], { from: 'user' });
  49 |     } catch (err) {
  50 |       caughtErr = err;"
/home/gabriel/Disk/Research/research-javascript-test-smells/repositories/commander.js/tests/command.showHelpAfterError.test.js,Exception Handling,"{'line': 59, 'column': 4, 'index': 1814}","  57 |     const { program, writeMock } = makeProgram();
  58 |     let caughtErr;
> 59 |     try {
     |    ^ Exception Handling
  60 |       program.parse(['--unknown-option'], { from: 'user' });
  61 |     } catch (err) {
  62 |       caughtErr = err;"
/home/gabriel/Disk/Research/research-javascript-test-smells/repositories/commander.js/tests/command.showHelpAfterError.test.js,Exception Handling,"{'line': 72, 'column': 4, 'index': 2251}","  70 |     program.allowExcessArguments(false);
  71 |     let caughtErr;
> 72 |     try {
     |    ^ Exception Handling
  73 |       program.parse(['surprise'], { from: 'user' });
  74 |     } catch (err) {
  75 |       caughtErr = err;"
/home/gabriel/Disk/Research/research-javascript-test-smells/repositories/commander.js/tests/command.showHelpAfterError.test.js,Exception Handling,"{'line': 85, 'column': 4, 'index': 2659}","  83 |     program.command('sub1');
  84 |     let caughtErr;
> 85 |     try {
     |    ^ Exception Handling
  86 |       program.parse(['sub2'], { from: 'user' });
  87 |     } catch (err) {
  88 |       caughtErr = err;"
/home/gabriel/Disk/Research/research-javascript-test-smells/repositories/commander.js/tests/command.showHelpAfterError.test.js,Exception Handling,"{'line': 98, 'column': 4, 'index': 3120}","   96 |     program.addOption(new commander.Option('--color').choices(['red', 'blue']));
   97 |     let caughtErr;
>  98 |     try {
      |    ^ Exception Handling
   99 |       program.parse(['--color', 'pink'], { from: 'user' });
  100 |     } catch (err) {
  101 |       caughtErr = err;"
/home/gabriel/Disk/Research/research-javascript-test-smells/repositories/commander.js/tests/command.showHelpAfterError.test.js,Exception Handling,"{'line': 116, 'column': 2, 'index': 3639}","  114 |     .configureOutput({ writeErr: writeMock });
  115 |
> 116 |   try {
      |  ^ Exception Handling
  117 |     program.parse(['--unknown-option'], { from: 'user' });
  118 |   } catch (err) {
  119 |     /* empty */"
/home/gabriel/Disk/Research/research-javascript-test-smells/repositories/commander.js/tests/command.positionalOptions.test.js,Exception Handling,"{'line': 51, 'column': 4, 'index': 1817}","  49 |
  50 |     program.exitOverride().configureHelp({ formatHelp: mockHelp });
> 51 |     try {
     |    ^ Exception Handling
  52 |       program.parse(['--help'], { from: 'user' });
  53 |     } catch (err) {
  54 |       /* empty */"
/home/gabriel/Disk/Research/research-javascript-test-smells/repositories/commander.js/tests/command.parseOptions.test.js,Magic Number,"{'line': 27, 'column': 48, 'index': 961}","  25 |     const program = createProgram1032();
  26 |     program.parse(['node', 'test.js', 'doit', 'myid']);
> 27 |     expect(program.args.length).toBeGreaterThan(0);
     |                                                ^ Magic Number
  28 |   });
  29 |
  30 |   // https://github.com/tj/commander.js/issues/1032"
/home/gabriel/Disk/Research/research-javascript-test-smells/repositories/commander.js/tests/command.parseOptions.test.js,Magic Number,"{'line': 34, 'column': 48, 'index': 1275}","  32 |     const program = createProgram1032();
  33 |     program.parse(['node', 'test.js', 'doit', '--better', 'myid']);
> 34 |     expect(program.args.length).toBeGreaterThan(0);
     |                                                ^ Magic Number
  35 |   });
  36 |
  37 |   // https://github.com/tj/commander.js/issues/508"
/home/gabriel/Disk/Research/research-javascript-test-smells/repositories/commander.js/tests/command.parse.test.js,Duplicate Assert,"{'line': 208, 'column': 4, 'index': 7402}","  206 |
  207 |     program.parse(['--black'], { from: 'user' });
> 208 |     expect(program.opts()).toEqual({ black: true });
      |    ^ Duplicate Assert
  209 |
  210 |     program.parse(['--white'], { from: 'user' });
  211 |     expect(program.opts()).toEqual({ white: true });"
/home/gabriel/Disk/Research/research-javascript-test-smells/repositories/commander.js/tests/command.parse.test.js,Duplicate Assert,"{'line': 211, 'column': 4, 'index': 7506}","  209 |
  210 |     program.parse(['--white'], { from: 'user' });
> 211 |     expect(program.opts()).toEqual({ white: true });
      |    ^ Duplicate Assert
  212 |   });
  213 |
  214 |   test('when use options with option-argument then option values and sources reset', () => {"
/home/gabriel/Disk/Research/research-javascript-test-smells/repositories/commander.js/tests/command.parse.test.js,Duplicate Assert,"{'line': 220, 'column': 4, 'index': 7830}","  218 |
  219 |     program.parse(['--foo', 'FOO'], { from: 'user' });
> 220 |     expect(program.opts()).toEqual({ foo: 'FOO' });
      |    ^ Duplicate Assert
  221 |     expect(program.getOptionValueSource('foo')).toEqual('cli');
  222 |     expect(program.getOptionValueSource('bar')).toBeUndefined();
  223 |"
/home/gabriel/Disk/Research/research-javascript-test-smells/repositories/commander.js/tests/command.parse.test.js,Duplicate Assert,"{'line': 221, 'column': 4, 'index': 7882}","  219 |     program.parse(['--foo', 'FOO'], { from: 'user' });
  220 |     expect(program.opts()).toEqual({ foo: 'FOO' });
> 221 |     expect(program.getOptionValueSource('foo')).toEqual('cli');
      |    ^ Duplicate Assert
  222 |     expect(program.getOptionValueSource('bar')).toBeUndefined();
  223 |
  224 |     program.parse(['--bar', 'BAR'], { from: 'user' });"
/home/gabriel/Disk/Research/research-javascript-test-smells/repositories/commander.js/tests/command.parse.test.js,Duplicate Assert,"{'line': 222, 'column': 4, 'index': 7946}","  220 |     expect(program.opts()).toEqual({ foo: 'FOO' });
  221 |     expect(program.getOptionValueSource('foo')).toEqual('cli');
> 222 |     expect(program.getOptionValueSource('bar')).toBeUndefined();
      |    ^ Duplicate Assert
  223 |
  224 |     program.parse(['--bar', 'BAR'], { from: 'user' });
  225 |     expect(program.opts()).toEqual({ bar: 'BAR' });"
/home/gabriel/Disk/Research/research-javascript-test-smells/repositories/commander.js/tests/command.parse.test.js,Duplicate Assert,"{'line': 225, 'column': 4, 'index': 8067}","  223 |
  224 |     program.parse(['--bar', 'BAR'], { from: 'user' });
> 225 |     expect(program.opts()).toEqual({ bar: 'BAR' });
      |    ^ Duplicate Assert
  226 |     expect(program.getOptionValueSource('foo')).toBeUndefined();
  227 |     expect(program.getOptionValueSource('bar')).toEqual('cli');
  228 |   });"
/home/gabriel/Disk/Research/research-javascript-test-smells/repositories/commander.js/tests/command.parse.test.js,Duplicate Assert,"{'line': 226, 'column': 4, 'index': 8119}","  224 |     program.parse(['--bar', 'BAR'], { from: 'user' });
  225 |     expect(program.opts()).toEqual({ bar: 'BAR' });
> 226 |     expect(program.getOptionValueSource('foo')).toBeUndefined();
      |    ^ Duplicate Assert
  227 |     expect(program.getOptionValueSource('bar')).toEqual('cli');
  228 |   });
  229 |"
/home/gabriel/Disk/Research/research-javascript-test-smells/repositories/commander.js/tests/command.parse.test.js,Duplicate Assert,"{'line': 227, 'column': 4, 'index': 8184}","  225 |     expect(program.opts()).toEqual({ bar: 'BAR' });
  226 |     expect(program.getOptionValueSource('foo')).toBeUndefined();
> 227 |     expect(program.getOptionValueSource('bar')).toEqual('cli');
      |    ^ Duplicate Assert
  228 |   });
  229 |
  230 |   test('when use options with option-argument and default then option values and sources reset', () => {"
/home/gabriel/Disk/Research/research-javascript-test-smells/repositories/commander.js/tests/command.parse.test.js,Duplicate Assert,"{'line': 236, 'column': 4, 'index': 8591}","  234 |
  235 |     program.parse(['--foo', 'FOO'], { from: 'user' });
> 236 |     expect(program.opts()).toEqual({ foo: 'FOO', bar: 'default-BAR' });
      |    ^ Duplicate Assert
  237 |     expect(program.getOptionValueSource('foo')).toEqual('cli');
  238 |     expect(program.getOptionValueSource('bar')).toEqual('default');
  239 |"
/home/gabriel/Disk/Research/research-javascript-test-smells/repositories/commander.js/tests/command.parse.test.js,Duplicate Assert,"{'line': 237, 'column': 4, 'index': 8663}","  235 |     program.parse(['--foo', 'FOO'], { from: 'user' });
  236 |     expect(program.opts()).toEqual({ foo: 'FOO', bar: 'default-BAR' });
> 237 |     expect(program.getOptionValueSource('foo')).toEqual('cli');
      |    ^ Duplicate Assert
  238 |     expect(program.getOptionValueSource('bar')).toEqual('default');
  239 |
  240 |     program.parse(['--bar', 'BAR'], { from: 'user' });"
/home/gabriel/Disk/Research/research-javascript-test-smells/repositories/commander.js/tests/command.parse.test.js,Duplicate Assert,"{'line': 238, 'column': 4, 'index': 8727}","  236 |     expect(program.opts()).toEqual({ foo: 'FOO', bar: 'default-BAR' });
  237 |     expect(program.getOptionValueSource('foo')).toEqual('cli');
> 238 |     expect(program.getOptionValueSource('bar')).toEqual('default');
      |    ^ Duplicate Assert
  239 |
  240 |     program.parse(['--bar', 'BAR'], { from: 'user' });
  241 |     expect(program.opts()).toEqual({ foo: 'default-FOO', bar: 'BAR' });"
/home/gabriel/Disk/Research/research-javascript-test-smells/repositories/commander.js/tests/command.parse.test.js,Duplicate Assert,"{'line': 241, 'column': 4, 'index': 8851}","  239 |
  240 |     program.parse(['--bar', 'BAR'], { from: 'user' });
> 241 |     expect(program.opts()).toEqual({ foo: 'default-FOO', bar: 'BAR' });
      |    ^ Duplicate Assert
  242 |     expect(program.getOptionValueSource('foo')).toEqual('default');
  243 |     expect(program.getOptionValueSource('bar')).toEqual('cli');
  244 |   });"
/home/gabriel/Disk/Research/research-javascript-test-smells/repositories/commander.js/tests/command.parse.test.js,Duplicate Assert,"{'line': 242, 'column': 4, 'index': 8923}","  240 |     program.parse(['--bar', 'BAR'], { from: 'user' });
  241 |     expect(program.opts()).toEqual({ foo: 'default-FOO', bar: 'BAR' });
> 242 |     expect(program.getOptionValueSource('foo')).toEqual('default');
      |    ^ Duplicate Assert
  243 |     expect(program.getOptionValueSource('bar')).toEqual('cli');
  244 |   });
  245 |"
/home/gabriel/Disk/Research/research-javascript-test-smells/repositories/commander.js/tests/command.parse.test.js,Duplicate Assert,"{'line': 243, 'column': 4, 'index': 8991}","  241 |     expect(program.opts()).toEqual({ foo: 'default-FOO', bar: 'BAR' });
  242 |     expect(program.getOptionValueSource('foo')).toEqual('default');
> 243 |     expect(program.getOptionValueSource('bar')).toEqual('cli');
      |    ^ Duplicate Assert
  244 |   });
  245 |
  246 |   test('when use negated options then option values reset', () => {"
/home/gabriel/Disk/Research/research-javascript-test-smells/repositories/commander.js/tests/command.parse.test.js,Duplicate Assert,"{'line': 252, 'column': 4, 'index': 9279}","  250 |
  251 |     program.parse(['--no-foo'], { from: 'user' });
> 252 |     expect(program.opts()).toEqual({ foo: false, bar: true });
      |    ^ Duplicate Assert
  253 |
  254 |     program.parse(['--no-bar'], { from: 'user' });
  255 |     expect(program.opts()).toEqual({ foo: true, bar: false });"
/home/gabriel/Disk/Research/research-javascript-test-smells/repositories/commander.js/tests/command.parse.test.js,Duplicate Assert,"{'line': 255, 'column': 4, 'index': 9394}","  253 |
  254 |     program.parse(['--no-bar'], { from: 'user' });
> 255 |     expect(program.opts()).toEqual({ foo: true, bar: false });
      |    ^ Duplicate Assert
  256 |   });
  257 |
  258 |   test('when use variadic option then option values reset', () => {"
/home/gabriel/Disk/Research/research-javascript-test-smells/repositories/commander.js/tests/command.parse.test.js,Duplicate Assert,"{'line': 262, 'column': 4, 'index': 9663}","  260 |
  261 |     program.parse(['--var', 'a', 'b'], { from: 'user' });
> 262 |     expect(program.opts()).toEqual({ var: ['a', 'b'] });
      |    ^ Duplicate Assert
  263 |
  264 |     program.parse(['--var', 'c'], { from: 'user' });
  265 |     expect(program.opts()).toEqual({ var: ['c'] });"
/home/gabriel/Disk/Research/research-javascript-test-smells/repositories/commander.js/tests/command.parse.test.js,Duplicate Assert,"{'line': 265, 'column': 4, 'index': 9774}","  263 |
  264 |     program.parse(['--var', 'c'], { from: 'user' });
> 265 |     expect(program.opts()).toEqual({ var: ['c'] });
      |    ^ Duplicate Assert
  266 |   });
  267 |
  268 |   test('when use collect example then option value resets', () => {"
/home/gabriel/Disk/Research/research-javascript-test-smells/repositories/commander.js/tests/command.parse.test.js,Duplicate Assert,"{'line': 276, 'column': 4, 'index': 10171}","  274 |
  275 |     program.parse(['-c', 'a', '-c', 'b'], { from: 'user' });
> 276 |     expect(program.opts()).toEqual({ collect: ['a', 'b'] });
      |    ^ Duplicate Assert
  277 |
  278 |     program.parse(['-c', 'c'], { from: 'user' });
  279 |     expect(program.opts()).toEqual({ collect: ['c'] });"
/home/gabriel/Disk/Research/research-javascript-test-smells/repositories/commander.js/tests/command.parse.test.js,Duplicate Assert,"{'line': 279, 'column': 4, 'index': 10283}","  277 |
  278 |     program.parse(['-c', 'c'], { from: 'user' });
> 279 |     expect(program.opts()).toEqual({ collect: ['c'] });
      |    ^ Duplicate Assert
  280 |   });
  281 |
  282 |   test('when use increaseVerbosity example then option value resets', () => {"
/home/gabriel/Disk/Research/research-javascript-test-smells/repositories/commander.js/tests/command.parse.test.js,Duplicate Assert,"{'line': 295, 'column': 4, 'index': 10730}","  293 |
  294 |     program.parse(['-vvv'], { from: 'user' });
> 295 |     expect(program.opts()).toEqual({ verbose: 3 });
      |    ^ Duplicate Assert
  296 |     program.parse(['-vv'], { from: 'user' });
  297 |
  298 |     expect(program.opts()).toEqual({ verbose: 2 });"
/home/gabriel/Disk/Research/research-javascript-test-smells/repositories/commander.js/tests/command.parse.test.js,Duplicate Assert,"{'line': 298, 'column': 4, 'index': 10829}","  296 |     program.parse(['-vv'], { from: 'user' });
  297 |
> 298 |     expect(program.opts()).toEqual({ verbose: 2 });
      |    ^ Duplicate Assert
  299 |     program.parse([], { from: 'user' });
  300 |     expect(program.opts()).toEqual({ verbose: 0 });
  301 |   });"
/home/gabriel/Disk/Research/research-javascript-test-smells/repositories/commander.js/tests/command.parse.test.js,Duplicate Assert,"{'line': 300, 'column': 4, 'index': 10922}","  298 |     expect(program.opts()).toEqual({ verbose: 2 });
  299 |     program.parse([], { from: 'user' });
> 300 |     expect(program.opts()).toEqual({ verbose: 0 });
      |    ^ Duplicate Assert
  301 |   });
  302 |
  303 |   test('when use parse and parseAsync then option values reset', async () => {"
/home/gabriel/Disk/Research/research-javascript-test-smells/repositories/commander.js/tests/command.parse.test.js,Duplicate Assert,"{'line': 307, 'column': 4, 'index': 11192}","  305 |
  306 |     program.parse(['--black'], { from: 'user' });
> 307 |     expect(program.opts()).toEqual({ black: true });
      |    ^ Duplicate Assert
  308 |     await program.parseAsync(['--white'], { from: 'user' });
  309 |     expect(program.opts()).toEqual({ white: true });
  310 |   });"
/home/gabriel/Disk/Research/research-javascript-test-smells/repositories/commander.js/tests/command.parse.test.js,Duplicate Assert,"{'line': 309, 'column': 4, 'index': 11306}","  307 |     expect(program.opts()).toEqual({ black: true });
  308 |     await program.parseAsync(['--white'], { from: 'user' });
> 309 |     expect(program.opts()).toEqual({ white: true });
      |    ^ Duplicate Assert
  310 |   });
  311 |
  312 |   test('when call subcommand then option values reset (program and subcommand)', () => {"
/home/gabriel/Disk/Research/research-javascript-test-smells/repositories/commander.js/tests/command.parse.test.js,Duplicate Assert,"{'line': 317, 'column': 4, 'index': 11684}","  315 |
  316 |     program.parse(['--black', 'sub', '--red'], { from: 'user' });
> 317 |     expect(subcommand.optsWithGlobals()).toEqual({ black: true, red: true });
      |    ^ Duplicate Assert
  318 |
  319 |     program.parse(['--white', 'sub', '--green'], { from: 'user' });
  320 |     expect(subcommand.optsWithGlobals()).toEqual({ white: true, green: true });"
/home/gabriel/Disk/Research/research-javascript-test-smells/repositories/commander.js/tests/command.parse.test.js,Duplicate Assert,"{'line': 320, 'column': 4, 'index': 11831}","  318 |
  319 |     program.parse(['--white', 'sub', '--green'], { from: 'user' });
> 320 |     expect(subcommand.optsWithGlobals()).toEqual({ white: true, green: true });
      |    ^ Duplicate Assert
  321 |   });
  322 |
  323 |   test('when call different subcommand then no reset because lazy', () => {"
/home/gabriel/Disk/Research/research-javascript-test-smells/repositories/commander.js/tests/command.parse.test.js,Duplicate Assert,"{'line': 330, 'column': 4, 'index': 12286}","  328 |
  329 |     program.parse(['sub1', '--red'], { from: 'user' });
> 330 |     expect(sub1.opts()).toEqual({ red: true });
      |    ^ Duplicate Assert
  331 |     expect(sub2.opts()).toEqual({});
  332 |
  333 |     program.parse(['sub2', '--green'], { from: 'user' });"
/home/gabriel/Disk/Research/research-javascript-test-smells/repositories/commander.js/tests/command.parse.test.js,Duplicate Assert,"{'line': 330, 'column': 4, 'index': 12286}","  328 |
  329 |     program.parse(['sub1', '--red'], { from: 'user' });
> 330 |     expect(sub1.opts()).toEqual({ red: true });
      |    ^ Duplicate Assert
  331 |     expect(sub2.opts()).toEqual({});
  332 |
  333 |     program.parse(['sub2', '--green'], { from: 'user' });"
/home/gabriel/Disk/Research/research-javascript-test-smells/repositories/commander.js/tests/command.parse.test.js,Duplicate Assert,"{'line': 331, 'column': 4, 'index': 12334}","  329 |     program.parse(['sub1', '--red'], { from: 'user' });
  330 |     expect(sub1.opts()).toEqual({ red: true });
> 331 |     expect(sub2.opts()).toEqual({});
      |    ^ Duplicate Assert
  332 |
  333 |     program.parse(['sub2', '--green'], { from: 'user' });
  334 |     expect(sub1.opts()).toEqual({ red: true });"
/home/gabriel/Disk/Research/research-javascript-test-smells/repositories/commander.js/tests/command.parse.test.js,Duplicate Assert,"{'line': 334, 'column': 4, 'index': 12430}","  332 |
  333 |     program.parse(['sub2', '--green'], { from: 'user' });
> 334 |     expect(sub1.opts()).toEqual({ red: true });
      |    ^ Duplicate Assert
  335 |     expect(sub2.opts()).toEqual({ green: true });
  336 |   });
  337 |"
/home/gabriel/Disk/Research/research-javascript-test-smells/repositories/commander.js/tests/command.parse.test.js,Duplicate Assert,"{'line': 334, 'column': 4, 'index': 12430}","  332 |
  333 |     program.parse(['sub2', '--green'], { from: 'user' });
> 334 |     expect(sub1.opts()).toEqual({ red: true });
      |    ^ Duplicate Assert
  335 |     expect(sub2.opts()).toEqual({ green: true });
  336 |   });
  337 |"
/home/gabriel/Disk/Research/research-javascript-test-smells/repositories/commander.js/tests/command.parse.test.js,Duplicate Assert,"{'line': 335, 'column': 4, 'index': 12478}","  333 |     program.parse(['sub2', '--green'], { from: 'user' });
  334 |     expect(sub1.opts()).toEqual({ red: true });
> 335 |     expect(sub2.opts()).toEqual({ green: true });
      |    ^ Duplicate Assert
  336 |   });
  337 |
  338 |   test('when parse with different implied program name then name changes', () => {"
/home/gabriel/Disk/Research/research-javascript-test-smells/repositories/commander.js/tests/command.parse.test.js,Duplicate Assert,"{'line': 342, 'column': 4, 'index': 12707}","  340 |
  341 |     program.parse(['node', 'script1.js']);
> 342 |     expect(program.name()).toEqual('script1');
      |    ^ Duplicate Assert
  343 |
  344 |     program.parse(['electron', 'script2.js']);
  345 |     expect(program.name()).toEqual('script2');"
/home/gabriel/Disk/Research/research-javascript-test-smells/repositories/commander.js/tests/command.parse.test.js,Duplicate Assert,"{'line': 345, 'column': 4, 'index': 12802}","  343 |
  344 |     program.parse(['electron', 'script2.js']);
> 345 |     expect(program.name()).toEqual('script2');
      |    ^ Duplicate Assert
  346 |   });
  347 |
  348 |   test('when parse with different arguments then args change', () => {"
/home/gabriel/Disk/Research/research-javascript-test-smells/repositories/commander.js/tests/command.parse.test.js,Duplicate Assert,"{'line': 355, 'column': 4, 'index': 13131}","  353 |
  354 |     program.parse(['one', 'two'], { from: 'user' });
> 355 |     expect(program.args).toEqual(['one', 'two']);
      |    ^ Duplicate Assert
  356 |
  357 |     program.parse(['alpha'], { from: 'user' });
  358 |     expect(program.args).toEqual(['alpha']);"
/home/gabriel/Disk/Research/research-javascript-test-smells/repositories/commander.js/tests/command.parse.test.js,Duplicate Assert,"{'line': 358, 'column': 4, 'index': 13230}","  356 |
  357 |     program.parse(['alpha'], { from: 'user' });
> 358 |     expect(program.args).toEqual(['alpha']);
      |    ^ Duplicate Assert
  359 |   });
  360 |
  361 |   test('when parse with different arguments then rawArgs change', () => {"
/home/gabriel/Disk/Research/research-javascript-test-smells/repositories/commander.js/tests/command.parse.test.js,Duplicate Assert,"{'line': 369, 'column': 4, 'index': 13586}","  367 |
  368 |     program.parse(['--white', 'one'], { from: 'user' });
> 369 |     expect(program.rawArgs).toEqual(['--white', 'one']);
      |    ^ Duplicate Assert
  370 |
  371 |     program.parse(['--black', 'two'], { from: 'user' });
  372 |     expect(program.rawArgs).toEqual(['--black', 'two']);"
/home/gabriel/Disk/Research/research-javascript-test-smells/repositories/commander.js/tests/command.parse.test.js,Duplicate Assert,"{'line': 372, 'column': 4, 'index': 13701}","  370 |
  371 |     program.parse(['--black', 'two'], { from: 'user' });
> 372 |     expect(program.rawArgs).toEqual(['--black', 'two']);
      |    ^ Duplicate Assert
  373 |   });
  374 |
  375 |   test('when parse with different arguments then processedArgs change', () => {"
/home/gabriel/Disk/Research/research-javascript-test-smells/repositories/commander.js/tests/command.parse.test.js,Duplicate Assert,"{'line': 384, 'column': 4, 'index': 14055}","  382 |
  383 |     program.parse([123], { from: 'user' });
> 384 |     expect(program.processedArgs).toEqual([123]);
      |    ^ Duplicate Assert
  385 |
  386 |     program.parse([456], { from: 'user' });
  387 |     expect(program.processedArgs).toEqual([456]);"
/home/gabriel/Disk/Research/research-javascript-test-smells/repositories/commander.js/tests/command.parse.test.js,Duplicate Assert,"{'line': 387, 'column': 4, 'index': 14150}","  385 |
  386 |     program.parse([456], { from: 'user' });
> 387 |     expect(program.processedArgs).toEqual([456]);
      |    ^ Duplicate Assert
  388 |   });
  389 |
  390 |   test('when parse subcommand then reset state before preSubcommand hook called', () => {"
/home/gabriel/Disk/Research/research-javascript-test-smells/repositories/commander.js/tests/command.parse.test.js,Duplicate Assert,"{'line': 396, 'column': 8, 'index': 14466}","  394 |       (thisCommand, subcommand) => {
  395 |         hookCalled = true;
> 396 |         expect(subcommand.opts()).toEqual({});
      |        ^ Duplicate Assert
  397 |       },
  398 |     );
  399 |     const subcommand = program.command('sub').option('--red').option('--green');"
/home/gabriel/Disk/Research/research-javascript-test-smells/repositories/commander.js/tests/command.parse.test.js,Duplicate Assert,"{'line': 403, 'column': 4, 'index': 14686}","  401 |     hookCalled = false;
  402 |     program.parse(['sub', '--red'], { from: 'user' });
> 403 |     expect(hookCalled).toBe(true);
      |    ^ Duplicate Assert
  404 |     expect(subcommand.opts()).toEqual({ red: true });
  405 |
  406 |     hookCalled = false;"
/home/gabriel/Disk/Research/research-javascript-test-smells/repositories/commander.js/tests/command.parse.test.js,Duplicate Assert,"{'line': 403, 'column': 4, 'index': 14686}","  401 |     hookCalled = false;
  402 |     program.parse(['sub', '--red'], { from: 'user' });
> 403 |     expect(hookCalled).toBe(true);
      |    ^ Duplicate Assert
  404 |     expect(subcommand.opts()).toEqual({ red: true });
  405 |
  406 |     hookCalled = false;"
/home/gabriel/Disk/Research/research-javascript-test-smells/repositories/commander.js/tests/command.parse.test.js,Duplicate Assert,"{'line': 404, 'column': 4, 'index': 14721}","  402 |     program.parse(['sub', '--red'], { from: 'user' });
  403 |     expect(hookCalled).toBe(true);
> 404 |     expect(subcommand.opts()).toEqual({ red: true });
      |    ^ Duplicate Assert
  405 |
  406 |     hookCalled = false;
  407 |     program.parse(['sub', '--green'], { from: 'user' });"
/home/gabriel/Disk/Research/research-javascript-test-smells/repositories/commander.js/tests/command.parse.test.js,Duplicate Assert,"{'line': 408, 'column': 4, 'index': 14857}","  406 |     hookCalled = false;
  407 |     program.parse(['sub', '--green'], { from: 'user' });
> 408 |     expect(hookCalled).toBe(true);
      |    ^ Duplicate Assert
  409 |     expect(subcommand.opts()).toEqual({ green: true });
  410 |   });
  411 |"
/home/gabriel/Disk/Research/research-javascript-test-smells/repositories/commander.js/tests/command.parse.test.js,Duplicate Assert,"{'line': 408, 'column': 4, 'index': 14857}","  406 |     hookCalled = false;
  407 |     program.parse(['sub', '--green'], { from: 'user' });
> 408 |     expect(hookCalled).toBe(true);
      |    ^ Duplicate Assert
  409 |     expect(subcommand.opts()).toEqual({ green: true });
  410 |   });
  411 |"
/home/gabriel/Disk/Research/research-javascript-test-smells/repositories/commander.js/tests/command.parse.test.js,Duplicate Assert,"{'line': 409, 'column': 4, 'index': 14892}","  407 |     program.parse(['sub', '--green'], { from: 'user' });
  408 |     expect(hookCalled).toBe(true);
> 409 |     expect(subcommand.opts()).toEqual({ green: true });
      |    ^ Duplicate Assert
  410 |   });
  411 |
  412 |   test('when using storeOptionsAsProperties then throw on second parse', () => {"
/home/gabriel/Disk/Research/research-javascript-test-smells/repositories/commander.js/tests/command.hook.test.js,Duplicate Assert,"{'line': 231, 'column': 4, 'index': 7973}","  229 |       .action(() => calls.push('action'));
  230 |     const result = program.parseAsync([], { from: 'user' });
> 231 |     expect(calls).toEqual([]);
      |    ^ Duplicate Assert
  232 |     await result;
  233 |     expect(calls).toEqual(['before', 'action']);
  234 |   });"
/home/gabriel/Disk/Research/research-javascript-test-smells/repositories/commander.js/tests/command.hook.test.js,Duplicate Assert,"{'line': 233, 'column': 4, 'index': 8022}","  231 |     expect(calls).toEqual([]);
  232 |     await result;
> 233 |     expect(calls).toEqual(['before', 'action']);
      |    ^ Duplicate Assert
  234 |   });
  235 |
  236 |   test('when async postAction then async from postAction', async () => {"
/home/gabriel/Disk/Research/research-javascript-test-smells/repositories/commander.js/tests/command.hook.test.js,Duplicate Assert,"{'line': 246, 'column': 4, 'index': 8429}","  244 |       .action(() => calls.push('action'));
  245 |     const result = program.parseAsync([], { from: 'user' });
> 246 |     expect(calls).toEqual(['action']);
      |    ^ Duplicate Assert
  247 |     await result;
  248 |     expect(calls).toEqual(['action', 'after']);
  249 |   });"
/home/gabriel/Disk/Research/research-javascript-test-smells/repositories/commander.js/tests/command.hook.test.js,Duplicate Assert,"{'line': 248, 'column': 4, 'index': 8486}","  246 |     expect(calls).toEqual(['action']);
  247 |     await result;
> 248 |     expect(calls).toEqual(['action', 'after']);
      |    ^ Duplicate Assert
  249 |   });
  250 |
  251 |   test('when async action then async from action', async () => {"
/home/gabriel/Disk/Research/research-javascript-test-smells/repositories/commander.js/tests/command.hook.test.js,Duplicate Assert,"{'line': 262, 'column': 4, 'index': 8937}","  260 |       });
  261 |     const result = program.parseAsync([], { from: 'user' });
> 262 |     expect(calls).toEqual(['before']);
      |    ^ Duplicate Assert
  263 |     await result;
  264 |     expect(calls).toEqual(['before', 'action', 'after']);
  265 |   });"
/home/gabriel/Disk/Research/research-javascript-test-smells/repositories/commander.js/tests/command.hook.test.js,Duplicate Assert,"{'line': 264, 'column': 4, 'index': 8994}","  262 |     expect(calls).toEqual(['before']);
  263 |     await result;
> 264 |     expect(calls).toEqual(['before', 'action', 'after']);
      |    ^ Duplicate Assert
  265 |   });
  266 |
  267 |   test('when async first preAction then async from first preAction', async () => {"
/home/gabriel/Disk/Research/research-javascript-test-smells/repositories/commander.js/tests/command.hook.test.js,Duplicate Assert,"{'line': 278, 'column': 4, 'index': 9463}","  276 |       .action(() => calls.push('action'));
  277 |     const result = program.parseAsync([], { from: 'user' });
> 278 |     expect(calls).toEqual([]);
      |    ^ Duplicate Assert
  279 |     await result;
  280 |     expect(calls).toEqual(['1', '2', 'action']);
  281 |   });"
/home/gabriel/Disk/Research/research-javascript-test-smells/repositories/commander.js/tests/command.hook.test.js,Duplicate Assert,"{'line': 280, 'column': 4, 'index': 9512}","  278 |     expect(calls).toEqual([]);
  279 |     await result;
> 280 |     expect(calls).toEqual(['1', '2', 'action']);
      |    ^ Duplicate Assert
  281 |   });
  282 |
  283 |   test('when async second preAction then async from second preAction', async () => {"
/home/gabriel/Disk/Research/research-javascript-test-smells/repositories/commander.js/tests/command.hook.test.js,Duplicate Assert,"{'line': 294, 'column': 4, 'index': 9974}","  292 |       .action(() => calls.push('action'));
  293 |     const result = program.parseAsync([], { from: 'user' });
> 294 |     expect(calls).toEqual(['1']);
      |    ^ Duplicate Assert
  295 |     await result;
  296 |     expect(calls).toEqual(['1', '2', 'action']);
  297 |   });"
/home/gabriel/Disk/Research/research-javascript-test-smells/repositories/commander.js/tests/command.hook.test.js,Duplicate Assert,"{'line': 296, 'column': 4, 'index': 10026}","  294 |     expect(calls).toEqual(['1']);
  295 |     await result;
> 296 |     expect(calls).toEqual(['1', '2', 'action']);
      |    ^ Duplicate Assert
  297 |   });
  298 |
  299 |   test('when async hook everything then hooks called nested', async () => {"
/home/gabriel/Disk/Research/research-javascript-test-smells/repositories/commander.js/tests/command.hook.test.js,Duplicate Assert,"{'line': 335, 'column': 4, 'index': 10989}","  333 |       });
  334 |     const result = program.parseAsync(['sub'], { from: 'user' });
> 335 |     expect(calls).toEqual([]);
      |    ^ Duplicate Assert
  336 |     await result;
  337 |     expect(calls).toEqual(['pb1', 'pb2', 'sb', 'action', 'sa', 'pa2', 'pa1']);
  338 |   });"
/home/gabriel/Disk/Research/research-javascript-test-smells/repositories/commander.js/tests/command.hook.test.js,Duplicate Assert,"{'line': 337, 'column': 4, 'index': 11038}","  335 |     expect(calls).toEqual([]);
  336 |     await result;
> 337 |     expect(calls).toEqual(['pb1', 'pb2', 'sb', 'action', 'sa', 'pa2', 'pa1']);
      |    ^ Duplicate Assert
  338 |   });
  339 |
  340 |   test('preSubcommand hook should work', async () => {"
/home/gabriel/Disk/Research/research-javascript-test-smells/repositories/commander.js/tests/command.hook.test.js,Duplicate Assert,"{'line': 356, 'column': 4, 'index': 11573}","  354 |     });
  355 |     const result = program.parseAsync(['sub'], { from: 'user' });
> 356 |     expect(calls).toEqual([]);
      |    ^ Duplicate Assert
  357 |     await result;
  358 |     expect(calls).toEqual([0, 1]);
  359 |   });"
/home/gabriel/Disk/Research/research-javascript-test-smells/repositories/commander.js/tests/command.hook.test.js,Duplicate Assert,"{'line': 358, 'column': 4, 'index': 11622}","  356 |     expect(calls).toEqual([]);
  357 |     await result;
> 358 |     expect(calls).toEqual([0, 1]);
      |    ^ Duplicate Assert
  359 |   });
  360 |   test('preSubcommand hook should effective for direct subcommands', async () => {
  361 |     const calls = [];"
/home/gabriel/Disk/Research/research-javascript-test-smells/repositories/commander.js/tests/command.hook.test.js,Duplicate Assert,"{'line': 391, 'column': 4, 'index': 12523}","  389 |       from: 'user',
  390 |     });
> 391 |     expect(calls).toEqual([]);
      |    ^ Duplicate Assert
  392 |     await result;
  393 |     expect(calls).toEqual(['preSubcommand', 'first', 'third']);
  394 |   });"
/home/gabriel/Disk/Research/research-javascript-test-smells/repositories/commander.js/tests/command.hook.test.js,Duplicate Assert,"{'line': 393, 'column': 4, 'index': 12572}","  391 |     expect(calls).toEqual([]);
  392 |     await result;
> 393 |     expect(calls).toEqual(['preSubcommand', 'first', 'third']);
      |    ^ Duplicate Assert
  394 |   });
  395 | });
  396 |"
/home/gabriel/Disk/Research/research-javascript-test-smells/repositories/commander.js/tests/command.helpOption.test.js,Exception Handling,"{'line': 91, 'column': 4, 'index': 3344}","  89 |     program.exitOverride().helpOption(false);
  90 |     let caughtErr;
> 91 |     try {
     |    ^ Exception Handling
  92 |       program.parse(['--help'], { from: 'user' });
  93 |     } catch (err) {
  94 |       caughtErr = err;"
/home/gabriel/Disk/Research/research-javascript-test-smells/repositories/commander.js/tests/command.helpOption.test.js,Exception Handling,"{'line': 103, 'column': 4, 'index': 3701}","  101 |     program.exitOverride().helpOption(false);
  102 |     let caughtErr;
> 103 |     try {
      |    ^ Exception Handling
  104 |       program.parse(['-h'], { from: 'user' });
  105 |     } catch (err) {
  106 |       caughtErr = err;"
/home/gabriel/Disk/Research/research-javascript-test-smells/repositories/commander.js/tests/command.helpCommand.test.js,Exception Handling,"{'line': 32, 'column': 4, 'index': 1202}","  30 |       .command('foo');
  31 |     let caughtErr;
> 32 |     try {
     |    ^ Exception Handling
  33 |       program.parse(['--unknown'], { from: 'user' });
  34 |     } catch (err) {
  35 |       caughtErr = err;"
/home/gabriel/Disk/Research/research-javascript-test-smells/repositories/commander.js/tests/command.helpCommand.test.js,Exception Handling,"{'line': 83, 'column': 6, 'index': 2748}","  81 |     program.command('sub1');
  82 |     program.exitOverride(() => {
> 83 |       throw new Error('program');
     |      ^ Exception Handling
  84 |     });
  85 |     expect(() => {
  86 |       program.parse('node test.js help'.split(' '));"
/home/gabriel/Disk/Research/research-javascript-test-smells/repositories/commander.js/tests/command.helpCommand.test.js,Exception Handling,"{'line': 95, 'column': 6, 'index': 3090}","  93 |     program.command('sub1');
  94 |     program.exitOverride(() => {
> 95 |       throw new Error('program');
     |      ^ Exception Handling
  96 |     });
  97 |     expect(() => {
  98 |       program.parse('node test.js help unknown'.split(' '));"
/home/gabriel/Disk/Research/research-javascript-test-smells/repositories/commander.js/tests/command.helpCommand.test.js,Exception Handling,"{'line': 107, 'column': 6, 'index': 3444}","  105 |     const sub1 = program.command('sub1');
  106 |     sub1.exitOverride(() => {
> 107 |       throw new Error('sub1');
      |      ^ Exception Handling
  108 |     });
  109 |     expect(() => {
  110 |       program.parse('node test.js help sub1'.split(' '));"
/home/gabriel/Disk/Research/research-javascript-test-smells/repositories/commander.js/tests/command.helpCommand.test.js,Exception Handling,"{'line': 120, 'column': 6, 'index': 3833}","  118 |     const sub2 = sub1.command('sub2');
  119 |     sub2.exitOverride(() => {
> 120 |       throw new Error('sub2');
      |      ^ Exception Handling
  121 |     });
  122 |     expect(() => {
  123 |       program.parse('node test.js sub1 help sub2'.split(' '));"
/home/gabriel/Disk/Research/research-javascript-test-smells/repositories/commander.js/tests/command.helpCommand.test.js,Exception Handling,"{'line': 132, 'column': 6, 'index': 4212}","  130 |     program.command('sub1', { isDefault: true });
  131 |     program.exitOverride(() => {
> 132 |       throw new Error('program');
      |      ^ Exception Handling
  133 |     });
  134 |     expect(() => {
  135 |       program.parse('node test.js help'.split(' '));"
/home/gabriel/Disk/Research/research-javascript-test-smells/repositories/commander.js/tests/command.helpCommand.test.js,Exception Handling,"{'line': 146, 'column': 6, 'index': 4637}","  144 |     // Patch help for easy way to check called.
  145 |     sub.help = () => {
> 146 |       throw new Error('sub help');
      |      ^ Exception Handling
  147 |     };
  148 |     expect(() => {
  149 |       program.parse(['help', 'sub'], { from: 'user' });"
/home/gabriel/Disk/Research/research-javascript-test-smells/repositories/commander.js/tests/command.helpCommand.test.js,Exception Handling,"{'line': 159, 'column': 6, 'index': 5059}","  157 |     // Patch help for easy way to check called.
  158 |     sub.help = () => {
> 159 |       throw new Error('sub help');
      |      ^ Exception Handling
  160 |     };
  161 |     expect(() => {
  162 |       program.parse(['help', 'sub'], { from: 'user' });"
/home/gabriel/Disk/Research/research-javascript-test-smells/repositories/commander.js/tests/command.helpCommand.test.js,Exception Handling,"{'line': 174, 'column': 6, 'index': 5544}","  172 |     // Patch help for easy way to check called.
  173 |     sub.help = () => {
> 174 |       throw new Error('sub help');
      |      ^ Exception Handling
  175 |     };
  176 |     expect(() => {
  177 |       program.parse(['help', 'sub'], { from: 'user' });"
/home/gabriel/Disk/Research/research-javascript-test-smells/repositories/commander.js/tests/command.exitOverride.test.js,Exception Handling,"{'line': 41, 'column': 4, 'index': 1221}","  39 |
  40 |     let caughtErr;
> 41 |     try {
     |    ^ Exception Handling
  42 |       program.parse(['node', 'test', '-m']);
  43 |     } catch (err) {
  44 |       caughtErr = err;"
/home/gabriel/Disk/Research/research-javascript-test-smells/repositories/commander.js/tests/command.exitOverride.test.js,Exception Handling,"{'line': 61, 'column': 4, 'index': 1697}","  59 |
  60 |     let caughtErr;
> 61 |     try {
     |    ^ Exception Handling
  62 |       program.parse(['node', 'test', 'oops']);
  63 |     } catch (err) {
  64 |       caughtErr = err;"
/home/gabriel/Disk/Research/research-javascript-test-smells/repositories/commander.js/tests/command.exitOverride.test.js,Exception Handling,"{'line': 85, 'column': 6, 'index': 2306}","  83 |     const program = new commander.Command();
  84 |     program.exitOverride((_err) => {
> 85 |       throw customError;
     |      ^ Exception Handling
  86 |     });
  87 |
  88 |     let caughtErr;"
/home/gabriel/Disk/Research/research-javascript-test-smells/repositories/commander.js/tests/command.exitOverride.test.js,Exception Handling,"{'line': 89, 'column': 4, 'index': 2357}","  87 |
  88 |     let caughtErr;
> 89 |     try {
     |    ^ Exception Handling
  90 |       program.parse(['node', 'test', '-m']);
  91 |     } catch (err) {
  92 |       caughtErr = err;"
/home/gabriel/Disk/Research/research-javascript-test-smells/repositories/commander.js/tests/command.exitOverride.test.js,Exception Handling,"{'line': 109, 'column': 4, 'index': 2859}","  107 |
  108 |     let caughtErr;
> 109 |     try {
      |    ^ Exception Handling
  110 |       program.parse(['node', 'test', '--pepper']);
  111 |     } catch (err) {
  112 |       caughtErr = err;"
/home/gabriel/Disk/Research/research-javascript-test-smells/repositories/commander.js/tests/command.exitOverride.test.js,Exception Handling,"{'line': 132, 'column': 4, 'index': 3429}","  130 |
  131 |     let caughtErr;
> 132 |     try {
      |    ^ Exception Handling
  133 |       program.parse(['node', 'test', 'compress']);
  134 |     } catch (err) {
  135 |       caughtErr = err;"
/home/gabriel/Disk/Research/research-javascript-test-smells/repositories/commander.js/tests/command.exitOverride.test.js,Exception Handling,"{'line': 152, 'column': 4, 'index': 3965}","  150 |
  151 |     let caughtErr;
> 152 |     try {
      |    ^ Exception Handling
  153 |       program.parse(['node', 'test']);
  154 |     } catch (err) {
  155 |       caughtErr = err;"
/home/gabriel/Disk/Research/research-javascript-test-smells/repositories/commander.js/tests/command.exitOverride.test.js,Exception Handling,"{'line': 175, 'column': 4, 'index': 4492}","  173 |
  174 |     let caughtErr;
> 175 |     try {
      |    ^ Exception Handling
  176 |       program.parse(['node', 'test', 'excess']);
  177 |     } catch (err) {
  178 |       caughtErr = err;"
/home/gabriel/Disk/Research/research-javascript-test-smells/repositories/commander.js/tests/command.exitOverride.test.js,Exception Handling,"{'line': 199, 'column': 4, 'index': 5081}","  197 |
  198 |     let caughtErr;
> 199 |     try {
      |    ^ Exception Handling
  200 |       program.parse(['node', 'test', 'speak', 'excess']);
  201 |     } catch (err) {
  202 |       caughtErr = err;"
/home/gabriel/Disk/Research/research-javascript-test-smells/repositories/commander.js/tests/command.exitOverride.test.js,Exception Handling,"{'line': 222, 'column': 4, 'index': 5680}","  220 |
  221 |     let caughtErr;
> 222 |     try {
      |    ^ Exception Handling
  223 |       program.parse(['node', 'test', '--help']);
  224 |     } catch (err) {
  225 |       caughtErr = err;"
/home/gabriel/Disk/Research/research-javascript-test-smells/repositories/commander.js/tests/command.exitOverride.test.js,Exception Handling,"{'line': 242, 'column': 4, 'index': 6171}","  240 |
  241 |     let caughtErr;
> 242 |     try {
      |    ^ Exception Handling
  243 |       program.parse(['node', 'test']);
  244 |     } catch (err) {
  245 |       caughtErr = err;"
/home/gabriel/Disk/Research/research-javascript-test-smells/repositories/commander.js/tests/command.exitOverride.test.js,Exception Handling,"{'line': 260, 'column': 4, 'index': 6663}","  258 |
  259 |     let caughtErr;
> 260 |     try {
      |    ^ Exception Handling
  261 |       program.parse(['node', 'test', '--version']);
  262 |     } catch (err) {
  263 |       caughtErr = err;"
/home/gabriel/Disk/Research/research-javascript-test-smells/repositories/commander.js/tests/command.exitOverride.test.js,Exception Handling,"{'line': 296, 'column': 4, 'index': 7721}","  294 |
  295 |     let caughtErr;
> 296 |     try {
      |    ^ Exception Handling
  297 |       program.parse(['node', 'test']);
  298 |     } catch (err) {
  299 |       caughtErr = err;"
/home/gabriel/Disk/Research/research-javascript-test-smells/repositories/commander.js/tests/command.exitOverride.test.js,Exception Handling,"{'line': 318, 'column': 4, 'index': 8297}","  316 |
  317 |     let caughtErr;
> 318 |     try {
      |    ^ Exception Handling
  319 |       program.parse(['--colour', 'green'], { from: 'user' });
  320 |     } catch (err) {
  321 |       caughtErr = err;"
/home/gabriel/Disk/Research/research-javascript-test-smells/repositories/commander.js/tests/command.exitOverride.test.js,Exception Handling,"{'line': 340, 'column': 4, 'index': 8906}","  338 |
  339 |     let caughtErr;
> 340 |     try {
      |    ^ Exception Handling
  341 |       program.parse(['green'], { from: 'user' });
  342 |     } catch (err) {
  343 |       caughtErr = err;"
/home/gabriel/Disk/Research/research-javascript-test-smells/repositories/commander.js/tests/command.exitOverride.test.js,Exception Handling,"{'line': 356, 'column': 6, 'index': 9368}","  354 |   test('when custom processing for option throws InvalidArgumentError then catch CommanderError', () => {
  355 |     function justSayNo(value) {
> 356 |       throw new commander.InvalidArgumentError('NO');
      |      ^ Exception Handling
  357 |     }
  358 |     const optionFlags = '--colour <shade>';
  359 |     const program = new commander.Command();"
/home/gabriel/Disk/Research/research-javascript-test-smells/repositories/commander.js/tests/command.exitOverride.test.js,Exception Handling,"{'line': 363, 'column': 4, 'index': 9611}","  361 |
  362 |     let caughtErr;
> 363 |     try {
      |    ^ Exception Handling
  364 |       program.parse(['--colour', 'green'], { from: 'user' });
  365 |     } catch (err) {
  366 |       caughtErr = err;"
/home/gabriel/Disk/Research/research-javascript-test-smells/repositories/commander.js/tests/command.exitOverride.test.js,Exception Handling,"{'line': 379, 'column': 6, 'index': 10050}","  377 |   test('when custom processing for argument throws InvalidArgumentError then catch CommanderError', () => {
  378 |     function justSayNo(value) {
> 379 |       throw new commander.InvalidArgumentError('NO');
      |      ^ Exception Handling
  380 |     }
  381 |     const program = new commander.Command();
  382 |     program"
/home/gabriel/Disk/Research/research-javascript-test-smells/repositories/commander.js/tests/command.exitOverride.test.js,Exception Handling,"{'line': 388, 'column': 4, 'index': 10276}","  386 |
  387 |     let caughtErr;
> 388 |     try {
      |    ^ Exception Handling
  389 |       program.parse(['green'], { from: 'user' });
  390 |     } catch (err) {
  391 |       caughtErr = err;"
/home/gabriel/Disk/Research/research-javascript-test-smells/repositories/commander.js/tests/command.exitOverride.test.js,Exception Handling,"{'line': 410, 'column': 4, 'index': 10861}","  408 |
  409 |     let caughtErr;
> 410 |     try {
      |    ^ Exception Handling
  411 |       program.parse(['--debug', '--silent'], { from: 'user' });
  412 |     } catch (err) {
  413 |       caughtErr = err;"
/home/gabriel/Disk/Research/research-javascript-test-smells/repositories/commander.js/tests/command.exitOverride.test.js,Exception Handling,"{'line': 429, 'column': 4, 'index': 11314}","  427 |
  428 |     let caughtErr;
> 429 |     try {
      |    ^ Exception Handling
  430 |       program.error('message');
  431 |     } catch (err) {
  432 |       caughtErr = err;"
/home/gabriel/Disk/Research/research-javascript-test-smells/repositories/commander.js/tests/command.exitOverride.test.js,Exception Handling,"{'line': 450, 'column': 4, 'index': 11958}","  448 | test('when custom processing throws custom error then throw custom error', () => {
  449 |   function justSayNo(value) {
> 450 |     throw new Error('custom');
      |    ^ Exception Handling
  451 |   }
  452 |   const program = new commander.Command();
  453 |   program"
/home/gabriel/Disk/Research/research-javascript-test-smells/repositories/commander.js/tests/command.exitOverride.test.js,Magic Number,"{'line': 444, 'column': 39, 'index': 11807}","  442 |   program.configureOutput({ outputError: () => {} });
  443 |   program.parse(['--unknownOption'], { from: 'user' });
> 444 |   expect(exitSpy).toHaveBeenCalledWith(1);
      |                                       ^ Magic Number
  445 |   exitSpy.mockRestore();
  446 | });
  447 |"
/home/gabriel/Disk/Research/research-javascript-test-smells/repositories/commander.js/tests/command.exitOverride.test.js,Unknown Test,"{'column': 2, 'line': 77}","  75 |
  76 |   // Same error as above, but with custom handler.
> 77 |   test('when supply custom handler then throw custom error', () => {
     |  ^ Unknown Test
  78 |     const customError = new commander.CommanderError(
  79 |       123,
  80 |       'custom-code',"
/home/gabriel/Disk/Research/research-javascript-test-smells/repositories/commander.js/tests/command.exitOverride.test.js,Unknown Test,"{'column': 2, 'line': 214}","  212 |   });
  213 |
> 214 |   test('when specify --help then throw CommanderError', () => {
      |  ^ Unknown Test
  215 |     const writeSpy = jest
  216 |       .spyOn(process.stdout, 'write')
  217 |       .mockImplementation(() => {});"
/home/gabriel/Disk/Research/research-javascript-test-smells/repositories/commander.js/tests/command.exitOverride.test.js,Unknown Test,"{'column': 2, 'line': 237}","  235 |   });
  236 |
> 237 |   test('when executable subcommand and no command specified then throw CommanderError', () => {
      |  ^ Unknown Test
  238 |     const program = new commander.Command();
  239 |     program.exitOverride().command('compress', 'compress description');
  240 |"
/home/gabriel/Disk/Research/research-javascript-test-smells/repositories/commander.js/tests/command.exitOverride.test.js,Unknown Test,"{'column': 2, 'line': 251}","  249 |   });
  250 |
> 251 |   test('when specify --version then throw CommanderError', () => {
      |  ^ Unknown Test
  252 |     const stdoutSpy = jest
  253 |       .spyOn(process.stdout, 'write')
  254 |       .mockImplementation(() => {});"
/home/gabriel/Disk/Research/research-javascript-test-smells/repositories/commander.js/tests/command.exitOverride.test.js,Unknown Test,"{'column': 2, 'line': 270}","  268 |   });
  269 |
> 270 |   test('when executableSubcommand succeeds then call exitOverride', async () => {
      |  ^ Unknown Test
  271 |     expect.hasAssertions();
  272 |     const pm = path.join(__dirname, 'fixtures/pm');
  273 |     const program = new commander.Command();"
/home/gabriel/Disk/Research/research-javascript-test-smells/repositories/commander.js/tests/command.exitOverride.test.js,Unknown Test,"{'column': 2, 'line': 290}","  288 |   });
  289 |
> 290 |   test('when mandatory program option missing then throw CommanderError', () => {
      |  ^ Unknown Test
  291 |     const optionFlags = '-p, --pepper <type>';
  292 |     const program = new commander.Command();
  293 |     program.exitOverride().requiredOption(optionFlags, 'add pepper');"
/home/gabriel/Disk/Research/research-javascript-test-smells/repositories/commander.js/tests/command.exitOverride.test.js,Unknown Test,"{'column': 2, 'line': 310}","  308 |   });
  309 |
> 310 |   test('when option argument not in choices then throw CommanderError', () => {
      |  ^ Unknown Test
  311 |     const optionFlags = '--colour <shade>';
  312 |     const program = new commander.Command();
  313 |     program"
/home/gabriel/Disk/Research/research-javascript-test-smells/repositories/commander.js/tests/command.exitOverride.test.js,Unknown Test,"{'column': 2, 'line': 332}","  330 |   });
  331 |
> 332 |   test('when command argument not in choices then throw CommanderError', () => {
      |  ^ Unknown Test
  333 |     const program = new commander.Command();
  334 |     program
  335 |       .exitOverride()"
/home/gabriel/Disk/Research/research-javascript-test-smells/repositories/commander.js/tests/command.exitOverride.test.js,Unknown Test,"{'column': 2, 'line': 354}","  352 |   });
  353 |
> 354 |   test('when custom processing for option throws InvalidArgumentError then catch CommanderError', () => {
      |  ^ Unknown Test
  355 |     function justSayNo(value) {
  356 |       throw new commander.InvalidArgumentError('NO');
  357 |     }"
/home/gabriel/Disk/Research/research-javascript-test-smells/repositories/commander.js/tests/command.exitOverride.test.js,Unknown Test,"{'column': 2, 'line': 377}","  375 |   });
  376 |
> 377 |   test('when custom processing for argument throws InvalidArgumentError then catch CommanderError', () => {
      |  ^ Unknown Test
  378 |     function justSayNo(value) {
  379 |       throw new commander.InvalidArgumentError('NO');
  380 |     }"
/home/gabriel/Disk/Research/research-javascript-test-smells/repositories/commander.js/tests/command.exitOverride.test.js,Unknown Test,"{'column': 2, 'line': 402}","  400 |   });
  401 |
> 402 |   test('when has conflicting option then throw CommanderError', () => {
      |  ^ Unknown Test
  403 |     const program = new commander.Command();
  404 |     program
  405 |       .exitOverride()"
/home/gabriel/Disk/Research/research-javascript-test-smells/repositories/commander.js/tests/command.exitOverride.test.js,Unknown Test,"{'column': 2, 'line': 424}","  422 |   });
  423 |
> 424 |   test('when call error() then throw CommanderError', () => {
      |  ^ Unknown Test
  425 |     const program = new commander.Command();
  426 |     program.exitOverride();
  427 |"
/home/gabriel/Disk/Research/research-javascript-test-smells/repositories/commander.js/tests/command.executableSubcommand.signals.test.js,Conditional Test Logic,"{'line': 21, 'column': 8, 'index': 831}","  19 |       let processOutput = '';
  20 |       proc.stdout.on('data', (data) => {
> 21 |         if (processOutput.length === 0) {
     |        ^ Conditional Test Logic
  22 |           // Send signal to program.
  23 |           proc.kill(`${signal}`);
  24 |         }"
/home/gabriel/Disk/Research/research-javascript-test-smells/repositories/commander.js/tests/command.executableSubcommand.signals.test.js,Magic Number,"{'line': 37, 'column': 35, 'index': 1408}","  35 |   test('when executable subcommand sent signal then program exit code is non-zero', () => {
  36 |     const { status } = childProcess.spawnSync(pmPath, ['terminate'], {});
> 37 |     expect(status).toBeGreaterThan(0);
     |                                   ^ Magic Number
  38 |   });
  39 |
  40 |   test('when command has exitOverride and executable subcommand sent signal then exit code is non-zero', () => {"
/home/gabriel/Disk/Research/research-javascript-test-smells/repositories/commander.js/tests/command.executableSubcommand.signals.test.js,Magic Number,"{'line': 46, 'column': 35, 'index': 1683}","  44 |       {},
  45 |     );
> 46 |     expect(status).toBeGreaterThan(0);
     |                                   ^ Magic Number
  47 |   });
  48 |
  49 |   // Not a signal test, but closely related code so adding here."
/home/gabriel/Disk/Research/research-javascript-test-smells/repositories/commander.js/tests/command.executableSubcommand.signals.test.js,Magic Number,"{'line': 56, 'column': 27, 'index': 2024}","  54 |       {},
  55 |     );
> 56 |     expect(status).toEqual(42);
     |                           ^ Magic Number
  57 |   });
  58 | });
  59 |"
/home/gabriel/Disk/Research/research-javascript-test-smells/repositories/commander.js/tests/command.copySettings.test.js,Duplicate Assert,"{'line': 92, 'column': 4, 'index': 3452}","  90 |     const cmd = new commander.Command();
  91 |
> 92 |     expect(cmd._exitCallback).toBeFalsy();
     |    ^ Duplicate Assert
  93 |     source.exitOverride();
  94 |     cmd.copyInheritedSettings(source);
  95 |     expect(cmd._exitCallback).toBeTruthy(); // actually a function"
/home/gabriel/Disk/Research/research-javascript-test-smells/repositories/commander.js/tests/command.copySettings.test.js,Duplicate Assert,"{'line': 95, 'column': 4, 'index': 3561}","  93 |     source.exitOverride();
  94 |     cmd.copyInheritedSettings(source);
> 95 |     expect(cmd._exitCallback).toBeTruthy(); // actually a function
     |    ^ Duplicate Assert
  96 |   });
  97 |
  98 |   test('when copyInheritedSettings then copies storeOptionsAsProperties()', () => {"
/home/gabriel/Disk/Research/research-javascript-test-smells/repositories/commander.js/tests/command.copySettings.test.js,Duplicate Assert,"{'line': 102, 'column': 4, 'index': 3805}","  100 |     const cmd = new commander.Command();
  101 |
> 102 |     expect(cmd._storeOptionsAsProperties).toBeFalsy();
      |    ^ Duplicate Assert
  103 |     source.storeOptionsAsProperties();
  104 |     cmd.copyInheritedSettings(source);
  105 |     expect(cmd._storeOptionsAsProperties).toBeTruthy();"
/home/gabriel/Disk/Research/research-javascript-test-smells/repositories/commander.js/tests/command.copySettings.test.js,Duplicate Assert,"{'line': 105, 'column': 4, 'index': 3938}","  103 |     source.storeOptionsAsProperties();
  104 |     cmd.copyInheritedSettings(source);
> 105 |     expect(cmd._storeOptionsAsProperties).toBeTruthy();
      |    ^ Duplicate Assert
  106 |   });
  107 |
  108 |   test('when copyInheritedSettings then copies combineFlagAndOptionalValue()', () => {"
/home/gabriel/Disk/Research/research-javascript-test-smells/repositories/commander.js/tests/command.copySettings.test.js,Duplicate Assert,"{'line': 112, 'column': 4, 'index': 4174}","  110 |     const cmd = new commander.Command();
  111 |
> 112 |     expect(cmd._combineFlagAndOptionalValue).toBeTruthy();
      |    ^ Duplicate Assert
  113 |     source.combineFlagAndOptionalValue(false);
  114 |     cmd.copyInheritedSettings(source);
  115 |     expect(cmd._combineFlagAndOptionalValue).toBeFalsy();"
/home/gabriel/Disk/Research/research-javascript-test-smells/repositories/commander.js/tests/command.copySettings.test.js,Duplicate Assert,"{'line': 115, 'column': 4, 'index': 4319}","  113 |     source.combineFlagAndOptionalValue(false);
  114 |     cmd.copyInheritedSettings(source);
> 115 |     expect(cmd._combineFlagAndOptionalValue).toBeFalsy();
      |    ^ Duplicate Assert
  116 |   });
  117 |
  118 |   test('when copyInheritedSettings then copies allowExcessArguments()', () => {"
/home/gabriel/Disk/Research/research-javascript-test-smells/repositories/commander.js/tests/command.copySettings.test.js,Duplicate Assert,"{'line': 122, 'column': 4, 'index': 4550}","  120 |     const cmd = new commander.Command();
  121 |
> 122 |     expect(cmd._allowExcessArguments).toBeFalsy();
      |    ^ Duplicate Assert
  123 |     source.allowExcessArguments();
  124 |     cmd.copyInheritedSettings(source);
  125 |     expect(cmd._allowExcessArguments).toBeTruthy();"
/home/gabriel/Disk/Research/research-javascript-test-smells/repositories/commander.js/tests/command.copySettings.test.js,Duplicate Assert,"{'line': 125, 'column': 4, 'index': 4675}","  123 |     source.allowExcessArguments();
  124 |     cmd.copyInheritedSettings(source);
> 125 |     expect(cmd._allowExcessArguments).toBeTruthy();
      |    ^ Duplicate Assert
  126 |   });
  127 |
  128 |   test('when copyInheritedSettings then copies enablePositionalOptions()', () => {"
/home/gabriel/Disk/Research/research-javascript-test-smells/repositories/commander.js/tests/command.copySettings.test.js,Duplicate Assert,"{'line': 132, 'column': 4, 'index': 4903}","  130 |     const cmd = new commander.Command();
  131 |
> 132 |     expect(cmd._enablePositionalOptions).toBeFalsy();
      |    ^ Duplicate Assert
  133 |     source.enablePositionalOptions();
  134 |     cmd.copyInheritedSettings(source);
  135 |     expect(cmd._enablePositionalOptions).toBeTruthy();"
/home/gabriel/Disk/Research/research-javascript-test-smells/repositories/commander.js/tests/command.copySettings.test.js,Duplicate Assert,"{'line': 135, 'column': 4, 'index': 5034}","  133 |     source.enablePositionalOptions();
  134 |     cmd.copyInheritedSettings(source);
> 135 |     expect(cmd._enablePositionalOptions).toBeTruthy();
      |    ^ Duplicate Assert
  136 |   });
  137 |
  138 |   test('when copyInheritedSettings then copies showHelpAfterError()', () => {"
/home/gabriel/Disk/Research/research-javascript-test-smells/repositories/commander.js/tests/command.copySettings.test.js,Duplicate Assert,"{'line': 142, 'column': 4, 'index': 5260}","  140 |     const cmd = new commander.Command();
  141 |
> 142 |     expect(cmd._showHelpAfterError).toBeFalsy();
      |    ^ Duplicate Assert
  143 |     source.showHelpAfterError();
  144 |     cmd.copyInheritedSettings(source);
  145 |     expect(cmd._showHelpAfterError).toBeTruthy();"
/home/gabriel/Disk/Research/research-javascript-test-smells/repositories/commander.js/tests/command.copySettings.test.js,Duplicate Assert,"{'line': 145, 'column': 4, 'index': 5381}","  143 |     source.showHelpAfterError();
  144 |     cmd.copyInheritedSettings(source);
> 145 |     expect(cmd._showHelpAfterError).toBeTruthy();
      |    ^ Duplicate Assert
  146 |   });
  147 | });
  148 |"
/home/gabriel/Disk/Research/research-javascript-test-smells/repositories/commander.js/tests/command.configureOutput.test.js,Conditional Test Logic,"{'line': 361, 'column': 6, 'index': 10401}","  359 |       process.env[envvar] = '1';
  360 |       expect(getHasColors()).toBe(result);
> 361 |       if (holdEnv === undefined) delete process.env[envvar];
      |      ^ Conditional Test Logic
  362 |       else process.env[envvar] = holdEnv;
  363 |     });
  364 |   },"
/home/gabriel/Disk/Research/research-javascript-test-smells/repositories/commander.js/tests/command.configureOutput.test.js,Duplicate Assert,"{'line': 337, 'column': 2, 'index': 9501}","  335 |   const copy = program.createCommand('copy');
  336 |   copy.copyInheritedSettings(program);
> 337 |   expect(copy.configureOutput().getOutHelpWidth()).toBe(80);
      |  ^ Duplicate Assert
  338 |   copy.configureOutput({ getOutHelpWidth: () => 40 });
  339 |   expect(copy.configureOutput().getOutHelpWidth()).toBe(40);
  340 |   expect(program.configureOutput().getOutHelpWidth()).toBe(80);"
/home/gabriel/Disk/Research/research-javascript-test-smells/repositories/commander.js/tests/command.configureOutput.test.js,Duplicate Assert,"{'line': 339, 'column': 2, 'index': 9617}","  337 |   expect(copy.configureOutput().getOutHelpWidth()).toBe(80);
  338 |   copy.configureOutput({ getOutHelpWidth: () => 40 });
> 339 |   expect(copy.configureOutput().getOutHelpWidth()).toBe(40);
      |  ^ Duplicate Assert
  340 |   expect(program.configureOutput().getOutHelpWidth()).toBe(80);
  341 | });
  342 |"
/home/gabriel/Disk/Research/research-javascript-test-smells/repositories/commander.js/tests/command.configureOutput.test.js,Exception Handling,"{'line': 11, 'column': 2, 'index': 304}","   9 |   program.exitOverride();
  10 |
> 11 |   try {
     |  ^ Exception Handling
  12 |     program.parse(['--unknown'], { from: 'user' });
  13 |   } catch (err) {
  14 |     /* empty */"
/home/gabriel/Disk/Research/research-javascript-test-smells/repositories/commander.js/tests/command.configureOutput.test.js,Exception Handling,"{'line': 29, 'column': 2, 'index': 787}","  27 |   program.exitOverride().configureOutput({ writeErr: customWrite });
  28 |
> 29 |   try {
     |  ^ Exception Handling
  30 |     program.parse(['--unknown'], { from: 'user' });
  31 |   } catch (err) {
  32 |     /* empty */"
/home/gabriel/Disk/Research/research-javascript-test-smells/repositories/commander.js/tests/command.configureOutput.test.js,Magic Number,"{'line': 264, 'column': 25, 'index': 7203}","  262 |     .helpOption(false);
  263 |   helper.formatHelp(program, helper);
> 264 |   expect(wrapWidth).toBe(80);
      |                         ^ Magic Number
  265 | });
  266 |
  267 | test('when no custom setup and call formatItem direct then effective helpWidth is fallback 80', () => {"
/home/gabriel/Disk/Research/research-javascript-test-smells/repositories/commander.js/tests/command.configureOutput.test.js,Magic Number,"{'line': 337, 'column': 56, 'index': 9555}","  335 |   const copy = program.createCommand('copy');
  336 |   copy.copyInheritedSettings(program);
> 337 |   expect(copy.configureOutput().getOutHelpWidth()).toBe(80);
      |                                                        ^ Magic Number
  338 |   copy.configureOutput({ getOutHelpWidth: () => 40 });
  339 |   expect(copy.configureOutput().getOutHelpWidth()).toBe(40);
  340 |   expect(program.configureOutput().getOutHelpWidth()).toBe(80);"
/home/gabriel/Disk/Research/research-javascript-test-smells/repositories/commander.js/tests/command.configureOutput.test.js,Magic Number,"{'line': 339, 'column': 56, 'index': 9671}","  337 |   expect(copy.configureOutput().getOutHelpWidth()).toBe(80);
  338 |   copy.configureOutput({ getOutHelpWidth: () => 40 });
> 339 |   expect(copy.configureOutput().getOutHelpWidth()).toBe(40);
      |                                                        ^ Magic Number
  340 |   expect(program.configureOutput().getOutHelpWidth()).toBe(80);
  341 | });
  342 |"
/home/gabriel/Disk/Research/research-javascript-test-smells/repositories/commander.js/tests/command.configureOutput.test.js,Magic Number,"{'line': 340, 'column': 59, 'index': 9735}","  338 |   copy.configureOutput({ getOutHelpWidth: () => 40 });
  339 |   expect(copy.configureOutput().getOutHelpWidth()).toBe(40);
> 340 |   expect(program.configureOutput().getOutHelpWidth()).toBe(80);
      |                                                           ^ Magic Number
  341 | });
  342 |
  343 | describe.each([['getOutHasColors'], ['getErrHasColors']])("
/home/gabriel/Disk/Research/research-javascript-test-smells/repositories/commander.js/tests/command.asterisk.test.js,Exception Handling,"{'line': 24, 'column': 4, 'index': 993}","  22 |       .command('*')
  23 |       .action(mockAction);
> 24 |     try {
     |    ^ Exception Handling
  25 |       program.parse(['node', 'test']);
  26 |     } catch (err) {
  27 |       /* empty */"
/home/gabriel/Disk/Research/research-javascript-test-smells/repositories/commander.js/tests/command.asterisk.test.js,Exception Handling,"{'line': 86, 'column': 4, 'index': 3339}","  84 |     program.command('*').argument('[args...]').action(mockAction);
  85 |     let caughtErr;
> 86 |     try {
     |    ^ Exception Handling
  87 |       program.parse(['node', 'test', 'some-argument', '--unknown']);
  88 |     } catch (err) {
  89 |       caughtErr = err;"
/home/gabriel/Disk/Research/research-javascript-test-smells/repositories/commander.js/tests/command.allowExcessArguments.test.js,Conditional Test Logic,"{'line': 12, 'column': 6, 'index': 332}","  10 |         writeErr: () => {},
  11 |       });
> 12 |       if (hasActionHandler) {
     |      ^ Conditional Test Logic
  13 |         cmd.action(() => {});
  14 |       }
  15 |     }"
/home/gabriel/Disk/Research/research-javascript-test-smells/repositories/commander.js/tests/command.addHelpText.test.js,Duplicate Assert,"{'line': 24, 'column': 4, 'index': 548}","  22 |     program.addHelpText('before', 'text');
  23 |     program.outputHelp();
> 24 |     expect(writeSpy).toHaveBeenNthCalledWith(1, 'text\n');
     |    ^ Duplicate Assert
  25 |     expect(writeSpy).toHaveBeenNthCalledWith(2, program.helpInformation());
  26 |   });
  27 |"
/home/gabriel/Disk/Research/research-javascript-test-smells/repositories/commander.js/tests/command.addHelpText.test.js,Duplicate Assert,"{'line': 25, 'column': 4, 'index': 607}","  23 |     program.outputHelp();
  24 |     expect(writeSpy).toHaveBeenNthCalledWith(1, 'text\n');
> 25 |     expect(writeSpy).toHaveBeenNthCalledWith(2, program.helpInformation());
     |    ^ Duplicate Assert
  26 |   });
  27 |
  28 |   test('when ""before"" function then function result before built-in help', () => {"
/home/gabriel/Disk/Research/research-javascript-test-smells/repositories/commander.js/tests/command.addHelpText.test.js,Duplicate Assert,"{'line': 32, 'column': 4, 'index': 893}","  30 |     program.addHelpText('before', () => 'text');
  31 |     program.outputHelp();
> 32 |     expect(writeSpy).toHaveBeenNthCalledWith(1, 'text\n');
     |    ^ Duplicate Assert
  33 |     expect(writeSpy).toHaveBeenNthCalledWith(2, program.helpInformation());
  34 |   });
  35 |"
/home/gabriel/Disk/Research/research-javascript-test-smells/repositories/commander.js/tests/command.addHelpText.test.js,Duplicate Assert,"{'line': 33, 'column': 4, 'index': 952}","  31 |     program.outputHelp();
  32 |     expect(writeSpy).toHaveBeenNthCalledWith(1, 'text\n');
> 33 |     expect(writeSpy).toHaveBeenNthCalledWith(2, program.helpInformation());
     |    ^ Duplicate Assert
  34 |   });
  35 |
  36 |   test('when ""before"" function returns nothing then no effect', () => {"
/home/gabriel/Disk/Research/research-javascript-test-smells/repositories/commander.js/tests/command.addHelpText.test.js,Duplicate Assert,"{'line': 47, 'column': 4, 'index': 1498}","  45 |     program.addHelpText('beforeAll', 'text');
  46 |     program.outputHelp();
> 47 |     expect(writeSpy).toHaveBeenNthCalledWith(1, 'text\n');
     |    ^ Duplicate Assert
  48 |     expect(writeSpy).toHaveBeenNthCalledWith(2, program.helpInformation());
  49 |   });
  50 |"
/home/gabriel/Disk/Research/research-javascript-test-smells/repositories/commander.js/tests/command.addHelpText.test.js,Duplicate Assert,"{'line': 48, 'column': 4, 'index': 1557}","  46 |     program.outputHelp();
  47 |     expect(writeSpy).toHaveBeenNthCalledWith(1, 'text\n');
> 48 |     expect(writeSpy).toHaveBeenNthCalledWith(2, program.helpInformation());
     |    ^ Duplicate Assert
  49 |   });
  50 |
  51 |   test('when ""after"" string then string after built-in help', () => {"
/home/gabriel/Disk/Research/research-javascript-test-smells/repositories/commander.js/tests/command.addHelpText.test.js,Duplicate Assert,"{'line': 55, 'column': 4, 'index': 1823}","  53 |     program.addHelpText('after', 'text');
  54 |     program.outputHelp();
> 55 |     expect(writeSpy).toHaveBeenNthCalledWith(1, program.helpInformation());
     |    ^ Duplicate Assert
  56 |     expect(writeSpy).toHaveBeenNthCalledWith(2, 'text\n');
  57 |   });
  58 |"
/home/gabriel/Disk/Research/research-javascript-test-smells/repositories/commander.js/tests/command.addHelpText.test.js,Duplicate Assert,"{'line': 56, 'column': 4, 'index': 1899}","  54 |     program.outputHelp();
  55 |     expect(writeSpy).toHaveBeenNthCalledWith(1, program.helpInformation());
> 56 |     expect(writeSpy).toHaveBeenNthCalledWith(2, 'text\n');
     |    ^ Duplicate Assert
  57 |   });
  58 |
  59 |   test('when ""afterAll"" string then string after built-in help', () => {"
/home/gabriel/Disk/Research/research-javascript-test-smells/repositories/commander.js/tests/command.addHelpText.test.js,Duplicate Assert,"{'line': 63, 'column': 4, 'index': 2154}","  61 |     program.addHelpText('afterAll', 'text');
  62 |     program.outputHelp();
> 63 |     expect(writeSpy).toHaveBeenNthCalledWith(1, program.helpInformation());
     |    ^ Duplicate Assert
  64 |     expect(writeSpy).toHaveBeenNthCalledWith(2, 'text\n');
  65 |   });
  66 |"
/home/gabriel/Disk/Research/research-javascript-test-smells/repositories/commander.js/tests/command.addHelpText.test.js,Duplicate Assert,"{'line': 64, 'column': 4, 'index': 2230}","  62 |     program.outputHelp();
  63 |     expect(writeSpy).toHaveBeenNthCalledWith(1, program.helpInformation());
> 64 |     expect(writeSpy).toHaveBeenNthCalledWith(2, 'text\n');
     |    ^ Duplicate Assert
  65 |   });
  66 |
  67 |   test('when all the simple positions then strings in order', () => {"
/home/gabriel/Disk/Research/research-javascript-test-smells/repositories/commander.js/tests/command.addHelpText.test.js,Duplicate Assert,"{'line': 74, 'column': 4, 'index': 2625}","  72 |     program.addHelpText('afterAll', 'afterAll');
  73 |     program.outputHelp();
> 74 |     expect(writeSpy).toHaveBeenNthCalledWith(1, 'beforeAll\n');
     |    ^ Duplicate Assert
  75 |     expect(writeSpy).toHaveBeenNthCalledWith(2, 'before\n');
  76 |     expect(writeSpy).toHaveBeenNthCalledWith(3, program.helpInformation());
  77 |     expect(writeSpy).toHaveBeenNthCalledWith(4, 'after\n');"
/home/gabriel/Disk/Research/research-javascript-test-smells/repositories/commander.js/tests/command.addHelpText.test.js,Duplicate Assert,"{'line': 75, 'column': 4, 'index': 2689}","  73 |     program.outputHelp();
  74 |     expect(writeSpy).toHaveBeenNthCalledWith(1, 'beforeAll\n');
> 75 |     expect(writeSpy).toHaveBeenNthCalledWith(2, 'before\n');
     |    ^ Duplicate Assert
  76 |     expect(writeSpy).toHaveBeenNthCalledWith(3, program.helpInformation());
  77 |     expect(writeSpy).toHaveBeenNthCalledWith(4, 'after\n');
  78 |     expect(writeSpy).toHaveBeenNthCalledWith(5, 'afterAll\n');"
/home/gabriel/Disk/Research/research-javascript-test-smells/repositories/commander.js/tests/command.addHelpText.test.js,Duplicate Assert,"{'line': 76, 'column': 4, 'index': 2750}","  74 |     expect(writeSpy).toHaveBeenNthCalledWith(1, 'beforeAll\n');
  75 |     expect(writeSpy).toHaveBeenNthCalledWith(2, 'before\n');
> 76 |     expect(writeSpy).toHaveBeenNthCalledWith(3, program.helpInformation());
     |    ^ Duplicate Assert
  77 |     expect(writeSpy).toHaveBeenNthCalledWith(4, 'after\n');
  78 |     expect(writeSpy).toHaveBeenNthCalledWith(5, 'afterAll\n');
  79 |   });"
/home/gabriel/Disk/Research/research-javascript-test-smells/repositories/commander.js/tests/command.addHelpText.test.js,Duplicate Assert,"{'line': 77, 'column': 4, 'index': 2826}","  75 |     expect(writeSpy).toHaveBeenNthCalledWith(2, 'before\n');
  76 |     expect(writeSpy).toHaveBeenNthCalledWith(3, program.helpInformation());
> 77 |     expect(writeSpy).toHaveBeenNthCalledWith(4, 'after\n');
     |    ^ Duplicate Assert
  78 |     expect(writeSpy).toHaveBeenNthCalledWith(5, 'afterAll\n');
  79 |   });
  80 |"
/home/gabriel/Disk/Research/research-javascript-test-smells/repositories/commander.js/tests/command.addHelpText.test.js,Duplicate Assert,"{'line': 78, 'column': 4, 'index': 2886}","  76 |     expect(writeSpy).toHaveBeenNthCalledWith(3, program.helpInformation());
  77 |     expect(writeSpy).toHaveBeenNthCalledWith(4, 'after\n');
> 78 |     expect(writeSpy).toHaveBeenNthCalledWith(5, 'afterAll\n');
     |    ^ Duplicate Assert
  79 |   });
  80 |
  81 |   test('when ""silly"" position then throw', () => {"
