file,type,line,method,methodStart,methodEnd,source
/test/spec/utils-test.js,AnonymousTest,"{'startLine':408,'endLine':434}","it(""Prevent collision"", () => {
    const layout = [
      { x: 0, y: 0, w: 1, h: 10, i: ""A"" },
      { x: 0, y: 10, w: 1, h: 1, i: ""B"" },
      { x: 0, y: 11, w: 1, h: 1, i: ""C"" }
    ];
    // Move A down by 2. This will collide with B and C so
    // the layout should be unchanged
    const itemA = layout[0];
    const modifiedLayout = moveElement(
      layout,
      itemA,
      0, // x
      2, // y
      true, // isUserAction
      true, // preventCollision
      null, // compactType
      10 // cols
    );
    expect(Object.is(layout, modifiedLayout)).toBe(true);

    expect(layout).toEqual([
      expect.objectContaining({ x: 0, y: 0, w: 1, h: 10, i: ""A"" }),
      expect.objectContaining({ x: 0, y: 10, w: 1, h: 1, i: ""B"" }),
      expect.objectContaining({ x: 0, y: 11, w: 1, h: 1, i: ""C"" })
    ]);
  })",408,434,snuts
/test/spec/utils-test.js,AnonymousTest,"{'startLine':730,'endLine':738}","it(""ignores children"", () => {
    const props1 = {
      children: [""foo"", ""bar""]
    };
    const props2 = {
      children: [""biff"", ""bar""]
    };
    expect(fastRGLPropsEqual(props1, props2, deepEqual)).toEqual(true);
  })",730,738,snuts
/test/spec/utils-test.js,AnonymousTest,"{'startLine':835,'endLine':841}","it(""smoke test"", () => {
    const deepFreezeResult = deepFreeze(
      { a: ""a"", b: { b: ""c"" } },
      { get: true, set: true }
    );
    expect(JSON.stringify(deepFreezeResult)).toBe('{""a"":""a"",""b"":{""b"":""c""}}');
  })",835,841,snuts
/test/spec/utils-test.js,AnonymousTest,"{'startLine':861,'endLine':864}","it(""returns `toJSON`"", () => {
    const res = deepFreeze({ a: ""toJSON"" });
    expect(res.a.toString()).toBe(`toJSON`);
  })",861,864,snuts
/test/spec/utils-test.js,OvercommentedTest,"{'startLine':238,'endLine':263}","it(""Moves elements out of the way without causing panel jumps when compaction is vertical"", () => {
    const layout = [
      { x: 0, y: 0, w: 1, h: 10, i: ""A"" },
      { x: 0, y: 10, w: 1, h: 1, i: ""B"" },
      { x: 0, y: 11, w: 1, h: 1, i: ""C"" }
    ];
    // move A down slightly so it collides with C; can cause C to jump above B.
    // We instead want B to jump above A (it has the room)
    const itemA = layout[0];
    expect(
      compactAndMove(
        layout,
        itemA,
        0,
        1, // x, y
        true, // isUserAction
        false, //  preventCollision
        ""vertical"",
        10 // compactType, cols
      )
    ).toEqual([
      expect.objectContaining({ x: 0, y: 1, w: 1, h: 10, i: ""A"" }),
      expect.objectContaining({ x: 0, y: 0, w: 1, h: 1, i: ""B"" }),
      expect.objectContaining({ x: 0, y: 11, w: 1, h: 1, i: ""C"" })
    ]);
  })",238,263,snuts
/test/spec/utils-test.js,OvercommentedTest,"{'startLine':265,'endLine':290}","it(""Calculates the correct collision when moving large object far"", () => {
    const layout = [
      { x: 0, y: 0, w: 1, h: 10, i: ""A"" },
      { x: 0, y: 10, w: 1, h: 1, i: ""B"" },
      { x: 0, y: 11, w: 1, h: 1, i: ""C"" }
    ];
    // Move A down by 2. This should move B above, but since we don't compact in between,
    // C should move below.
    const itemA = layout[0];
    expect(
      moveElement(
        layout,
        itemA,
        0,
        2, // x, y
        true, // isUserAction
        false, //  preventCollision
        ""vertical"",
        10 // compactType, cols
      )
    ).toEqual([
      expect.objectContaining({ x: 0, y: 2, w: 1, h: 10, i: ""A"" }),
      expect.objectContaining({ x: 0, y: 1, w: 1, h: 1, i: ""B"" }),
      expect.objectContaining({ x: 0, y: 12, w: 1, h: 1, i: ""C"" })
    ]);
  })",265,290,snuts
/test/spec/utils-test.js,OvercommentedTest,"{'startLine':292,'endLine':317}","it(""Moves elements out of the way without causing panel jumps when compaction is vertical (example case 13)"", () => {
    const layout = [
      { x: 0, y: 0, w: 1, h: 1, i: ""A"" },
      { x: 1, y: 0, w: 1, h: 1, i: ""B"" },
      { x: 0, y: 1, w: 2, h: 2, i: ""C"" }
    ];
    // move A over slightly so it collides with B; can cause C to jump above B
    // this test will check that that does not happen
    const itemA = layout[0];
    expect(
      moveElement(
        layout,
        itemA,
        1,
        0, // x, y
        true, // isUserAction
        false, //  preventCollision
        ""vertical"",
        2 // compactType, cols
      )
    ).toEqual([
      { x: 1, y: 0, w: 1, h: 1, i: ""A"", moved: true },
      { x: 1, y: 1, w: 1, h: 1, i: ""B"", moved: true },
      { x: 0, y: 2, w: 2, h: 2, i: ""C"", moved: true }
    ]);
  })",292,317,snuts
/test/spec/utils-test.js,OvercommentedTest,"{'startLine':319,'endLine':344}","it(""Moves elements out of the way without causing panel jumps when compaction is horizontal"", () => {
    const layout = [
      { y: 0, x: 0, h: 1, w: 10, i: ""A"" },
      { y: 0, x: 11, h: 1, w: 1, i: ""B"" },
      { y: 0, x: 12, h: 1, w: 1, i: ""C"" }
    ];
    // move A over slightly so it collides with C; can cause C to jump left of B
    // this test will check that that does not happen
    const itemA = layout[0];
    expect(
      moveElement(
        layout,
        itemA,
        2,
        0, // x, y
        true, // isUserAction
        false, //  preventCollision
        ""horizontal"",
        10 // compactType, cols
      )
    ).toEqual([
      { y: 0, x: 2, h: 1, w: 10, moved: true, i: ""A"" },
      { y: 0, x: 1, h: 1, w: 1, moved: true, i: ""B"" },
      { y: 0, x: 12, h: 1, w: 1, i: ""C"" }
    ]);
  })",319,344,snuts
/test/spec/utils-test.js,OvercommentedTest,"{'startLine':346,'endLine':375}","it(""Moves one element to another should cause moving down panels, vert compact, example 1"", () => {
    // | A | B |
    // |C|  D  |
    const layout = [
      { x: 0, y: 0, w: 2, h: 1, i: ""A"" },
      { x: 2, y: 0, w: 2, h: 1, i: ""B"" },
      { x: 0, y: 1, w: 1, h: 1, i: ""C"" },
      { x: 1, y: 1, w: 3, h: 1, i: ""D"" }
    ];
    // move B left slightly so it collides with A; can cause C to jump above A
    // this test will check that that does not happen
    const itemB = layout[1];
    expect(
      compactAndMove(
        layout,
        itemB,
        1,
        0, // x, y
        true, // isUserAction
        false, //  preventCollision
        ""vertical"",
        4 // compactType, cols
      )
    ).toEqual([
      expect.objectContaining({ x: 0, y: 1, w: 2, h: 1, i: ""A"" }),
      expect.objectContaining({ x: 1, y: 0, w: 2, h: 1, i: ""B"" }),
      expect.objectContaining({ x: 0, y: 2, w: 1, h: 1, i: ""C"" }),
      expect.objectContaining({ x: 1, y: 2, w: 3, h: 1, i: ""D"" })
    ]);
  })",346,375,snuts
/test/spec/utils-test.js,OvercommentedTest,"{'startLine':377,'endLine':406}","it(""Moves one element to another should cause moving down panels, vert compact, example 2"", () => {
    // | A |
    // |B|C|
    //   | |
    //
    // Moving C above A should not move B above A
    const layout = [
      { x: 0, y: 0, w: 2, h: 1, i: ""A"" },
      { x: 0, y: 1, w: 1, h: 1, i: ""B"" },
      { x: 1, y: 1, w: 1, h: 2, i: ""C"" }
    ];
    // Move C up.
    const itemB = layout[2];
    expect(
      compactAndMove(
        layout,
        itemB,
        1,
        0, // x, y
        true, // isUserAction
        false, //  preventCollision
        ""vertical"",
        4 // compactType, cols
      )
    ).toEqual([
      expect.objectContaining({ x: 0, y: 2, w: 2, h: 1, i: ""A"" }),
      expect.objectContaining({ x: 0, y: 3, w: 1, h: 1, i: ""B"" }),
      expect.objectContaining({ x: 1, y: 0, w: 1, h: 2, i: ""C"" })
    ]);
  })",377,406,snuts
/test/spec/utils-test.js,OvercommentedTest,"{'startLine':408,'endLine':434}","it(""Prevent collision"", () => {
    const layout = [
      { x: 0, y: 0, w: 1, h: 10, i: ""A"" },
      { x: 0, y: 10, w: 1, h: 1, i: ""B"" },
      { x: 0, y: 11, w: 1, h: 1, i: ""C"" }
    ];
    // Move A down by 2. This will collide with B and C so
    // the layout should be unchanged
    const itemA = layout[0];
    const modifiedLayout = moveElement(
      layout,
      itemA,
      0, // x
      2, // y
      true, // isUserAction
      true, // preventCollision
      null, // compactType
      10 // cols
    );
    expect(Object.is(layout, modifiedLayout)).toBe(true);

    expect(layout).toEqual([
      expect.objectContaining({ x: 0, y: 0, w: 1, h: 10, i: ""A"" }),
      expect.objectContaining({ x: 0, y: 10, w: 1, h: 1, i: ""B"" }),
      expect.objectContaining({ x: 0, y: 11, w: 1, h: 1, i: ""C"" })
    ]);
  })",408,434,snuts
/test/spec/utils-test.js,OvercommentedTest,"{'startLine':436,'endLine':461}","it(""Allow overlapping the grid items"", () => {
    const layout = [
      { x: 0, y: 0, w: 1, h: 10, i: ""A"" },
      { x: 0, y: 10, w: 1, h: 1, i: ""B"" },
      { x: 0, y: 11, w: 1, h: 1, i: ""C"" }
    ];
    // Move A down by 2. Both B and C should remain in same position
    const itemA = layout[0];
    expect(
      moveElement(
        layout,
        itemA,
        0,
        2, // x, y
        true, // isUserAction
        false, // preventCollision
        null,
        10, // compactType, cols
        true // allowOverlap
      )
    ).toEqual([
      expect.objectContaining({ x: 0, y: 2, w: 1, h: 10, i: ""A"" }),
      expect.objectContaining({ x: 0, y: 10, w: 1, h: 1, i: ""B"" }),
      expect.objectContaining({ x: 0, y: 11, w: 1, h: 1, i: ""C"" })
    ]);
  })",436,461,snuts
/test/spec/utils-test.js,OvercommentedTest,"{'startLine':463,'endLine':483}","it(""Layout is cloned when using allowOverlap (#1606)"", () => {
    const layout = [
      { x: 0, y: 0, w: 1, h: 10, i: ""A"" },
      { x: 0, y: 10, w: 1, h: 1, i: ""B"" },
      { x: 0, y: 11, w: 1, h: 1, i: ""C"" }
    ];
    // Move A down by 2. Both B and C should remain in same position
    const itemA = layout[0];
    const modifiedLayout = moveElement(
      layout,
      itemA,
      0,
      2, // x, y
      true, // isUserAction
      false, // preventCollision
      null,
      10, // compactType, cols
      true // allowOverlap
    );
    expect(Object.is(layout, modifiedLayout)).toBe(false);
  })",463,483,snuts
/test/spec/utils-test.js,OvercommentedTest,"{'startLine':487,'endLine':525}","it(""Uses correct y-coordinate offset when moving item down due to collision north (#2173)"", () => {
    // This test verifies the fix for issue #2173
    // Bug: when collisionNorth is true during vertical compaction, the code used
    // collidesWith.y + 1 instead of itemToMove.y + 1, causing items to jump to wrong positions.
    //
    // Layout scenario:
    // - A at y=0, h=6: a tall item that blocks the space above B
    // - B at y=5, h=2: the item that was moved (collidesWith) - note: overlaps with A's bottom
    // - C at y=7, h=2: the item that needs to move away (itemToMove)
    //
    // When C tries to move above B, it collides with A (collisionNorth).
    // C should move down from its own position (y=7 -> y=8), not from B's position.
    const layout = [
      { x: 0, y: 0, w: 1, h: 6, i: ""A"" },
      { x: 0, y: 5, w: 1, h: 2, i: ""B"" }, // collidesWith - positioned to trigger collision
      { x: 0, y: 7, w: 1, h: 2, i: ""C"" } // itemToMove
    ];
    const collidesWith = layout[1]; // B
    const itemToMove = layout[2]; // C

    const result = moveElementAwayFromCollision(
      layout,
      collidesWith,
      itemToMove,
      true, // isUserAction - required to trigger the collisionNorth branch
      ""vertical"", // compactType
      10 // cols
    );

    // Find itemToMove (C) in the result
    const movedItem = result.find(item => item.i === ""C"");
    expect(movedItem).toBeDefined();

    // With the bug (collidesWith.y + 1 = 5 + 1 = 6), C would be at y=6
    // With the fix (itemToMove.y + 1 = 7 + 1 = 8), C should be at y=8
    // C should move down from its own position, not jump to collidesWith.y + 1
    // $FlowFixMe: movedItem is checked above
    expect(movedItem.y).toBe(8);
  })",487,525,snuts
/test/spec/utils-test.js,IdenticalTestDescription,"{'startLine':674,'endLine':702}","it(""should complete basic calculation"", () => {
    const x = 1;
    const y = 1;
    const w = 2;
    const h = 2;
    const dragPosition = null;
    const resizePosition = null;
    const positionParams = {
      ...basePositionParams,
      margin: [10, 10],
      containerPadding: [100, 100]
    };
    expect(
      calcGridItemPosition(
        positionParams,
        x,
        y,
        w,
        h,
        dragPosition,
        resizePosition
      )
    ).toEqual({
      height: 110, // 50 * 2 + margin of 10
      left: 176, // 100 + colWidth (66.25) + margin. Rounded to complete pixel
      top: 160, // 100 + height + margin
      width: 143 // 2x colWidth + margin, rounded
    });
  })",674,702,snuts
/test/spec/utils-test.js,SubOptimalAssert,"{'startLine':825,'endLine':825}","it(""returns null when verticalCompact is false"", () => {
    expect(compactType(mockProps)).toBe(null);
  })",824,826,snuts
/test/spec/utils-test.js,SubOptimalAssert,"{'startLine':940,'endLine':940}","it(""should not shift element leftward unexpectedly during west resize"", () => {
      // Regression test for https://github.com/react-grid-layout/react-grid-layout/issues/2027
      const currentSize = { left: 200, top: 0, width: 400, height: 100 };
      // Simulate dragging west handle to increase width by 50px
      const newSize = { left: 0, top: 0, width: 450, height: 100 };

      const result = resizeItemInDirection(
        ""w"",
        currentSize,
        newSize,
        containerWidth
      );

      // Original right edge: 200 + 400 = 600
      // Expected: left = 150, width = 450, right edge = 600
      expect(result.left + result.width).toBe(600);
      expect(result.width).toBe(450);
      expect(result.left).toBe(150);
    })",925,943,snuts
/test/spec/utils-test.js,SubOptimalAssert,"{'startLine':960,'endLine':960}","it(""should clamp width when resizing past container left edge"", () => {
      // Element near left edge
      const currentSize = { left: 50, top: 0, width: 200, height: 100 };
      // Try to resize to width=300 (would need left=-50)
      const newSize = { left: 0, top: 0, width: 300, height: 100 };

      const result = resizeItemInDirection(
        ""w"",
        currentSize,
        newSize,
        containerWidth
      );

      // Should clamp: left=0, width=250 (original right edge was 250)
      expect(result.left).toBe(0);
      expect(result.left + result.width).toBe(250); // right edge preserved
    })",945,961,snuts
/test/spec/lifecycle-test.js,AnonymousTest,"{'startLine':108,'endLine':112}","it(""Basic Render"", () => {
      const { container } = render(<GridItem {...mockProps} />);
      expect(container.querySelector("".react-grid-item"")).toBeInTheDocument();
      expect(screen.getByText(""test child"")).toBeInTheDocument();
    })",108,112,snuts
/test/spec/lifecycle-test.js,AnonymousTest,"{'startLine':261,'endLine':264}","it(""Basic Render"", async function () {
      const { container } = render(<BasicLayout />);
      expect(container.querySelector("".react-grid-layout"")).toBeInTheDocument();
    })",261,264,snuts
/test/spec/lifecycle-test.js,AnonymousTest,"{'startLine':2095,'endLine':2098}","it(""Basic Render"", async function () {
      const { container } = render(<ShowcaseLayout />);
      expect(container.querySelector("".react-grid-layout"")).toBeInTheDocument();
    })",2095,2098,snuts
/test/spec/lifecycle-test.js,GeneralFixture,"{'startLine':80,'endLine':80}","beforeEach(() => {
    randIdx = 0;
  })",79,81,snuts
/test/spec/lifecycle-test.js,OvercommentedTest,"{'startLine':390,'endLine':448}","it(""measureBeforeMount re-observes element after switching from placeholder to composed component"", async function () {
        // This test verifies the fix for #2083
        // When measureBeforeMount=true, the WidthProvider:
        // 1. First renders a placeholder div (for measurement)
        // 2. After mount, renders the actual ComposedComponent
        // The ResizeObserver must re-observe the new element, not the old placeholder

        // Clear any existing observers
        global.__resizeObservers__ = [];

        // Mock offsetWidth to return 800px
        const originalOffsetWidth = Object.getOwnPropertyDescriptor(
          HTMLElement.prototype,
          ""offsetWidth""
        );
        Object.defineProperty(HTMLElement.prototype, ""offsetWidth"", {
          configurable: true,
          get: function () {
            return 800;
          }
        });

        const { container } = render(<BasicLayout measureBeforeMount={true} />);

        // After mount, verify the grid is rendered
        const gridLayout = container.querySelector("".react-grid-layout"");
        expect(gridLayout).toBeInTheDocument();

        // Get active observers - should have one watching the actual element
        const activeObservers = global.__resizeObservers__.filter(
          obs => obs.observedElements.length > 0
        );
        expect(activeObservers.length).toBeGreaterThan(0);

        // The observer should be watching an element that's in the DOM
        // (not the old placeholder which was removed)
        const observer = activeObservers[0];
        const observedElement = observer.observedElements[0];
        expect(document.body.contains(observedElement)).toBe(true);

        // Trigger a resize and verify it updates
        act(() => {
          global.triggerResize(1000);
        });

        // The grid should still be rendered and functional
        expect(
          container.querySelector("".react-grid-layout"")
        ).toBeInTheDocument();

        // Restore original offsetWidth descriptor
        if (originalOffsetWidth) {
          Object.defineProperty(
            HTMLElement.prototype,
            ""offsetWidth"",
            originalOffsetWidth
          );
        }
      })",390,448,snuts
/test/spec/lifecycle-test.js,OvercommentedTest,"{'startLine':473,'endLine':531}","it(""WidthProvider responds to ResizeObserver width changes"", async function () {
        // Mock offsetWidth to return initial value
        const originalOffsetWidth = Object.getOwnPropertyDescriptor(
          HTMLElement.prototype,
          ""offsetWidth""
        );
        Object.defineProperty(HTMLElement.prototype, ""offsetWidth"", {
          configurable: true,
          get: function () {
            return 1280;
          }
        });

        const { container } = render(
          <BasicLayout measureBeforeMount={false} />
        );

        // Verify initial render
        let gridLayout = container.querySelector("".react-grid-layout"");
        expect(gridLayout).toBeInTheDocument();

        // Get first grid item's initial transform
        const gridItem = container.querySelector("".react-grid-item"");
        const _initialStyle = gridItem.getAttribute(""style"");

        // Now change the mock width and trigger resize
        Object.defineProperty(HTMLElement.prototype, ""offsetWidth"", {
          configurable: true,
          get: function () {
            return 800;
          }
        });

        // Trigger resize observers with new width
        act(() => {
          global.triggerResize(800);
        });

        // The grid should still be rendered (it adapts to new width)
        gridLayout = container.querySelector("".react-grid-layout"");
        expect(gridLayout).toBeInTheDocument();

        // Grid items should have updated transforms reflecting the new width
        const updatedGridItem = container.querySelector("".react-grid-item"");
        const updatedStyle = updatedGridItem.getAttribute(""style"");

        // Styles should have changed due to width change (different column widths)
        // Note: The transform values should be different because column width changed
        expect(updatedStyle).toContain(""transform"");

        // Restore original offsetWidth descriptor
        if (originalOffsetWidth) {
          Object.defineProperty(
            HTMLElement.prototype,
            ""offsetWidth"",
            originalOffsetWidth
          );
        }
      })",473,531,snuts
/test/spec/lifecycle-test.js,OvercommentedTest,"{'startLine':810,'endLine':855}","it(""calls dropConfig.onDragOver when provided (v2 API) (#2212)"", function () {
        const onDragOver = jest.fn(() => ({ w: 3, h: 3 }));
        const onLayoutChange = jest.fn();

        // Use GridLayoutV2 (the v2 API component) directly to test dropConfig.onDragOver
        const { container } = render(
          <GridLayoutV2
            className=""layout""
            gridConfig={{ cols: 12, rowHeight: 30 }}
            width={1200}
            layout={[{ i: ""a"", x: 0, y: 0, w: 2, h: 2 }]}
            dropConfig={{ enabled: true, onDragOver }}
            onLayoutChange={onLayoutChange}
          >
            <div key=""a"">a</div>
          </GridLayoutV2>
        );

        const grid = container.querySelector("".react-grid-layout"");
        act(() => {
          TestUtils.Simulate.dragOver(grid, {
            currentTarget: {
              getBoundingClientRect: () => ({ left: 0, top: 0 })
            },
            clientX: 200,
            clientY: 150,
            nativeEvent: {
              target: document.createElement(""div"")
            }
          });
        });

        // dropConfig.onDragOver should be called
        expect(onDragOver).toHaveBeenCalled();
        // The dropping placeholder should be rendered in the DOM but NOT in onLayoutChange
        // (it's transient internal state that shouldn't be exposed to users until drop)
        // Verify it's in the DOM (internal state) - original + dropping
        expect(container.querySelectorAll("".react-grid-item"").length).toBe(2);

        // But it should NOT be in onLayoutChange (public state)
        const layoutCalls = onLayoutChange.mock.calls;
        const droppingItemInLayoutChange = layoutCalls
          .flatMap(call => call[0])
          .find(item => item.i === ""__dropping-elem__"");
        expect(droppingItemInLayoutChange).toBeUndefined();
      })",810,855,snuts
/test/spec/lifecycle-test.js,OvercommentedTest,"{'startLine':857,'endLine':914}","it(""does not cause Maximum update depth exceeded on drag over (#2204)"", function () {
        // This test verifies the fix for issue #2204 where dragOver would cause
        // an infinite update loop because the sync useEffect would remove the
        // dropping item from layout, which would trigger another render.
        //
        // The fix adds a check for droppingDOMNode in the sync useEffect to skip
        // layout synchronization during drop-from-outside operations.
        const onLayoutChange = jest.fn();
        const onDropDragOver = jest.fn(() => ({ w: 2, h: 2 }));

        const { container } = render(
          <ReactGridLayout
            className=""layout""
            cols={12}
            rowHeight={30}
            width={1200}
            isDroppable={true}
            onDropDragOver={onDropDragOver}
            onLayoutChange={onLayoutChange}
          >
            <div key=""a"" data-grid={{ x: 0, y: 0, w: 2, h: 2 }}>
              a
            </div>
          </ReactGridLayout>
        );

        const grid = container.querySelector("".react-grid-layout"");

        // Simulate a single dragOver event - if the bug exists, this would cause
        // an infinite loop and the test would timeout
        act(() => {
          TestUtils.Simulate.dragOver(grid, {
            currentTarget: {
              getBoundingClientRect: () => ({ left: 0, top: 0 })
            },
            clientX: 200,
            clientY: 100,
            nativeEvent: {
              target: document.createElement(""div"")
            }
          });
        });

        // If we get here without timing out, the fix is working
        // Verify that the dropping item was added to internal state (original item + dropping item + placeholder = 3)
        // The grid has: 1 original item, 1 dropping item, and 1 active placeholder
        expect(
          container.querySelectorAll("".react-grid-item"").length
        ).toBeGreaterThanOrEqual(2);

        // But the dropping item should NOT be in onLayoutChange (public state) - this is expected behavior
        // since #2210 fix: dropping placeholder is transient internal state
        const layoutCalls = onLayoutChange.mock.calls;
        const hasDroppedItemInPublicLayout = layoutCalls.some(call =>
          call[0].some(item => item.i === ""__dropping-elem__"")
        );
        expect(hasDroppedItemInPublicLayout).toBe(false);
      })",857,914,snuts
/test/spec/lifecycle-test.js,OvercommentedTest,"{'startLine':916,'endLine':1041}","it(""does not cause Maximum update depth exceeded when dragging in then out (#2210)"", function () {
        // This test verifies the fix for issue #2210 where dragging an item INTO
        // the grid and then moving it OUTSIDE without releasing the mouse button
        // would cause an infinite update loop.
        //
        // The scenario is:
        // 1. Drag an external item over the grid (creates dropping placeholder)
        // 2. Move the item outside the grid (triggers dragLeave)
        // 3. The dropping placeholder is removed but this triggers state updates
        //    that cause the GridItem's useEffect to fire with stale callbacks
        const consoleError = jest
          .spyOn(console, ""error"")
          .mockImplementation(() => {});
        const onLayoutChange = jest.fn();
        const onDropDragOver = jest.fn(() => ({ w: 2, h: 2 }));
        const onDrag = jest.fn();
        const onDragStart = jest.fn();

        const { container } = render(
          <ReactGridLayout
            className=""layout""
            cols={12}
            rowHeight={30}
            width={1200}
            isDroppable={true}
            onDropDragOver={onDropDragOver}
            onLayoutChange={onLayoutChange}
            onDrag={onDrag}
            onDragStart={onDragStart}
          >
            <div key=""a"" data-grid={{ x: 0, y: 0, w: 2, h: 2 }}>
              a
            </div>
          </ReactGridLayout>
        );

        const grid = container.querySelector("".react-grid-layout"");

        // Step 1: Drag into the grid (creates dropping placeholder)
        act(() => {
          TestUtils.Simulate.dragEnter(grid, {
            clientX: 200,
            clientY: 100
          });
        });

        act(() => {
          TestUtils.Simulate.dragOver(grid, {
            currentTarget: {
              getBoundingClientRect: () => ({ left: 0, top: 0 })
            },
            clientX: 200,
            clientY: 100,
            nativeEvent: {
              target: document.createElement(""div"")
            }
          });
        });

        // Verify the dropping placeholder is rendered in the DOM (internal state)
        // The grid has: 1 original item, 1 dropping item, and 1 active placeholder = 3
        expect(
          container.querySelectorAll("".react-grid-item"").length
        ).toBeGreaterThanOrEqual(2);

        // But it should NOT be in onLayoutChange (public state) - this is expected behavior
        // since #2210 fix: dropping placeholder is transient internal state
        let layoutCalls = onLayoutChange.mock.calls;
        let hasDroppedItemInPublicLayout = layoutCalls.some(call =>
          call[0].some(item => item.i === ""__dropping-elem__"")
        );
        expect(hasDroppedItemInPublicLayout).toBe(false);

        // Record how many times onDrag was called
        const _dragCallsBefore = onDrag.mock.calls.length;

        // Step 2: Move the item around inside the grid (multiple moves)
        for (let i = 0; i < 5; i++) {
          act(() => {
            TestUtils.Simulate.dragOver(grid, {
              currentTarget: {
                getBoundingClientRect: () => ({ left: 0, top: 0 })
              },
              clientX: 200 + i * 20,
              clientY: 100 + i * 20,
              nativeEvent: {
                target: document.createElement(""div"")
              }
            });
          });
        }

        // Step 3: Drag leave (move outside the grid without releasing)
        // This is where the infinite loop would occur in #2210
        act(() => {
          TestUtils.Simulate.dragLeave(grid, {
            clientX: -100,
            clientY: -100
          });
        });

        // If we get here without timing out, the fix is working
        // The dropping placeholder should have been removed from internal state (only 1 item now)
        expect(container.querySelectorAll("".react-grid-item"").length).toBe(1);

        // And still should not be in public layout
        layoutCalls = onLayoutChange.mock.calls;
        const lastLayout = layoutCalls[layoutCalls.length - 1]?.[0] || [];
        hasDroppedItemInPublicLayout = lastLayout.some(
          item => item.i === ""__dropping-elem__""
        );
        expect(hasDroppedItemInPublicLayout).toBe(false);

        // Verify onDrag wasn't called excessively (would indicate infinite loop)
        // We expect 5 drag calls from step 2, plus maybe a few more, but not 50+
        const totalDragCalls = onDrag.mock.calls.length;
        expect(totalDragCalls).toBeLessThan(50);

        // Verify no ""Maximum update depth exceeded"" errors
        const maxDepthErrors = consoleError.mock.calls.filter(call =>
          call[0]?.includes?.(""Maximum update depth exceeded"")
        );
        expect(maxDepthErrors).toHaveLength(0);

        consoleError.mockRestore();
      })",916,1041,snuts
/test/spec/lifecycle-test.js,OvercommentedTest,"{'startLine':1207,'endLine':1312}","it(""does not cause Maximum update depth exceeded with controlled state where children derive from layout (#2210)"", function () {
        // This test replicates the exact scenario from the bug report:
        // - User has controlled state where onLayoutChange updates their layout state
        // - Children are memoized and derived from that state
        // - Items start at x:0, y:0 with only 2 columns (causing compaction on each drag)
        // - Dragging in, moving around, then dragging out should NOT cause infinite loops
        const consoleError = jest
          .spyOn(console, ""error"")
          .mockImplementation(() => {});

        function ControlledDroppableGrid() {
          const [layouts, setLayouts] = React.useState([
            { i: ""0"", x: 0, y: 0, w: 1, h: 2 },
            { i: ""1"", x: 0, y: 0, w: 1, h: 2 },
            { i: ""2"", x: 0, y: 0, w: 1, h: 2 },
            { i: ""3"", x: 0, y: 0, w: 1, h: 2 },
            { i: ""4"", x: 0, y: 0, w: 1, h: 2 }
          ]);

          const handleLayoutChange = React.useCallback(layout => {
            setLayouts(layout);
          }, []);

          // Children derived from layouts - key part of the bug reproduction
          const children = React.useMemo(() => {
            return layouts.map(l => (
              <div key={l.i} className=""grid-item"">
                {l.i}
              </div>
            ));
          }, [layouts]);

          return (
            <GridLayoutV2
              className=""layout""
              layout={layouts}
              gridConfig={{ cols: 2, rowHeight: 30 }}
              width={400}
              onLayoutChange={handleLayoutChange}
              dropConfig={{
                enabled: true,
                defaultItem: { w: 1, h: 2 }
              }}
            >
              {children}
            </GridLayoutV2>
          );
        }

        const { container } = render(<ControlledDroppableGrid />);
        const grid = container.querySelector("".react-grid-layout"");

        // Step 1: Drag into the grid
        act(() => {
          TestUtils.Simulate.dragEnter(grid, {
            clientX: 100,
            clientY: 50
          });
        });

        act(() => {
          TestUtils.Simulate.dragOver(grid, {
            currentTarget: {
              getBoundingClientRect: () => ({ left: 0, top: 0 })
            },
            clientX: 100,
            clientY: 50,
            nativeEvent: {
              target: document.createElement(""div"")
            }
          });
        });

        // Step 2: Move around inside the grid
        for (let i = 0; i < 5; i++) {
          act(() => {
            TestUtils.Simulate.dragOver(grid, {
              currentTarget: {
                getBoundingClientRect: () => ({ left: 0, top: 0 })
              },
              clientX: 100 + i * 20,
              clientY: 50 + i * 20,
              nativeEvent: {
                target: document.createElement(""div"")
              }
            });
          });
        }

        // Step 3: Drag out without releasing (this is where the infinite loop occurred)
        act(() => {
          TestUtils.Simulate.dragLeave(grid, {
            clientX: -100,
            clientY: -100
          });
        });

        // If we get here without timing out, the fix is working
        // Verify no ""Maximum update depth exceeded"" errors
        const maxDepthErrors = consoleError.mock.calls.filter(call =>
          call[0]?.includes?.(""Maximum update depth exceeded"")
        );
        expect(maxDepthErrors).toHaveLength(0);

        consoleError.mockRestore();
      })",1207,1312,snuts
/test/spec/lifecycle-test.js,OvercommentedTest,"{'startLine':1315,'endLine':1383}","it(""does not cause Maximum update depth exceeded during repeated drag in/out cycles (#2210)"", function () {
        // This test verifies that repeatedly dragging an item INTO and then OUT OF
        // the grid (without releasing) doesn't cause infinite loops.
        const consoleError = jest
          .spyOn(console, ""error"")
          .mockImplementation(() => {});
        const onLayoutChange = jest.fn();
        const onDropDragOver = jest.fn(() => ({ w: 2, h: 2 }));

        const { container } = render(
          <ReactGridLayout
            className=""layout""
            cols={12}
            rowHeight={30}
            width={1200}
            isDroppable={true}
            onDropDragOver={onDropDragOver}
            onLayoutChange={onLayoutChange}
          >
            <div key=""a"" data-grid={{ x: 0, y: 0, w: 2, h: 2 }}>
              a
            </div>
          </ReactGridLayout>
        );

        const grid = container.querySelector("".react-grid-layout"");

        // Perform multiple drag in/out cycles
        for (let cycle = 0; cycle < 5; cycle++) {
          // Drag in
          act(() => {
            TestUtils.Simulate.dragEnter(grid, {
              clientX: 200,
              clientY: 100
            });
          });

          // Move around inside
          act(() => {
            TestUtils.Simulate.dragOver(grid, {
              currentTarget: {
                getBoundingClientRect: () => ({ left: 0, top: 0 })
              },
              clientX: 200 + cycle * 10,
              clientY: 100 + cycle * 10,
              nativeEvent: {
                target: document.createElement(""div"")
              }
            });
          });

          // Drag out (without releasing)
          act(() => {
            TestUtils.Simulate.dragLeave(grid, {
              clientX: -100,
              clientY: -100
            });
          });
        }

        // If we get here without timing out or crashing, the fix is working
        // Verify no ""Maximum update depth exceeded"" errors
        const maxDepthErrors = consoleError.mock.calls.filter(call =>
          call[0]?.includes?.(""Maximum update depth exceeded"")
        );
        expect(maxDepthErrors).toHaveLength(0);

        consoleError.mockRestore();
      })",1315,1383,snuts
/test/spec/lifecycle-test.js,OvercommentedTest,"{'startLine':1844,'endLine':1903}","it(""does not produce NaN values in position during resize"", () => {
        // Regression test: when node is falsy in onResizeHandler,
        // updatedSize must still have valid top/left values
        const onResize = jest.fn();
        const onResizeStop = jest.fn();
        const { container } = render(
          <ReactGridLayout
            className=""layout""
            cols={12}
            rowHeight={30}
            width={1200}
            onResize={onResize}
            onResizeStop={onResizeStop}
            resizeHandles={[""se""]}
          >
            <div key=""a"" data-grid={{ x: 0, y: 0, w: 2, h: 2 }}>
              a
            </div>
          </ReactGridLayout>
        );

        const gridItem = container.querySelector("".react-grid-item"");
        const handle = container.querySelector("".react-resizable-handle-se"");

        // Start resize
        act(() => {
          dispatchMouseEvent(handle, ""mousedown"", {
            clientX: 200,
            clientY: 60
          });
        });

        // Move during resize
        act(() => {
          mouseMove(300, 120, handle);
        });

        // Check that the grid item's style doesn't contain NaN
        const style = gridItem.getAttribute(""style"");
        expect(style).not.toContain(""NaN"");

        // Complete resize
        act(() => {
          const mouseUpEvent = new MouseEvent(""mouseup"", {
            bubbles: true,
            cancelable: true,
            view: window,
            clientX: 300,
            clientY: 120,
            button: 0
          });
          document.dispatchEvent(mouseUpEvent);
        });

        // Verify style still doesn't contain NaN after resize
        const finalStyle = gridItem.getAttribute(""style"");
        expect(finalStyle).not.toContain(""NaN"");

        expect(onResizeStop).toHaveBeenCalled();
      })",1844,1903,snuts
/test/spec/lifecycle-test.js,OvercommentedTest,"{'startLine':2034,'endLine':2090}","it(""constrains movement when isBounded is true"", function () {
        const onDragStart = jest.fn();
        const onDragStop = jest.fn();
        const { container } = render(
          <ReactGridLayout
            className=""layout""
            cols={12}
            rowHeight={30}
            width={1200}
            isBounded={true}
            onDragStart={onDragStart}
            onDragStop={onDragStop}
          >
            <div key=""a"" data-grid={{ x: 0, y: 0, w: 2, h: 2 }}>
              a
            </div>
          </ReactGridLayout>
        );

        const gridItem = container.querySelector("".react-grid-item"");

        // Start drag
        act(() => {
          dispatchMouseEvent(gridItem, ""mousedown"", {
            clientX: 50,
            clientY: 50
          });
        });

        expect(onDragStart).toHaveBeenCalled();

        // Try to drag way outside bounds (negative coordinates)
        act(() => {
          mouseMove(-500, -500, gridItem);
          const mouseUpEvent = new MouseEvent(""mouseup"", {
            bubbles: true,
            cancelable: true,
            view: window,
            clientX: -500,
            clientY: -500,
            button: 0
          });
          document.dispatchEvent(mouseUpEvent);
        });

        // Should have been called and position should be constrained
        expect(onDragStop).toHaveBeenCalled();
        const callArgs = onDragStop.mock.calls[0];
        // onDragStop(layout, oldItem, newItem, placeholder, e, node)
        const newItem = callArgs[2]; // newItem is the third argument
        // x and y should be constrained to valid values (>= 0)
        expect(newItem).toBeDefined();
        if (newItem) {
          expect(newItem.x).toBeGreaterThanOrEqual(0);
          expect(newItem.y).toBeGreaterThanOrEqual(0);
        }
      })",2034,2090,snuts
/test/spec/lifecycle-test.js,OvercommentedTest,"{'startLine':2472,'endLine':2526}","it(""does not start drag until mouse moves threshold pixels (v2 API)"", function () {
      const onDragStart = jest.fn();

      const { container } = render(
        <GridLayoutV2
          className=""layout""
          gridConfig={{ cols: 12, rowHeight: 30 }}
          width={1200}
          layout={[{ i: ""a"", x: 0, y: 0, w: 2, h: 2 }]}
          dragConfig={{ enabled: true, threshold: 10 }} // 10px threshold
          onDragStart={onDragStart}
        >
          <div key=""a"">a</div>
        </GridLayoutV2>
      );

      const gridItem = container.querySelector("".react-grid-item"");

      // Mousedown
      act(() => {
        dispatchMouseEvent(gridItem, ""mousedown"", {
          clientX: 50,
          clientY: 50
        });
      });

      // Move only 5px (less than threshold)
      act(() => {
        mouseMove(55, 50, gridItem);
      });

      // onDragStart should NOT have been called yet
      expect(onDragStart).not.toHaveBeenCalled();

      // Move another 6px (total 11px, exceeds threshold)
      act(() => {
        mouseMove(61, 50, gridItem);
      });

      // NOW onDragStart should have been called
      expect(onDragStart).toHaveBeenCalled();

      // Clean up
      act(() => {
        const mouseUpEvent = new MouseEvent(""mouseup"", {
          bubbles: true,
          cancelable: true,
          view: window,
          clientX: 61,
          clientY: 50,
          button: 0
        });
        document.dispatchEvent(mouseUpEvent);
      });
    })",2472,2526,snuts
/test/spec/lifecycle-test.js,OvercommentedTest,"{'startLine':2528,'endLine':2582}","it(""uses default threshold of 3px when not specified (v2 API)"", function () {
      const onDragStart = jest.fn();

      const { container } = render(
        <GridLayoutV2
          className=""layout""
          gridConfig={{ cols: 12, rowHeight: 30 }}
          width={1200}
          layout={[{ i: ""a"", x: 0, y: 0, w: 2, h: 2 }]}
          dragConfig={{ enabled: true }} // No threshold specified, should use default 3
          onDragStart={onDragStart}
        >
          <div key=""a"">a</div>
        </GridLayoutV2>
      );

      const gridItem = container.querySelector("".react-grid-item"");

      // Mousedown
      act(() => {
        dispatchMouseEvent(gridItem, ""mousedown"", {
          clientX: 50,
          clientY: 50
        });
      });

      // Move only 2px (less than default threshold of 3)
      act(() => {
        mouseMove(52, 50, gridItem);
      });

      // onDragStart should NOT have been called yet
      expect(onDragStart).not.toHaveBeenCalled();

      // Move another 2px (total 4px, exceeds default threshold of 3)
      act(() => {
        mouseMove(54, 50, gridItem);
      });

      // NOW onDragStart should have been called
      expect(onDragStart).toHaveBeenCalled();

      // Clean up
      act(() => {
        const mouseUpEvent = new MouseEvent(""mouseup"", {
          bubbles: true,
          cancelable: true,
          view: window,
          clientX: 54,
          clientY: 50,
          button: 0
        });
        document.dispatchEvent(mouseUpEvent);
      });
    })",2528,2582,snuts
/test/spec/lifecycle-test.js,OvercommentedTest,"{'startLine':2589,'endLine':2691}","it(""does not cause item to jump on drag start with default positionStrategy"", function () {
      const onDrag = jest.fn();
      const onDragStart = jest.fn();

      // Create a grid with known position - item at grid position (0,0)
      // With width=1200, cols=12, rowHeight=30, margin=[10,10]
      // Item w=2, h=2 should be at pixel position (10, 10) with size 190x60
      const { container } = render(
        <GridLayoutV2
          className=""layout""
          gridConfig={{ cols: 12, rowHeight: 30, margin: [10, 10] }}
          width={1200}
          layout={[{ i: ""a"", x: 0, y: 0, w: 2, h: 2 }]}
          dragConfig={{ enabled: true }}
          onDrag={onDrag}
          onDragStart={onDragStart}
        >
          <div key=""a"">a</div>
        </GridLayoutV2>
      );

      const gridItem = container.querySelector("".react-grid-item"");
      const gridLayout = container.querySelector("".react-grid-layout"");

      // Mock getBoundingClientRect to simulate the grid being at y=500 on the page
      // This is crucial - in jsdom, getBoundingClientRect returns zeros, so
      // the bug wouldn't manifest. In real browsers, the grid could be anywhere
      // on the page, and the bug would cause items to jump to screen position.
      const originalGetBoundingClientRect =
        gridLayout.getBoundingClientRect.bind(gridLayout);
      gridLayout.getBoundingClientRect = () => ({
        ...originalGetBoundingClientRect(),
        top: 500, // Simulate grid is 500px from top of page
        left: 0,
        width: 1200,
        height: 600
      });

      // Also mock the grid item's getBoundingClientRect
      const originalItemGetBoundingClientRect =
        gridItem.getBoundingClientRect.bind(gridItem);
      gridItem.getBoundingClientRect = () => ({
        ...originalItemGetBoundingClientRect(),
        top: 510, // Item is at y=10 relative to grid, so 500+10=510 on page
        left: 10,
        width: 190,
        height: 60
      });

      // Start drag - click at screen position (20, 520) which is inside the item
      // The item is at screen position (10, 510) to (200, 570)
      act(() => {
        dispatchMouseEvent(gridItem, ""mousedown"", {
          clientX: 20,
          clientY: 520 // Screen Y position (500 grid offset + 20)
        });
      });

      // Move a small amount (just enough to trigger drag start)
      act(() => {
        mouseMove(25, 525, gridItem);
      });

      // onDragStart should have been called
      expect(onDragStart).toHaveBeenCalled();

      // Now move a bit more
      act(() => {
        mouseMove(30, 530, gridItem);
      });

      // Verify onDrag was called
      expect(onDrag).toHaveBeenCalled();

      // Get the last onDrag call arguments
      // onDrag signature: (layout, oldItem, newItem, placeholder, event, element)
      const dragCall = onDrag.mock.calls[onDrag.mock.calls.length - 1];
      const newItem = dragCall[2]; // The item being dragged

      // The key test: verify the item hasn't jumped to a position way off from
      // where it started. With the bug, calcDragPosition returns screen coordinates
      // (clientY - offsetY = 520 - 10 = 510), which would be converted to grid
      // position around y=12+ (510 / (30+10) = 12.75).
      //
      // Without the bug, the position is calculated parent-relative:
      // (520 - 500 - offsetY_within_item) ≈ 10-20 pixels, which is y=0 in grid.
      //
      // Allow some tolerance since the mouse moved a bit.
      expect(newItem.y).toBeLessThan(5); // Should be near top (y=0-1), not jumped to y=12+

      // Clean up
      act(() => {
        const mouseUpEvent = new MouseEvent(""mouseup"", {
          bubbles: true,
          cancelable: true,
          view: window,
          clientX: 30,
          clientY: 530,
          button: 0
        });
        document.dispatchEvent(mouseUpEvent);
      });
    })",2589,2691,snuts
/test/spec/lifecycle-test.js,IdenticalTestDescription,"{'startLine':166,'endLine':170}","it(""2x when string, not number"", () => {
          // $FlowIgnore
          render(<GridItem {...mockProps} minH={""apple""} />);
          expect(mockError).toHaveBeenCalledTimes(2);
        })",166,170,snuts
/test/spec/lifecycle-test.js,IdenticalTestDescription,"{'startLine':186,'endLine':190}","it(""1x when string, not number"", () => {
          // $FlowIgnore
          render(<GridItem {...mockProps} maxH={""apple""} />);
          expect(mockError).toHaveBeenCalledTimes(1);
        })",186,190,snuts
/test/spec/lifecycle-test.js,IdenticalTestDescription,"{'startLine':261,'endLine':264}","it(""Basic Render"", async function () {
      const { container } = render(<BasicLayout />);
      expect(container.querySelector("".react-grid-layout"")).toBeInTheDocument();
    })",261,264,snuts
/test/spec/lifecycle-test.js,IdenticalTestDescription,"{'startLine':2095,'endLine':2098}","it(""Basic Render"", async function () {
      const { container } = render(<ShowcaseLayout />);
      expect(container.querySelector("".react-grid-layout"")).toBeInTheDocument();
    })",2095,2098,snuts
/test/spec/lifecycle-test.js,ConditionalTestLogic,"{'startLine':441,'endLine':447}","it(""measureBeforeMount re-observes element after switching from placeholder to composed component"", async function () {
        // This test verifies the fix for #2083
        // When measureBeforeMount=true, the WidthProvider:
        // 1. First renders a placeholder div (for measurement)
        // 2. After mount, renders the actual ComposedComponent
        // The ResizeObserver must re-observe the new element, not the old placeholder

        // Clear any existing observers
        global.__resizeObservers__ = [];

        // Mock offsetWidth to return 800px
        const originalOffsetWidth = Object.getOwnPropertyDescriptor(
          HTMLElement.prototype,
          ""offsetWidth""
        );
        Object.defineProperty(HTMLElement.prototype, ""offsetWidth"", {
          configurable: true,
          get: function () {
            return 800;
          }
        });

        const { container } = render(<BasicLayout measureBeforeMount={true} />);

        // After mount, verify the grid is rendered
        const gridLayout = container.querySelector("".react-grid-layout"");
        expect(gridLayout).toBeInTheDocument();

        // Get active observers - should have one watching the actual element
        const activeObservers = global.__resizeObservers__.filter(
          obs => obs.observedElements.length > 0
        );
        expect(activeObservers.length).toBeGreaterThan(0);

        // The observer should be watching an element that's in the DOM
        // (not the old placeholder which was removed)
        const observer = activeObservers[0];
        const observedElement = observer.observedElements[0];
        expect(document.body.contains(observedElement)).toBe(true);

        // Trigger a resize and verify it updates
        act(() => {
          global.triggerResize(1000);
        });

        // The grid should still be rendered and functional
        expect(
          container.querySelector("".react-grid-layout"")
        ).toBeInTheDocument();

        // Restore original offsetWidth descriptor
        if (originalOffsetWidth) {
          Object.defineProperty(
            HTMLElement.prototype,
            ""offsetWidth"",
            originalOffsetWidth
          );
        }
      })",390,448,snuts
/test/spec/lifecycle-test.js,ConditionalTestLogic,"{'startLine':524,'endLine':530}","it(""WidthProvider responds to ResizeObserver width changes"", async function () {
        // Mock offsetWidth to return initial value
        const originalOffsetWidth = Object.getOwnPropertyDescriptor(
          HTMLElement.prototype,
          ""offsetWidth""
        );
        Object.defineProperty(HTMLElement.prototype, ""offsetWidth"", {
          configurable: true,
          get: function () {
            return 1280;
          }
        });

        const { container } = render(
          <BasicLayout measureBeforeMount={false} />
        );

        // Verify initial render
        let gridLayout = container.querySelector("".react-grid-layout"");
        expect(gridLayout).toBeInTheDocument();

        // Get first grid item's initial transform
        const gridItem = container.querySelector("".react-grid-item"");
        const _initialStyle = gridItem.getAttribute(""style"");

        // Now change the mock width and trigger resize
        Object.defineProperty(HTMLElement.prototype, ""offsetWidth"", {
          configurable: true,
          get: function () {
            return 800;
          }
        });

        // Trigger resize observers with new width
        act(() => {
          global.triggerResize(800);
        });

        // The grid should still be rendered (it adapts to new width)
        gridLayout = container.querySelector("".react-grid-layout"");
        expect(gridLayout).toBeInTheDocument();

        // Grid items should have updated transforms reflecting the new width
        const updatedGridItem = container.querySelector("".react-grid-item"");
        const updatedStyle = updatedGridItem.getAttribute(""style"");

        // Styles should have changed due to width change (different column widths)
        // Note: The transform values should be different because column width changed
        expect(updatedStyle).toContain(""transform"");

        // Restore original offsetWidth descriptor
        if (originalOffsetWidth) {
          Object.defineProperty(
            HTMLElement.prototype,
            ""offsetWidth"",
            originalOffsetWidth
          );
        }
      })",473,531,snuts
/test/spec/lifecycle-test.js,ConditionalTestLogic,"{'startLine':1950,'endLine':1960}","it(""Does not allow elements to move when resizing with no free space"", () => {
          const onLayoutChange = jest.fn();
          const { container } = render(
            <PreventCollisionContainer
              layoutA={{ x: 0, y: 0, w: 1, h: 2 }}
              layoutB={{ x: 1, y: 0, w: 7, h: 2 }}
              onLayoutChange={onLayoutChange}
            />
          );

          // Get initial layout
          onLayoutChange.mockClear();

          const handle = container.querySelector("".react-resizable-handle-e"");
          act(() => {
            simulateDrag(handle, 100, 30, 300, 30);
          });

          // Layout should be called but item 0 should not be able to expand
          // because item 1 is blocking it
          if (onLayoutChange.mock.calls.length > 0) {
            const layout =
              onLayoutChange.mock.calls[
                onLayoutChange.mock.calls.length - 1
              ][0];
            const item0 = layout.find(item => item.i === ""0"");
            // Width should be at most 1 because of collision
            if (item0) {
              expect(item0.w).toBeLessThanOrEqual(1);
            }
          }
        })",1930,1961,snuts
/test/spec/lifecycle-test.js,ConditionalTestLogic,"{'startLine':1957,'endLine':1959}","it(""Does not allow elements to move when resizing with no free space"", () => {
          const onLayoutChange = jest.fn();
          const { container } = render(
            <PreventCollisionContainer
              layoutA={{ x: 0, y: 0, w: 1, h: 2 }}
              layoutB={{ x: 1, y: 0, w: 7, h: 2 }}
              onLayoutChange={onLayoutChange}
            />
          );

          // Get initial layout
          onLayoutChange.mockClear();

          const handle = container.querySelector("".react-resizable-handle-e"");
          act(() => {
            simulateDrag(handle, 100, 30, 300, 30);
          });

          // Layout should be called but item 0 should not be able to expand
          // because item 1 is blocking it
          if (onLayoutChange.mock.calls.length > 0) {
            const layout =
              onLayoutChange.mock.calls[
                onLayoutChange.mock.calls.length - 1
              ][0];
            const item0 = layout.find(item => item.i === ""0"");
            // Width should be at most 1 because of collision
            if (item0) {
              expect(item0.w).toBeLessThanOrEqual(1);
            }
          }
        })",1930,1961,snuts
/test/spec/lifecycle-test.js,ConditionalTestLogic,"{'startLine':2086,'endLine':2089}","it(""constrains movement when isBounded is true"", function () {
        const onDragStart = jest.fn();
        const onDragStop = jest.fn();
        const { container } = render(
          <ReactGridLayout
            className=""layout""
            cols={12}
            rowHeight={30}
            width={1200}
            isBounded={true}
            onDragStart={onDragStart}
            onDragStop={onDragStop}
          >
            <div key=""a"" data-grid={{ x: 0, y: 0, w: 2, h: 2 }}>
              a
            </div>
          </ReactGridLayout>
        );

        const gridItem = container.querySelector("".react-grid-item"");

        // Start drag
        act(() => {
          dispatchMouseEvent(gridItem, ""mousedown"", {
            clientX: 50,
            clientY: 50
          });
        });

        expect(onDragStart).toHaveBeenCalled();

        // Try to drag way outside bounds (negative coordinates)
        act(() => {
          mouseMove(-500, -500, gridItem);
          const mouseUpEvent = new MouseEvent(""mouseup"", {
            bubbles: true,
            cancelable: true,
            view: window,
            clientX: -500,
            clientY: -500,
            button: 0
          });
          document.dispatchEvent(mouseUpEvent);
        });

        // Should have been called and position should be constrained
        expect(onDragStop).toHaveBeenCalled();
        const callArgs = onDragStop.mock.calls[0];
        // onDragStop(layout, oldItem, newItem, placeholder, e, node)
        const newItem = callArgs[2]; // newItem is the third argument
        // x and y should be constrained to valid values (>= 0)
        expect(newItem).toBeDefined();
        if (newItem) {
          expect(newItem.x).toBeGreaterThanOrEqual(0);
          expect(newItem.y).toBeGreaterThanOrEqual(0);
        }
      })",2034,2090,snuts
/test/spec/lifecycle-test.js,NonFunctionalStatement,"{'startLine':120,'endLine':120}","beforeEach(() => {
          mockError = jest.spyOn(console, ""error"").mockImplementation(() => {});
        })",119,121,snuts
/test/spec/lifecycle-test.js,NonFunctionalStatement,"{'startLine':140,'endLine':140}","beforeEach(() => {
          mockError = jest.spyOn(console, ""error"").mockImplementation(() => {});
        })",139,141,snuts
/test/spec/lifecycle-test.js,NonFunctionalStatement,"{'startLine':160,'endLine':160}","beforeEach(() => {
          mockError = jest.spyOn(console, ""error"").mockImplementation(() => {});
        })",159,161,snuts
/test/spec/lifecycle-test.js,NonFunctionalStatement,"{'startLine':180,'endLine':180}","beforeEach(() => {
          mockError = jest.spyOn(console, ""error"").mockImplementation(() => {});
        })",179,181,snuts
/test/spec/lifecycle-test.js,NonFunctionalStatement,"{'startLine':928,'endLine':928}","it(""does not cause Maximum update depth exceeded when dragging in then out (#2210)"", function () {
        // This test verifies the fix for issue #2210 where dragging an item INTO
        // the grid and then moving it OUTSIDE without releasing the mouse button
        // would cause an infinite update loop.
        //
        // The scenario is:
        // 1. Drag an external item over the grid (creates dropping placeholder)
        // 2. Move the item outside the grid (triggers dragLeave)
        // 3. The dropping placeholder is removed but this triggers state updates
        //    that cause the GridItem's useEffect to fire with stale callbacks
        const consoleError = jest
          .spyOn(console, ""error"")
          .mockImplementation(() => {});
        const onLayoutChange = jest.fn();
        const onDropDragOver = jest.fn(() => ({ w: 2, h: 2 }));
        const onDrag = jest.fn();
        const onDragStart = jest.fn();

        const { container } = render(
          <ReactGridLayout
            className=""layout""
            cols={12}
            rowHeight={30}
            width={1200}
            isDroppable={true}
            onDropDragOver={onDropDragOver}
            onLayoutChange={onLayoutChange}
            onDrag={onDrag}
            onDragStart={onDragStart}
          >
            <div key=""a"" data-grid={{ x: 0, y: 0, w: 2, h: 2 }}>
              a
            </div>
          </ReactGridLayout>
        );

        const grid = container.querySelector("".react-grid-layout"");

        // Step 1: Drag into the grid (creates dropping placeholder)
        act(() => {
          TestUtils.Simulate.dragEnter(grid, {
            clientX: 200,
            clientY: 100
          });
        });

        act(() => {
          TestUtils.Simulate.dragOver(grid, {
            currentTarget: {
              getBoundingClientRect: () => ({ left: 0, top: 0 })
            },
            clientX: 200,
            clientY: 100,
            nativeEvent: {
              target: document.createElement(""div"")
            }
          });
        });

        // Verify the dropping placeholder is rendered in the DOM (internal state)
        // The grid has: 1 original item, 1 dropping item, and 1 active placeholder = 3
        expect(
          container.querySelectorAll("".react-grid-item"").length
        ).toBeGreaterThanOrEqual(2);

        // But it should NOT be in onLayoutChange (public state) - this is expected behavior
        // since #2210 fix: dropping placeholder is transient internal state
        let layoutCalls = onLayoutChange.mock.calls;
        let hasDroppedItemInPublicLayout = layoutCalls.some(call =>
          call[0].some(item => item.i === ""__dropping-elem__"")
        );
        expect(hasDroppedItemInPublicLayout).toBe(false);

        // Record how many times onDrag was called
        const _dragCallsBefore = onDrag.mock.calls.length;

        // Step 2: Move the item around inside the grid (multiple moves)
        for (let i = 0; i < 5; i++) {
          act(() => {
            TestUtils.Simulate.dragOver(grid, {
              currentTarget: {
                getBoundingClientRect: () => ({ left: 0, top: 0 })
              },
              clientX: 200 + i * 20,
              clientY: 100 + i * 20,
              nativeEvent: {
                target: document.createElement(""div"")
              }
            });
          });
        }

        // Step 3: Drag leave (move outside the grid without releasing)
        // This is where the infinite loop would occur in #2210
        act(() => {
          TestUtils.Simulate.dragLeave(grid, {
            clientX: -100,
            clientY: -100
          });
        });

        // If we get here without timing out, the fix is working
        // The dropping placeholder should have been removed from internal state (only 1 item now)
        expect(container.querySelectorAll("".react-grid-item"").length).toBe(1);

        // And still should not be in public layout
        layoutCalls = onLayoutChange.mock.calls;
        const lastLayout = layoutCalls[layoutCalls.length - 1]?.[0] || [];
        hasDroppedItemInPublicLayout = lastLayout.some(
          item => item.i === ""__dropping-elem__""
        );
        expect(hasDroppedItemInPublicLayout).toBe(false);

        // Verify onDrag wasn't called excessively (would indicate infinite loop)
        // We expect 5 drag calls from step 2, plus maybe a few more, but not 50+
        const totalDragCalls = onDrag.mock.calls.length;
        expect(totalDragCalls).toBeLessThan(50);

        // Verify no ""Maximum update depth exceeded"" errors
        const maxDepthErrors = consoleError.mock.calls.filter(call =>
          call[0]?.includes?.(""Maximum update depth exceeded"")
        );
        expect(maxDepthErrors).toHaveLength(0);

        consoleError.mockRestore();
      })",916,1041,snuts
/test/spec/lifecycle-test.js,NonFunctionalStatement,"{'startLine':1047,'endLine':1047}","it(""does not cause Maximum update depth exceeded with v2 API GridLayout (#2210)"", function () {
        const consoleError = jest
          .spyOn(console, ""error"")
          .mockImplementation(() => {});
        const onLayoutChange = jest.fn();
        const onDragOver = jest.fn(() => ({ w: 2, h: 2 }));
        const onDrag = jest.fn();
        const onDragStart = jest.fn();

        const { container } = render(
          <GridLayoutV2
            className=""layout""
            gridConfig={{ cols: 12, rowHeight: 30 }}
            width={1200}
            layout={[{ i: ""a"", x: 0, y: 0, w: 2, h: 2 }]}
            dropConfig={{ enabled: true, onDragOver }}
            onLayoutChange={onLayoutChange}
            onDrag={onDrag}
            onDragStart={onDragStart}
          >
            <div key=""a"">a</div>
          </GridLayoutV2>
        );

        const grid = container.querySelector("".react-grid-layout"");

        // Step 1: Drag into the grid (creates dropping placeholder)
        act(() => {
          TestUtils.Simulate.dragEnter(grid, {
            clientX: 200,
            clientY: 100
          });
        });

        act(() => {
          TestUtils.Simulate.dragOver(grid, {
            currentTarget: {
              getBoundingClientRect: () => ({ left: 0, top: 0 })
            },
            clientX: 200,
            clientY: 100,
            nativeEvent: {
              target: document.createElement(""div"")
            }
          });
        });

        // Step 2: Move around inside multiple times
        for (let i = 0; i < 5; i++) {
          act(() => {
            TestUtils.Simulate.dragOver(grid, {
              currentTarget: {
                getBoundingClientRect: () => ({ left: 0, top: 0 })
              },
              clientX: 200 + i * 30,
              clientY: 100 + i * 30,
              nativeEvent: {
                target: document.createElement(""div"")
              }
            });
          });
        }

        // Step 3: Drag out
        act(() => {
          TestUtils.Simulate.dragLeave(grid, {
            clientX: -100,
            clientY: -100
          });
        });

        // Verify no ""Maximum update depth exceeded"" errors
        const maxDepthErrors = consoleError.mock.calls.filter(call =>
          call[0]?.includes?.(""Maximum update depth exceeded"")
        );
        expect(maxDepthErrors).toHaveLength(0);

        consoleError.mockRestore();
      })",1044,1122,snuts
/test/spec/lifecycle-test.js,NonFunctionalStatement,"{'startLine':1128,'endLine':1128}","it(""does not cause Maximum update depth exceeded with ResponsiveReactGridLayout (#2210)"", function () {
        const consoleError = jest
          .spyOn(console, ""error"")
          .mockImplementation(() => {});
        const onLayoutChange = jest.fn();
        const onDropDragOver = jest.fn(() => ({ w: 2, h: 2 }));

        const { container } = render(
          <ResponsiveReactGridLayout
            className=""layout""
            cols={{ lg: 12, md: 10, sm: 6, xs: 4, xxs: 2 }}
            breakpoints={{ lg: 1200, md: 996, sm: 768, xs: 480, xxs: 0 }}
            rowHeight={30}
            width={1200}
            isDroppable={true}
            onDropDragOver={onDropDragOver}
            onLayoutChange={onLayoutChange}
            layouts={{
              lg: [{ i: ""a"", x: 0, y: 0, w: 2, h: 2 }]
            }}
          >
            <div key=""a"">a</div>
          </ResponsiveReactGridLayout>
        );

        const grid = container.querySelector("".react-grid-layout"");

        // Step 1: Drag into the grid (creates dropping placeholder)
        act(() => {
          TestUtils.Simulate.dragEnter(grid, {
            clientX: 200,
            clientY: 100
          });
        });

        act(() => {
          TestUtils.Simulate.dragOver(grid, {
            currentTarget: {
              getBoundingClientRect: () => ({ left: 0, top: 0 })
            },
            clientX: 200,
            clientY: 100,
            nativeEvent: {
              target: document.createElement(""div"")
            }
          });
        });

        // Step 2: Move around inside
        for (let i = 0; i < 3; i++) {
          act(() => {
            TestUtils.Simulate.dragOver(grid, {
              currentTarget: {
                getBoundingClientRect: () => ({ left: 0, top: 0 })
              },
              clientX: 200 + i * 20,
              clientY: 100 + i * 20,
              nativeEvent: {
                target: document.createElement(""div"")
              }
            });
          });
        }

        // Step 3: Drag out
        act(() => {
          TestUtils.Simulate.dragLeave(grid, {
            clientX: -100,
            clientY: -100
          });
        });

        // Verify no ""Maximum update depth exceeded"" errors
        const maxDepthErrors = consoleError.mock.calls.filter(call =>
          call[0]?.includes?.(""Maximum update depth exceeded"")
        );
        expect(maxDepthErrors).toHaveLength(0);

        consoleError.mockRestore();
      })",1125,1204,snuts
/test/spec/lifecycle-test.js,NonFunctionalStatement,"{'startLine':1215,'endLine':1215}","it(""does not cause Maximum update depth exceeded with controlled state where children derive from layout (#2210)"", function () {
        // This test replicates the exact scenario from the bug report:
        // - User has controlled state where onLayoutChange updates their layout state
        // - Children are memoized and derived from that state
        // - Items start at x:0, y:0 with only 2 columns (causing compaction on each drag)
        // - Dragging in, moving around, then dragging out should NOT cause infinite loops
        const consoleError = jest
          .spyOn(console, ""error"")
          .mockImplementation(() => {});

        function ControlledDroppableGrid() {
          const [layouts, setLayouts] = React.useState([
            { i: ""0"", x: 0, y: 0, w: 1, h: 2 },
            { i: ""1"", x: 0, y: 0, w: 1, h: 2 },
            { i: ""2"", x: 0, y: 0, w: 1, h: 2 },
            { i: ""3"", x: 0, y: 0, w: 1, h: 2 },
            { i: ""4"", x: 0, y: 0, w: 1, h: 2 }
          ]);

          const handleLayoutChange = React.useCallback(layout => {
            setLayouts(layout);
          }, []);

          // Children derived from layouts - key part of the bug reproduction
          const children = React.useMemo(() => {
            return layouts.map(l => (
              <div key={l.i} className=""grid-item"">
                {l.i}
              </div>
            ));
          }, [layouts]);

          return (
            <GridLayoutV2
              className=""layout""
              layout={layouts}
              gridConfig={{ cols: 2, rowHeight: 30 }}
              width={400}
              onLayoutChange={handleLayoutChange}
              dropConfig={{
                enabled: true,
                defaultItem: { w: 1, h: 2 }
              }}
            >
              {children}
            </GridLayoutV2>
          );
        }

        const { container } = render(<ControlledDroppableGrid />);
        const grid = container.querySelector("".react-grid-layout"");

        // Step 1: Drag into the grid
        act(() => {
          TestUtils.Simulate.dragEnter(grid, {
            clientX: 100,
            clientY: 50
          });
        });

        act(() => {
          TestUtils.Simulate.dragOver(grid, {
            currentTarget: {
              getBoundingClientRect: () => ({ left: 0, top: 0 })
            },
            clientX: 100,
            clientY: 50,
            nativeEvent: {
              target: document.createElement(""div"")
            }
          });
        });

        // Step 2: Move around inside the grid
        for (let i = 0; i < 5; i++) {
          act(() => {
            TestUtils.Simulate.dragOver(grid, {
              currentTarget: {
                getBoundingClientRect: () => ({ left: 0, top: 0 })
              },
              clientX: 100 + i * 20,
              clientY: 50 + i * 20,
              nativeEvent: {
                target: document.createElement(""div"")
              }
            });
          });
        }

        // Step 3: Drag out without releasing (this is where the infinite loop occurred)
        act(() => {
          TestUtils.Simulate.dragLeave(grid, {
            clientX: -100,
            clientY: -100
          });
        });

        // If we get here without timing out, the fix is working
        // Verify no ""Maximum update depth exceeded"" errors
        const maxDepthErrors = consoleError.mock.calls.filter(call =>
          call[0]?.includes?.(""Maximum update depth exceeded"")
        );
        expect(maxDepthErrors).toHaveLength(0);

        consoleError.mockRestore();
      })",1207,1312,snuts
/test/spec/lifecycle-test.js,NonFunctionalStatement,"{'startLine':1320,'endLine':1320}","it(""does not cause Maximum update depth exceeded during repeated drag in/out cycles (#2210)"", function () {
        // This test verifies that repeatedly dragging an item INTO and then OUT OF
        // the grid (without releasing) doesn't cause infinite loops.
        const consoleError = jest
          .spyOn(console, ""error"")
          .mockImplementation(() => {});
        const onLayoutChange = jest.fn();
        const onDropDragOver = jest.fn(() => ({ w: 2, h: 2 }));

        const { container } = render(
          <ReactGridLayout
            className=""layout""
            cols={12}
            rowHeight={30}
            width={1200}
            isDroppable={true}
            onDropDragOver={onDropDragOver}
            onLayoutChange={onLayoutChange}
          >
            <div key=""a"" data-grid={{ x: 0, y: 0, w: 2, h: 2 }}>
              a
            </div>
          </ReactGridLayout>
        );

        const grid = container.querySelector("".react-grid-layout"");

        // Perform multiple drag in/out cycles
        for (let cycle = 0; cycle < 5; cycle++) {
          // Drag in
          act(() => {
            TestUtils.Simulate.dragEnter(grid, {
              clientX: 200,
              clientY: 100
            });
          });

          // Move around inside
          act(() => {
            TestUtils.Simulate.dragOver(grid, {
              currentTarget: {
                getBoundingClientRect: () => ({ left: 0, top: 0 })
              },
              clientX: 200 + cycle * 10,
              clientY: 100 + cycle * 10,
              nativeEvent: {
                target: document.createElement(""div"")
              }
            });
          });

          // Drag out (without releasing)
          act(() => {
            TestUtils.Simulate.dragLeave(grid, {
              clientX: -100,
              clientY: -100
            });
          });
        }

        // If we get here without timing out or crashing, the fix is working
        // Verify no ""Maximum update depth exceeded"" errors
        const maxDepthErrors = consoleError.mock.calls.filter(call =>
          call[0]?.includes?.(""Maximum update depth exceeded"")
        );
        expect(maxDepthErrors).toHaveLength(0);

        consoleError.mockRestore();
      })",1315,1383,snuts
/test/spec/lifecycle-test.js,NonFunctionalStatement,"{'startLine':2151,'endLine':2151}","it(""renders without errors in StrictMode"", function () {
      const consoleError = jest
        .spyOn(console, ""error"")
        .mockImplementation(() => {});

      const { container } = render(
        <StrictMode>
          <ReactGridLayout
            className=""layout""
            cols={12}
            rowHeight={30}
            width={1200}
          >
            <div key=""a"" data-grid={{ x: 0, y: 0, w: 2, h: 2 }}>
              a
            </div>
          </ReactGridLayout>
        </StrictMode>
      );

      expect(container.querySelector("".react-grid-layout"")).toBeInTheDocument();

      // Filter out non-critical warnings
      const criticalErrors = consoleError.mock.calls.filter(
        call =>
          !call[0]?.includes?.(""act("") &&
          !call[0]?.includes?.(""Warning: ReactDOM.render"") &&
          // StrictMode double-renders can cause drag state issues in tests - not a real error
          !call[0]?.message?.includes?.(""onDrag"") &&
          !call[0]?.message?.includes?.(""onDragEnd"")
      );

      // Should have no critical React 18 related errors
      expect(criticalErrors).toHaveLength(0);

      consoleError.mockRestore();
    })",2148,2184,snuts
/test/spec/lifecycle-test.js,NonFunctionalStatement,"{'startLine':2189,'endLine':2189}","it(""handles concurrent updates without warnings"", function () {
      const consoleError = jest
        .spyOn(console, ""error"")
        .mockImplementation(() => {});

      const { rerender } = render(
        <ReactGridLayout
          className=""layout""
          cols={12}
          rowHeight={30}
          width={1200}
        >
          <div key=""a"" data-grid={{ x: 0, y: 0, w: 2, h: 2 }}>
            a
          </div>
        </ReactGridLayout>
      );

      // Rapidly rerender multiple times (simulates concurrent updates)
      act(() => {
        for (let i = 0; i < 5; i++) {
          rerender(
            <ReactGridLayout
              className=""layout""
              cols={12}
              rowHeight={30}
              width={1200 + i * 10}
            >
              <div key=""a"" data-grid={{ x: 0, y: 0, w: 2, h: 2 }}>
                a
              </div>
            </ReactGridLayout>
          );
        }
      });

      // Filter for flushSync warnings which indicate React 18 issues
      const flushSyncWarnings = consoleError.mock.calls.filter(
        call =>
          call[0]?.includes?.(""flushSync"") ||
          call[0]?.includes?.(""Cannot update"")
      );

      expect(flushSyncWarnings).toHaveLength(0);

      consoleError.mockRestore();
    })",2186,2232,snuts
/test/spec/lifecycle-test.js,SubOptimalAssert,"{'startLine':847,'endLine':847}","it(""calls dropConfig.onDragOver when provided (v2 API) (#2212)"", function () {
        const onDragOver = jest.fn(() => ({ w: 3, h: 3 }));
        const onLayoutChange = jest.fn();

        // Use GridLayoutV2 (the v2 API component) directly to test dropConfig.onDragOver
        const { container } = render(
          <GridLayoutV2
            className=""layout""
            gridConfig={{ cols: 12, rowHeight: 30 }}
            width={1200}
            layout={[{ i: ""a"", x: 0, y: 0, w: 2, h: 2 }]}
            dropConfig={{ enabled: true, onDragOver }}
            onLayoutChange={onLayoutChange}
          >
            <div key=""a"">a</div>
          </GridLayoutV2>
        );

        const grid = container.querySelector("".react-grid-layout"");
        act(() => {
          TestUtils.Simulate.dragOver(grid, {
            currentTarget: {
              getBoundingClientRect: () => ({ left: 0, top: 0 })
            },
            clientX: 200,
            clientY: 150,
            nativeEvent: {
              target: document.createElement(""div"")
            }
          });
        });

        // dropConfig.onDragOver should be called
        expect(onDragOver).toHaveBeenCalled();
        // The dropping placeholder should be rendered in the DOM but NOT in onLayoutChange
        // (it's transient internal state that shouldn't be exposed to users until drop)
        // Verify it's in the DOM (internal state) - original + dropping
        expect(container.querySelectorAll("".react-grid-item"").length).toBe(2);

        // But it should NOT be in onLayoutChange (public state)
        const layoutCalls = onLayoutChange.mock.calls;
        const droppingItemInLayoutChange = layoutCalls
          .flatMap(call => call[0])
          .find(item => item.i === ""__dropping-elem__"");
        expect(droppingItemInLayoutChange).toBeUndefined();
      })",810,855,snuts
/test/spec/lifecycle-test.js,SubOptimalAssert,"{'startLine':1019,'endLine':1019}","it(""does not cause Maximum update depth exceeded when dragging in then out (#2210)"", function () {
        // This test verifies the fix for issue #2210 where dragging an item INTO
        // the grid and then moving it OUTSIDE without releasing the mouse button
        // would cause an infinite update loop.
        //
        // The scenario is:
        // 1. Drag an external item over the grid (creates dropping placeholder)
        // 2. Move the item outside the grid (triggers dragLeave)
        // 3. The dropping placeholder is removed but this triggers state updates
        //    that cause the GridItem's useEffect to fire with stale callbacks
        const consoleError = jest
          .spyOn(console, ""error"")
          .mockImplementation(() => {});
        const onLayoutChange = jest.fn();
        const onDropDragOver = jest.fn(() => ({ w: 2, h: 2 }));
        const onDrag = jest.fn();
        const onDragStart = jest.fn();

        const { container } = render(
          <ReactGridLayout
            className=""layout""
            cols={12}
            rowHeight={30}
            width={1200}
            isDroppable={true}
            onDropDragOver={onDropDragOver}
            onLayoutChange={onLayoutChange}
            onDrag={onDrag}
            onDragStart={onDragStart}
          >
            <div key=""a"" data-grid={{ x: 0, y: 0, w: 2, h: 2 }}>
              a
            </div>
          </ReactGridLayout>
        );

        const grid = container.querySelector("".react-grid-layout"");

        // Step 1: Drag into the grid (creates dropping placeholder)
        act(() => {
          TestUtils.Simulate.dragEnter(grid, {
            clientX: 200,
            clientY: 100
          });
        });

        act(() => {
          TestUtils.Simulate.dragOver(grid, {
            currentTarget: {
              getBoundingClientRect: () => ({ left: 0, top: 0 })
            },
            clientX: 200,
            clientY: 100,
            nativeEvent: {
              target: document.createElement(""div"")
            }
          });
        });

        // Verify the dropping placeholder is rendered in the DOM (internal state)
        // The grid has: 1 original item, 1 dropping item, and 1 active placeholder = 3
        expect(
          container.querySelectorAll("".react-grid-item"").length
        ).toBeGreaterThanOrEqual(2);

        // But it should NOT be in onLayoutChange (public state) - this is expected behavior
        // since #2210 fix: dropping placeholder is transient internal state
        let layoutCalls = onLayoutChange.mock.calls;
        let hasDroppedItemInPublicLayout = layoutCalls.some(call =>
          call[0].some(item => item.i === ""__dropping-elem__"")
        );
        expect(hasDroppedItemInPublicLayout).toBe(false);

        // Record how many times onDrag was called
        const _dragCallsBefore = onDrag.mock.calls.length;

        // Step 2: Move the item around inside the grid (multiple moves)
        for (let i = 0; i < 5; i++) {
          act(() => {
            TestUtils.Simulate.dragOver(grid, {
              currentTarget: {
                getBoundingClientRect: () => ({ left: 0, top: 0 })
              },
              clientX: 200 + i * 20,
              clientY: 100 + i * 20,
              nativeEvent: {
                target: document.createElement(""div"")
              }
            });
          });
        }

        // Step 3: Drag leave (move outside the grid without releasing)
        // This is where the infinite loop would occur in #2210
        act(() => {
          TestUtils.Simulate.dragLeave(grid, {
            clientX: -100,
            clientY: -100
          });
        });

        // If we get here without timing out, the fix is working
        // The dropping placeholder should have been removed from internal state (only 1 item now)
        expect(container.querySelectorAll("".react-grid-item"").length).toBe(1);

        // And still should not be in public layout
        layoutCalls = onLayoutChange.mock.calls;
        const lastLayout = layoutCalls[layoutCalls.length - 1]?.[0] || [];
        hasDroppedItemInPublicLayout = lastLayout.some(
          item => item.i === ""__dropping-elem__""
        );
        expect(hasDroppedItemInPublicLayout).toBe(false);

        // Verify onDrag wasn't called excessively (would indicate infinite loop)
        // We expect 5 drag calls from step 2, plus maybe a few more, but not 50+
        const totalDragCalls = onDrag.mock.calls.length;
        expect(totalDragCalls).toBeLessThan(50);

        // Verify no ""Maximum update depth exceeded"" errors
        const maxDepthErrors = consoleError.mock.calls.filter(call =>
          call[0]?.includes?.(""Maximum update depth exceeded"")
        );
        expect(maxDepthErrors).toHaveLength(0);

        consoleError.mockRestore();
      })",916,1041,snuts
/test/spec/lifecycle-test.js,VerboseStatement,"{'startLine':390,'endLine':448}","it(""measureBeforeMount re-observes element after switching from placeholder to composed component"", async function () {
        // This test verifies the fix for #2083
        // When measureBeforeMount=true, the WidthProvider:
        // 1. First renders a placeholder div (for measurement)
        // 2. After mount, renders the actual ComposedComponent
        // The ResizeObserver must re-observe the new element, not the old placeholder

        // Clear any existing observers
        global.__resizeObservers__ = [];

        // Mock offsetWidth to return 800px
        const originalOffsetWidth = Object.getOwnPropertyDescriptor(
          HTMLElement.prototype,
          ""offsetWidth""
        );
        Object.defineProperty(HTMLElement.prototype, ""offsetWidth"", {
          configurable: true,
          get: function () {
            return 800;
          }
        });

        const { container } = render(<BasicLayout measureBeforeMount={true} />);

        // After mount, verify the grid is rendered
        const gridLayout = container.querySelector("".react-grid-layout"");
        expect(gridLayout).toBeInTheDocument();

        // Get active observers - should have one watching the actual element
        const activeObservers = global.__resizeObservers__.filter(
          obs => obs.observedElements.length > 0
        );
        expect(activeObservers.length).toBeGreaterThan(0);

        // The observer should be watching an element that's in the DOM
        // (not the old placeholder which was removed)
        const observer = activeObservers[0];
        const observedElement = observer.observedElements[0];
        expect(document.body.contains(observedElement)).toBe(true);

        // Trigger a resize and verify it updates
        act(() => {
          global.triggerResize(1000);
        });

        // The grid should still be rendered and functional
        expect(
          container.querySelector("".react-grid-layout"")
        ).toBeInTheDocument();

        // Restore original offsetWidth descriptor
        if (originalOffsetWidth) {
          Object.defineProperty(
            HTMLElement.prototype,
            ""offsetWidth"",
            originalOffsetWidth
          );
        }
      })",390,448,snuts
/test/spec/lifecycle-test.js,VerboseStatement,"{'startLine':473,'endLine':531}","it(""WidthProvider responds to ResizeObserver width changes"", async function () {
        // Mock offsetWidth to return initial value
        const originalOffsetWidth = Object.getOwnPropertyDescriptor(
          HTMLElement.prototype,
          ""offsetWidth""
        );
        Object.defineProperty(HTMLElement.prototype, ""offsetWidth"", {
          configurable: true,
          get: function () {
            return 1280;
          }
        });

        const { container } = render(
          <BasicLayout measureBeforeMount={false} />
        );

        // Verify initial render
        let gridLayout = container.querySelector("".react-grid-layout"");
        expect(gridLayout).toBeInTheDocument();

        // Get first grid item's initial transform
        const gridItem = container.querySelector("".react-grid-item"");
        const _initialStyle = gridItem.getAttribute(""style"");

        // Now change the mock width and trigger resize
        Object.defineProperty(HTMLElement.prototype, ""offsetWidth"", {
          configurable: true,
          get: function () {
            return 800;
          }
        });

        // Trigger resize observers with new width
        act(() => {
          global.triggerResize(800);
        });

        // The grid should still be rendered (it adapts to new width)
        gridLayout = container.querySelector("".react-grid-layout"");
        expect(gridLayout).toBeInTheDocument();

        // Grid items should have updated transforms reflecting the new width
        const updatedGridItem = container.querySelector("".react-grid-item"");
        const updatedStyle = updatedGridItem.getAttribute(""style"");

        // Styles should have changed due to width change (different column widths)
        // Note: The transform values should be different because column width changed
        expect(updatedStyle).toContain(""transform"");

        // Restore original offsetWidth descriptor
        if (originalOffsetWidth) {
          Object.defineProperty(
            HTMLElement.prototype,
            ""offsetWidth"",
            originalOffsetWidth
          );
        }
      })",473,531,snuts
/test/spec/lifecycle-test.js,VerboseStatement,"{'startLine':916,'endLine':1041}","it(""does not cause Maximum update depth exceeded when dragging in then out (#2210)"", function () {
        // This test verifies the fix for issue #2210 where dragging an item INTO
        // the grid and then moving it OUTSIDE without releasing the mouse button
        // would cause an infinite update loop.
        //
        // The scenario is:
        // 1. Drag an external item over the grid (creates dropping placeholder)
        // 2. Move the item outside the grid (triggers dragLeave)
        // 3. The dropping placeholder is removed but this triggers state updates
        //    that cause the GridItem's useEffect to fire with stale callbacks
        const consoleError = jest
          .spyOn(console, ""error"")
          .mockImplementation(() => {});
        const onLayoutChange = jest.fn();
        const onDropDragOver = jest.fn(() => ({ w: 2, h: 2 }));
        const onDrag = jest.fn();
        const onDragStart = jest.fn();

        const { container } = render(
          <ReactGridLayout
            className=""layout""
            cols={12}
            rowHeight={30}
            width={1200}
            isDroppable={true}
            onDropDragOver={onDropDragOver}
            onLayoutChange={onLayoutChange}
            onDrag={onDrag}
            onDragStart={onDragStart}
          >
            <div key=""a"" data-grid={{ x: 0, y: 0, w: 2, h: 2 }}>
              a
            </div>
          </ReactGridLayout>
        );

        const grid = container.querySelector("".react-grid-layout"");

        // Step 1: Drag into the grid (creates dropping placeholder)
        act(() => {
          TestUtils.Simulate.dragEnter(grid, {
            clientX: 200,
            clientY: 100
          });
        });

        act(() => {
          TestUtils.Simulate.dragOver(grid, {
            currentTarget: {
              getBoundingClientRect: () => ({ left: 0, top: 0 })
            },
            clientX: 200,
            clientY: 100,
            nativeEvent: {
              target: document.createElement(""div"")
            }
          });
        });

        // Verify the dropping placeholder is rendered in the DOM (internal state)
        // The grid has: 1 original item, 1 dropping item, and 1 active placeholder = 3
        expect(
          container.querySelectorAll("".react-grid-item"").length
        ).toBeGreaterThanOrEqual(2);

        // But it should NOT be in onLayoutChange (public state) - this is expected behavior
        // since #2210 fix: dropping placeholder is transient internal state
        let layoutCalls = onLayoutChange.mock.calls;
        let hasDroppedItemInPublicLayout = layoutCalls.some(call =>
          call[0].some(item => item.i === ""__dropping-elem__"")
        );
        expect(hasDroppedItemInPublicLayout).toBe(false);

        // Record how many times onDrag was called
        const _dragCallsBefore = onDrag.mock.calls.length;

        // Step 2: Move the item around inside the grid (multiple moves)
        for (let i = 0; i < 5; i++) {
          act(() => {
            TestUtils.Simulate.dragOver(grid, {
              currentTarget: {
                getBoundingClientRect: () => ({ left: 0, top: 0 })
              },
              clientX: 200 + i * 20,
              clientY: 100 + i * 20,
              nativeEvent: {
                target: document.createElement(""div"")
              }
            });
          });
        }

        // Step 3: Drag leave (move outside the grid without releasing)
        // This is where the infinite loop would occur in #2210
        act(() => {
          TestUtils.Simulate.dragLeave(grid, {
            clientX: -100,
            clientY: -100
          });
        });

        // If we get here without timing out, the fix is working
        // The dropping placeholder should have been removed from internal state (only 1 item now)
        expect(container.querySelectorAll("".react-grid-item"").length).toBe(1);

        // And still should not be in public layout
        layoutCalls = onLayoutChange.mock.calls;
        const lastLayout = layoutCalls[layoutCalls.length - 1]?.[0] || [];
        hasDroppedItemInPublicLayout = lastLayout.some(
          item => item.i === ""__dropping-elem__""
        );
        expect(hasDroppedItemInPublicLayout).toBe(false);

        // Verify onDrag wasn't called excessively (would indicate infinite loop)
        // We expect 5 drag calls from step 2, plus maybe a few more, but not 50+
        const totalDragCalls = onDrag.mock.calls.length;
        expect(totalDragCalls).toBeLessThan(50);

        // Verify no ""Maximum update depth exceeded"" errors
        const maxDepthErrors = consoleError.mock.calls.filter(call =>
          call[0]?.includes?.(""Maximum update depth exceeded"")
        );
        expect(maxDepthErrors).toHaveLength(0);

        consoleError.mockRestore();
      })",916,1041,snuts
/test/spec/lifecycle-test.js,VerboseStatement,"{'startLine':1044,'endLine':1122}","it(""does not cause Maximum update depth exceeded with v2 API GridLayout (#2210)"", function () {
        const consoleError = jest
          .spyOn(console, ""error"")
          .mockImplementation(() => {});
        const onLayoutChange = jest.fn();
        const onDragOver = jest.fn(() => ({ w: 2, h: 2 }));
        const onDrag = jest.fn();
        const onDragStart = jest.fn();

        const { container } = render(
          <GridLayoutV2
            className=""layout""
            gridConfig={{ cols: 12, rowHeight: 30 }}
            width={1200}
            layout={[{ i: ""a"", x: 0, y: 0, w: 2, h: 2 }]}
            dropConfig={{ enabled: true, onDragOver }}
            onLayoutChange={onLayoutChange}
            onDrag={onDrag}
            onDragStart={onDragStart}
          >
            <div key=""a"">a</div>
          </GridLayoutV2>
        );

        const grid = container.querySelector("".react-grid-layout"");

        // Step 1: Drag into the grid (creates dropping placeholder)
        act(() => {
          TestUtils.Simulate.dragEnter(grid, {
            clientX: 200,
            clientY: 100
          });
        });

        act(() => {
          TestUtils.Simulate.dragOver(grid, {
            currentTarget: {
              getBoundingClientRect: () => ({ left: 0, top: 0 })
            },
            clientX: 200,
            clientY: 100,
            nativeEvent: {
              target: document.createElement(""div"")
            }
          });
        });

        // Step 2: Move around inside multiple times
        for (let i = 0; i < 5; i++) {
          act(() => {
            TestUtils.Simulate.dragOver(grid, {
              currentTarget: {
                getBoundingClientRect: () => ({ left: 0, top: 0 })
              },
              clientX: 200 + i * 30,
              clientY: 100 + i * 30,
              nativeEvent: {
                target: document.createElement(""div"")
              }
            });
          });
        }

        // Step 3: Drag out
        act(() => {
          TestUtils.Simulate.dragLeave(grid, {
            clientX: -100,
            clientY: -100
          });
        });

        // Verify no ""Maximum update depth exceeded"" errors
        const maxDepthErrors = consoleError.mock.calls.filter(call =>
          call[0]?.includes?.(""Maximum update depth exceeded"")
        );
        expect(maxDepthErrors).toHaveLength(0);

        consoleError.mockRestore();
      })",1044,1122,snuts
/test/spec/lifecycle-test.js,VerboseStatement,"{'startLine':2589,'endLine':2691}","it(""does not cause item to jump on drag start with default positionStrategy"", function () {
      const onDrag = jest.fn();
      const onDragStart = jest.fn();

      // Create a grid with known position - item at grid position (0,0)
      // With width=1200, cols=12, rowHeight=30, margin=[10,10]
      // Item w=2, h=2 should be at pixel position (10, 10) with size 190x60
      const { container } = render(
        <GridLayoutV2
          className=""layout""
          gridConfig={{ cols: 12, rowHeight: 30, margin: [10, 10] }}
          width={1200}
          layout={[{ i: ""a"", x: 0, y: 0, w: 2, h: 2 }]}
          dragConfig={{ enabled: true }}
          onDrag={onDrag}
          onDragStart={onDragStart}
        >
          <div key=""a"">a</div>
        </GridLayoutV2>
      );

      const gridItem = container.querySelector("".react-grid-item"");
      const gridLayout = container.querySelector("".react-grid-layout"");

      // Mock getBoundingClientRect to simulate the grid being at y=500 on the page
      // This is crucial - in jsdom, getBoundingClientRect returns zeros, so
      // the bug wouldn't manifest. In real browsers, the grid could be anywhere
      // on the page, and the bug would cause items to jump to screen position.
      const originalGetBoundingClientRect =
        gridLayout.getBoundingClientRect.bind(gridLayout);
      gridLayout.getBoundingClientRect = () => ({
        ...originalGetBoundingClientRect(),
        top: 500, // Simulate grid is 500px from top of page
        left: 0,
        width: 1200,
        height: 600
      });

      // Also mock the grid item's getBoundingClientRect
      const originalItemGetBoundingClientRect =
        gridItem.getBoundingClientRect.bind(gridItem);
      gridItem.getBoundingClientRect = () => ({
        ...originalItemGetBoundingClientRect(),
        top: 510, // Item is at y=10 relative to grid, so 500+10=510 on page
        left: 10,
        width: 190,
        height: 60
      });

      // Start drag - click at screen position (20, 520) which is inside the item
      // The item is at screen position (10, 510) to (200, 570)
      act(() => {
        dispatchMouseEvent(gridItem, ""mousedown"", {
          clientX: 20,
          clientY: 520 // Screen Y position (500 grid offset + 20)
        });
      });

      // Move a small amount (just enough to trigger drag start)
      act(() => {
        mouseMove(25, 525, gridItem);
      });

      // onDragStart should have been called
      expect(onDragStart).toHaveBeenCalled();

      // Now move a bit more
      act(() => {
        mouseMove(30, 530, gridItem);
      });

      // Verify onDrag was called
      expect(onDrag).toHaveBeenCalled();

      // Get the last onDrag call arguments
      // onDrag signature: (layout, oldItem, newItem, placeholder, event, element)
      const dragCall = onDrag.mock.calls[onDrag.mock.calls.length - 1];
      const newItem = dragCall[2]; // The item being dragged

      // The key test: verify the item hasn't jumped to a position way off from
      // where it started. With the bug, calcDragPosition returns screen coordinates
      // (clientY - offsetY = 520 - 10 = 510), which would be converted to grid
      // position around y=12+ (510 / (30+10) = 12.75).
      //
      // Without the bug, the position is calculated parent-relative:
      // (520 - 500 - offsetY_within_item) ≈ 10-20 pixels, which is y=0 in grid.
      //
      // Allow some tolerance since the mouse moved a bit.
      expect(newItem.y).toBeLessThan(5); // Should be near top (y=0-1), not jumped to y=12+

      // Clean up
      act(() => {
        const mouseUpEvent = new MouseEvent(""mouseup"", {
          bubbles: true,
          cancelable: true,
          view: window,
          clientX: 30,
          clientY: 530,
          button: 0
        });
        document.dispatchEvent(mouseUpEvent);
      });
    })",2589,2691,snuts
/test/spec/fast-horizontal-compactor-test.js,TranscriptingTest,"{'startLine':315,'endLine':337}","it(""compares with static items (200 items, 20 static)"", () => {
      const layout = generateRandomLayout(200, 12, 20);

      const stdTime = measureTime(
        () => horizontalCompactor.compact(layout, 12),
        5
      );

      const fastTime = measureTime(
        () => fastHorizontalCompactor.compact(layout, 12),
        5
      );

      console.log(
        [
          """",
          ""  With static items (200 items, 20 static):"",
          `    Standard: ${stdTime.toFixed(2)}ms`,
          `    Fast:     ${fastTime.toFixed(2)}ms`,
          `    Speedup:  ${(stdTime / fastTime).toFixed(2)}x`
        ].join(""\n"")
      );
    })",315,337,snuts
/test/spec/fast-horizontal-compactor-test.js,TranscriptingTest,"{'startLine':496,'endLine':530}","it(""produces similar or better compaction width"", () => {
      // The fast compactor should produce layouts with similar total width
      // (within a small tolerance, since algorithms may differ slightly)
      let fastBetter = 0;
      let stdBetter = 0;
      let equal = 0;

      for (let run = 0; run < 50; run++) {
        const layout = generateMessyLayout(30, 12);

        const stdCompacted = horizontalCompactor.compact(layout, 12);
        const fastCompacted = fastHorizontalCompactor.compact(layout, 12);

        const stdWidth = layoutWidth(stdCompacted);
        const fastWidth = layoutWidth(fastCompacted);

        if (fastWidth < stdWidth) fastBetter++;
        else if (stdWidth < fastWidth) stdBetter++;
        else equal++;
      }

      console.log(
        [
          """",
          ""  Compaction width comparison (50 random layouts):"",
          `    Fast better: ${fastBetter}`,
          `    Standard better: ${stdBetter}`,
          `    Equal: ${equal}`
        ].join(""\n"")
      );

      // Fast compactor should not be significantly worse
      // Allow some tolerance since algorithms may differ
      expect(stdBetter).toBeLessThan(40); // At most 80% worse
    })",496,530,snuts
/test/spec/fast-horizontal-compactor-test.js,TranscriptingTest,"{'startLine':575,'endLine':611}","it(""matches standard compactor for deterministic layout from benchmark"", () => {
      // Use the same deterministic layout from benchmark-test.js
      const layout = [];
      for (let i = 0; i < 100; i++) {
        layout.push({
          i: String(i),
          x: (i * 3) % 12,
          y: i % 7,
          w: 1 + (i % 3),
          h: 1 + (i % 2)
        });
      }

      const stdCompacted = horizontalCompactor.compact(layout, 12);
      const fastCompacted = fastHorizontalCompactor.compact(layout, 12);

      // Both should have no overlaps
      expect(hasOverlaps(stdCompacted)).toBe(false);
      expect(hasOverlaps(fastCompacted)).toBe(false);

      // Widths should be similar (within 20%)
      const stdWidth = layoutWidth(stdCompacted);
      const fastWidth = layoutWidth(fastCompacted);
      const widthDiff = Math.abs(stdWidth - fastWidth) / Math.max(stdWidth, 1);

      console.log(
        [
          """",
          ""  Deterministic 100-item layout:"",
          `    Standard width: ${stdWidth}`,
          `    Fast width: ${fastWidth}`,
          `    Difference: ${(widthDiff * 100).toFixed(1)}%`
        ].join(""\n"")
      );

      expect(widthDiff).toBeLessThan(0.3); // Within 30%
    })",575,611,snuts
/test/spec/fast-horizontal-compactor-test.js,OvercommentedTest,"{'startLine':402,'endLine':425}","it(""handles pathological layouts that exceed max row limit gracefully"", () => {
      const consoleWarn = jest.spyOn(console, ""warn"").mockImplementation();

      // Create a pathological layout: static item blocking entire grid,
      // with an item that's wider than the grid (can't fit anywhere)
      const layout = [
        { i: ""static"", x: 0, y: 0, w: 12, h: 1, static: true },
        { i: ""a"", x: 0, y: 0, w: 13, h: 1 } // Wider than grid, can never fit
      ];

      // Should not throw and should handle gracefully
      const compacted = fastHorizontalCompactor.compact(layout, 12);

      // Layout should still be returned
      expect(compacted).toBeDefined();
      expect(compacted.length).toBe(2);

      // Warning should have been logged
      expect(consoleWarn).toHaveBeenCalledWith(
        expect.stringContaining(""exceeded max row limit"")
      );

      consoleWarn.mockRestore();
    })",402,425,snuts
/test/spec/fast-horizontal-compactor-test.js,ConditionalTestLogic,"{'startLine':512,'endLine':514}","it(""produces similar or better compaction width"", () => {
      // The fast compactor should produce layouts with similar total width
      // (within a small tolerance, since algorithms may differ slightly)
      let fastBetter = 0;
      let stdBetter = 0;
      let equal = 0;

      for (let run = 0; run < 50; run++) {
        const layout = generateMessyLayout(30, 12);

        const stdCompacted = horizontalCompactor.compact(layout, 12);
        const fastCompacted = fastHorizontalCompactor.compact(layout, 12);

        const stdWidth = layoutWidth(stdCompacted);
        const fastWidth = layoutWidth(fastCompacted);

        if (fastWidth < stdWidth) fastBetter++;
        else if (stdWidth < fastWidth) stdBetter++;
        else equal++;
      }

      console.log(
        [
          """",
          ""  Compaction width comparison (50 random layouts):"",
          `    Fast better: ${fastBetter}`,
          `    Standard better: ${stdBetter}`,
          `    Equal: ${equal}`
        ].join(""\n"")
      );

      // Fast compactor should not be significantly worse
      // Allow some tolerance since algorithms may differ
      expect(stdBetter).toBeLessThan(40); // At most 80% worse
    })",496,530,snuts
/test/spec/fast-horizontal-compactor-test.js,ConditionalTestLogic,"{'startLine':513,'endLine':514}","it(""produces similar or better compaction width"", () => {
      // The fast compactor should produce layouts with similar total width
      // (within a small tolerance, since algorithms may differ slightly)
      let fastBetter = 0;
      let stdBetter = 0;
      let equal = 0;

      for (let run = 0; run < 50; run++) {
        const layout = generateMessyLayout(30, 12);

        const stdCompacted = horizontalCompactor.compact(layout, 12);
        const fastCompacted = fastHorizontalCompactor.compact(layout, 12);

        const stdWidth = layoutWidth(stdCompacted);
        const fastWidth = layoutWidth(fastCompacted);

        if (fastWidth < stdWidth) fastBetter++;
        else if (stdWidth < fastWidth) stdBetter++;
        else equal++;
      }

      console.log(
        [
          """",
          ""  Compaction width comparison (50 random layouts):"",
          `    Fast better: ${fastBetter}`,
          `    Standard better: ${stdBetter}`,
          `    Equal: ${equal}`
        ].join(""\n"")
      );

      // Fast compactor should not be significantly worse
      // Allow some tolerance since algorithms may differ
      expect(stdBetter).toBeLessThan(40); // At most 80% worse
    })",496,530,snuts
/test/spec/fast-horizontal-compactor-test.js,SubOptimalAssert,"{'startLine':374,'endLine':374}","it(""handles items wider than grid"", () => {
      const layout = [
        { i: ""a"", x: 0, y: 0, w: 15, h: 2 } // Wider than 12 cols
      ];

      // Should not throw
      const compacted = fastHorizontalCompactor.compact(layout, 12);
      expect(compacted.length).toBe(1);
    })",367,375,snuts
/test/spec/fast-horizontal-compactor-test.js,SubOptimalAssert,"{'startLine':384,'endLine':384}","it(""handles items at x position beyond grid"", () => {
      const layout = [
        { i: ""a"", x: 15, y: 0, w: 2, h: 2 } // Beyond 12 cols
      ];

      // Should not throw
      const compacted = fastHorizontalCompactor.compact(layout, 12);
      expect(compacted.length).toBe(1);
      // Should be compacted to left
      expect(compacted[0].x).toBe(0);
    })",377,387,snuts
/test/spec/fast-horizontal-compactor-test.js,SubOptimalAssert,"{'startLine':417,'endLine':417}","it(""handles pathological layouts that exceed max row limit gracefully"", () => {
      const consoleWarn = jest.spyOn(console, ""warn"").mockImplementation();

      // Create a pathological layout: static item blocking entire grid,
      // with an item that's wider than the grid (can't fit anywhere)
      const layout = [
        { i: ""static"", x: 0, y: 0, w: 12, h: 1, static: true },
        { i: ""a"", x: 0, y: 0, w: 13, h: 1 } // Wider than grid, can never fit
      ];

      // Should not throw and should handle gracefully
      const compacted = fastHorizontalCompactor.compact(layout, 12);

      // Layout should still be returned
      expect(compacted).toBeDefined();
      expect(compacted.length).toBe(2);

      // Warning should have been logged
      expect(consoleWarn).toHaveBeenCalledWith(
        expect.stringContaining(""exceeded max row limit"")
      );

      consoleWarn.mockRestore();
    })",402,425,snuts
/test/spec/fast-horizontal-compactor-test.js,SubOptimalAssert,"{'startLine':492,'endLine':492}","it(""produces valid (no overlaps) result even when different from standard"", () => {
      // For messy random layouts, the algorithms may produce different
      // but equally valid results. Both should have no overlaps.
      for (let run = 0; run < 20; run++) {
        const layout = generateMessyLayout(50, 12);

        const stdCompacted = horizontalCompactor.compact(layout, 12);
        const fastCompacted = fastHorizontalCompactor.compact(layout, 12);

        // Both should have no overlaps
        expect(hasOverlaps(stdCompacted)).toBe(false);
        expect(hasOverlaps(fastCompacted)).toBe(false);

        // Both should have same total number of items
        expect(fastCompacted.length).toBe(stdCompacted.length);
      }
    })",478,494,snuts
/test/spec/fast-compactor-test.js,TranscriptingTest,"{'startLine':232,'endLine':254}","it(""compares with static items (200 items, 20 static)"", () => {
      const layout = generateRandomLayout(200, 12, 20);

      const stdTime = measureTime(
        () => verticalCompactor.compact(layout, 12),
        5
      );

      const fastTime = measureTime(
        () => fastVerticalCompactor.compact(layout, 12),
        5
      );

      console.log(
        [
          """",
          ""  With static items (200 items, 20 static):"",
          `    Standard: ${stdTime.toFixed(2)}ms`,
          `    Fast:     ${fastTime.toFixed(2)}ms`,
          `    Speedup:  ${(stdTime / fastTime).toFixed(2)}x`
        ].join(""\n"")
      );
    })",232,254,snuts
/test/spec/fast-compactor-test.js,TranscriptingTest,"{'startLine':378,'endLine':412}","it(""produces similar or better compaction height"", () => {
      // The fast compactor should produce layouts with similar total height
      // (within a small tolerance, since algorithms may differ slightly)
      let fastBetter = 0;
      let stdBetter = 0;
      let equal = 0;

      for (let run = 0; run < 50; run++) {
        const layout = generateMessyLayout(30, 12);

        const stdCompacted = verticalCompactor.compact(layout, 12);
        const fastCompacted = fastVerticalCompactor.compact(layout, 12);

        const stdHeight = layoutHeight(stdCompacted);
        const fastHeight = layoutHeight(fastCompacted);

        if (fastHeight < stdHeight) fastBetter++;
        else if (stdHeight < fastHeight) stdBetter++;
        else equal++;
      }

      console.log(
        [
          """",
          ""  Compaction height comparison (50 random layouts):"",
          `    Fast better: ${fastBetter}`,
          `    Standard better: ${stdBetter}`,
          `    Equal: ${equal}`
        ].join(""\n"")
      );

      // Fast compactor should not be significantly worse
      // Allow some tolerance since algorithms may differ
      expect(stdBetter).toBeLessThan(40); // At most 80% worse
    })",378,412,snuts
/test/spec/fast-compactor-test.js,TranscriptingTest,"{'startLine':457,'endLine':494}","it(""matches standard compactor for deterministic layout from benchmark"", () => {
      // Use the same deterministic layout from benchmark-test.js
      const layout = [];
      for (let i = 0; i < 100; i++) {
        layout.push({
          i: String(i),
          x: (i * 3) % 12,
          y: i % 7,
          w: 1 + (i % 3),
          h: 1 + (i % 2)
        });
      }

      const stdCompacted = verticalCompactor.compact(layout, 12);
      const fastCompacted = fastVerticalCompactor.compact(layout, 12);

      // Both should have no overlaps
      expect(hasOverlaps(stdCompacted)).toBe(false);
      expect(hasOverlaps(fastCompacted)).toBe(false);

      // Heights should be similar (within 10%)
      const stdHeight = layoutHeight(stdCompacted);
      const fastHeight = layoutHeight(fastCompacted);
      const heightDiff =
        Math.abs(stdHeight - fastHeight) / Math.max(stdHeight, 1);

      console.log(
        [
          """",
          ""  Deterministic 100-item layout:"",
          `    Standard height: ${stdHeight}`,
          `    Fast height: ${fastHeight}`,
          `    Difference: ${(heightDiff * 100).toFixed(1)}%`
        ].join(""\n"")
      );

      expect(heightDiff).toBeLessThan(0.2); // Within 20%
    })",457,494,snuts
/test/spec/fast-compactor-test.js,ConditionalTestLogic,"{'startLine':394,'endLine':396}","it(""produces similar or better compaction height"", () => {
      // The fast compactor should produce layouts with similar total height
      // (within a small tolerance, since algorithms may differ slightly)
      let fastBetter = 0;
      let stdBetter = 0;
      let equal = 0;

      for (let run = 0; run < 50; run++) {
        const layout = generateMessyLayout(30, 12);

        const stdCompacted = verticalCompactor.compact(layout, 12);
        const fastCompacted = fastVerticalCompactor.compact(layout, 12);

        const stdHeight = layoutHeight(stdCompacted);
        const fastHeight = layoutHeight(fastCompacted);

        if (fastHeight < stdHeight) fastBetter++;
        else if (stdHeight < fastHeight) stdBetter++;
        else equal++;
      }

      console.log(
        [
          """",
          ""  Compaction height comparison (50 random layouts):"",
          `    Fast better: ${fastBetter}`,
          `    Standard better: ${stdBetter}`,
          `    Equal: ${equal}`
        ].join(""\n"")
      );

      // Fast compactor should not be significantly worse
      // Allow some tolerance since algorithms may differ
      expect(stdBetter).toBeLessThan(40); // At most 80% worse
    })",378,412,snuts
/test/spec/fast-compactor-test.js,ConditionalTestLogic,"{'startLine':395,'endLine':396}","it(""produces similar or better compaction height"", () => {
      // The fast compactor should produce layouts with similar total height
      // (within a small tolerance, since algorithms may differ slightly)
      let fastBetter = 0;
      let stdBetter = 0;
      let equal = 0;

      for (let run = 0; run < 50; run++) {
        const layout = generateMessyLayout(30, 12);

        const stdCompacted = verticalCompactor.compact(layout, 12);
        const fastCompacted = fastVerticalCompactor.compact(layout, 12);

        const stdHeight = layoutHeight(stdCompacted);
        const fastHeight = layoutHeight(fastCompacted);

        if (fastHeight < stdHeight) fastBetter++;
        else if (stdHeight < fastHeight) stdBetter++;
        else equal++;
      }

      console.log(
        [
          """",
          ""  Compaction height comparison (50 random layouts):"",
          `    Fast better: ${fastBetter}`,
          `    Standard better: ${stdBetter}`,
          `    Equal: ${equal}`
        ].join(""\n"")
      );

      // Fast compactor should not be significantly worse
      // Allow some tolerance since algorithms may differ
      expect(stdBetter).toBeLessThan(40); // At most 80% worse
    })",378,412,snuts
/test/spec/fast-compactor-test.js,SubOptimalAssert,"{'startLine':291,'endLine':291}","it(""handles items wider than grid"", () => {
      const layout = [
        { i: ""a"", x: 0, y: 0, w: 15, h: 2 } // Wider than 12 cols
      ];

      // Should not throw
      const compacted = fastVerticalCompactor.compact(layout, 12);
      expect(compacted.length).toBe(1);
    })",284,292,snuts
/test/spec/fast-compactor-test.js,SubOptimalAssert,"{'startLine':301,'endLine':301}","it(""handles items at x position beyond grid"", () => {
      const layout = [
        { i: ""a"", x: 15, y: 0, w: 2, h: 2 } // Beyond 12 cols
      ];

      // Should not throw
      const compacted = fastVerticalCompactor.compact(layout, 12);
      expect(compacted.length).toBe(1);
    })",294,302,snuts
/test/spec/fast-compactor-test.js,SubOptimalAssert,"{'startLine':374,'endLine':374}","it(""produces valid (no overlaps) result even when different from standard"", () => {
      // For messy random layouts, the algorithms may produce different
      // but equally valid results. Both should have no overlaps.
      for (let run = 0; run < 20; run++) {
        const layout = generateMessyLayout(50, 12);

        const stdCompacted = verticalCompactor.compact(layout, 12);
        const fastCompacted = fastVerticalCompactor.compact(layout, 12);

        // Both should have no overlaps
        expect(hasOverlaps(stdCompacted)).toBe(false);
        expect(hasOverlaps(fastCompacted)).toBe(false);

        // Both should have same total number of items
        expect(fastCompacted.length).toBe(stdCompacted.length);
      }
    })",360,376,snuts
/test/spec/backcompat-test.js,OvercommentedTest,"{'startLine':65,'endLine':95}","it(""onDragStart provides layout, oldItem, newItem, placeholder, event, and node"", () => {
    const onDragStart = jest.fn();
    const layout = [{ i: ""a"", x: 0, y: 0, w: 2, h: 2 }];

    const { container } = render(
      <ReactGridLayout
        layout={layout}
        width={1200}
        cols={12}
        rowHeight={30}
        onDragStart={onDragStart}
      >
        <div key=""a"">A</div>
      </ReactGridLayout>
    );

    const item = container.querySelector("".react-grid-item"");
    if (item) {
      fireEvent.mouseDown(item, { clientX: 50, clientY: 50 });
    }

    expect(onDragStart).toHaveBeenCalled();
    // Verify callback signature: (layout, oldItem, newItem, placeholder, e, node)
    const args = onDragStart.mock.calls[0];
    expect(Array.isArray(args[0])).toBe(true); // layout
    expect(args[1]).toHaveProperty(""i"", ""a""); // oldItem
    expect(args[2]).toHaveProperty(""i"", ""a""); // newItem
    expect(args[3]).toBeNull(); // placeholder is null at drag start (per API)
    expect(args[4]).toBeDefined(); // event
    expect(args[5]).toBeDefined(); // node
  })",65,95,snuts
/test/spec/backcompat-test.js,OvercommentedTest,"{'startLine':802,'endLine':819}","it(""compact() respects allowOverlap=true"", () => {
    // Directly test the compact function with overlapping items
    const layout = [
      { i: ""a"", x: 0, y: 0, w: 4, h: 4 },
      { i: ""b"", x: 2, y: 2, w: 4, h: 4 } // Overlaps with 'a'
    ];

    // With allowOverlap=true, positions should be preserved
    const compactedWithOverlap = compact(layout, ""vertical"", 12, true);
    expect(compactedWithOverlap.find(l => l.i === ""b"").y).toBe(2);

    // With allowOverlap=false (default), items should be separated
    // Note: Use ""vertical"" compactType to get collision resolution (#2213)
    // With compactType=null and allowOverlap=false, items stay in place (noCompactor)
    const compactedWithoutOverlap = compact(layout, ""vertical"", 12, false);
    // b should be pushed to y=4 (after a ends)
    expect(compactedWithoutOverlap.find(l => l.i === ""b"").y).toBe(4);
  })",802,819,snuts
/test/spec/backcompat-test.js,ConditionalTestLogic,"{'startLine':82,'endLine':84}","it(""onDragStart provides layout, oldItem, newItem, placeholder, event, and node"", () => {
    const onDragStart = jest.fn();
    const layout = [{ i: ""a"", x: 0, y: 0, w: 2, h: 2 }];

    const { container } = render(
      <ReactGridLayout
        layout={layout}
        width={1200}
        cols={12}
        rowHeight={30}
        onDragStart={onDragStart}
      >
        <div key=""a"">A</div>
      </ReactGridLayout>
    );

    const item = container.querySelector("".react-grid-item"");
    if (item) {
      fireEvent.mouseDown(item, { clientX: 50, clientY: 50 });
    }

    expect(onDragStart).toHaveBeenCalled();
    // Verify callback signature: (layout, oldItem, newItem, placeholder, e, node)
    const args = onDragStart.mock.calls[0];
    expect(Array.isArray(args[0])).toBe(true); // layout
    expect(args[1]).toHaveProperty(""i"", ""a""); // oldItem
    expect(args[2]).toHaveProperty(""i"", ""a""); // newItem
    expect(args[3]).toBeNull(); // placeholder is null at drag start (per API)
    expect(args[4]).toBeDefined(); // event
    expect(args[5]).toBeDefined(); // node
  })",65,95,snuts
/test/spec/backcompat-test.js,ConditionalTestLogic,"{'startLine':114,'endLine':118}","it(""onDrag provides newItem with updated position during drag"", () => {
    const onDrag = jest.fn();
    const layout = [{ i: ""a"", x: 0, y: 0, w: 2, h: 2 }];

    const { container } = render(
      <ReactGridLayout
        layout={layout}
        width={1200}
        cols={12}
        rowHeight={30}
        onDrag={onDrag}
      >
        <div key=""a"">A</div>
      </ReactGridLayout>
    );

    const item = container.querySelector("".react-grid-item"");
    if (item) {
      fireEvent.mouseDown(item, { clientX: 50, clientY: 50 });
      // Move significantly right and down
      fireEvent.mouseMove(document, { clientX: 400, clientY: 200 });
    }

    if (onDrag.mock.calls.length > 0) {
      const [, oldItem, newItem] = onDrag.mock.calls[0];
      // newItem should reflect the new position (different from old)
      // $FlowIgnore - test assertion, we know these exist
      expect(newItem.i).toBe(""a"");
      // Position should have changed
      // $FlowIgnore - test assertion, we know these exist
      expect(newItem.x !== oldItem.x || newItem.y !== oldItem.y).toBe(true);
    }
  })",97,129,snuts
/test/spec/backcompat-test.js,ConditionalTestLogic,"{'startLine':120,'endLine':128}","it(""onDrag provides newItem with updated position during drag"", () => {
    const onDrag = jest.fn();
    const layout = [{ i: ""a"", x: 0, y: 0, w: 2, h: 2 }];

    const { container } = render(
      <ReactGridLayout
        layout={layout}
        width={1200}
        cols={12}
        rowHeight={30}
        onDrag={onDrag}
      >
        <div key=""a"">A</div>
      </ReactGridLayout>
    );

    const item = container.querySelector("".react-grid-item"");
    if (item) {
      fireEvent.mouseDown(item, { clientX: 50, clientY: 50 });
      // Move significantly right and down
      fireEvent.mouseMove(document, { clientX: 400, clientY: 200 });
    }

    if (onDrag.mock.calls.length > 0) {
      const [, oldItem, newItem] = onDrag.mock.calls[0];
      // newItem should reflect the new position (different from old)
      // $FlowIgnore - test assertion, we know these exist
      expect(newItem.i).toBe(""a"");
      // Position should have changed
      // $FlowIgnore - test assertion, we know these exist
      expect(newItem.x !== oldItem.x || newItem.y !== oldItem.y).toBe(true);
    }
  })",97,129,snuts
/test/spec/backcompat-test.js,ConditionalTestLogic,"{'startLine':152,'endLine':152}","it(""extracts x, y, w, h from data-grid (with compactType=null)"", () => {
    const onLayoutChange = jest.fn();

    // Use compactType={null} to test raw data-grid extraction without compaction
    render(
      <ReactGridLayout
        width={1200}
        cols={12}
        compactType={null}
        onLayoutChange={onLayoutChange}
      >
        <div key=""test"" data-grid={{ x: 3, y: 5, w: 4, h: 2 }}>
          Test
        </div>
      </ReactGridLayout>
    );

    const [layout] = onLayoutChange.mock.calls[0];
    const item = layout.find(l => l.i === ""test"");
    if (!item) throw new Error(""Item not found"");

    expect(item.x).toBe(3);
    expect(item.y).toBe(5);
    expect(item.w).toBe(4);
    expect(item.h).toBe(2);
  })",133,158,snuts
/test/spec/backcompat-test.js,ConditionalTestLogic,"{'startLine':228,'endLine':228}","it(""extracts minW, maxW, minH, maxH from data-grid"", () => {
    const onLayoutChange = jest.fn();

    render(
      <ReactGridLayout width={1200} cols={12} onLayoutChange={onLayoutChange}>
        <div
          key=""test""
          data-grid={{
            x: 0,
            y: 0,
            w: 2,
            h: 2,
            minW: 1,
            maxW: 4,
            minH: 1,
            maxH: 3
          }}
        >
          Test
        </div>
      </ReactGridLayout>
    );

    const [layout] = onLayoutChange.mock.calls[0];
    const item = layout.find(l => l.i === ""test"");
    if (!item) throw new Error(""Item not found"");

    expect(item.minW).toBe(1);
    expect(item.maxW).toBe(4);
    expect(item.minH).toBe(1);
    expect(item.maxH).toBe(3);
  })",203,234,snuts
/test/spec/backcompat-test.js,ConditionalTestLogic,"{'startLine':255,'endLine':259}","it(""static:true in data-grid prevents item from being dragged"", () => {
    const onDragStart = jest.fn();

    const { container } = render(
      <ReactGridLayout
        width={1200}
        cols={12}
        rowHeight={30}
        onDragStart={onDragStart}
      >
        <div key=""static"" data-grid={{ x: 0, y: 0, w: 2, h: 2, static: true }}>
          Static
        </div>
      </ReactGridLayout>
    );

    const item = container.querySelector("".react-grid-item.static"");
    expect(item).toBeInTheDocument();

    if (item) {
      fireEvent.mouseDown(item, { clientX: 50, clientY: 50 });
      fireEvent.mouseMove(document, { clientX: 200, clientY: 200 });
      fireEvent.mouseUp(document);
    }

    // onDragStart should NOT have been called for static item
    expect(onDragStart).not.toHaveBeenCalled();
  })",236,263,snuts
/test/spec/backcompat-test.js,ConditionalTestLogic,"{'startLine':286,'endLine':290}","it(""isDraggable:false in data-grid prevents dragging that item"", () => {
    const onDragStart = jest.fn();

    const { container } = render(
      <ReactGridLayout
        width={1200}
        cols={12}
        rowHeight={30}
        isDraggable={true}
        onDragStart={onDragStart}
      >
        <div
          key=""nodrag""
          data-grid={{ x: 0, y: 0, w: 2, h: 2, isDraggable: false }}
        >
          No Drag
        </div>
      </ReactGridLayout>
    );

    const item = container.querySelector("".react-grid-item"");
    if (item) {
      fireEvent.mouseDown(item, { clientX: 50, clientY: 50 });
      fireEvent.mouseMove(document, { clientX: 200, clientY: 200 });
      fireEvent.mouseUp(document);
    }

    expect(onDragStart).not.toHaveBeenCalled();
  })",265,293,snuts
/test/spec/backcompat-test.js,ConditionalTestLogic,"{'startLine':513,'endLine':518}","it(""uses correct layout for current breakpoint"", () => {
    const onLayoutChange = jest.fn();

    const layouts = {
      lg: [{ i: ""a"", x: 0, y: 0, w: 4, h: 2 }],
      sm: [{ i: ""a"", x: 0, y: 0, w: 2, h: 2 }]
    };

    render(
      <ResponsiveRGL
        layouts={layouts}
        breakpoints={{ lg: 1200, sm: 768 }}
        cols={{ lg: 12, sm: 6 }}
        onLayoutChange={onLayoutChange}
      >
        <div key=""a"">A</div>
      </ResponsiveRGL>
    );

    // Trigger resize to small breakpoint
    act(() => {
      global.triggerResize(600, 400);
    });

    // Find the call after resize
    const calls = onLayoutChange.mock.calls;
    if (calls.length > 0) {
      const lastCall = calls[calls.length - 1];
      const [layout] = lastCall;
      // At sm breakpoint, width should be 2
      expect(layout[0].w).toBeLessThanOrEqual(6); // Within sm cols
    }
  })",487,519,snuts
/test/spec/backcompat-test.js,ConditionalTestLogic,"{'startLine':543,'endLine':547}","it(""onBreakpointChange provides breakpoint name and cols count"", () => {
    const onBreakpointChange = jest.fn();

    render(
      <ResponsiveRGL
        layouts={{ lg: [{ i: ""a"", x: 0, y: 0, w: 4, h: 2 }] }}
        breakpoints={{ lg: 1200, md: 996, sm: 768 }}
        cols={{ lg: 12, md: 10, sm: 6 }}
        onBreakpointChange={onBreakpointChange}
      >
        <div key=""a"">A</div>
      </ResponsiveRGL>
    );

    // Trigger resize to md breakpoint
    act(() => {
      global.triggerResize(1000, 600);
    });

    const mdCalls = onBreakpointChange.mock.calls.filter(
      call => call[0] === ""md""
    );
    if (mdCalls.length > 0) {
      const [breakpoint, cols] = mdCalls[0];
      expect(breakpoint).toBe(""md"");
      expect(cols).toBe(10);
    }
  })",521,548,snuts
/test/spec/backcompat-test.js,SubOptimalAssert,"{'startLine':882,'endLine':882}","it(""includes margin in item positioning"", () => {
    const { container } = render(
      <ReactGridLayout
        layout={[
          { i: ""a"", x: 0, y: 0, w: 2, h: 2 },
          { i: ""b"", x: 0, y: 2, w: 2, h: 2 }
        ]}
        width={1200}
        cols={12}
        rowHeight={30}
        margin={[10, 10]}
      >
        <div key=""a"">A</div>
        <div key=""b"">B</div>
      </ReactGridLayout>
    );

    const items = container.querySelectorAll("".react-grid-item"");
    expect(items.length).toBe(2);

    // Both items should have positioning styles
    items.forEach(item => {
      const style = item.getAttribute(""style"") || """";
      expect(style.length).toBeGreaterThan(0);
    });
  })",864,889,snuts
/test/spec/utils-test.js,Conditional Test Logic,"{'line': 39, 'column': 2, 'index': 1239}",Unknown,,,steel
/test/spec/utils-test.js,Conditional Test Logic,"{'line': 85, 'column': 2, 'index': 2115}",Unknown,,,steel
/test/spec/utils-test.js,Conditional Test Logic,"{'line': 86, 'column': 4, 'index': 2155}",Unknown,,,steel
/test/spec/utils-test.js,Conditional Test Logic,"{'line': 90, 'column': 2, 'index': 2245}",Unknown,,,steel
/test/spec/utils-test.js,Conditional Test Logic,"{'line': 91, 'column': 4, 'index': 2285}",Unknown,,,steel
/test/spec/utils-test.js,Exception Handling,"{'line': 867, 'column': 6, 'index': 25278}","it(""when setting bad key"", () => {
      try {
        const res = deepFreeze(
          { one: ""a"", two: { b: ""c"" } },
          { set: true, get: false }
        );
        // $FlowIgnore to test the error throw
        res.badProp = ""dog"";
      } catch (e) {
        expect(e.message).toBe(
          'Can not set unknown prop ""badProp"" on frozen object.'
        );
      }
    })",866,879,steel
/test/spec/utils-test.js,Exception Handling,"{'line': 881, 'column': 6, 'index': 25669}","it(""when getting bad key"", () => {
      try {
        const res = deepFreeze(
          { one: ""a"", two: { b: ""c"" } },
          { set: true, get: true }
        );
        // $FlowIgnore to test the error throws
        res.badProp;
      } catch (e) {
        expect(e.message).toBe(
          'Can not get unknown prop ""badProp"" on frozen object.'
        );
      }
    })",880,893,steel
/test/spec/utils-test.js,Magic Number,"{'line': 99, 'column': 31, 'index': 2463}","it(""Handles an empty layout as input"", () => {
    expect(bottom([])).toEqual(0);
  })",98,100,steel
/test/spec/utils-test.js,Magic Number,"{'line': 108, 'column': 14, 'index': 2671}","it(""Returns the bottom coordinate of the layout"", () => {
    expect(
      bottom([
        { i: ""1"", x: 0, y: 1, w: 1, h: 1 },
        { i: ""2"", x: 1, y: 2, w: 1, h: 1 }
      ])
    ).toEqual(3);
  })",102,109,steel
/test/spec/utils-test.js,Magic Number,"{'line': 524, 'column': 29, 'index': 14941}","it(""Uses correct y-coordinate offset when moving item down due to collision north (#2173)"", () => {
    // This test verifies the fix for issue #2173
    // Bug: when collisionNorth is true during vertical compaction, the code used
    // collidesWith.y + 1 instead of itemToMove.y + 1, causing items to jump to wrong positions.
    //
    // Layout scenario:
    // - A at y=0, h=6: a tall item that blocks the space above B
    // - B at y=5, h=2: the item that was moved (collidesWith) - note: overlaps with A's bottom
    // - C at y=7, h=2: the item that needs to move away (itemToMove)
    //
    // When C tries to move above B, it collides with A (collisionNorth).
    // C should move down from its own position (y=7 -> y=8), not from B's position.
    const layout = [
      { x: 0, y: 0, w: 1, h: 6, i: ""A"" },
      { x: 0, y: 5, w: 1, h: 2, i: ""B"" }, // collidesWith - positioned to trigger collision
      { x: 0, y: 7, w: 1, h: 2, i: ""C"" } // itemToMove
    ];
    const collidesWith = layout[1]; // B
    const itemToMove = layout[2]; // C

    const result = moveElementAwayFromCollision(
      layout,
      collidesWith,
      itemToMove,
      true, // isUserAction - required to trigger the collisionNorth branch
      ""vertical"", // compactType
      10 // cols
    );

    // Find itemToMove (C) in the result
    const movedItem = result.find(item => item.i === ""C"");
    expect(movedItem).toBeDefined();

    // With the bug (collidesWith.y + 1 = 5 + 1 = 6), C would be at y=6
    // With the fix (itemToMove.y + 1 = 7 + 1 = 8), C should be at y=8
    // C should move down from its own position, not jump to collidesWith.y + 1
    // $FlowFixMe: movedItem is checked above
    expect(movedItem.y).toBe(8);
  })",487,525,steel
/test/spec/utils-test.js,Magic Number,"{'line': 641, 'column': 57, 'index': 19237}","it(""should complete basic calculation"", () => {
    expect(calcGridColWidth(basePositionParams)).toEqual(100);
  })",640,642,steel
/test/spec/utils-test.js,Magic Number,"{'line': 650, 'column': 53, 'index': 19492}","it(""should consider margin"", () => {
    const positionParams = {
      ...basePositionParams,
      margin: [10, 10]
    };
    // 70 px of margin in total (one between each of 8 items)
    expect(calcGridColWidth(positionParams)).toEqual(91.25);
  })",644,651,steel
/test/spec/utils-test.js,Magic Number,"{'line': 659, 'column': 53, 'index': 19737}","it(""should consider container padding"", () => {
    const positionParams = {
      ...basePositionParams,
      containerPadding: [100, 0]
    };
    // (800 - 100 - 100) / 8
    expect(calcGridColWidth(positionParams)).toEqual(75);
  })",653,660,steel
/test/spec/utils-test.js,Magic Number,"{'line': 669, 'column': 53, 'index': 20008}","it(""should consider margin and padding"", () => {
    const positionParams = {
      ...basePositionParams,
      margin: [10, 0],
      containerPadding: [100, 0]
    };
    // (800 - 100 - 100 - 70) / 8
    expect(calcGridColWidth(positionParams)).toEqual(66.25);
  })",662,670,steel
/test/spec/utils-test.js,Magic Number,"{'line': 940, 'column': 46, 'index': 27692}","it(""should not shift element leftward unexpectedly during west resize"", () => {
      // Regression test for https://github.com/react-grid-layout/react-grid-layout/issues/2027
      const currentSize = { left: 200, top: 0, width: 400, height: 100 };
      // Simulate dragging west handle to increase width by 50px
      const newSize = { left: 0, top: 0, width: 450, height: 100 };

      const result = resizeItemInDirection(
        ""w"",
        currentSize,
        newSize,
        containerWidth
      );

      // Original right edge: 200 + 400 = 600
      // Expected: left = 150, width = 450, right edge = 600
      expect(result.left + result.width).toBe(600);
      expect(result.width).toBe(450);
      expect(result.left).toBe(150);
    })",925,943,steel
/test/spec/utils-test.js,Magic Number,"{'line': 941, 'column': 32, 'index': 27730}","it(""should not shift element leftward unexpectedly during west resize"", () => {
      // Regression test for https://github.com/react-grid-layout/react-grid-layout/issues/2027
      const currentSize = { left: 200, top: 0, width: 400, height: 100 };
      // Simulate dragging west handle to increase width by 50px
      const newSize = { left: 0, top: 0, width: 450, height: 100 };

      const result = resizeItemInDirection(
        ""w"",
        currentSize,
        newSize,
        containerWidth
      );

      // Original right edge: 200 + 400 = 600
      // Expected: left = 150, width = 450, right edge = 600
      expect(result.left + result.width).toBe(600);
      expect(result.width).toBe(450);
      expect(result.left).toBe(150);
    })",925,943,steel
/test/spec/utils-test.js,Magic Number,"{'line': 942, 'column': 31, 'index': 27767}","it(""should not shift element leftward unexpectedly during west resize"", () => {
      // Regression test for https://github.com/react-grid-layout/react-grid-layout/issues/2027
      const currentSize = { left: 200, top: 0, width: 400, height: 100 };
      // Simulate dragging west handle to increase width by 50px
      const newSize = { left: 0, top: 0, width: 450, height: 100 };

      const result = resizeItemInDirection(
        ""w"",
        currentSize,
        newSize,
        containerWidth
      );

      // Original right edge: 200 + 400 = 600
      // Expected: left = 150, width = 450, right edge = 600
      expect(result.left + result.width).toBe(600);
      expect(result.width).toBe(450);
      expect(result.left).toBe(150);
    })",925,943,steel
/test/spec/utils-test.js,Magic Number,"{'line': 959, 'column': 31, 'index': 28320}","it(""should clamp width when resizing past container left edge"", () => {
      // Element near left edge
      const currentSize = { left: 50, top: 0, width: 200, height: 100 };
      // Try to resize to width=300 (would need left=-50)
      const newSize = { left: 0, top: 0, width: 300, height: 100 };

      const result = resizeItemInDirection(
        ""w"",
        currentSize,
        newSize,
        containerWidth
      );

      // Should clamp: left=0, width=250 (original right edge was 250)
      expect(result.left).toBe(0);
      expect(result.left + result.width).toBe(250); // right edge preserved
    })",945,961,steel
/test/spec/utils-test.js,Magic Number,"{'line': 960, 'column': 46, 'index': 28370}","it(""should clamp width when resizing past container left edge"", () => {
      // Element near left edge
      const currentSize = { left: 50, top: 0, width: 200, height: 100 };
      // Try to resize to width=300 (would need left=-50)
      const newSize = { left: 0, top: 0, width: 300, height: 100 };

      const result = resizeItemInDirection(
        ""w"",
        currentSize,
        newSize,
        containerWidth
      );

      // Should clamp: left=0, width=250 (original right edge was 250)
      expect(result.left).toBe(0);
      expect(result.left + result.width).toBe(250); // right edge preserved
    })",945,961,steel
/test/spec/utils-test.js,Unknown Test,"{'column': 2, 'line': 145}","it(""Validates an empty layout"", () => {
    validateLayout([]);
  })",145,147,steel
/test/spec/utils-test.js,Unknown Test,"{'column': 2, 'line': 148}","it(""Validates a populated layout"", () => {
    validateLayout([
      { i: ""1"", x: 0, y: 1, w: 1, h: 1 },
      { i: ""2"", x: 1, y: 2, w: 1, h: 1 }
    ]);
  })",148,153,steel
/test/spec/lifecycle-test.js,Conditional Test Logic,"{'line': 441, 'column': 8, 'index': 14335}","it(""measureBeforeMount re-observes element after switching from placeholder to composed component"", async function () {
        // This test verifies the fix for #2083
        // When measureBeforeMount=true, the WidthProvider:
        // 1. First renders a placeholder div (for measurement)
        // 2. After mount, renders the actual ComposedComponent
        // The ResizeObserver must re-observe the new element, not the old placeholder

        // Clear any existing observers
        global.__resizeObservers__ = [];

        // Mock offsetWidth to return 800px
        const originalOffsetWidth = Object.getOwnPropertyDescriptor(
          HTMLElement.prototype,
          ""offsetWidth""
        );
        Object.defineProperty(HTMLElement.prototype, ""offsetWidth"", {
          configurable: true,
          get: function () {
            return 800;
          }
        });

        const { container } = render(<BasicLayout measureBeforeMount={true} />);

        // After mount, verify the grid is rendered
        const gridLayout = container.querySelector("".react-grid-layout"");
        expect(gridLayout).toBeInTheDocument();

        // Get active observers - should have one watching the actual element
        const activeObservers = global.__resizeObservers__.filter(
          obs => obs.observedElements.length > 0
        );
        expect(activeObservers.length).toBeGreaterThan(0);

        // The observer should be watching an element that's in the DOM
        // (not the old placeholder which was removed)
        const observer = activeObservers[0];
        const observedElement = observer.observedElements[0];
        expect(document.body.contains(observedElement)).toBe(true);

        // Trigger a resize and verify it updates
        act(() => {
          global.triggerResize(1000);
        });

        // The grid should still be rendered and functional
        expect(
          container.querySelector("".react-grid-layout"")
        ).toBeInTheDocument();

        // Restore original offsetWidth descriptor
        if (originalOffsetWidth) {
          Object.defineProperty(
            HTMLElement.prototype,
            ""offsetWidth"",
            originalOffsetWidth
          );
        }
      })",390,448,steel
/test/spec/lifecycle-test.js,Conditional Test Logic,"{'line': 524, 'column': 8, 'index': 17256}","it(""WidthProvider responds to ResizeObserver width changes"", async function () {
        // Mock offsetWidth to return initial value
        const originalOffsetWidth = Object.getOwnPropertyDescriptor(
          HTMLElement.prototype,
          ""offsetWidth""
        );
        Object.defineProperty(HTMLElement.prototype, ""offsetWidth"", {
          configurable: true,
          get: function () {
            return 1280;
          }
        });

        const { container } = render(
          <BasicLayout measureBeforeMount={false} />
        );

        // Verify initial render
        let gridLayout = container.querySelector("".react-grid-layout"");
        expect(gridLayout).toBeInTheDocument();

        // Get first grid item's initial transform
        const gridItem = container.querySelector("".react-grid-item"");
        const _initialStyle = gridItem.getAttribute(""style"");

        // Now change the mock width and trigger resize
        Object.defineProperty(HTMLElement.prototype, ""offsetWidth"", {
          configurable: true,
          get: function () {
            return 800;
          }
        });

        // Trigger resize observers with new width
        act(() => {
          global.triggerResize(800);
        });

        // The grid should still be rendered (it adapts to new width)
        gridLayout = container.querySelector("".react-grid-layout"");
        expect(gridLayout).toBeInTheDocument();

        // Grid items should have updated transforms reflecting the new width
        const updatedGridItem = container.querySelector("".react-grid-item"");
        const updatedStyle = updatedGridItem.getAttribute(""style"");

        // Styles should have changed due to width change (different column widths)
        // Note: The transform values should be different because column width changed
        expect(updatedStyle).toContain(""transform"");

        // Restore original offsetWidth descriptor
        if (originalOffsetWidth) {
          Object.defineProperty(
            HTMLElement.prototype,
            ""offsetWidth"",
            originalOffsetWidth
          );
        }
      })",473,531,steel
/test/spec/lifecycle-test.js,Conditional Test Logic,"{'line': 993, 'column': 8, 'index': 33357}","it(""does not cause Maximum update depth exceeded when dragging in then out (#2210)"", function () {
        // This test verifies the fix for issue #2210 where dragging an item INTO
        // the grid and then moving it OUTSIDE without releasing the mouse button
        // would cause an infinite update loop.
        //
        // The scenario is:
        // 1. Drag an external item over the grid (creates dropping placeholder)
        // 2. Move the item outside the grid (triggers dragLeave)
        // 3. The dropping placeholder is removed but this triggers state updates
        //    that cause the GridItem's useEffect to fire with stale callbacks
        const consoleError = jest
          .spyOn(console, ""error"")
          .mockImplementation(() => {});
        const onLayoutChange = jest.fn();
        const onDropDragOver = jest.fn(() => ({ w: 2, h: 2 }));
        const onDrag = jest.fn();
        const onDragStart = jest.fn();

        const { container } = render(
          <ReactGridLayout
            className=""layout""
            cols={12}
            rowHeight={30}
            width={1200}
            isDroppable={true}
            onDropDragOver={onDropDragOver}
            onLayoutChange={onLayoutChange}
            onDrag={onDrag}
            onDragStart={onDragStart}
          >
            <div key=""a"" data-grid={{ x: 0, y: 0, w: 2, h: 2 }}>
              a
            </div>
          </ReactGridLayout>
        );

        const grid = container.querySelector("".react-grid-layout"");

        // Step 1: Drag into the grid (creates dropping placeholder)
        act(() => {
          TestUtils.Simulate.dragEnter(grid, {
            clientX: 200,
            clientY: 100
          });
        });

        act(() => {
          TestUtils.Simulate.dragOver(grid, {
            currentTarget: {
              getBoundingClientRect: () => ({ left: 0, top: 0 })
            },
            clientX: 200,
            clientY: 100,
            nativeEvent: {
              target: document.createElement(""div"")
            }
          });
        });

        // Verify the dropping placeholder is rendered in the DOM (internal state)
        // The grid has: 1 original item, 1 dropping item, and 1 active placeholder = 3
        expect(
          container.querySelectorAll("".react-grid-item"").length
        ).toBeGreaterThanOrEqual(2);

        // But it should NOT be in onLayoutChange (public state) - this is expected behavior
        // since #2210 fix: dropping placeholder is transient internal state
        let layoutCalls = onLayoutChange.mock.calls;
        let hasDroppedItemInPublicLayout = layoutCalls.some(call =>
          call[0].some(item => item.i === ""__dropping-elem__"")
        );
        expect(hasDroppedItemInPublicLayout).toBe(false);

        // Record how many times onDrag was called
        const _dragCallsBefore = onDrag.mock.calls.length;

        // Step 2: Move the item around inside the grid (multiple moves)
        for (let i = 0; i < 5; i++) {
          act(() => {
            TestUtils.Simulate.dragOver(grid, {
              currentTarget: {
                getBoundingClientRect: () => ({ left: 0, top: 0 })
              },
              clientX: 200 + i * 20,
              clientY: 100 + i * 20,
              nativeEvent: {
                target: document.createElement(""div"")
              }
            });
          });
        }

        // Step 3: Drag leave (move outside the grid without releasing)
        // This is where the infinite loop would occur in #2210
        act(() => {
          TestUtils.Simulate.dragLeave(grid, {
            clientX: -100,
            clientY: -100
          });
        });

        // If we get here without timing out, the fix is working
        // The dropping placeholder should have been removed from internal state (only 1 item now)
        expect(container.querySelectorAll("".react-grid-item"").length).toBe(1);

        // And still should not be in public layout
        layoutCalls = onLayoutChange.mock.calls;
        const lastLayout = layoutCalls[layoutCalls.length - 1]?.[0] || [];
        hasDroppedItemInPublicLayout = lastLayout.some(
          item => item.i === ""__dropping-elem__""
        );
        expect(hasDroppedItemInPublicLayout).toBe(false);

        // Verify onDrag wasn't called excessively (would indicate infinite loop)
        // We expect 5 drag calls from step 2, plus maybe a few more, but not 50+
        const totalDragCalls = onDrag.mock.calls.length;
        expect(totalDragCalls).toBeLessThan(50);

        // Verify no ""Maximum update depth exceeded"" errors
        const maxDepthErrors = consoleError.mock.calls.filter(call =>
          call[0]?.includes?.(""Maximum update depth exceeded"")
        );
        expect(maxDepthErrors).toHaveLength(0);

        consoleError.mockRestore();
      })",916,1041,steel
/test/spec/lifecycle-test.js,Conditional Test Logic,"{'line': 1092, 'column': 8, 'index': 36845}","it(""does not cause Maximum update depth exceeded with v2 API GridLayout (#2210)"", function () {
        const consoleError = jest
          .spyOn(console, ""error"")
          .mockImplementation(() => {});
        const onLayoutChange = jest.fn();
        const onDragOver = jest.fn(() => ({ w: 2, h: 2 }));
        const onDrag = jest.fn();
        const onDragStart = jest.fn();

        const { container } = render(
          <GridLayoutV2
            className=""layout""
            gridConfig={{ cols: 12, rowHeight: 30 }}
            width={1200}
            layout={[{ i: ""a"", x: 0, y: 0, w: 2, h: 2 }]}
            dropConfig={{ enabled: true, onDragOver }}
            onLayoutChange={onLayoutChange}
            onDrag={onDrag}
            onDragStart={onDragStart}
          >
            <div key=""a"">a</div>
          </GridLayoutV2>
        );

        const grid = container.querySelector("".react-grid-layout"");

        // Step 1: Drag into the grid (creates dropping placeholder)
        act(() => {
          TestUtils.Simulate.dragEnter(grid, {
            clientX: 200,
            clientY: 100
          });
        });

        act(() => {
          TestUtils.Simulate.dragOver(grid, {
            currentTarget: {
              getBoundingClientRect: () => ({ left: 0, top: 0 })
            },
            clientX: 200,
            clientY: 100,
            nativeEvent: {
              target: document.createElement(""div"")
            }
          });
        });

        // Step 2: Move around inside multiple times
        for (let i = 0; i < 5; i++) {
          act(() => {
            TestUtils.Simulate.dragOver(grid, {
              currentTarget: {
                getBoundingClientRect: () => ({ left: 0, top: 0 })
              },
              clientX: 200 + i * 30,
              clientY: 100 + i * 30,
              nativeEvent: {
                target: document.createElement(""div"")
              }
            });
          });
        }

        // Step 3: Drag out
        act(() => {
          TestUtils.Simulate.dragLeave(grid, {
            clientX: -100,
            clientY: -100
          });
        });

        // Verify no ""Maximum update depth exceeded"" errors
        const maxDepthErrors = consoleError.mock.calls.filter(call =>
          call[0]?.includes?.(""Maximum update depth exceeded"")
        );
        expect(maxDepthErrors).toHaveLength(0);

        consoleError.mockRestore();
      })",1044,1122,steel
/test/spec/lifecycle-test.js,Conditional Test Logic,"{'line': 1174, 'column': 8, 'index': 39405}","it(""does not cause Maximum update depth exceeded with ResponsiveReactGridLayout (#2210)"", function () {
        const consoleError = jest
          .spyOn(console, ""error"")
          .mockImplementation(() => {});
        const onLayoutChange = jest.fn();
        const onDropDragOver = jest.fn(() => ({ w: 2, h: 2 }));

        const { container } = render(
          <ResponsiveReactGridLayout
            className=""layout""
            cols={{ lg: 12, md: 10, sm: 6, xs: 4, xxs: 2 }}
            breakpoints={{ lg: 1200, md: 996, sm: 768, xs: 480, xxs: 0 }}
            rowHeight={30}
            width={1200}
            isDroppable={true}
            onDropDragOver={onDropDragOver}
            onLayoutChange={onLayoutChange}
            layouts={{
              lg: [{ i: ""a"", x: 0, y: 0, w: 2, h: 2 }]
            }}
          >
            <div key=""a"">a</div>
          </ResponsiveReactGridLayout>
        );

        const grid = container.querySelector("".react-grid-layout"");

        // Step 1: Drag into the grid (creates dropping placeholder)
        act(() => {
          TestUtils.Simulate.dragEnter(grid, {
            clientX: 200,
            clientY: 100
          });
        });

        act(() => {
          TestUtils.Simulate.dragOver(grid, {
            currentTarget: {
              getBoundingClientRect: () => ({ left: 0, top: 0 })
            },
            clientX: 200,
            clientY: 100,
            nativeEvent: {
              target: document.createElement(""div"")
            }
          });
        });

        // Step 2: Move around inside
        for (let i = 0; i < 3; i++) {
          act(() => {
            TestUtils.Simulate.dragOver(grid, {
              currentTarget: {
                getBoundingClientRect: () => ({ left: 0, top: 0 })
              },
              clientX: 200 + i * 20,
              clientY: 100 + i * 20,
              nativeEvent: {
                target: document.createElement(""div"")
              }
            });
          });
        }

        // Step 3: Drag out
        act(() => {
          TestUtils.Simulate.dragLeave(grid, {
            clientX: -100,
            clientY: -100
          });
        });

        // Verify no ""Maximum update depth exceeded"" errors
        const maxDepthErrors = consoleError.mock.calls.filter(call =>
          call[0]?.includes?.(""Maximum update depth exceeded"")
        );
        expect(maxDepthErrors).toHaveLength(0);

        consoleError.mockRestore();
      })",1125,1204,steel
/test/spec/lifecycle-test.js,Conditional Test Logic,"{'line': 1281, 'column': 8, 'index': 42977}","it(""does not cause Maximum update depth exceeded with controlled state where children derive from layout (#2210)"", function () {
        // This test replicates the exact scenario from the bug report:
        // - User has controlled state where onLayoutChange updates their layout state
        // - Children are memoized and derived from that state
        // - Items start at x:0, y:0 with only 2 columns (causing compaction on each drag)
        // - Dragging in, moving around, then dragging out should NOT cause infinite loops
        const consoleError = jest
          .spyOn(console, ""error"")
          .mockImplementation(() => {});

        function ControlledDroppableGrid() {
          const [layouts, setLayouts] = React.useState([
            { i: ""0"", x: 0, y: 0, w: 1, h: 2 },
            { i: ""1"", x: 0, y: 0, w: 1, h: 2 },
            { i: ""2"", x: 0, y: 0, w: 1, h: 2 },
            { i: ""3"", x: 0, y: 0, w: 1, h: 2 },
            { i: ""4"", x: 0, y: 0, w: 1, h: 2 }
          ]);

          const handleLayoutChange = React.useCallback(layout => {
            setLayouts(layout);
          }, []);

          // Children derived from layouts - key part of the bug reproduction
          const children = React.useMemo(() => {
            return layouts.map(l => (
              <div key={l.i} className=""grid-item"">
                {l.i}
              </div>
            ));
          }, [layouts]);

          return (
            <GridLayoutV2
              className=""layout""
              layout={layouts}
              gridConfig={{ cols: 2, rowHeight: 30 }}
              width={400}
              onLayoutChange={handleLayoutChange}
              dropConfig={{
                enabled: true,
                defaultItem: { w: 1, h: 2 }
              }}
            >
              {children}
            </GridLayoutV2>
          );
        }

        const { container } = render(<ControlledDroppableGrid />);
        const grid = container.querySelector("".react-grid-layout"");

        // Step 1: Drag into the grid
        act(() => {
          TestUtils.Simulate.dragEnter(grid, {
            clientX: 100,
            clientY: 50
          });
        });

        act(() => {
          TestUtils.Simulate.dragOver(grid, {
            currentTarget: {
              getBoundingClientRect: () => ({ left: 0, top: 0 })
            },
            clientX: 100,
            clientY: 50,
            nativeEvent: {
              target: document.createElement(""div"")
            }
          });
        });

        // Step 2: Move around inside the grid
        for (let i = 0; i < 5; i++) {
          act(() => {
            TestUtils.Simulate.dragOver(grid, {
              currentTarget: {
                getBoundingClientRect: () => ({ left: 0, top: 0 })
              },
              clientX: 100 + i * 20,
              clientY: 50 + i * 20,
              nativeEvent: {
                target: document.createElement(""div"")
              }
            });
          });
        }

        // Step 3: Drag out without releasing (this is where the infinite loop occurred)
        act(() => {
          TestUtils.Simulate.dragLeave(grid, {
            clientX: -100,
            clientY: -100
          });
        });

        // If we get here without timing out, the fix is working
        // Verify no ""Maximum update depth exceeded"" errors
        const maxDepthErrors = consoleError.mock.calls.filter(call =>
          call[0]?.includes?.(""Maximum update depth exceeded"")
        );
        expect(maxDepthErrors).toHaveLength(0);

        consoleError.mockRestore();
      })",1207,1312,steel
/test/spec/lifecycle-test.js,Conditional Test Logic,"{'line': 1343, 'column': 8, 'index': 45107}","it(""does not cause Maximum update depth exceeded during repeated drag in/out cycles (#2210)"", function () {
        // This test verifies that repeatedly dragging an item INTO and then OUT OF
        // the grid (without releasing) doesn't cause infinite loops.
        const consoleError = jest
          .spyOn(console, ""error"")
          .mockImplementation(() => {});
        const onLayoutChange = jest.fn();
        const onDropDragOver = jest.fn(() => ({ w: 2, h: 2 }));

        const { container } = render(
          <ReactGridLayout
            className=""layout""
            cols={12}
            rowHeight={30}
            width={1200}
            isDroppable={true}
            onDropDragOver={onDropDragOver}
            onLayoutChange={onLayoutChange}
          >
            <div key=""a"" data-grid={{ x: 0, y: 0, w: 2, h: 2 }}>
              a
            </div>
          </ReactGridLayout>
        );

        const grid = container.querySelector("".react-grid-layout"");

        // Perform multiple drag in/out cycles
        for (let cycle = 0; cycle < 5; cycle++) {
          // Drag in
          act(() => {
            TestUtils.Simulate.dragEnter(grid, {
              clientX: 200,
              clientY: 100
            });
          });

          // Move around inside
          act(() => {
            TestUtils.Simulate.dragOver(grid, {
              currentTarget: {
                getBoundingClientRect: () => ({ left: 0, top: 0 })
              },
              clientX: 200 + cycle * 10,
              clientY: 100 + cycle * 10,
              nativeEvent: {
                target: document.createElement(""div"")
              }
            });
          });

          // Drag out (without releasing)
          act(() => {
            TestUtils.Simulate.dragLeave(grid, {
              clientX: -100,
              clientY: -100
            });
          });
        }

        // If we get here without timing out or crashing, the fix is working
        // Verify no ""Maximum update depth exceeded"" errors
        const maxDepthErrors = consoleError.mock.calls.filter(call =>
          call[0]?.includes?.(""Maximum update depth exceeded"")
        );
        expect(maxDepthErrors).toHaveLength(0);

        consoleError.mockRestore();
      })",1315,1383,steel
/test/spec/lifecycle-test.js,Conditional Test Logic,"{'line': 1551, 'column': 53, 'index': 50972}","it(""sets up resizable handles"", () => {
        const { container } = render(<ResizableLayout />);

        // Ensure every handle is present on the target element
        [""n"", ""ne"", ""e"", ""se"", ""s"", ""sw"", ""w"", ""nw""].forEach(handle => {
          const handles = container.querySelectorAll(
            `.react-resizable-handle-${handle}`
          );
          expect(handles.length).toBeGreaterThan(0);
        });
      })",1547,1557,steel
/test/spec/lifecycle-test.js,Conditional Test Logic,"{'line': 1950, 'column': 10, 'index': 62547}","it(""Does not allow elements to move when resizing with no free space"", () => {
          const onLayoutChange = jest.fn();
          const { container } = render(
            <PreventCollisionContainer
              layoutA={{ x: 0, y: 0, w: 1, h: 2 }}
              layoutB={{ x: 1, y: 0, w: 7, h: 2 }}
              onLayoutChange={onLayoutChange}
            />
          );

          // Get initial layout
          onLayoutChange.mockClear();

          const handle = container.querySelector("".react-resizable-handle-e"");
          act(() => {
            simulateDrag(handle, 100, 30, 300, 30);
          });

          // Layout should be called but item 0 should not be able to expand
          // because item 1 is blocking it
          if (onLayoutChange.mock.calls.length > 0) {
            const layout =
              onLayoutChange.mock.calls[
                onLayoutChange.mock.calls.length - 1
              ][0];
            const item0 = layout.find(item => item.i === ""0"");
            // Width should be at most 1 because of collision
            if (item0) {
              expect(item0.w).toBeLessThanOrEqual(1);
            }
          }
        })",1930,1961,steel
/test/spec/lifecycle-test.js,Conditional Test Logic,"{'line': 1957, 'column': 12, 'index': 62869}","it(""Does not allow elements to move when resizing with no free space"", () => {
          const onLayoutChange = jest.fn();
          const { container } = render(
            <PreventCollisionContainer
              layoutA={{ x: 0, y: 0, w: 1, h: 2 }}
              layoutB={{ x: 1, y: 0, w: 7, h: 2 }}
              onLayoutChange={onLayoutChange}
            />
          );

          // Get initial layout
          onLayoutChange.mockClear();

          const handle = container.querySelector("".react-resizable-handle-e"");
          act(() => {
            simulateDrag(handle, 100, 30, 300, 30);
          });

          // Layout should be called but item 0 should not be able to expand
          // because item 1 is blocking it
          if (onLayoutChange.mock.calls.length > 0) {
            const layout =
              onLayoutChange.mock.calls[
                onLayoutChange.mock.calls.length - 1
              ][0];
            const item0 = layout.find(item => item.i === ""0"");
            // Width should be at most 1 because of collision
            if (item0) {
              expect(item0.w).toBeLessThanOrEqual(1);
            }
          }
        })",1930,1961,steel
/test/spec/lifecycle-test.js,Conditional Test Logic,"{'line': 2086, 'column': 8, 'index': 66888}","it(""constrains movement when isBounded is true"", function () {
        const onDragStart = jest.fn();
        const onDragStop = jest.fn();
        const { container } = render(
          <ReactGridLayout
            className=""layout""
            cols={12}
            rowHeight={30}
            width={1200}
            isBounded={true}
            onDragStart={onDragStart}
            onDragStop={onDragStop}
          >
            <div key=""a"" data-grid={{ x: 0, y: 0, w: 2, h: 2 }}>
              a
            </div>
          </ReactGridLayout>
        );

        const gridItem = container.querySelector("".react-grid-item"");

        // Start drag
        act(() => {
          dispatchMouseEvent(gridItem, ""mousedown"", {
            clientX: 50,
            clientY: 50
          });
        });

        expect(onDragStart).toHaveBeenCalled();

        // Try to drag way outside bounds (negative coordinates)
        act(() => {
          mouseMove(-500, -500, gridItem);
          const mouseUpEvent = new MouseEvent(""mouseup"", {
            bubbles: true,
            cancelable: true,
            view: window,
            clientX: -500,
            clientY: -500,
            button: 0
          });
          document.dispatchEvent(mouseUpEvent);
        });

        // Should have been called and position should be constrained
        expect(onDragStop).toHaveBeenCalled();
        const callArgs = onDragStop.mock.calls[0];
        // onDragStop(layout, oldItem, newItem, placeholder, e, node)
        const newItem = callArgs[2]; // newItem is the third argument
        // x and y should be constrained to valid values (>= 0)
        expect(newItem).toBeDefined();
        if (newItem) {
          expect(newItem.x).toBeGreaterThanOrEqual(0);
          expect(newItem.y).toBeGreaterThanOrEqual(0);
        }
      })",2034,2090,steel
/test/spec/lifecycle-test.js,Conditional Test Logic,"{'line': 2206, 'column': 8, 'index': 70216}","it(""handles concurrent updates without warnings"", function () {
      const consoleError = jest
        .spyOn(console, ""error"")
        .mockImplementation(() => {});

      const { rerender } = render(
        <ReactGridLayout
          className=""layout""
          cols={12}
          rowHeight={30}
          width={1200}
        >
          <div key=""a"" data-grid={{ x: 0, y: 0, w: 2, h: 2 }}>
            a
          </div>
        </ReactGridLayout>
      );

      // Rapidly rerender multiple times (simulates concurrent updates)
      act(() => {
        for (let i = 0; i < 5; i++) {
          rerender(
            <ReactGridLayout
              className=""layout""
              cols={12}
              rowHeight={30}
              width={1200 + i * 10}
            >
              <div key=""a"" data-grid={{ x: 0, y: 0, w: 2, h: 2 }}>
                a
              </div>
            </ReactGridLayout>
          );
        }
      });

      // Filter for flushSync warnings which indicate React 18 issues
      const flushSyncWarnings = consoleError.mock.calls.filter(
        call =>
          call[0]?.includes?.(""flushSync"") ||
          call[0]?.includes?.(""Cannot update"")
      );

      expect(flushSyncWarnings).toHaveLength(0);

      consoleError.mockRestore();
    })",2186,2232,steel
/test/spec/lifecycle-test.js,Duplicate Assert,"{'line': 492, 'column': 8, 'index': 15981}","it(""WidthProvider responds to ResizeObserver width changes"", async function () {
        // Mock offsetWidth to return initial value
        const originalOffsetWidth = Object.getOwnPropertyDescriptor(
          HTMLElement.prototype,
          ""offsetWidth""
        );
        Object.defineProperty(HTMLElement.prototype, ""offsetWidth"", {
          configurable: true,
          get: function () {
            return 1280;
          }
        });

        const { container } = render(
          <BasicLayout measureBeforeMount={false} />
        );

        // Verify initial render
        let gridLayout = container.querySelector("".react-grid-layout"");
        expect(gridLayout).toBeInTheDocument();

        // Get first grid item's initial transform
        const gridItem = container.querySelector("".react-grid-item"");
        const _initialStyle = gridItem.getAttribute(""style"");

        // Now change the mock width and trigger resize
        Object.defineProperty(HTMLElement.prototype, ""offsetWidth"", {
          configurable: true,
          get: function () {
            return 800;
          }
        });

        // Trigger resize observers with new width
        act(() => {
          global.triggerResize(800);
        });

        // The grid should still be rendered (it adapts to new width)
        gridLayout = container.querySelector("".react-grid-layout"");
        expect(gridLayout).toBeInTheDocument();

        // Grid items should have updated transforms reflecting the new width
        const updatedGridItem = container.querySelector("".react-grid-item"");
        const updatedStyle = updatedGridItem.getAttribute(""style"");

        // Styles should have changed due to width change (different column widths)
        // Note: The transform values should be different because column width changed
        expect(updatedStyle).toContain(""transform"");

        // Restore original offsetWidth descriptor
        if (originalOffsetWidth) {
          Object.defineProperty(
            HTMLElement.prototype,
            ""offsetWidth"",
            originalOffsetWidth
          );
        }
      })",473,531,steel
/test/spec/lifecycle-test.js,Duplicate Assert,"{'line': 513, 'column': 8, 'index': 16707}","it(""WidthProvider responds to ResizeObserver width changes"", async function () {
        // Mock offsetWidth to return initial value
        const originalOffsetWidth = Object.getOwnPropertyDescriptor(
          HTMLElement.prototype,
          ""offsetWidth""
        );
        Object.defineProperty(HTMLElement.prototype, ""offsetWidth"", {
          configurable: true,
          get: function () {
            return 1280;
          }
        });

        const { container } = render(
          <BasicLayout measureBeforeMount={false} />
        );

        // Verify initial render
        let gridLayout = container.querySelector("".react-grid-layout"");
        expect(gridLayout).toBeInTheDocument();

        // Get first grid item's initial transform
        const gridItem = container.querySelector("".react-grid-item"");
        const _initialStyle = gridItem.getAttribute(""style"");

        // Now change the mock width and trigger resize
        Object.defineProperty(HTMLElement.prototype, ""offsetWidth"", {
          configurable: true,
          get: function () {
            return 800;
          }
        });

        // Trigger resize observers with new width
        act(() => {
          global.triggerResize(800);
        });

        // The grid should still be rendered (it adapts to new width)
        gridLayout = container.querySelector("".react-grid-layout"");
        expect(gridLayout).toBeInTheDocument();

        // Grid items should have updated transforms reflecting the new width
        const updatedGridItem = container.querySelector("".react-grid-item"");
        const updatedStyle = updatedGridItem.getAttribute(""style"");

        // Styles should have changed due to width change (different column widths)
        // Note: The transform values should be different because column width changed
        expect(updatedStyle).toContain(""transform"");

        // Restore original offsetWidth descriptor
        if (originalOffsetWidth) {
          Object.defineProperty(
            HTMLElement.prototype,
            ""offsetWidth"",
            originalOffsetWidth
          );
        }
      })",473,531,steel
/test/spec/lifecycle-test.js,Duplicate Assert,"{'line': 977, 'column': 8, 'index': 32631}","it(""does not cause Maximum update depth exceeded when dragging in then out (#2210)"", function () {
        // This test verifies the fix for issue #2210 where dragging an item INTO
        // the grid and then moving it OUTSIDE without releasing the mouse button
        // would cause an infinite update loop.
        //
        // The scenario is:
        // 1. Drag an external item over the grid (creates dropping placeholder)
        // 2. Move the item outside the grid (triggers dragLeave)
        // 3. The dropping placeholder is removed but this triggers state updates
        //    that cause the GridItem's useEffect to fire with stale callbacks
        const consoleError = jest
          .spyOn(console, ""error"")
          .mockImplementation(() => {});
        const onLayoutChange = jest.fn();
        const onDropDragOver = jest.fn(() => ({ w: 2, h: 2 }));
        const onDrag = jest.fn();
        const onDragStart = jest.fn();

        const { container } = render(
          <ReactGridLayout
            className=""layout""
            cols={12}
            rowHeight={30}
            width={1200}
            isDroppable={true}
            onDropDragOver={onDropDragOver}
            onLayoutChange={onLayoutChange}
            onDrag={onDrag}
            onDragStart={onDragStart}
          >
            <div key=""a"" data-grid={{ x: 0, y: 0, w: 2, h: 2 }}>
              a
            </div>
          </ReactGridLayout>
        );

        const grid = container.querySelector("".react-grid-layout"");

        // Step 1: Drag into the grid (creates dropping placeholder)
        act(() => {
          TestUtils.Simulate.dragEnter(grid, {
            clientX: 200,
            clientY: 100
          });
        });

        act(() => {
          TestUtils.Simulate.dragOver(grid, {
            currentTarget: {
              getBoundingClientRect: () => ({ left: 0, top: 0 })
            },
            clientX: 200,
            clientY: 100,
            nativeEvent: {
              target: document.createElement(""div"")
            }
          });
        });

        // Verify the dropping placeholder is rendered in the DOM (internal state)
        // The grid has: 1 original item, 1 dropping item, and 1 active placeholder = 3
        expect(
          container.querySelectorAll("".react-grid-item"").length
        ).toBeGreaterThanOrEqual(2);

        // But it should NOT be in onLayoutChange (public state) - this is expected behavior
        // since #2210 fix: dropping placeholder is transient internal state
        let layoutCalls = onLayoutChange.mock.calls;
        let hasDroppedItemInPublicLayout = layoutCalls.some(call =>
          call[0].some(item => item.i === ""__dropping-elem__"")
        );
        expect(hasDroppedItemInPublicLayout).toBe(false);

        // Record how many times onDrag was called
        const _dragCallsBefore = onDrag.mock.calls.length;

        // Step 2: Move the item around inside the grid (multiple moves)
        for (let i = 0; i < 5; i++) {
          act(() => {
            TestUtils.Simulate.dragOver(grid, {
              currentTarget: {
                getBoundingClientRect: () => ({ left: 0, top: 0 })
              },
              clientX: 200 + i * 20,
              clientY: 100 + i * 20,
              nativeEvent: {
                target: document.createElement(""div"")
              }
            });
          });
        }

        // Step 3: Drag leave (move outside the grid without releasing)
        // This is where the infinite loop would occur in #2210
        act(() => {
          TestUtils.Simulate.dragLeave(grid, {
            clientX: -100,
            clientY: -100
          });
        });

        // If we get here without timing out, the fix is working
        // The dropping placeholder should have been removed from internal state (only 1 item now)
        expect(container.querySelectorAll("".react-grid-item"").length).toBe(1);

        // And still should not be in public layout
        layoutCalls = onLayoutChange.mock.calls;
        const lastLayout = layoutCalls[layoutCalls.length - 1]?.[0] || [];
        hasDroppedItemInPublicLayout = lastLayout.some(
          item => item.i === ""__dropping-elem__""
        );
        expect(hasDroppedItemInPublicLayout).toBe(false);

        // Verify onDrag wasn't called excessively (would indicate infinite loop)
        // We expect 5 drag calls from step 2, plus maybe a few more, but not 50+
        const totalDragCalls = onDrag.mock.calls.length;
        expect(totalDragCalls).toBeLessThan(50);

        // Verify no ""Maximum update depth exceeded"" errors
        const maxDepthErrors = consoleError.mock.calls.filter(call =>
          call[0]?.includes?.(""Maximum update depth exceeded"")
        );
        expect(maxDepthErrors).toHaveLength(0);

        consoleError.mockRestore();
      })",916,1041,steel
/test/spec/lifecycle-test.js,Duplicate Assert,"{'line': 987, 'column': 8, 'index': 33114}","it(""does not cause Maximum update depth exceeded when dragging in then out (#2210)"", function () {
        // This test verifies the fix for issue #2210 where dragging an item INTO
        // the grid and then moving it OUTSIDE without releasing the mouse button
        // would cause an infinite update loop.
        //
        // The scenario is:
        // 1. Drag an external item over the grid (creates dropping placeholder)
        // 2. Move the item outside the grid (triggers dragLeave)
        // 3. The dropping placeholder is removed but this triggers state updates
        //    that cause the GridItem's useEffect to fire with stale callbacks
        const consoleError = jest
          .spyOn(console, ""error"")
          .mockImplementation(() => {});
        const onLayoutChange = jest.fn();
        const onDropDragOver = jest.fn(() => ({ w: 2, h: 2 }));
        const onDrag = jest.fn();
        const onDragStart = jest.fn();

        const { container } = render(
          <ReactGridLayout
            className=""layout""
            cols={12}
            rowHeight={30}
            width={1200}
            isDroppable={true}
            onDropDragOver={onDropDragOver}
            onLayoutChange={onLayoutChange}
            onDrag={onDrag}
            onDragStart={onDragStart}
          >
            <div key=""a"" data-grid={{ x: 0, y: 0, w: 2, h: 2 }}>
              a
            </div>
          </ReactGridLayout>
        );

        const grid = container.querySelector("".react-grid-layout"");

        // Step 1: Drag into the grid (creates dropping placeholder)
        act(() => {
          TestUtils.Simulate.dragEnter(grid, {
            clientX: 200,
            clientY: 100
          });
        });

        act(() => {
          TestUtils.Simulate.dragOver(grid, {
            currentTarget: {
              getBoundingClientRect: () => ({ left: 0, top: 0 })
            },
            clientX: 200,
            clientY: 100,
            nativeEvent: {
              target: document.createElement(""div"")
            }
          });
        });

        // Verify the dropping placeholder is rendered in the DOM (internal state)
        // The grid has: 1 original item, 1 dropping item, and 1 active placeholder = 3
        expect(
          container.querySelectorAll("".react-grid-item"").length
        ).toBeGreaterThanOrEqual(2);

        // But it should NOT be in onLayoutChange (public state) - this is expected behavior
        // since #2210 fix: dropping placeholder is transient internal state
        let layoutCalls = onLayoutChange.mock.calls;
        let hasDroppedItemInPublicLayout = layoutCalls.some(call =>
          call[0].some(item => item.i === ""__dropping-elem__"")
        );
        expect(hasDroppedItemInPublicLayout).toBe(false);

        // Record how many times onDrag was called
        const _dragCallsBefore = onDrag.mock.calls.length;

        // Step 2: Move the item around inside the grid (multiple moves)
        for (let i = 0; i < 5; i++) {
          act(() => {
            TestUtils.Simulate.dragOver(grid, {
              currentTarget: {
                getBoundingClientRect: () => ({ left: 0, top: 0 })
              },
              clientX: 200 + i * 20,
              clientY: 100 + i * 20,
              nativeEvent: {
                target: document.createElement(""div"")
              }
            });
          });
        }

        // Step 3: Drag leave (move outside the grid without releasing)
        // This is where the infinite loop would occur in #2210
        act(() => {
          TestUtils.Simulate.dragLeave(grid, {
            clientX: -100,
            clientY: -100
          });
        });

        // If we get here without timing out, the fix is working
        // The dropping placeholder should have been removed from internal state (only 1 item now)
        expect(container.querySelectorAll("".react-grid-item"").length).toBe(1);

        // And still should not be in public layout
        layoutCalls = onLayoutChange.mock.calls;
        const lastLayout = layoutCalls[layoutCalls.length - 1]?.[0] || [];
        hasDroppedItemInPublicLayout = lastLayout.some(
          item => item.i === ""__dropping-elem__""
        );
        expect(hasDroppedItemInPublicLayout).toBe(false);

        // Verify onDrag wasn't called excessively (would indicate infinite loop)
        // We expect 5 drag calls from step 2, plus maybe a few more, but not 50+
        const totalDragCalls = onDrag.mock.calls.length;
        expect(totalDragCalls).toBeLessThan(50);

        // Verify no ""Maximum update depth exceeded"" errors
        const maxDepthErrors = consoleError.mock.calls.filter(call =>
          call[0]?.includes?.(""Maximum update depth exceeded"")
        );
        expect(maxDepthErrors).toHaveLength(0);

        consoleError.mockRestore();
      })",916,1041,steel
/test/spec/lifecycle-test.js,Duplicate Assert,"{'line': 987, 'column': 8, 'index': 33114}","it(""does not cause Maximum update depth exceeded when dragging in then out (#2210)"", function () {
        // This test verifies the fix for issue #2210 where dragging an item INTO
        // the grid and then moving it OUTSIDE without releasing the mouse button
        // would cause an infinite update loop.
        //
        // The scenario is:
        // 1. Drag an external item over the grid (creates dropping placeholder)
        // 2. Move the item outside the grid (triggers dragLeave)
        // 3. The dropping placeholder is removed but this triggers state updates
        //    that cause the GridItem's useEffect to fire with stale callbacks
        const consoleError = jest
          .spyOn(console, ""error"")
          .mockImplementation(() => {});
        const onLayoutChange = jest.fn();
        const onDropDragOver = jest.fn(() => ({ w: 2, h: 2 }));
        const onDrag = jest.fn();
        const onDragStart = jest.fn();

        const { container } = render(
          <ReactGridLayout
            className=""layout""
            cols={12}
            rowHeight={30}
            width={1200}
            isDroppable={true}
            onDropDragOver={onDropDragOver}
            onLayoutChange={onLayoutChange}
            onDrag={onDrag}
            onDragStart={onDragStart}
          >
            <div key=""a"" data-grid={{ x: 0, y: 0, w: 2, h: 2 }}>
              a
            </div>
          </ReactGridLayout>
        );

        const grid = container.querySelector("".react-grid-layout"");

        // Step 1: Drag into the grid (creates dropping placeholder)
        act(() => {
          TestUtils.Simulate.dragEnter(grid, {
            clientX: 200,
            clientY: 100
          });
        });

        act(() => {
          TestUtils.Simulate.dragOver(grid, {
            currentTarget: {
              getBoundingClientRect: () => ({ left: 0, top: 0 })
            },
            clientX: 200,
            clientY: 100,
            nativeEvent: {
              target: document.createElement(""div"")
            }
          });
        });

        // Verify the dropping placeholder is rendered in the DOM (internal state)
        // The grid has: 1 original item, 1 dropping item, and 1 active placeholder = 3
        expect(
          container.querySelectorAll("".react-grid-item"").length
        ).toBeGreaterThanOrEqual(2);

        // But it should NOT be in onLayoutChange (public state) - this is expected behavior
        // since #2210 fix: dropping placeholder is transient internal state
        let layoutCalls = onLayoutChange.mock.calls;
        let hasDroppedItemInPublicLayout = layoutCalls.some(call =>
          call[0].some(item => item.i === ""__dropping-elem__"")
        );
        expect(hasDroppedItemInPublicLayout).toBe(false);

        // Record how many times onDrag was called
        const _dragCallsBefore = onDrag.mock.calls.length;

        // Step 2: Move the item around inside the grid (multiple moves)
        for (let i = 0; i < 5; i++) {
          act(() => {
            TestUtils.Simulate.dragOver(grid, {
              currentTarget: {
                getBoundingClientRect: () => ({ left: 0, top: 0 })
              },
              clientX: 200 + i * 20,
              clientY: 100 + i * 20,
              nativeEvent: {
                target: document.createElement(""div"")
              }
            });
          });
        }

        // Step 3: Drag leave (move outside the grid without releasing)
        // This is where the infinite loop would occur in #2210
        act(() => {
          TestUtils.Simulate.dragLeave(grid, {
            clientX: -100,
            clientY: -100
          });
        });

        // If we get here without timing out, the fix is working
        // The dropping placeholder should have been removed from internal state (only 1 item now)
        expect(container.querySelectorAll("".react-grid-item"").length).toBe(1);

        // And still should not be in public layout
        layoutCalls = onLayoutChange.mock.calls;
        const lastLayout = layoutCalls[layoutCalls.length - 1]?.[0] || [];
        hasDroppedItemInPublicLayout = lastLayout.some(
          item => item.i === ""__dropping-elem__""
        );
        expect(hasDroppedItemInPublicLayout).toBe(false);

        // Verify onDrag wasn't called excessively (would indicate infinite loop)
        // We expect 5 drag calls from step 2, plus maybe a few more, but not 50+
        const totalDragCalls = onDrag.mock.calls.length;
        expect(totalDragCalls).toBeLessThan(50);

        // Verify no ""Maximum update depth exceeded"" errors
        const maxDepthErrors = consoleError.mock.calls.filter(call =>
          call[0]?.includes?.(""Maximum update depth exceeded"")
        );
        expect(maxDepthErrors).toHaveLength(0);

        consoleError.mockRestore();
      })",916,1041,steel
/test/spec/lifecycle-test.js,Duplicate Assert,"{'line': 1019, 'column': 8, 'index': 34241}","it(""does not cause Maximum update depth exceeded when dragging in then out (#2210)"", function () {
        // This test verifies the fix for issue #2210 where dragging an item INTO
        // the grid and then moving it OUTSIDE without releasing the mouse button
        // would cause an infinite update loop.
        //
        // The scenario is:
        // 1. Drag an external item over the grid (creates dropping placeholder)
        // 2. Move the item outside the grid (triggers dragLeave)
        // 3. The dropping placeholder is removed but this triggers state updates
        //    that cause the GridItem's useEffect to fire with stale callbacks
        const consoleError = jest
          .spyOn(console, ""error"")
          .mockImplementation(() => {});
        const onLayoutChange = jest.fn();
        const onDropDragOver = jest.fn(() => ({ w: 2, h: 2 }));
        const onDrag = jest.fn();
        const onDragStart = jest.fn();

        const { container } = render(
          <ReactGridLayout
            className=""layout""
            cols={12}
            rowHeight={30}
            width={1200}
            isDroppable={true}
            onDropDragOver={onDropDragOver}
            onLayoutChange={onLayoutChange}
            onDrag={onDrag}
            onDragStart={onDragStart}
          >
            <div key=""a"" data-grid={{ x: 0, y: 0, w: 2, h: 2 }}>
              a
            </div>
          </ReactGridLayout>
        );

        const grid = container.querySelector("".react-grid-layout"");

        // Step 1: Drag into the grid (creates dropping placeholder)
        act(() => {
          TestUtils.Simulate.dragEnter(grid, {
            clientX: 200,
            clientY: 100
          });
        });

        act(() => {
          TestUtils.Simulate.dragOver(grid, {
            currentTarget: {
              getBoundingClientRect: () => ({ left: 0, top: 0 })
            },
            clientX: 200,
            clientY: 100,
            nativeEvent: {
              target: document.createElement(""div"")
            }
          });
        });

        // Verify the dropping placeholder is rendered in the DOM (internal state)
        // The grid has: 1 original item, 1 dropping item, and 1 active placeholder = 3
        expect(
          container.querySelectorAll("".react-grid-item"").length
        ).toBeGreaterThanOrEqual(2);

        // But it should NOT be in onLayoutChange (public state) - this is expected behavior
        // since #2210 fix: dropping placeholder is transient internal state
        let layoutCalls = onLayoutChange.mock.calls;
        let hasDroppedItemInPublicLayout = layoutCalls.some(call =>
          call[0].some(item => item.i === ""__dropping-elem__"")
        );
        expect(hasDroppedItemInPublicLayout).toBe(false);

        // Record how many times onDrag was called
        const _dragCallsBefore = onDrag.mock.calls.length;

        // Step 2: Move the item around inside the grid (multiple moves)
        for (let i = 0; i < 5; i++) {
          act(() => {
            TestUtils.Simulate.dragOver(grid, {
              currentTarget: {
                getBoundingClientRect: () => ({ left: 0, top: 0 })
              },
              clientX: 200 + i * 20,
              clientY: 100 + i * 20,
              nativeEvent: {
                target: document.createElement(""div"")
              }
            });
          });
        }

        // Step 3: Drag leave (move outside the grid without releasing)
        // This is where the infinite loop would occur in #2210
        act(() => {
          TestUtils.Simulate.dragLeave(grid, {
            clientX: -100,
            clientY: -100
          });
        });

        // If we get here without timing out, the fix is working
        // The dropping placeholder should have been removed from internal state (only 1 item now)
        expect(container.querySelectorAll("".react-grid-item"").length).toBe(1);

        // And still should not be in public layout
        layoutCalls = onLayoutChange.mock.calls;
        const lastLayout = layoutCalls[layoutCalls.length - 1]?.[0] || [];
        hasDroppedItemInPublicLayout = lastLayout.some(
          item => item.i === ""__dropping-elem__""
        );
        expect(hasDroppedItemInPublicLayout).toBe(false);

        // Verify onDrag wasn't called excessively (would indicate infinite loop)
        // We expect 5 drag calls from step 2, plus maybe a few more, but not 50+
        const totalDragCalls = onDrag.mock.calls.length;
        expect(totalDragCalls).toBeLessThan(50);

        // Verify no ""Maximum update depth exceeded"" errors
        const maxDepthErrors = consoleError.mock.calls.filter(call =>
          call[0]?.includes?.(""Maximum update depth exceeded"")
        );
        expect(maxDepthErrors).toHaveLength(0);

        consoleError.mockRestore();
      })",916,1041,steel
/test/spec/lifecycle-test.js,Duplicate Assert,"{'line': 1027, 'column': 8, 'index': 34613}","it(""does not cause Maximum update depth exceeded when dragging in then out (#2210)"", function () {
        // This test verifies the fix for issue #2210 where dragging an item INTO
        // the grid and then moving it OUTSIDE without releasing the mouse button
        // would cause an infinite update loop.
        //
        // The scenario is:
        // 1. Drag an external item over the grid (creates dropping placeholder)
        // 2. Move the item outside the grid (triggers dragLeave)
        // 3. The dropping placeholder is removed but this triggers state updates
        //    that cause the GridItem's useEffect to fire with stale callbacks
        const consoleError = jest
          .spyOn(console, ""error"")
          .mockImplementation(() => {});
        const onLayoutChange = jest.fn();
        const onDropDragOver = jest.fn(() => ({ w: 2, h: 2 }));
        const onDrag = jest.fn();
        const onDragStart = jest.fn();

        const { container } = render(
          <ReactGridLayout
            className=""layout""
            cols={12}
            rowHeight={30}
            width={1200}
            isDroppable={true}
            onDropDragOver={onDropDragOver}
            onLayoutChange={onLayoutChange}
            onDrag={onDrag}
            onDragStart={onDragStart}
          >
            <div key=""a"" data-grid={{ x: 0, y: 0, w: 2, h: 2 }}>
              a
            </div>
          </ReactGridLayout>
        );

        const grid = container.querySelector("".react-grid-layout"");

        // Step 1: Drag into the grid (creates dropping placeholder)
        act(() => {
          TestUtils.Simulate.dragEnter(grid, {
            clientX: 200,
            clientY: 100
          });
        });

        act(() => {
          TestUtils.Simulate.dragOver(grid, {
            currentTarget: {
              getBoundingClientRect: () => ({ left: 0, top: 0 })
            },
            clientX: 200,
            clientY: 100,
            nativeEvent: {
              target: document.createElement(""div"")
            }
          });
        });

        // Verify the dropping placeholder is rendered in the DOM (internal state)
        // The grid has: 1 original item, 1 dropping item, and 1 active placeholder = 3
        expect(
          container.querySelectorAll("".react-grid-item"").length
        ).toBeGreaterThanOrEqual(2);

        // But it should NOT be in onLayoutChange (public state) - this is expected behavior
        // since #2210 fix: dropping placeholder is transient internal state
        let layoutCalls = onLayoutChange.mock.calls;
        let hasDroppedItemInPublicLayout = layoutCalls.some(call =>
          call[0].some(item => item.i === ""__dropping-elem__"")
        );
        expect(hasDroppedItemInPublicLayout).toBe(false);

        // Record how many times onDrag was called
        const _dragCallsBefore = onDrag.mock.calls.length;

        // Step 2: Move the item around inside the grid (multiple moves)
        for (let i = 0; i < 5; i++) {
          act(() => {
            TestUtils.Simulate.dragOver(grid, {
              currentTarget: {
                getBoundingClientRect: () => ({ left: 0, top: 0 })
              },
              clientX: 200 + i * 20,
              clientY: 100 + i * 20,
              nativeEvent: {
                target: document.createElement(""div"")
              }
            });
          });
        }

        // Step 3: Drag leave (move outside the grid without releasing)
        // This is where the infinite loop would occur in #2210
        act(() => {
          TestUtils.Simulate.dragLeave(grid, {
            clientX: -100,
            clientY: -100
          });
        });

        // If we get here without timing out, the fix is working
        // The dropping placeholder should have been removed from internal state (only 1 item now)
        expect(container.querySelectorAll("".react-grid-item"").length).toBe(1);

        // And still should not be in public layout
        layoutCalls = onLayoutChange.mock.calls;
        const lastLayout = layoutCalls[layoutCalls.length - 1]?.[0] || [];
        hasDroppedItemInPublicLayout = lastLayout.some(
          item => item.i === ""__dropping-elem__""
        );
        expect(hasDroppedItemInPublicLayout).toBe(false);

        // Verify onDrag wasn't called excessively (would indicate infinite loop)
        // We expect 5 drag calls from step 2, plus maybe a few more, but not 50+
        const totalDragCalls = onDrag.mock.calls.length;
        expect(totalDragCalls).toBeLessThan(50);

        // Verify no ""Maximum update depth exceeded"" errors
        const maxDepthErrors = consoleError.mock.calls.filter(call =>
          call[0]?.includes?.(""Maximum update depth exceeded"")
        );
        expect(maxDepthErrors).toHaveLength(0);

        consoleError.mockRestore();
      })",916,1041,steel
/test/spec/lifecycle-test.js,Duplicate Assert,"{'line': 1027, 'column': 8, 'index': 34613}","it(""does not cause Maximum update depth exceeded when dragging in then out (#2210)"", function () {
        // This test verifies the fix for issue #2210 where dragging an item INTO
        // the grid and then moving it OUTSIDE without releasing the mouse button
        // would cause an infinite update loop.
        //
        // The scenario is:
        // 1. Drag an external item over the grid (creates dropping placeholder)
        // 2. Move the item outside the grid (triggers dragLeave)
        // 3. The dropping placeholder is removed but this triggers state updates
        //    that cause the GridItem's useEffect to fire with stale callbacks
        const consoleError = jest
          .spyOn(console, ""error"")
          .mockImplementation(() => {});
        const onLayoutChange = jest.fn();
        const onDropDragOver = jest.fn(() => ({ w: 2, h: 2 }));
        const onDrag = jest.fn();
        const onDragStart = jest.fn();

        const { container } = render(
          <ReactGridLayout
            className=""layout""
            cols={12}
            rowHeight={30}
            width={1200}
            isDroppable={true}
            onDropDragOver={onDropDragOver}
            onLayoutChange={onLayoutChange}
            onDrag={onDrag}
            onDragStart={onDragStart}
          >
            <div key=""a"" data-grid={{ x: 0, y: 0, w: 2, h: 2 }}>
              a
            </div>
          </ReactGridLayout>
        );

        const grid = container.querySelector("".react-grid-layout"");

        // Step 1: Drag into the grid (creates dropping placeholder)
        act(() => {
          TestUtils.Simulate.dragEnter(grid, {
            clientX: 200,
            clientY: 100
          });
        });

        act(() => {
          TestUtils.Simulate.dragOver(grid, {
            currentTarget: {
              getBoundingClientRect: () => ({ left: 0, top: 0 })
            },
            clientX: 200,
            clientY: 100,
            nativeEvent: {
              target: document.createElement(""div"")
            }
          });
        });

        // Verify the dropping placeholder is rendered in the DOM (internal state)
        // The grid has: 1 original item, 1 dropping item, and 1 active placeholder = 3
        expect(
          container.querySelectorAll("".react-grid-item"").length
        ).toBeGreaterThanOrEqual(2);

        // But it should NOT be in onLayoutChange (public state) - this is expected behavior
        // since #2210 fix: dropping placeholder is transient internal state
        let layoutCalls = onLayoutChange.mock.calls;
        let hasDroppedItemInPublicLayout = layoutCalls.some(call =>
          call[0].some(item => item.i === ""__dropping-elem__"")
        );
        expect(hasDroppedItemInPublicLayout).toBe(false);

        // Record how many times onDrag was called
        const _dragCallsBefore = onDrag.mock.calls.length;

        // Step 2: Move the item around inside the grid (multiple moves)
        for (let i = 0; i < 5; i++) {
          act(() => {
            TestUtils.Simulate.dragOver(grid, {
              currentTarget: {
                getBoundingClientRect: () => ({ left: 0, top: 0 })
              },
              clientX: 200 + i * 20,
              clientY: 100 + i * 20,
              nativeEvent: {
                target: document.createElement(""div"")
              }
            });
          });
        }

        // Step 3: Drag leave (move outside the grid without releasing)
        // This is where the infinite loop would occur in #2210
        act(() => {
          TestUtils.Simulate.dragLeave(grid, {
            clientX: -100,
            clientY: -100
          });
        });

        // If we get here without timing out, the fix is working
        // The dropping placeholder should have been removed from internal state (only 1 item now)
        expect(container.querySelectorAll("".react-grid-item"").length).toBe(1);

        // And still should not be in public layout
        layoutCalls = onLayoutChange.mock.calls;
        const lastLayout = layoutCalls[layoutCalls.length - 1]?.[0] || [];
        hasDroppedItemInPublicLayout = lastLayout.some(
          item => item.i === ""__dropping-elem__""
        );
        expect(hasDroppedItemInPublicLayout).toBe(false);

        // Verify onDrag wasn't called excessively (would indicate infinite loop)
        // We expect 5 drag calls from step 2, plus maybe a few more, but not 50+
        const totalDragCalls = onDrag.mock.calls.length;
        expect(totalDragCalls).toBeLessThan(50);

        // Verify no ""Maximum update depth exceeded"" errors
        const maxDepthErrors = consoleError.mock.calls.filter(call =>
          call[0]?.includes?.(""Maximum update depth exceeded"")
        );
        expect(maxDepthErrors).toHaveLength(0);

        consoleError.mockRestore();
      })",916,1041,steel
/test/spec/lifecycle-test.js,Duplicate Assert,"{'line': 2504, 'column': 6, 'index': 78869}","it(""does not start drag until mouse moves threshold pixels (v2 API)"", function () {
      const onDragStart = jest.fn();

      const { container } = render(
        <GridLayoutV2
          className=""layout""
          gridConfig={{ cols: 12, rowHeight: 30 }}
          width={1200}
          layout={[{ i: ""a"", x: 0, y: 0, w: 2, h: 2 }]}
          dragConfig={{ enabled: true, threshold: 10 }} // 10px threshold
          onDragStart={onDragStart}
        >
          <div key=""a"">a</div>
        </GridLayoutV2>
      );

      const gridItem = container.querySelector("".react-grid-item"");

      // Mousedown
      act(() => {
        dispatchMouseEvent(gridItem, ""mousedown"", {
          clientX: 50,
          clientY: 50
        });
      });

      // Move only 5px (less than threshold)
      act(() => {
        mouseMove(55, 50, gridItem);
      });

      // onDragStart should NOT have been called yet
      expect(onDragStart).not.toHaveBeenCalled();

      // Move another 6px (total 11px, exceeds threshold)
      act(() => {
        mouseMove(61, 50, gridItem);
      });

      // NOW onDragStart should have been called
      expect(onDragStart).toHaveBeenCalled();

      // Clean up
      act(() => {
        const mouseUpEvent = new MouseEvent(""mouseup"", {
          bubbles: true,
          cancelable: true,
          view: window,
          clientX: 61,
          clientY: 50,
          button: 0
        });
        document.dispatchEvent(mouseUpEvent);
      });
    })",2472,2526,steel
/test/spec/lifecycle-test.js,Duplicate Assert,"{'line': 2512, 'column': 6, 'index': 79093}","it(""does not start drag until mouse moves threshold pixels (v2 API)"", function () {
      const onDragStart = jest.fn();

      const { container } = render(
        <GridLayoutV2
          className=""layout""
          gridConfig={{ cols: 12, rowHeight: 30 }}
          width={1200}
          layout={[{ i: ""a"", x: 0, y: 0, w: 2, h: 2 }]}
          dragConfig={{ enabled: true, threshold: 10 }} // 10px threshold
          onDragStart={onDragStart}
        >
          <div key=""a"">a</div>
        </GridLayoutV2>
      );

      const gridItem = container.querySelector("".react-grid-item"");

      // Mousedown
      act(() => {
        dispatchMouseEvent(gridItem, ""mousedown"", {
          clientX: 50,
          clientY: 50
        });
      });

      // Move only 5px (less than threshold)
      act(() => {
        mouseMove(55, 50, gridItem);
      });

      // onDragStart should NOT have been called yet
      expect(onDragStart).not.toHaveBeenCalled();

      // Move another 6px (total 11px, exceeds threshold)
      act(() => {
        mouseMove(61, 50, gridItem);
      });

      // NOW onDragStart should have been called
      expect(onDragStart).toHaveBeenCalled();

      // Clean up
      act(() => {
        const mouseUpEvent = new MouseEvent(""mouseup"", {
          bubbles: true,
          cancelable: true,
          view: window,
          clientX: 61,
          clientY: 50,
          button: 0
        });
        document.dispatchEvent(mouseUpEvent);
      });
    })",2472,2526,steel
/test/spec/lifecycle-test.js,Duplicate Assert,"{'line': 2560, 'column': 6, 'index': 80393}","it(""uses default threshold of 3px when not specified (v2 API)"", function () {
      const onDragStart = jest.fn();

      const { container } = render(
        <GridLayoutV2
          className=""layout""
          gridConfig={{ cols: 12, rowHeight: 30 }}
          width={1200}
          layout={[{ i: ""a"", x: 0, y: 0, w: 2, h: 2 }]}
          dragConfig={{ enabled: true }} // No threshold specified, should use default 3
          onDragStart={onDragStart}
        >
          <div key=""a"">a</div>
        </GridLayoutV2>
      );

      const gridItem = container.querySelector("".react-grid-item"");

      // Mousedown
      act(() => {
        dispatchMouseEvent(gridItem, ""mousedown"", {
          clientX: 50,
          clientY: 50
        });
      });

      // Move only 2px (less than default threshold of 3)
      act(() => {
        mouseMove(52, 50, gridItem);
      });

      // onDragStart should NOT have been called yet
      expect(onDragStart).not.toHaveBeenCalled();

      // Move another 2px (total 4px, exceeds default threshold of 3)
      act(() => {
        mouseMove(54, 50, gridItem);
      });

      // NOW onDragStart should have been called
      expect(onDragStart).toHaveBeenCalled();

      // Clean up
      act(() => {
        const mouseUpEvent = new MouseEvent(""mouseup"", {
          bubbles: true,
          cancelable: true,
          view: window,
          clientX: 54,
          clientY: 50,
          button: 0
        });
        document.dispatchEvent(mouseUpEvent);
      });
    })",2528,2582,steel
/test/spec/lifecycle-test.js,Duplicate Assert,"{'line': 2568, 'column': 6, 'index': 80629}","it(""uses default threshold of 3px when not specified (v2 API)"", function () {
      const onDragStart = jest.fn();

      const { container } = render(
        <GridLayoutV2
          className=""layout""
          gridConfig={{ cols: 12, rowHeight: 30 }}
          width={1200}
          layout={[{ i: ""a"", x: 0, y: 0, w: 2, h: 2 }]}
          dragConfig={{ enabled: true }} // No threshold specified, should use default 3
          onDragStart={onDragStart}
        >
          <div key=""a"">a</div>
        </GridLayoutV2>
      );

      const gridItem = container.querySelector("".react-grid-item"");

      // Mousedown
      act(() => {
        dispatchMouseEvent(gridItem, ""mousedown"", {
          clientX: 50,
          clientY: 50
        });
      });

      // Move only 2px (less than default threshold of 3)
      act(() => {
        mouseMove(52, 50, gridItem);
      });

      // onDragStart should NOT have been called yet
      expect(onDragStart).not.toHaveBeenCalled();

      // Move another 2px (total 4px, exceeds default threshold of 3)
      act(() => {
        mouseMove(54, 50, gridItem);
      });

      // NOW onDragStart should have been called
      expect(onDragStart).toHaveBeenCalled();

      // Clean up
      act(() => {
        const mouseUpEvent = new MouseEvent(""mouseup"", {
          bubbles: true,
          cancelable: true,
          view: window,
          clientX: 54,
          clientY: 50,
          button: 0
        });
        document.dispatchEvent(mouseUpEvent);
      });
    })",2528,2582,steel
/test/spec/lifecycle-test.js,Ignored Test,"{'line': 116, 'column': 13, 'index': 3535}","describe.skip(""optional min/max dimension props log err"", () => {
      describe(""minW"", () => {
        let mockError;
        beforeEach(() => {
          mockError = jest.spyOn(console, ""error"").mockImplementation(() => {});
        });
        afterEach(() => {
          jest.clearAllMocks();
        });

        it(""2x when string, not number"", () => {
          // $FlowIgnore
          render(<GridItem {...mockProps} minW={""apple""} />);
          expect(mockError).toHaveBeenCalledTimes(2);
        });
        it(""1 err when larger than w prop"", () => {
          render(<GridItem {...mockProps} minW={400} />);
          expect(mockError).toHaveBeenCalledTimes(1);
        });
      });

      describe(""maxW"", () => {
        let mockError;
        beforeEach(() => {
          mockError = jest.spyOn(console, ""error"").mockImplementation(() => {});
        });
        afterEach(() => {
          jest.clearAllMocks();
        });

        it(""1x when string, not number"", () => {
          // $FlowIgnore
          render(<GridItem {...mockProps} maxW={""apple""} />);
          expect(mockError).toHaveBeenCalledTimes(1);
        });
        it(""1x err when smaller than w prop"", () => {
          render(<GridItem {...mockProps} w={4} maxW={2} />);
          expect(mockError).toHaveBeenCalledTimes(1);
        });
      });

      describe(""minH"", () => {
        let mockError;
        beforeEach(() => {
          mockError = jest.spyOn(console, ""error"").mockImplementation(() => {});
        });
        afterEach(() => {
          jest.clearAllMocks();
        });

        it(""2x when string, not number"", () => {
          // $FlowIgnore
          render(<GridItem {...mockProps} minH={""apple""} />);
          expect(mockError).toHaveBeenCalledTimes(2);
        });
        it(""1x when larger than h prop"", () => {
          render(<GridItem {...mockProps} minH={200} />);
          expect(mockError).toHaveBeenCalledTimes(1);
        });
      });

      describe(""maxH"", () => {
        let mockError;
        beforeEach(() => {
          mockError = jest.spyOn(console, ""error"").mockImplementation(() => {});
        });
        afterEach(() => {
          jest.clearAllMocks();
        });

        it(""1x when string, not number"", () => {
          // $FlowIgnore
          render(<GridItem {...mockProps} maxH={""apple""} />);
          expect(mockError).toHaveBeenCalledTimes(1);
        });
        it(""1x when smaller than h prop"", () => {
          render(<GridItem {...mockProps} h={3} maxH={2} />);
          expect(mockError).toHaveBeenCalledTimes(1);
        });
      });
    })",116,196,steel
/test/spec/lifecycle-test.js,Magic Number,"{'line': 299, 'column': 39, 'index': 9323}","it(""Creates layout based on properties"", async function () {
        const onLayoutChange = jest.fn();
        const { container } = render(
          <ReactGridLayout
            className=""layout""
            cols={12}
            rowHeight={30}
            width={1200}
            onLayoutChange={onLayoutChange}
          >
            <div key=""a"" data-grid={{ x: 0, y: 0, w: 1, h: 2, static: true }}>
              a
            </div>
            <div
              key=""b""
              data-grid={{ x: 1, y: 0, w: 3, h: 2, minW: 2, maxW: 4 }}
            >
              b
            </div>
            <div key=""c"" data-grid={{ x: 4, y: 0, w: 1, h: 2 }}>
              c
            </div>
          </ReactGridLayout>
        );

        // Verify elements are rendered
        expect(screen.getByText(""a"")).toBeInTheDocument();
        expect(screen.getByText(""b"")).toBeInTheDocument();
        expect(screen.getByText(""c"")).toBeInTheDocument();

        // Verify grid items have proper classes
        const gridItems = container.querySelectorAll("".react-grid-item"");
        expect(gridItems).toHaveLength(3);

        // Verify onLayoutChange was called with correct layout
        expect(onLayoutChange).toHaveBeenCalled();
        const layout = onLayoutChange.mock.calls[0][0];
        expect(layout).toHaveLength(3);
        expect(layout.find(item => item.i === ""a"")).toMatchObject({
          h: 2,
          i: ""a"",
          static: true,
          w: 1,
          x: 0,
          y: 0
        });
        expect(layout.find(item => item.i === ""b"")).toMatchObject({
          h: 2,
          i: ""b"",
          w: 3,
          x: 1,
          y: 0
        });
        expect(layout.find(item => item.i === ""c"")).toMatchObject({
          h: 2,
          i: ""c"",
          w: 1,
          x: 4,
          y: 0
        });
      })",267,327,steel
/test/spec/lifecycle-test.js,Magic Number,"{'line': 304, 'column': 36, 'index': 9535}","it(""Creates layout based on properties"", async function () {
        const onLayoutChange = jest.fn();
        const { container } = render(
          <ReactGridLayout
            className=""layout""
            cols={12}
            rowHeight={30}
            width={1200}
            onLayoutChange={onLayoutChange}
          >
            <div key=""a"" data-grid={{ x: 0, y: 0, w: 1, h: 2, static: true }}>
              a
            </div>
            <div
              key=""b""
              data-grid={{ x: 1, y: 0, w: 3, h: 2, minW: 2, maxW: 4 }}
            >
              b
            </div>
            <div key=""c"" data-grid={{ x: 4, y: 0, w: 1, h: 2 }}>
              c
            </div>
          </ReactGridLayout>
        );

        // Verify elements are rendered
        expect(screen.getByText(""a"")).toBeInTheDocument();
        expect(screen.getByText(""b"")).toBeInTheDocument();
        expect(screen.getByText(""c"")).toBeInTheDocument();

        // Verify grid items have proper classes
        const gridItems = container.querySelectorAll("".react-grid-item"");
        expect(gridItems).toHaveLength(3);

        // Verify onLayoutChange was called with correct layout
        expect(onLayoutChange).toHaveBeenCalled();
        const layout = onLayoutChange.mock.calls[0][0];
        expect(layout).toHaveLength(3);
        expect(layout.find(item => item.i === ""a"")).toMatchObject({
          h: 2,
          i: ""a"",
          static: true,
          w: 1,
          x: 0,
          y: 0
        });
        expect(layout.find(item => item.i === ""b"")).toMatchObject({
          h: 2,
          i: ""b"",
          w: 3,
          x: 1,
          y: 0
        });
        expect(layout.find(item => item.i === ""c"")).toMatchObject({
          h: 2,
          i: ""c"",
          w: 1,
          x: 4,
          y: 0
        });
      })",267,327,steel
/test/spec/lifecycle-test.js,Magic Number,"{'line': 351, 'column': 39, 'index': 10776}","it(""Null items in list"", async function () {
        const { container } = render(
          <ReactGridLayout
            className=""layout""
            cols={12}
            rowHeight={30}
            width={1200}
            // $FlowIgnore
          >
            <div key=""a"" data-grid={{ x: 0, y: 0, w: 1, h: 2, static: true }}>
              a
            </div>
            {false}
            {null}
            <div key=""c"" data-grid={{ x: 4, y: 0, w: 1, h: 2 }}>
              c
            </div>
          </ReactGridLayout>
        );

        // Only two truthy items should be rendered
        const gridItems = container.querySelectorAll("".react-grid-item"");
        expect(gridItems).toHaveLength(2);
      })",329,352,steel
/test/spec/lifecycle-test.js,Magic Number,"{'line': 373, 'column': 49, 'index': 11643}","it(""Renders with WidthProvider"", async function () {
        const { container } = render(
          <BasicLayout measureBeforeMount={false} />
        );

        // Verify the grid layout is rendered (WidthProvider wraps ReactGridLayout)
        const gridLayout = container.querySelector("".react-grid-layout"");
        expect(gridLayout).toBeInTheDocument();

        // BasicLayout uses WidthProvider which should provide width to ReactGridLayout
        // The grid items should be rendered with proper positioning (indicating width was provided)
        const gridItems = container.querySelectorAll("".react-grid-item"");
        expect(gridItems.length).toBeGreaterThan(0);

        // Grid items should have transform styles (indicating proper width calculation)
        gridItems.forEach(item => {
          const style = item.getAttribute(""style"");
          expect(style).toContain(""transform"");
        });
      })",361,380,steel
/test/spec/lifecycle-test.js,Magic Number,"{'line': 422, 'column': 55, 'index': 13683}","it(""measureBeforeMount re-observes element after switching from placeholder to composed component"", async function () {
        // This test verifies the fix for #2083
        // When measureBeforeMount=true, the WidthProvider:
        // 1. First renders a placeholder div (for measurement)
        // 2. After mount, renders the actual ComposedComponent
        // The ResizeObserver must re-observe the new element, not the old placeholder

        // Clear any existing observers
        global.__resizeObservers__ = [];

        // Mock offsetWidth to return 800px
        const originalOffsetWidth = Object.getOwnPropertyDescriptor(
          HTMLElement.prototype,
          ""offsetWidth""
        );
        Object.defineProperty(HTMLElement.prototype, ""offsetWidth"", {
          configurable: true,
          get: function () {
            return 800;
          }
        });

        const { container } = render(<BasicLayout measureBeforeMount={true} />);

        // After mount, verify the grid is rendered
        const gridLayout = container.querySelector("".react-grid-layout"");
        expect(gridLayout).toBeInTheDocument();

        // Get active observers - should have one watching the actual element
        const activeObservers = global.__resizeObservers__.filter(
          obs => obs.observedElements.length > 0
        );
        expect(activeObservers.length).toBeGreaterThan(0);

        // The observer should be watching an element that's in the DOM
        // (not the old placeholder which was removed)
        const observer = activeObservers[0];
        const observedElement = observer.observedElements[0];
        expect(document.body.contains(observedElement)).toBe(true);

        // Trigger a resize and verify it updates
        act(() => {
          global.triggerResize(1000);
        });

        // The grid should still be rendered and functional
        expect(
          container.querySelector("".react-grid-layout"")
        ).toBeInTheDocument();

        // Restore original offsetWidth descriptor
        if (originalOffsetWidth) {
          Object.defineProperty(
            HTMLElement.prototype,
            ""offsetWidth"",
            originalOffsetWidth
          );
        }
      })",390,448,steel
/test/spec/lifecycle-test.js,Magic Number,"{'line': 847, 'column': 75, 'index': 27585}","it(""calls dropConfig.onDragOver when provided (v2 API) (#2212)"", function () {
        const onDragOver = jest.fn(() => ({ w: 3, h: 3 }));
        const onLayoutChange = jest.fn();

        // Use GridLayoutV2 (the v2 API component) directly to test dropConfig.onDragOver
        const { container } = render(
          <GridLayoutV2
            className=""layout""
            gridConfig={{ cols: 12, rowHeight: 30 }}
            width={1200}
            layout={[{ i: ""a"", x: 0, y: 0, w: 2, h: 2 }]}
            dropConfig={{ enabled: true, onDragOver }}
            onLayoutChange={onLayoutChange}
          >
            <div key=""a"">a</div>
          </GridLayoutV2>
        );

        const grid = container.querySelector("".react-grid-layout"");
        act(() => {
          TestUtils.Simulate.dragOver(grid, {
            currentTarget: {
              getBoundingClientRect: () => ({ left: 0, top: 0 })
            },
            clientX: 200,
            clientY: 150,
            nativeEvent: {
              target: document.createElement(""div"")
            }
          });
        });

        // dropConfig.onDragOver should be called
        expect(onDragOver).toHaveBeenCalled();
        // The dropping placeholder should be rendered in the DOM but NOT in onLayoutChange
        // (it's transient internal state that shouldn't be exposed to users until drop)
        // Verify it's in the DOM (internal state) - original + dropping
        expect(container.querySelectorAll("".react-grid-item"").length).toBe(2);

        // But it should NOT be in onLayoutChange (public state)
        const layoutCalls = onLayoutChange.mock.calls;
        const droppingItemInLayoutChange = layoutCalls
          .flatMap(call => call[0])
          .find(item => item.i === ""__dropping-elem__"");
        expect(droppingItemInLayoutChange).toBeUndefined();
      })",810,855,steel
/test/spec/lifecycle-test.js,Magic Number,"{'line': 905, 'column': 33, 'index': 29902}","it(""does not cause Maximum update depth exceeded on drag over (#2204)"", function () {
        // This test verifies the fix for issue #2204 where dragOver would cause
        // an infinite update loop because the sync useEffect would remove the
        // dropping item from layout, which would trigger another render.
        //
        // The fix adds a check for droppingDOMNode in the sync useEffect to skip
        // layout synchronization during drop-from-outside operations.
        const onLayoutChange = jest.fn();
        const onDropDragOver = jest.fn(() => ({ w: 2, h: 2 }));

        const { container } = render(
          <ReactGridLayout
            className=""layout""
            cols={12}
            rowHeight={30}
            width={1200}
            isDroppable={true}
            onDropDragOver={onDropDragOver}
            onLayoutChange={onLayoutChange}
          >
            <div key=""a"" data-grid={{ x: 0, y: 0, w: 2, h: 2 }}>
              a
            </div>
          </ReactGridLayout>
        );

        const grid = container.querySelector("".react-grid-layout"");

        // Simulate a single dragOver event - if the bug exists, this would cause
        // an infinite loop and the test would timeout
        act(() => {
          TestUtils.Simulate.dragOver(grid, {
            currentTarget: {
              getBoundingClientRect: () => ({ left: 0, top: 0 })
            },
            clientX: 200,
            clientY: 100,
            nativeEvent: {
              target: document.createElement(""div"")
            }
          });
        });

        // If we get here without timing out, the fix is working
        // Verify that the dropping item was added to internal state (original item + dropping item + placeholder = 3)
        // The grid has: 1 original item, 1 dropping item, and 1 active placeholder
        expect(
          container.querySelectorAll("".react-grid-item"").length
        ).toBeGreaterThanOrEqual(2);

        // But the dropping item should NOT be in onLayoutChange (public state) - this is expected behavior
        // since #2210 fix: dropping placeholder is transient internal state
        const layoutCalls = onLayoutChange.mock.calls;
        const hasDroppedItemInPublicLayout = layoutCalls.some(call =>
          call[0].some(item => item.i === ""__dropping-elem__"")
        );
        expect(hasDroppedItemInPublicLayout).toBe(false);
      })",857,914,steel
/test/spec/lifecycle-test.js,Magic Number,"{'line': 979, 'column': 33, 'index': 32736}","it(""does not cause Maximum update depth exceeded when dragging in then out (#2210)"", function () {
        // This test verifies the fix for issue #2210 where dragging an item INTO
        // the grid and then moving it OUTSIDE without releasing the mouse button
        // would cause an infinite update loop.
        //
        // The scenario is:
        // 1. Drag an external item over the grid (creates dropping placeholder)
        // 2. Move the item outside the grid (triggers dragLeave)
        // 3. The dropping placeholder is removed but this triggers state updates
        //    that cause the GridItem's useEffect to fire with stale callbacks
        const consoleError = jest
          .spyOn(console, ""error"")
          .mockImplementation(() => {});
        const onLayoutChange = jest.fn();
        const onDropDragOver = jest.fn(() => ({ w: 2, h: 2 }));
        const onDrag = jest.fn();
        const onDragStart = jest.fn();

        const { container } = render(
          <ReactGridLayout
            className=""layout""
            cols={12}
            rowHeight={30}
            width={1200}
            isDroppable={true}
            onDropDragOver={onDropDragOver}
            onLayoutChange={onLayoutChange}
            onDrag={onDrag}
            onDragStart={onDragStart}
          >
            <div key=""a"" data-grid={{ x: 0, y: 0, w: 2, h: 2 }}>
              a
            </div>
          </ReactGridLayout>
        );

        const grid = container.querySelector("".react-grid-layout"");

        // Step 1: Drag into the grid (creates dropping placeholder)
        act(() => {
          TestUtils.Simulate.dragEnter(grid, {
            clientX: 200,
            clientY: 100
          });
        });

        act(() => {
          TestUtils.Simulate.dragOver(grid, {
            currentTarget: {
              getBoundingClientRect: () => ({ left: 0, top: 0 })
            },
            clientX: 200,
            clientY: 100,
            nativeEvent: {
              target: document.createElement(""div"")
            }
          });
        });

        // Verify the dropping placeholder is rendered in the DOM (internal state)
        // The grid has: 1 original item, 1 dropping item, and 1 active placeholder = 3
        expect(
          container.querySelectorAll("".react-grid-item"").length
        ).toBeGreaterThanOrEqual(2);

        // But it should NOT be in onLayoutChange (public state) - this is expected behavior
        // since #2210 fix: dropping placeholder is transient internal state
        let layoutCalls = onLayoutChange.mock.calls;
        let hasDroppedItemInPublicLayout = layoutCalls.some(call =>
          call[0].some(item => item.i === ""__dropping-elem__"")
        );
        expect(hasDroppedItemInPublicLayout).toBe(false);

        // Record how many times onDrag was called
        const _dragCallsBefore = onDrag.mock.calls.length;

        // Step 2: Move the item around inside the grid (multiple moves)
        for (let i = 0; i < 5; i++) {
          act(() => {
            TestUtils.Simulate.dragOver(grid, {
              currentTarget: {
                getBoundingClientRect: () => ({ left: 0, top: 0 })
              },
              clientX: 200 + i * 20,
              clientY: 100 + i * 20,
              nativeEvent: {
                target: document.createElement(""div"")
              }
            });
          });
        }

        // Step 3: Drag leave (move outside the grid without releasing)
        // This is where the infinite loop would occur in #2210
        act(() => {
          TestUtils.Simulate.dragLeave(grid, {
            clientX: -100,
            clientY: -100
          });
        });

        // If we get here without timing out, the fix is working
        // The dropping placeholder should have been removed from internal state (only 1 item now)
        expect(container.querySelectorAll("".react-grid-item"").length).toBe(1);

        // And still should not be in public layout
        layoutCalls = onLayoutChange.mock.calls;
        const lastLayout = layoutCalls[layoutCalls.length - 1]?.[0] || [];
        hasDroppedItemInPublicLayout = lastLayout.some(
          item => item.i === ""__dropping-elem__""
        );
        expect(hasDroppedItemInPublicLayout).toBe(false);

        // Verify onDrag wasn't called excessively (would indicate infinite loop)
        // We expect 5 drag calls from step 2, plus maybe a few more, but not 50+
        const totalDragCalls = onDrag.mock.calls.length;
        expect(totalDragCalls).toBeLessThan(50);

        // Verify no ""Maximum update depth exceeded"" errors
        const maxDepthErrors = consoleError.mock.calls.filter(call =>
          call[0]?.includes?.(""Maximum update depth exceeded"")
        );
        expect(maxDepthErrors).toHaveLength(0);

        consoleError.mockRestore();
      })",916,1041,steel
/test/spec/lifecycle-test.js,Magic Number,"{'line': 1019, 'column': 75, 'index': 34308}","it(""does not cause Maximum update depth exceeded when dragging in then out (#2210)"", function () {
        // This test verifies the fix for issue #2210 where dragging an item INTO
        // the grid and then moving it OUTSIDE without releasing the mouse button
        // would cause an infinite update loop.
        //
        // The scenario is:
        // 1. Drag an external item over the grid (creates dropping placeholder)
        // 2. Move the item outside the grid (triggers dragLeave)
        // 3. The dropping placeholder is removed but this triggers state updates
        //    that cause the GridItem's useEffect to fire with stale callbacks
        const consoleError = jest
          .spyOn(console, ""error"")
          .mockImplementation(() => {});
        const onLayoutChange = jest.fn();
        const onDropDragOver = jest.fn(() => ({ w: 2, h: 2 }));
        const onDrag = jest.fn();
        const onDragStart = jest.fn();

        const { container } = render(
          <ReactGridLayout
            className=""layout""
            cols={12}
            rowHeight={30}
            width={1200}
            isDroppable={true}
            onDropDragOver={onDropDragOver}
            onLayoutChange={onLayoutChange}
            onDrag={onDrag}
            onDragStart={onDragStart}
          >
            <div key=""a"" data-grid={{ x: 0, y: 0, w: 2, h: 2 }}>
              a
            </div>
          </ReactGridLayout>
        );

        const grid = container.querySelector("".react-grid-layout"");

        // Step 1: Drag into the grid (creates dropping placeholder)
        act(() => {
          TestUtils.Simulate.dragEnter(grid, {
            clientX: 200,
            clientY: 100
          });
        });

        act(() => {
          TestUtils.Simulate.dragOver(grid, {
            currentTarget: {
              getBoundingClientRect: () => ({ left: 0, top: 0 })
            },
            clientX: 200,
            clientY: 100,
            nativeEvent: {
              target: document.createElement(""div"")
            }
          });
        });

        // Verify the dropping placeholder is rendered in the DOM (internal state)
        // The grid has: 1 original item, 1 dropping item, and 1 active placeholder = 3
        expect(
          container.querySelectorAll("".react-grid-item"").length
        ).toBeGreaterThanOrEqual(2);

        // But it should NOT be in onLayoutChange (public state) - this is expected behavior
        // since #2210 fix: dropping placeholder is transient internal state
        let layoutCalls = onLayoutChange.mock.calls;
        let hasDroppedItemInPublicLayout = layoutCalls.some(call =>
          call[0].some(item => item.i === ""__dropping-elem__"")
        );
        expect(hasDroppedItemInPublicLayout).toBe(false);

        // Record how many times onDrag was called
        const _dragCallsBefore = onDrag.mock.calls.length;

        // Step 2: Move the item around inside the grid (multiple moves)
        for (let i = 0; i < 5; i++) {
          act(() => {
            TestUtils.Simulate.dragOver(grid, {
              currentTarget: {
                getBoundingClientRect: () => ({ left: 0, top: 0 })
              },
              clientX: 200 + i * 20,
              clientY: 100 + i * 20,
              nativeEvent: {
                target: document.createElement(""div"")
              }
            });
          });
        }

        // Step 3: Drag leave (move outside the grid without releasing)
        // This is where the infinite loop would occur in #2210
        act(() => {
          TestUtils.Simulate.dragLeave(grid, {
            clientX: -100,
            clientY: -100
          });
        });

        // If we get here without timing out, the fix is working
        // The dropping placeholder should have been removed from internal state (only 1 item now)
        expect(container.querySelectorAll("".react-grid-item"").length).toBe(1);

        // And still should not be in public layout
        layoutCalls = onLayoutChange.mock.calls;
        const lastLayout = layoutCalls[layoutCalls.length - 1]?.[0] || [];
        hasDroppedItemInPublicLayout = lastLayout.some(
          item => item.i === ""__dropping-elem__""
        );
        expect(hasDroppedItemInPublicLayout).toBe(false);

        // Verify onDrag wasn't called excessively (would indicate infinite loop)
        // We expect 5 drag calls from step 2, plus maybe a few more, but not 50+
        const totalDragCalls = onDrag.mock.calls.length;
        expect(totalDragCalls).toBeLessThan(50);

        // Verify no ""Maximum update depth exceeded"" errors
        const maxDepthErrors = consoleError.mock.calls.filter(call =>
          call[0]?.includes?.(""Maximum update depth exceeded"")
        );
        expect(maxDepthErrors).toHaveLength(0);

        consoleError.mockRestore();
      })",916,1041,steel
/test/spec/lifecycle-test.js,Magic Number,"{'line': 1032, 'column': 44, 'index': 34929}","it(""does not cause Maximum update depth exceeded when dragging in then out (#2210)"", function () {
        // This test verifies the fix for issue #2210 where dragging an item INTO
        // the grid and then moving it OUTSIDE without releasing the mouse button
        // would cause an infinite update loop.
        //
        // The scenario is:
        // 1. Drag an external item over the grid (creates dropping placeholder)
        // 2. Move the item outside the grid (triggers dragLeave)
        // 3. The dropping placeholder is removed but this triggers state updates
        //    that cause the GridItem's useEffect to fire with stale callbacks
        const consoleError = jest
          .spyOn(console, ""error"")
          .mockImplementation(() => {});
        const onLayoutChange = jest.fn();
        const onDropDragOver = jest.fn(() => ({ w: 2, h: 2 }));
        const onDrag = jest.fn();
        const onDragStart = jest.fn();

        const { container } = render(
          <ReactGridLayout
            className=""layout""
            cols={12}
            rowHeight={30}
            width={1200}
            isDroppable={true}
            onDropDragOver={onDropDragOver}
            onLayoutChange={onLayoutChange}
            onDrag={onDrag}
            onDragStart={onDragStart}
          >
            <div key=""a"" data-grid={{ x: 0, y: 0, w: 2, h: 2 }}>
              a
            </div>
          </ReactGridLayout>
        );

        const grid = container.querySelector("".react-grid-layout"");

        // Step 1: Drag into the grid (creates dropping placeholder)
        act(() => {
          TestUtils.Simulate.dragEnter(grid, {
            clientX: 200,
            clientY: 100
          });
        });

        act(() => {
          TestUtils.Simulate.dragOver(grid, {
            currentTarget: {
              getBoundingClientRect: () => ({ left: 0, top: 0 })
            },
            clientX: 200,
            clientY: 100,
            nativeEvent: {
              target: document.createElement(""div"")
            }
          });
        });

        // Verify the dropping placeholder is rendered in the DOM (internal state)
        // The grid has: 1 original item, 1 dropping item, and 1 active placeholder = 3
        expect(
          container.querySelectorAll("".react-grid-item"").length
        ).toBeGreaterThanOrEqual(2);

        // But it should NOT be in onLayoutChange (public state) - this is expected behavior
        // since #2210 fix: dropping placeholder is transient internal state
        let layoutCalls = onLayoutChange.mock.calls;
        let hasDroppedItemInPublicLayout = layoutCalls.some(call =>
          call[0].some(item => item.i === ""__dropping-elem__"")
        );
        expect(hasDroppedItemInPublicLayout).toBe(false);

        // Record how many times onDrag was called
        const _dragCallsBefore = onDrag.mock.calls.length;

        // Step 2: Move the item around inside the grid (multiple moves)
        for (let i = 0; i < 5; i++) {
          act(() => {
            TestUtils.Simulate.dragOver(grid, {
              currentTarget: {
                getBoundingClientRect: () => ({ left: 0, top: 0 })
              },
              clientX: 200 + i * 20,
              clientY: 100 + i * 20,
              nativeEvent: {
                target: document.createElement(""div"")
              }
            });
          });
        }

        // Step 3: Drag leave (move outside the grid without releasing)
        // This is where the infinite loop would occur in #2210
        act(() => {
          TestUtils.Simulate.dragLeave(grid, {
            clientX: -100,
            clientY: -100
          });
        });

        // If we get here without timing out, the fix is working
        // The dropping placeholder should have been removed from internal state (only 1 item now)
        expect(container.querySelectorAll("".react-grid-item"").length).toBe(1);

        // And still should not be in public layout
        layoutCalls = onLayoutChange.mock.calls;
        const lastLayout = layoutCalls[layoutCalls.length - 1]?.[0] || [];
        hasDroppedItemInPublicLayout = lastLayout.some(
          item => item.i === ""__dropping-elem__""
        );
        expect(hasDroppedItemInPublicLayout).toBe(false);

        // Verify onDrag wasn't called excessively (would indicate infinite loop)
        // We expect 5 drag calls from step 2, plus maybe a few more, but not 50+
        const totalDragCalls = onDrag.mock.calls.length;
        expect(totalDragCalls).toBeLessThan(50);

        // Verify no ""Maximum update depth exceeded"" errors
        const maxDepthErrors = consoleError.mock.calls.filter(call =>
          call[0]?.includes?.(""Maximum update depth exceeded"")
        );
        expect(maxDepthErrors).toHaveLength(0);

        consoleError.mockRestore();
      })",916,1041,steel
/test/spec/lifecycle-test.js,Magic Number,"{'line': 1038, 'column': 44, 'index': 35183}","it(""does not cause Maximum update depth exceeded when dragging in then out (#2210)"", function () {
        // This test verifies the fix for issue #2210 where dragging an item INTO
        // the grid and then moving it OUTSIDE without releasing the mouse button
        // would cause an infinite update loop.
        //
        // The scenario is:
        // 1. Drag an external item over the grid (creates dropping placeholder)
        // 2. Move the item outside the grid (triggers dragLeave)
        // 3. The dropping placeholder is removed but this triggers state updates
        //    that cause the GridItem's useEffect to fire with stale callbacks
        const consoleError = jest
          .spyOn(console, ""error"")
          .mockImplementation(() => {});
        const onLayoutChange = jest.fn();
        const onDropDragOver = jest.fn(() => ({ w: 2, h: 2 }));
        const onDrag = jest.fn();
        const onDragStart = jest.fn();

        const { container } = render(
          <ReactGridLayout
            className=""layout""
            cols={12}
            rowHeight={30}
            width={1200}
            isDroppable={true}
            onDropDragOver={onDropDragOver}
            onLayoutChange={onLayoutChange}
            onDrag={onDrag}
            onDragStart={onDragStart}
          >
            <div key=""a"" data-grid={{ x: 0, y: 0, w: 2, h: 2 }}>
              a
            </div>
          </ReactGridLayout>
        );

        const grid = container.querySelector("".react-grid-layout"");

        // Step 1: Drag into the grid (creates dropping placeholder)
        act(() => {
          TestUtils.Simulate.dragEnter(grid, {
            clientX: 200,
            clientY: 100
          });
        });

        act(() => {
          TestUtils.Simulate.dragOver(grid, {
            currentTarget: {
              getBoundingClientRect: () => ({ left: 0, top: 0 })
            },
            clientX: 200,
            clientY: 100,
            nativeEvent: {
              target: document.createElement(""div"")
            }
          });
        });

        // Verify the dropping placeholder is rendered in the DOM (internal state)
        // The grid has: 1 original item, 1 dropping item, and 1 active placeholder = 3
        expect(
          container.querySelectorAll("".react-grid-item"").length
        ).toBeGreaterThanOrEqual(2);

        // But it should NOT be in onLayoutChange (public state) - this is expected behavior
        // since #2210 fix: dropping placeholder is transient internal state
        let layoutCalls = onLayoutChange.mock.calls;
        let hasDroppedItemInPublicLayout = layoutCalls.some(call =>
          call[0].some(item => item.i === ""__dropping-elem__"")
        );
        expect(hasDroppedItemInPublicLayout).toBe(false);

        // Record how many times onDrag was called
        const _dragCallsBefore = onDrag.mock.calls.length;

        // Step 2: Move the item around inside the grid (multiple moves)
        for (let i = 0; i < 5; i++) {
          act(() => {
            TestUtils.Simulate.dragOver(grid, {
              currentTarget: {
                getBoundingClientRect: () => ({ left: 0, top: 0 })
              },
              clientX: 200 + i * 20,
              clientY: 100 + i * 20,
              nativeEvent: {
                target: document.createElement(""div"")
              }
            });
          });
        }

        // Step 3: Drag leave (move outside the grid without releasing)
        // This is where the infinite loop would occur in #2210
        act(() => {
          TestUtils.Simulate.dragLeave(grid, {
            clientX: -100,
            clientY: -100
          });
        });

        // If we get here without timing out, the fix is working
        // The dropping placeholder should have been removed from internal state (only 1 item now)
        expect(container.querySelectorAll("".react-grid-item"").length).toBe(1);

        // And still should not be in public layout
        layoutCalls = onLayoutChange.mock.calls;
        const lastLayout = layoutCalls[layoutCalls.length - 1]?.[0] || [];
        hasDroppedItemInPublicLayout = lastLayout.some(
          item => item.i === ""__dropping-elem__""
        );
        expect(hasDroppedItemInPublicLayout).toBe(false);

        // Verify onDrag wasn't called excessively (would indicate infinite loop)
        // We expect 5 drag calls from step 2, plus maybe a few more, but not 50+
        const totalDragCalls = onDrag.mock.calls.length;
        expect(totalDragCalls).toBeLessThan(50);

        // Verify no ""Maximum update depth exceeded"" errors
        const maxDepthErrors = consoleError.mock.calls.filter(call =>
          call[0]?.includes?.(""Maximum update depth exceeded"")
        );
        expect(maxDepthErrors).toHaveLength(0);

        consoleError.mockRestore();
      })",916,1041,steel
/test/spec/lifecycle-test.js,Magic Number,"{'line': 1119, 'column': 44, 'index': 37697}","it(""does not cause Maximum update depth exceeded with v2 API GridLayout (#2210)"", function () {
        const consoleError = jest
          .spyOn(console, ""error"")
          .mockImplementation(() => {});
        const onLayoutChange = jest.fn();
        const onDragOver = jest.fn(() => ({ w: 2, h: 2 }));
        const onDrag = jest.fn();
        const onDragStart = jest.fn();

        const { container } = render(
          <GridLayoutV2
            className=""layout""
            gridConfig={{ cols: 12, rowHeight: 30 }}
            width={1200}
            layout={[{ i: ""a"", x: 0, y: 0, w: 2, h: 2 }]}
            dropConfig={{ enabled: true, onDragOver }}
            onLayoutChange={onLayoutChange}
            onDrag={onDrag}
            onDragStart={onDragStart}
          >
            <div key=""a"">a</div>
          </GridLayoutV2>
        );

        const grid = container.querySelector("".react-grid-layout"");

        // Step 1: Drag into the grid (creates dropping placeholder)
        act(() => {
          TestUtils.Simulate.dragEnter(grid, {
            clientX: 200,
            clientY: 100
          });
        });

        act(() => {
          TestUtils.Simulate.dragOver(grid, {
            currentTarget: {
              getBoundingClientRect: () => ({ left: 0, top: 0 })
            },
            clientX: 200,
            clientY: 100,
            nativeEvent: {
              target: document.createElement(""div"")
            }
          });
        });

        // Step 2: Move around inside multiple times
        for (let i = 0; i < 5; i++) {
          act(() => {
            TestUtils.Simulate.dragOver(grid, {
              currentTarget: {
                getBoundingClientRect: () => ({ left: 0, top: 0 })
              },
              clientX: 200 + i * 30,
              clientY: 100 + i * 30,
              nativeEvent: {
                target: document.createElement(""div"")
              }
            });
          });
        }

        // Step 3: Drag out
        act(() => {
          TestUtils.Simulate.dragLeave(grid, {
            clientX: -100,
            clientY: -100
          });
        });

        // Verify no ""Maximum update depth exceeded"" errors
        const maxDepthErrors = consoleError.mock.calls.filter(call =>
          call[0]?.includes?.(""Maximum update depth exceeded"")
        );
        expect(maxDepthErrors).toHaveLength(0);

        consoleError.mockRestore();
      })",1044,1122,steel
/test/spec/lifecycle-test.js,Magic Number,"{'line': 1201, 'column': 44, 'index': 40257}","it(""does not cause Maximum update depth exceeded with ResponsiveReactGridLayout (#2210)"", function () {
        const consoleError = jest
          .spyOn(console, ""error"")
          .mockImplementation(() => {});
        const onLayoutChange = jest.fn();
        const onDropDragOver = jest.fn(() => ({ w: 2, h: 2 }));

        const { container } = render(
          <ResponsiveReactGridLayout
            className=""layout""
            cols={{ lg: 12, md: 10, sm: 6, xs: 4, xxs: 2 }}
            breakpoints={{ lg: 1200, md: 996, sm: 768, xs: 480, xxs: 0 }}
            rowHeight={30}
            width={1200}
            isDroppable={true}
            onDropDragOver={onDropDragOver}
            onLayoutChange={onLayoutChange}
            layouts={{
              lg: [{ i: ""a"", x: 0, y: 0, w: 2, h: 2 }]
            }}
          >
            <div key=""a"">a</div>
          </ResponsiveReactGridLayout>
        );

        const grid = container.querySelector("".react-grid-layout"");

        // Step 1: Drag into the grid (creates dropping placeholder)
        act(() => {
          TestUtils.Simulate.dragEnter(grid, {
            clientX: 200,
            clientY: 100
          });
        });

        act(() => {
          TestUtils.Simulate.dragOver(grid, {
            currentTarget: {
              getBoundingClientRect: () => ({ left: 0, top: 0 })
            },
            clientX: 200,
            clientY: 100,
            nativeEvent: {
              target: document.createElement(""div"")
            }
          });
        });

        // Step 2: Move around inside
        for (let i = 0; i < 3; i++) {
          act(() => {
            TestUtils.Simulate.dragOver(grid, {
              currentTarget: {
                getBoundingClientRect: () => ({ left: 0, top: 0 })
              },
              clientX: 200 + i * 20,
              clientY: 100 + i * 20,
              nativeEvent: {
                target: document.createElement(""div"")
              }
            });
          });
        }

        // Step 3: Drag out
        act(() => {
          TestUtils.Simulate.dragLeave(grid, {
            clientX: -100,
            clientY: -100
          });
        });

        // Verify no ""Maximum update depth exceeded"" errors
        const maxDepthErrors = consoleError.mock.calls.filter(call =>
          call[0]?.includes?.(""Maximum update depth exceeded"")
        );
        expect(maxDepthErrors).toHaveLength(0);

        consoleError.mockRestore();
      })",1125,1204,steel
/test/spec/lifecycle-test.js,Magic Number,"{'line': 1309, 'column': 44, 'index': 43954}","it(""does not cause Maximum update depth exceeded with controlled state where children derive from layout (#2210)"", function () {
        // This test replicates the exact scenario from the bug report:
        // - User has controlled state where onLayoutChange updates their layout state
        // - Children are memoized and derived from that state
        // - Items start at x:0, y:0 with only 2 columns (causing compaction on each drag)
        // - Dragging in, moving around, then dragging out should NOT cause infinite loops
        const consoleError = jest
          .spyOn(console, ""error"")
          .mockImplementation(() => {});

        function ControlledDroppableGrid() {
          const [layouts, setLayouts] = React.useState([
            { i: ""0"", x: 0, y: 0, w: 1, h: 2 },
            { i: ""1"", x: 0, y: 0, w: 1, h: 2 },
            { i: ""2"", x: 0, y: 0, w: 1, h: 2 },
            { i: ""3"", x: 0, y: 0, w: 1, h: 2 },
            { i: ""4"", x: 0, y: 0, w: 1, h: 2 }
          ]);

          const handleLayoutChange = React.useCallback(layout => {
            setLayouts(layout);
          }, []);

          // Children derived from layouts - key part of the bug reproduction
          const children = React.useMemo(() => {
            return layouts.map(l => (
              <div key={l.i} className=""grid-item"">
                {l.i}
              </div>
            ));
          }, [layouts]);

          return (
            <GridLayoutV2
              className=""layout""
              layout={layouts}
              gridConfig={{ cols: 2, rowHeight: 30 }}
              width={400}
              onLayoutChange={handleLayoutChange}
              dropConfig={{
                enabled: true,
                defaultItem: { w: 1, h: 2 }
              }}
            >
              {children}
            </GridLayoutV2>
          );
        }

        const { container } = render(<ControlledDroppableGrid />);
        const grid = container.querySelector("".react-grid-layout"");

        // Step 1: Drag into the grid
        act(() => {
          TestUtils.Simulate.dragEnter(grid, {
            clientX: 100,
            clientY: 50
          });
        });

        act(() => {
          TestUtils.Simulate.dragOver(grid, {
            currentTarget: {
              getBoundingClientRect: () => ({ left: 0, top: 0 })
            },
            clientX: 100,
            clientY: 50,
            nativeEvent: {
              target: document.createElement(""div"")
            }
          });
        });

        // Step 2: Move around inside the grid
        for (let i = 0; i < 5; i++) {
          act(() => {
            TestUtils.Simulate.dragOver(grid, {
              currentTarget: {
                getBoundingClientRect: () => ({ left: 0, top: 0 })
              },
              clientX: 100 + i * 20,
              clientY: 50 + i * 20,
              nativeEvent: {
                target: document.createElement(""div"")
              }
            });
          });
        }

        // Step 3: Drag out without releasing (this is where the infinite loop occurred)
        act(() => {
          TestUtils.Simulate.dragLeave(grid, {
            clientX: -100,
            clientY: -100
          });
        });

        // If we get here without timing out, the fix is working
        // Verify no ""Maximum update depth exceeded"" errors
        const maxDepthErrors = consoleError.mock.calls.filter(call =>
          call[0]?.includes?.(""Maximum update depth exceeded"")
        );
        expect(maxDepthErrors).toHaveLength(0);

        consoleError.mockRestore();
      })",1207,1312,steel
/test/spec/lifecycle-test.js,Magic Number,"{'line': 1380, 'column': 44, 'index': 46292}","it(""does not cause Maximum update depth exceeded during repeated drag in/out cycles (#2210)"", function () {
        // This test verifies that repeatedly dragging an item INTO and then OUT OF
        // the grid (without releasing) doesn't cause infinite loops.
        const consoleError = jest
          .spyOn(console, ""error"")
          .mockImplementation(() => {});
        const onLayoutChange = jest.fn();
        const onDropDragOver = jest.fn(() => ({ w: 2, h: 2 }));

        const { container } = render(
          <ReactGridLayout
            className=""layout""
            cols={12}
            rowHeight={30}
            width={1200}
            isDroppable={true}
            onDropDragOver={onDropDragOver}
            onLayoutChange={onLayoutChange}
          >
            <div key=""a"" data-grid={{ x: 0, y: 0, w: 2, h: 2 }}>
              a
            </div>
          </ReactGridLayout>
        );

        const grid = container.querySelector("".react-grid-layout"");

        // Perform multiple drag in/out cycles
        for (let cycle = 0; cycle < 5; cycle++) {
          // Drag in
          act(() => {
            TestUtils.Simulate.dragEnter(grid, {
              clientX: 200,
              clientY: 100
            });
          });

          // Move around inside
          act(() => {
            TestUtils.Simulate.dragOver(grid, {
              currentTarget: {
                getBoundingClientRect: () => ({ left: 0, top: 0 })
              },
              clientX: 200 + cycle * 10,
              clientY: 100 + cycle * 10,
              nativeEvent: {
                target: document.createElement(""div"")
              }
            });
          });

          // Drag out (without releasing)
          act(() => {
            TestUtils.Simulate.dragLeave(grid, {
              clientX: -100,
              clientY: -100
            });
          });
        }

        // If we get here without timing out or crashing, the fix is working
        // Verify no ""Maximum update depth exceeded"" errors
        const maxDepthErrors = consoleError.mock.calls.filter(call =>
          call[0]?.includes?.(""Maximum update depth exceeded"")
        );
        expect(maxDepthErrors).toHaveLength(0);

        consoleError.mockRestore();
      })",1315,1383,steel
/test/spec/lifecycle-test.js,Magic Number,"{'line': 1555, 'column': 49, 'index': 51156}","it(""sets up resizable handles"", () => {
        const { container } = render(<ResizableLayout />);

        // Ensure every handle is present on the target element
        [""n"", ""ne"", ""e"", ""se"", ""s"", ""sw"", ""w"", ""nw""].forEach(handle => {
          const handles = container.querySelectorAll(
            `.react-resizable-handle-${handle}`
          );
          expect(handles.length).toBeGreaterThan(0);
        });
      })",1547,1557,steel
/test/spec/lifecycle-test.js,Magic Number,"{'line': 1958, 'column': 50, 'index': 62932}","it(""Does not allow elements to move when resizing with no free space"", () => {
          const onLayoutChange = jest.fn();
          const { container } = render(
            <PreventCollisionContainer
              layoutA={{ x: 0, y: 0, w: 1, h: 2 }}
              layoutB={{ x: 1, y: 0, w: 7, h: 2 }}
              onLayoutChange={onLayoutChange}
            />
          );

          // Get initial layout
          onLayoutChange.mockClear();

          const handle = container.querySelector("".react-resizable-handle-e"");
          act(() => {
            simulateDrag(handle, 100, 30, 300, 30);
          });

          // Layout should be called but item 0 should not be able to expand
          // because item 1 is blocking it
          if (onLayoutChange.mock.calls.length > 0) {
            const layout =
              onLayoutChange.mock.calls[
                onLayoutChange.mock.calls.length - 1
              ][0];
            const item0 = layout.find(item => item.i === ""0"");
            // Width should be at most 1 because of collision
            if (item0) {
              expect(item0.w).toBeLessThanOrEqual(1);
            }
          }
        })",1930,1961,steel
/test/spec/lifecycle-test.js,Magic Number,"{'line': 2087, 'column': 51, 'index': 66954}","it(""constrains movement when isBounded is true"", function () {
        const onDragStart = jest.fn();
        const onDragStop = jest.fn();
        const { container } = render(
          <ReactGridLayout
            className=""layout""
            cols={12}
            rowHeight={30}
            width={1200}
            isBounded={true}
            onDragStart={onDragStart}
            onDragStop={onDragStop}
          >
            <div key=""a"" data-grid={{ x: 0, y: 0, w: 2, h: 2 }}>
              a
            </div>
          </ReactGridLayout>
        );

        const gridItem = container.querySelector("".react-grid-item"");

        // Start drag
        act(() => {
          dispatchMouseEvent(gridItem, ""mousedown"", {
            clientX: 50,
            clientY: 50
          });
        });

        expect(onDragStart).toHaveBeenCalled();

        // Try to drag way outside bounds (negative coordinates)
        act(() => {
          mouseMove(-500, -500, gridItem);
          const mouseUpEvent = new MouseEvent(""mouseup"", {
            bubbles: true,
            cancelable: true,
            view: window,
            clientX: -500,
            clientY: -500,
            button: 0
          });
          document.dispatchEvent(mouseUpEvent);
        });

        // Should have been called and position should be constrained
        expect(onDragStop).toHaveBeenCalled();
        const callArgs = onDragStop.mock.calls[0];
        // onDragStop(layout, oldItem, newItem, placeholder, e, node)
        const newItem = callArgs[2]; // newItem is the third argument
        // x and y should be constrained to valid values (>= 0)
        expect(newItem).toBeDefined();
        if (newItem) {
          expect(newItem.x).toBeGreaterThanOrEqual(0);
          expect(newItem.y).toBeGreaterThanOrEqual(0);
        }
      })",2034,2090,steel
/test/spec/lifecycle-test.js,Magic Number,"{'line': 2088, 'column': 51, 'index': 67009}","it(""constrains movement when isBounded is true"", function () {
        const onDragStart = jest.fn();
        const onDragStop = jest.fn();
        const { container } = render(
          <ReactGridLayout
            className=""layout""
            cols={12}
            rowHeight={30}
            width={1200}
            isBounded={true}
            onDragStart={onDragStart}
            onDragStop={onDragStop}
          >
            <div key=""a"" data-grid={{ x: 0, y: 0, w: 2, h: 2 }}>
              a
            </div>
          </ReactGridLayout>
        );

        const gridItem = container.querySelector("".react-grid-item"");

        // Start drag
        act(() => {
          dispatchMouseEvent(gridItem, ""mousedown"", {
            clientX: 50,
            clientY: 50
          });
        });

        expect(onDragStart).toHaveBeenCalled();

        // Try to drag way outside bounds (negative coordinates)
        act(() => {
          mouseMove(-500, -500, gridItem);
          const mouseUpEvent = new MouseEvent(""mouseup"", {
            bubbles: true,
            cancelable: true,
            view: window,
            clientX: -500,
            clientY: -500,
            button: 0
          });
          document.dispatchEvent(mouseUpEvent);
        });

        // Should have been called and position should be constrained
        expect(onDragStop).toHaveBeenCalled();
        const callArgs = onDragStop.mock.calls[0];
        // onDragStop(layout, oldItem, newItem, placeholder, e, node)
        const newItem = callArgs[2]; // newItem is the third argument
        // x and y should be constrained to valid values (>= 0)
        expect(newItem).toBeDefined();
        if (newItem) {
          expect(newItem.x).toBeGreaterThanOrEqual(0);
          expect(newItem.y).toBeGreaterThanOrEqual(0);
        }
      })",2034,2090,steel
/test/spec/lifecycle-test.js,Magic Number,"{'line': 2181, 'column': 42, 'index': 69599}","it(""renders without errors in StrictMode"", function () {
      const consoleError = jest
        .spyOn(console, ""error"")
        .mockImplementation(() => {});

      const { container } = render(
        <StrictMode>
          <ReactGridLayout
            className=""layout""
            cols={12}
            rowHeight={30}
            width={1200}
          >
            <div key=""a"" data-grid={{ x: 0, y: 0, w: 2, h: 2 }}>
              a
            </div>
          </ReactGridLayout>
        </StrictMode>
      );

      expect(container.querySelector("".react-grid-layout"")).toBeInTheDocument();

      // Filter out non-critical warnings
      const criticalErrors = consoleError.mock.calls.filter(
        call =>
          !call[0]?.includes?.(""act("") &&
          !call[0]?.includes?.(""Warning: ReactDOM.render"") &&
          // StrictMode double-renders can cause drag state issues in tests - not a real error
          !call[0]?.message?.includes?.(""onDrag"") &&
          !call[0]?.message?.includes?.(""onDragEnd"")
      );

      // Should have no critical React 18 related errors
      expect(criticalErrors).toHaveLength(0);

      consoleError.mockRestore();
    })",2148,2184,steel
/test/spec/lifecycle-test.js,Magic Number,"{'line': 2229, 'column': 45, 'index': 70900}","it(""handles concurrent updates without warnings"", function () {
      const consoleError = jest
        .spyOn(console, ""error"")
        .mockImplementation(() => {});

      const { rerender } = render(
        <ReactGridLayout
          className=""layout""
          cols={12}
          rowHeight={30}
          width={1200}
        >
          <div key=""a"" data-grid={{ x: 0, y: 0, w: 2, h: 2 }}>
            a
          </div>
        </ReactGridLayout>
      );

      // Rapidly rerender multiple times (simulates concurrent updates)
      act(() => {
        for (let i = 0; i < 5; i++) {
          rerender(
            <ReactGridLayout
              className=""layout""
              cols={12}
              rowHeight={30}
              width={1200 + i * 10}
            >
              <div key=""a"" data-grid={{ x: 0, y: 0, w: 2, h: 2 }}>
                a
              </div>
            </ReactGridLayout>
          );
        }
      });

      // Filter for flushSync warnings which indicate React 18 issues
      const flushSyncWarnings = consoleError.mock.calls.filter(
        call =>
          call[0]?.includes?.(""flushSync"") ||
          call[0]?.includes?.(""Cannot update"")
      );

      expect(flushSyncWarnings).toHaveLength(0);

      consoleError.mockRestore();
    })",2186,2232,steel
/test/spec/lifecycle-test.js,Magic Number,"{'line': 2257, 'column': 37, 'index': 71688}","it(""works with multiple grid items in StrictMode"", function () {
      const { container } = render(
        <StrictMode>
          <ReactGridLayout
            className=""layout""
            cols={12}
            rowHeight={30}
            width={1200}
          >
            <div key=""a"" data-grid={{ x: 0, y: 0, w: 2, h: 2 }}>
              a
            </div>
            <div key=""b"" data-grid={{ x: 2, y: 0, w: 2, h: 2 }}>
              b
            </div>
            <div key=""c"" data-grid={{ x: 4, y: 0, w: 2, h: 2 }}>
              c
            </div>
          </ReactGridLayout>
        </StrictMode>
      );

      const gridItems = container.querySelectorAll("".react-grid-item"");
      expect(gridItems).toHaveLength(3);
    })",2234,2258,steel
/test/spec/lifecycle-test.js,Magic Number,"{'line': 2282, 'column': 37, 'index': 72401}","it(""positions items correctly based on data-grid"", function () {
      const { container } = render(
        <ReactGridLayout
          className=""layout""
          cols={12}
          rowHeight={30}
          width={1200}
          margin={[10, 10]}
          containerPadding={[10, 10]}
        >
          <div key=""a"" data-grid={{ x: 0, y: 0, w: 2, h: 2 }}>
            a
          </div>
          <div key=""b"" data-grid={{ x: 2, y: 0, w: 2, h: 2 }}>
            b
          </div>
        </ReactGridLayout>
      );

      const gridItems = container.querySelectorAll("".react-grid-item"");
      expect(gridItems).toHaveLength(2);

      // Both items should have transform styles applied
      gridItems.forEach(item => {
        const style = item.getAttribute(""style"");
        expect(style).toContain(""transform"");
      });
    })",2262,2289,steel
/test/spec/lifecycle-test.js,Magic Number,"{'line': 2677, 'column': 37, 'index': 84779}","it(""does not cause item to jump on drag start with default positionStrategy"", function () {
      const onDrag = jest.fn();
      const onDragStart = jest.fn();

      // Create a grid with known position - item at grid position (0,0)
      // With width=1200, cols=12, rowHeight=30, margin=[10,10]
      // Item w=2, h=2 should be at pixel position (10, 10) with size 190x60
      const { container } = render(
        <GridLayoutV2
          className=""layout""
          gridConfig={{ cols: 12, rowHeight: 30, margin: [10, 10] }}
          width={1200}
          layout={[{ i: ""a"", x: 0, y: 0, w: 2, h: 2 }]}
          dragConfig={{ enabled: true }}
          onDrag={onDrag}
          onDragStart={onDragStart}
        >
          <div key=""a"">a</div>
        </GridLayoutV2>
      );

      const gridItem = container.querySelector("".react-grid-item"");
      const gridLayout = container.querySelector("".react-grid-layout"");

      // Mock getBoundingClientRect to simulate the grid being at y=500 on the page
      // This is crucial - in jsdom, getBoundingClientRect returns zeros, so
      // the bug wouldn't manifest. In real browsers, the grid could be anywhere
      // on the page, and the bug would cause items to jump to screen position.
      const originalGetBoundingClientRect =
        gridLayout.getBoundingClientRect.bind(gridLayout);
      gridLayout.getBoundingClientRect = () => ({
        ...originalGetBoundingClientRect(),
        top: 500, // Simulate grid is 500px from top of page
        left: 0,
        width: 1200,
        height: 600
      });

      // Also mock the grid item's getBoundingClientRect
      const originalItemGetBoundingClientRect =
        gridItem.getBoundingClientRect.bind(gridItem);
      gridItem.getBoundingClientRect = () => ({
        ...originalItemGetBoundingClientRect(),
        top: 510, // Item is at y=10 relative to grid, so 500+10=510 on page
        left: 10,
        width: 190,
        height: 60
      });

      // Start drag - click at screen position (20, 520) which is inside the item
      // The item is at screen position (10, 510) to (200, 570)
      act(() => {
        dispatchMouseEvent(gridItem, ""mousedown"", {
          clientX: 20,
          clientY: 520 // Screen Y position (500 grid offset + 20)
        });
      });

      // Move a small amount (just enough to trigger drag start)
      act(() => {
        mouseMove(25, 525, gridItem);
      });

      // onDragStart should have been called
      expect(onDragStart).toHaveBeenCalled();

      // Now move a bit more
      act(() => {
        mouseMove(30, 530, gridItem);
      });

      // Verify onDrag was called
      expect(onDrag).toHaveBeenCalled();

      // Get the last onDrag call arguments
      // onDrag signature: (layout, oldItem, newItem, placeholder, event, element)
      const dragCall = onDrag.mock.calls[onDrag.mock.calls.length - 1];
      const newItem = dragCall[2]; // The item being dragged

      // The key test: verify the item hasn't jumped to a position way off from
      // where it started. With the bug, calcDragPosition returns screen coordinates
      // (clientY - offsetY = 520 - 10 = 510), which would be converted to grid
      // position around y=12+ (510 / (30+10) = 12.75).
      //
      // Without the bug, the position is calculated parent-relative:
      // (520 - 500 - offsetY_within_item) ≈ 10-20 pixels, which is y=0 in grid.
      //
      // Allow some tolerance since the mouse moved a bit.
      expect(newItem.y).toBeLessThan(5); // Should be near top (y=0-1), not jumped to y=12+

      // Clean up
      act(() => {
        const mouseUpEvent = new MouseEvent(""mouseup"", {
          bubbles: true,
          cancelable: true,
          view: window,
          clientX: 30,
          clientY: 530,
          button: 0
        });
        document.dispatchEvent(mouseUpEvent);
      });
    })",2589,2691,steel
/test/spec/fast-horizontal-compactor-test.js,Conditional Test Logic,"{'line': 23, 'column': 2, 'index': 615}",Unknown,,,steel
/test/spec/fast-horizontal-compactor-test.js,Conditional Test Logic,"{'line': 40, 'column': 2, 'index': 1069}",Unknown,,,steel
/test/spec/fast-horizontal-compactor-test.js,Conditional Test Logic,"{'line': 55, 'column': 2, 'index': 1370}",Unknown,,,steel
/test/spec/fast-horizontal-compactor-test.js,Conditional Test Logic,"{'line': 69, 'column': 2, 'index': 1770}",Unknown,,,steel
/test/spec/fast-horizontal-compactor-test.js,Conditional Test Logic,"{'line': 70, 'column': 4, 'index': 1816}",Unknown,,,steel
/test/spec/fast-horizontal-compactor-test.js,Conditional Test Logic,"{'line': 71, 'column': 6, 'index': 1868}",Unknown,,,steel
/test/spec/fast-horizontal-compactor-test.js,Conditional Test Logic,"{'line': 73, 'column': 8, 'index': 1971}",Unknown,,,steel
/test/spec/fast-horizontal-compactor-test.js,Conditional Test Logic,"{'line': 84, 'column': 2, 'index': 2189}",Unknown,,,steel
/test/spec/fast-horizontal-compactor-test.js,Conditional Test Logic,"{'line': 99, 'column': 6, 'index': 2615}","it(""produces a valid layout with no overlaps"", () => {
      for (let run = 0; run < 10; run++) {
        const cols = 6 + Math.floor(Math.random() * 6);
        const numItems = 2 + Math.floor(Math.random() * 20);
        const numStatics = Math.floor(Math.random() * numItems);

        const layout = generateRandomLayout(numItems, cols, numStatics);
        const compacted = fastHorizontalCompactor.compact(layout, cols);

        expect(hasOverlaps(compacted)).toBe(false);
      }
    })",98,109,steel
/test/spec/fast-horizontal-compactor-test.js,Conditional Test Logic,"{'line': 112, 'column': 6, 'index': 3126}","it(""is idempotent (compacting twice gives same result)"", () => {
      for (let run = 0; run < 5; run++) {
        const layout = generateRandomLayout(50, 12, 5);

        const compacted1 = fastHorizontalCompactor.compact(layout, 12);
        const compacted2 = fastHorizontalCompactor.compact(compacted1, 12);

        // Compare positions
        for (let i = 0; i < compacted1.length; i++) {
          const item1 = compacted1.find(l => l.i === compacted2[i].i);
          const item2 = compacted2[i];
          expect(item1.x).toBe(item2.x);
          expect(item1.y).toBe(item2.y);
        }
      }
    })",111,126,steel
/test/spec/fast-horizontal-compactor-test.js,Conditional Test Logic,"{'line': 119, 'column': 8, 'index': 3405}","it(""is idempotent (compacting twice gives same result)"", () => {
      for (let run = 0; run < 5; run++) {
        const layout = generateRandomLayout(50, 12, 5);

        const compacted1 = fastHorizontalCompactor.compact(layout, 12);
        const compacted2 = fastHorizontalCompactor.compact(compacted1, 12);

        // Compare positions
        for (let i = 0; i < compacted1.length; i++) {
          const item1 = compacted1.find(l => l.i === compacted2[i].i);
          const item2 = compacted2[i];
          expect(item1.x).toBe(item2.x);
          expect(item1.y).toBe(item2.y);
        }
      }
    })",111,126,steel
/test/spec/fast-horizontal-compactor-test.js,Conditional Test Logic,"{'line': 253, 'column': 8, 'index': 7860}","afterAll(() => {
      // Format time value
      const formatTime = time => {
        if (time < 0.001) return `${(time * 1_000_000).toFixed(2)} ns`;
        if (time < 1) return `${(time * 1000).toFixed(2)} µs`;
        if (time < 1000) return `${time.toFixed(2)} ms`;
        return `${(time / 1000).toFixed(2)} s`;
      };

      const lines = [
        """",
        ""┌──────────────────────────────────────────────────────────────────────────────────┐"",
        ""│                    ⚡ Horizontal Compactor Performance Comparison                │"",
        ""├──────────────────────────────────────────────────────────────────────────────────┤"",
        ""│ Items    │ Standard Horizontal   │ Fast Horizontal       │ Speedup              │"",
        ""├──────────┼───────────────────────┼───────────────────────┼──────────────────────┤""
      ];

      testSizes.forEach(size => {
        const stdKey = `standard_${size}`;
        const fastKey = `fast_${size}`;

        if (benchmarkResults[stdKey] && benchmarkResults[fastKey]) {
          const speedup = benchmarkResults[stdKey] / benchmarkResults[fastKey];
          lines.push(
            `│ ${String(size).padEnd(8)} │ ${formatTime(benchmarkResults[stdKey]).padStart(21)} │ ${formatTime(benchmarkResults[fastKey]).padStart(21)} │ ${speedup.toFixed(2).padStart(6)}x faster     │`
          );
        }
      });

      lines.push(
        ""└──────────────────────────────────────────────────────────────────────────────────┘""
      );

      console.log(lines.join(""\n""));
    })",250,285,steel
/test/spec/fast-horizontal-compactor-test.js,Conditional Test Logic,"{'line': 254, 'column': 8, 'index': 7932}","afterAll(() => {
      // Format time value
      const formatTime = time => {
        if (time < 0.001) return `${(time * 1_000_000).toFixed(2)} ns`;
        if (time < 1) return `${(time * 1000).toFixed(2)} µs`;
        if (time < 1000) return `${time.toFixed(2)} ms`;
        return `${(time / 1000).toFixed(2)} s`;
      };

      const lines = [
        """",
        ""┌──────────────────────────────────────────────────────────────────────────────────┐"",
        ""│                    ⚡ Horizontal Compactor Performance Comparison                │"",
        ""├──────────────────────────────────────────────────────────────────────────────────┤"",
        ""│ Items    │ Standard Horizontal   │ Fast Horizontal       │ Speedup              │"",
        ""├──────────┼───────────────────────┼───────────────────────┼──────────────────────┤""
      ];

      testSizes.forEach(size => {
        const stdKey = `standard_${size}`;
        const fastKey = `fast_${size}`;

        if (benchmarkResults[stdKey] && benchmarkResults[fastKey]) {
          const speedup = benchmarkResults[stdKey] / benchmarkResults[fastKey];
          lines.push(
            `│ ${String(size).padEnd(8)} │ ${formatTime(benchmarkResults[stdKey]).padStart(21)} │ ${formatTime(benchmarkResults[fastKey]).padStart(21)} │ ${speedup.toFixed(2).padStart(6)}x faster     │`
          );
        }
      });

      lines.push(
        ""└──────────────────────────────────────────────────────────────────────────────────┘""
      );

      console.log(lines.join(""\n""));
    })",250,285,steel
/test/spec/fast-horizontal-compactor-test.js,Conditional Test Logic,"{'line': 255, 'column': 8, 'index': 7995}","afterAll(() => {
      // Format time value
      const formatTime = time => {
        if (time < 0.001) return `${(time * 1_000_000).toFixed(2)} ns`;
        if (time < 1) return `${(time * 1000).toFixed(2)} µs`;
        if (time < 1000) return `${time.toFixed(2)} ms`;
        return `${(time / 1000).toFixed(2)} s`;
      };

      const lines = [
        """",
        ""┌──────────────────────────────────────────────────────────────────────────────────┐"",
        ""│                    ⚡ Horizontal Compactor Performance Comparison                │"",
        ""├──────────────────────────────────────────────────────────────────────────────────┤"",
        ""│ Items    │ Standard Horizontal   │ Fast Horizontal       │ Speedup              │"",
        ""├──────────┼───────────────────────┼───────────────────────┼──────────────────────┤""
      ];

      testSizes.forEach(size => {
        const stdKey = `standard_${size}`;
        const fastKey = `fast_${size}`;

        if (benchmarkResults[stdKey] && benchmarkResults[fastKey]) {
          const speedup = benchmarkResults[stdKey] / benchmarkResults[fastKey];
          lines.push(
            `│ ${String(size).padEnd(8)} │ ${formatTime(benchmarkResults[stdKey]).padStart(21)} │ ${formatTime(benchmarkResults[fastKey]).padStart(21)} │ ${speedup.toFixed(2).padStart(6)}x faster     │`
          );
        }
      });

      lines.push(
        ""└──────────────────────────────────────────────────────────────────────────────────┘""
      );

      console.log(lines.join(""\n""));
    })",250,285,steel
/test/spec/fast-horizontal-compactor-test.js,Conditional Test Logic,"{'line': 272, 'column': 8, 'index': 8748}","afterAll(() => {
      // Format time value
      const formatTime = time => {
        if (time < 0.001) return `${(time * 1_000_000).toFixed(2)} ns`;
        if (time < 1) return `${(time * 1000).toFixed(2)} µs`;
        if (time < 1000) return `${time.toFixed(2)} ms`;
        return `${(time / 1000).toFixed(2)} s`;
      };

      const lines = [
        """",
        ""┌──────────────────────────────────────────────────────────────────────────────────┐"",
        ""│                    ⚡ Horizontal Compactor Performance Comparison                │"",
        ""├──────────────────────────────────────────────────────────────────────────────────┤"",
        ""│ Items    │ Standard Horizontal   │ Fast Horizontal       │ Speedup              │"",
        ""├──────────┼───────────────────────┼───────────────────────┼──────────────────────┤""
      ];

      testSizes.forEach(size => {
        const stdKey = `standard_${size}`;
        const fastKey = `fast_${size}`;

        if (benchmarkResults[stdKey] && benchmarkResults[fastKey]) {
          const speedup = benchmarkResults[stdKey] / benchmarkResults[fastKey];
          lines.push(
            `│ ${String(size).padEnd(8)} │ ${formatTime(benchmarkResults[stdKey]).padStart(21)} │ ${formatTime(benchmarkResults[fastKey]).padStart(21)} │ ${speedup.toFixed(2).padStart(6)}x faster     │`
          );
        }
      });

      lines.push(
        ""└──────────────────────────────────────────────────────────────────────────────────┘""
      );

      console.log(lines.join(""\n""));
    })",250,285,steel
/test/spec/fast-horizontal-compactor-test.js,Conditional Test Logic,"{'line': 431, 'column': 6, 'index': 14081}","describe(""Correctness vs Standard Compactor"", () => {
    // Helper to check if layouts have same items at same positions
    function layoutsMatch(layout1, layout2) {
      if (layout1.length !== layout2.length) return false;
      for (const item1 of layout1) {
        const item2 = layout2.find(l => l.i === item1.i);
        if (!item2) return false;
        if (item1.x !== item2.x || item1.y !== item2.y) return false;
      }
      return true;
    }

    it(""produces same result as standard compactor for simple grid layouts"", () => {
      const layout = generateGridLayout(20, 12);

      const stdCompacted = horizontalCompactor.compact(layout, 12);
      const fastCompacted = fastHorizontalCompactor.compact(layout, 12);

      // Both should produce identical results for ordered grids
      expect(layoutsMatch(stdCompacted, fastCompacted)).toBe(true);
    });

    it(""produces same result for layouts with gaps"", () => {
      // Layout with intentional gaps
      const layout = [
        { i: ""a"", x: 0, y: 0, w: 2, h: 2 },
        { i: ""b"", x: 5, y: 4, w: 2, h: 2 }, // Gap to the left
        { i: ""c"", x: 10, y: 8, w: 2, h: 2 } // Larger gap to the left
      ];

      const stdCompacted = horizontalCompactor.compact(layout, 12);
      const fastCompacted = fastHorizontalCompactor.compact(layout, 12);

      expect(layoutsMatch(stdCompacted, fastCompacted)).toBe(true);
    });

    it(""produces same result for layouts with single static item"", () => {
      const layout = [
        { i: ""static"", x: 2, y: 0, w: 2, h: 12, static: true },
        { i: ""a"", x: 0, y: 0, w: 1, h: 4 },
        { i: ""b"", x: 0, y: 0, w: 1, h: 4 },
        { i: ""c"", x: 10, y: 0, w: 4, h: 2 }
      ];

      const stdCompacted = horizontalCompactor.compact(layout, 12);
      const fastCompacted = fastHorizontalCompactor.compact(layout, 12);

      expect(layoutsMatch(stdCompacted, fastCompacted)).toBe(true);
    });

    it(""produces valid (no overlaps) result even when different from standard"", () => {
      // For messy random layouts, the algorithms may produce different
      // but equally valid results. Both should have no overlaps.
      for (let run = 0; run < 20; run++) {
        const layout = generateMessyLayout(50, 12);

        const stdCompacted = horizontalCompactor.compact(layout, 12);
        const fastCompacted = fastHorizontalCompactor.compact(layout, 12);

        // Both should have no overlaps
        expect(hasOverlaps(stdCompacted)).toBe(false);
        expect(hasOverlaps(fastCompacted)).toBe(false);

        // Both should have same total number of items
        expect(fastCompacted.length).toBe(stdCompacted.length);
      }
    });

    it(""produces similar or better compaction width"", () => {
      // The fast compactor should produce layouts with similar total width
      // (within a small tolerance, since algorithms may differ slightly)
      let fastBetter = 0;
      let stdBetter = 0;
      let equal = 0;

      for (let run = 0; run < 50; run++) {
        const layout = generateMessyLayout(30, 12);

        const stdCompacted = horizontalCompactor.compact(layout, 12);
        const fastCompacted = fastHorizontalCompactor.compact(layout, 12);

        const stdWidth = layoutWidth(stdCompacted);
        const fastWidth = layoutWidth(fastCompacted);

        if (fastWidth < stdWidth) fastBetter++;
        else if (stdWidth < fastWidth) stdBetter++;
        else equal++;
      }

      console.log(
        [
          """",
          ""  Compaction width comparison (50 random layouts):"",
          `    Fast better: ${fastBetter}`,
          `    Standard better: ${stdBetter}`,
          `    Equal: ${equal}`
        ].join(""\n"")
      );

      // Fast compactor should not be significantly worse
      // Allow some tolerance since algorithms may differ
      expect(stdBetter).toBeLessThan(40); // At most 80% worse
    });

    it(""handles complex static item configurations identically"", () => {
      // Multiple static items at various positions
      const layout = [
        { i: ""s1"", x: 0, y: 0, w: 2, h: 4, static: true },
        { i: ""s2"", x: 3, y: 6, w: 2, h: 4, static: true },
        { i: ""s3"", x: 8, y: 2, w: 1, h: 6, static: true },
        { i: ""a"", x: 5, y: 0, w: 2, h: 2 },
        { i: ""b"", x: 1, y: 4, w: 2, h: 2 },
        { i: ""c"", x: 0, y: 10, w: 3, h: 2 },
        { i: ""d"", x: 10, y: 0, w: 2, h: 3 }
      ];

      const stdCompacted = horizontalCompactor.compact(layout, 12);
      const fastCompacted = fastHorizontalCompactor.compact(layout, 12);

      // Static items should be in same position in both
      for (const item of layout.filter(l => l.static)) {
        const stdItem = stdCompacted.find(l => l.i === item.i);
        const fastItem = fastCompacted.find(l => l.i === item.i);
        expect(stdItem.x).toBe(fastItem.x);
        expect(stdItem.y).toBe(fastItem.y);
      }

      // Both should have no overlaps
      expect(hasOverlaps(stdCompacted)).toBe(false);
      expect(hasOverlaps(fastCompacted)).toBe(false);
    });

    it(""preserves item dimensions"", () => {
      const layout = generateRandomLayout(30, 12, 5);

      const fastCompacted = fastHorizontalCompactor.compact(layout, 12);

      // All items should preserve their w, h, and i
      for (const original of layout) {
        const compacted = fastCompacted.find(l => l.i === original.i);
        expect(compacted).toBeDefined();
        expect(compacted.w).toBe(original.w);
        expect(compacted.h).toBe(original.h);
        expect(compacted.static).toBe(original.static);
      }
    });

    it(""matches standard compactor for deterministic layout from benchmark"", () => {
      // Use the same deterministic layout from benchmark-test.js
      const layout = [];
      for (let i = 0; i < 100; i++) {
        layout.push({
          i: String(i),
          x: (i * 3) % 12,
          y: i % 7,
          w: 1 + (i % 3),
          h: 1 + (i % 2)
        });
      }

      const stdCompacted = horizontalCompactor.compact(layout, 12);
      const fastCompacted = fastHorizontalCompactor.compact(layout, 12);

      // Both should have no overlaps
      expect(hasOverlaps(stdCompacted)).toBe(false);
      expect(hasOverlaps(fastCompacted)).toBe(false);

      // Widths should be similar (within 20%)
      const stdWidth = layoutWidth(stdCompacted);
      const fastWidth = layoutWidth(fastCompacted);
      const widthDiff = Math.abs(stdWidth - fastWidth) / Math.max(stdWidth, 1);

      console.log(
        [
          """",
          ""  Deterministic 100-item layout:"",
          `    Standard width: ${stdWidth}`,
          `    Fast width: ${fastWidth}`,
          `    Difference: ${(widthDiff * 100).toFixed(1)}%`
        ].join(""\n"")
      );

      expect(widthDiff).toBeLessThan(0.3); // Within 30%
    });

    it(""handles edge case: items that could stack in different orders"", () => {
      // Items that could be stacked in different valid configurations
      const layout = [
        { i: ""a"", x: 0, y: 0, w: 2, h: 6 },
        { i: ""b"", x: 0, y: 0, w: 2, h: 6 }, // Same position as a
        { i: ""c"", x: 0, y: 0, w: 2, h: 6 } // Same position as a and b
      ];

      const stdCompacted = horizontalCompactor.compact(layout, 12);
      const fastCompacted = fastHorizontalCompactor.compact(layout, 12);

      // Both should produce valid layouts with no overlaps
      expect(hasOverlaps(stdCompacted)).toBe(false);
      expect(hasOverlaps(fastCompacted)).toBe(false);

      // Total width should be 6 (3 items * width 2)
      expect(layoutWidth(stdCompacted)).toBe(6);
      expect(layoutWidth(fastCompacted)).toBe(6);
    });

    it(""handles narrow grids (1-3 columns)"", () => {
      for (let cols = 1; cols <= 3; cols++) {
        const layout = [];
        for (let i = 0; i < 10; i++) {
          layout.push({
            i: String(i),
            x: i * 2,
            y: 0,
            w: 1,
            h: 1 + (i % 2)
          });
        }

        const stdCompacted = horizontalCompactor.compact(layout, cols);
        const fastCompacted = fastHorizontalCompactor.compact(layout, cols);

        expect(hasOverlaps(stdCompacted)).toBe(false);
        expect(hasOverlaps(fastCompacted)).toBe(false);
      }
    });

    it(""handles tall items spanning multiple rows"", () => {
      const layout = [
        { i: ""a"", x: 5, y: 0, w: 2, h: 5 },
        { i: ""b"", x: 8, y: 2, w: 3, h: 3 }
      ];

      const stdCompacted = horizontalCompactor.compact(layout, 12);
      const fastCompacted = fastHorizontalCompactor.compact(layout, 12);

      // Both should compact correctly
      expect(hasOverlaps(stdCompacted)).toBe(false);
      expect(hasOverlaps(fastCompacted)).toBe(false);

      // Item a should be at x=0
      expect(fastCompacted.find(l => l.i === ""a"").x).toBe(0);
      // Item b should be at x=2 (right after a, overlapping rows)
      expect(fastCompacted.find(l => l.i === ""b"").x).toBe(2);
    });
  })",428,672,steel
/test/spec/fast-horizontal-compactor-test.js,Conditional Test Logic,"{'line': 432, 'column': 6, 'index': 14140}","describe(""Correctness vs Standard Compactor"", () => {
    // Helper to check if layouts have same items at same positions
    function layoutsMatch(layout1, layout2) {
      if (layout1.length !== layout2.length) return false;
      for (const item1 of layout1) {
        const item2 = layout2.find(l => l.i === item1.i);
        if (!item2) return false;
        if (item1.x !== item2.x || item1.y !== item2.y) return false;
      }
      return true;
    }

    it(""produces same result as standard compactor for simple grid layouts"", () => {
      const layout = generateGridLayout(20, 12);

      const stdCompacted = horizontalCompactor.compact(layout, 12);
      const fastCompacted = fastHorizontalCompactor.compact(layout, 12);

      // Both should produce identical results for ordered grids
      expect(layoutsMatch(stdCompacted, fastCompacted)).toBe(true);
    });

    it(""produces same result for layouts with gaps"", () => {
      // Layout with intentional gaps
      const layout = [
        { i: ""a"", x: 0, y: 0, w: 2, h: 2 },
        { i: ""b"", x: 5, y: 4, w: 2, h: 2 }, // Gap to the left
        { i: ""c"", x: 10, y: 8, w: 2, h: 2 } // Larger gap to the left
      ];

      const stdCompacted = horizontalCompactor.compact(layout, 12);
      const fastCompacted = fastHorizontalCompactor.compact(layout, 12);

      expect(layoutsMatch(stdCompacted, fastCompacted)).toBe(true);
    });

    it(""produces same result for layouts with single static item"", () => {
      const layout = [
        { i: ""static"", x: 2, y: 0, w: 2, h: 12, static: true },
        { i: ""a"", x: 0, y: 0, w: 1, h: 4 },
        { i: ""b"", x: 0, y: 0, w: 1, h: 4 },
        { i: ""c"", x: 10, y: 0, w: 4, h: 2 }
      ];

      const stdCompacted = horizontalCompactor.compact(layout, 12);
      const fastCompacted = fastHorizontalCompactor.compact(layout, 12);

      expect(layoutsMatch(stdCompacted, fastCompacted)).toBe(true);
    });

    it(""produces valid (no overlaps) result even when different from standard"", () => {
      // For messy random layouts, the algorithms may produce different
      // but equally valid results. Both should have no overlaps.
      for (let run = 0; run < 20; run++) {
        const layout = generateMessyLayout(50, 12);

        const stdCompacted = horizontalCompactor.compact(layout, 12);
        const fastCompacted = fastHorizontalCompactor.compact(layout, 12);

        // Both should have no overlaps
        expect(hasOverlaps(stdCompacted)).toBe(false);
        expect(hasOverlaps(fastCompacted)).toBe(false);

        // Both should have same total number of items
        expect(fastCompacted.length).toBe(stdCompacted.length);
      }
    });

    it(""produces similar or better compaction width"", () => {
      // The fast compactor should produce layouts with similar total width
      // (within a small tolerance, since algorithms may differ slightly)
      let fastBetter = 0;
      let stdBetter = 0;
      let equal = 0;

      for (let run = 0; run < 50; run++) {
        const layout = generateMessyLayout(30, 12);

        const stdCompacted = horizontalCompactor.compact(layout, 12);
        const fastCompacted = fastHorizontalCompactor.compact(layout, 12);

        const stdWidth = layoutWidth(stdCompacted);
        const fastWidth = layoutWidth(fastCompacted);

        if (fastWidth < stdWidth) fastBetter++;
        else if (stdWidth < fastWidth) stdBetter++;
        else equal++;
      }

      console.log(
        [
          """",
          ""  Compaction width comparison (50 random layouts):"",
          `    Fast better: ${fastBetter}`,
          `    Standard better: ${stdBetter}`,
          `    Equal: ${equal}`
        ].join(""\n"")
      );

      // Fast compactor should not be significantly worse
      // Allow some tolerance since algorithms may differ
      expect(stdBetter).toBeLessThan(40); // At most 80% worse
    });

    it(""handles complex static item configurations identically"", () => {
      // Multiple static items at various positions
      const layout = [
        { i: ""s1"", x: 0, y: 0, w: 2, h: 4, static: true },
        { i: ""s2"", x: 3, y: 6, w: 2, h: 4, static: true },
        { i: ""s3"", x: 8, y: 2, w: 1, h: 6, static: true },
        { i: ""a"", x: 5, y: 0, w: 2, h: 2 },
        { i: ""b"", x: 1, y: 4, w: 2, h: 2 },
        { i: ""c"", x: 0, y: 10, w: 3, h: 2 },
        { i: ""d"", x: 10, y: 0, w: 2, h: 3 }
      ];

      const stdCompacted = horizontalCompactor.compact(layout, 12);
      const fastCompacted = fastHorizontalCompactor.compact(layout, 12);

      // Static items should be in same position in both
      for (const item of layout.filter(l => l.static)) {
        const stdItem = stdCompacted.find(l => l.i === item.i);
        const fastItem = fastCompacted.find(l => l.i === item.i);
        expect(stdItem.x).toBe(fastItem.x);
        expect(stdItem.y).toBe(fastItem.y);
      }

      // Both should have no overlaps
      expect(hasOverlaps(stdCompacted)).toBe(false);
      expect(hasOverlaps(fastCompacted)).toBe(false);
    });

    it(""preserves item dimensions"", () => {
      const layout = generateRandomLayout(30, 12, 5);

      const fastCompacted = fastHorizontalCompactor.compact(layout, 12);

      // All items should preserve their w, h, and i
      for (const original of layout) {
        const compacted = fastCompacted.find(l => l.i === original.i);
        expect(compacted).toBeDefined();
        expect(compacted.w).toBe(original.w);
        expect(compacted.h).toBe(original.h);
        expect(compacted.static).toBe(original.static);
      }
    });

    it(""matches standard compactor for deterministic layout from benchmark"", () => {
      // Use the same deterministic layout from benchmark-test.js
      const layout = [];
      for (let i = 0; i < 100; i++) {
        layout.push({
          i: String(i),
          x: (i * 3) % 12,
          y: i % 7,
          w: 1 + (i % 3),
          h: 1 + (i % 2)
        });
      }

      const stdCompacted = horizontalCompactor.compact(layout, 12);
      const fastCompacted = fastHorizontalCompactor.compact(layout, 12);

      // Both should have no overlaps
      expect(hasOverlaps(stdCompacted)).toBe(false);
      expect(hasOverlaps(fastCompacted)).toBe(false);

      // Widths should be similar (within 20%)
      const stdWidth = layoutWidth(stdCompacted);
      const fastWidth = layoutWidth(fastCompacted);
      const widthDiff = Math.abs(stdWidth - fastWidth) / Math.max(stdWidth, 1);

      console.log(
        [
          """",
          ""  Deterministic 100-item layout:"",
          `    Standard width: ${stdWidth}`,
          `    Fast width: ${fastWidth}`,
          `    Difference: ${(widthDiff * 100).toFixed(1)}%`
        ].join(""\n"")
      );

      expect(widthDiff).toBeLessThan(0.3); // Within 30%
    });

    it(""handles edge case: items that could stack in different orders"", () => {
      // Items that could be stacked in different valid configurations
      const layout = [
        { i: ""a"", x: 0, y: 0, w: 2, h: 6 },
        { i: ""b"", x: 0, y: 0, w: 2, h: 6 }, // Same position as a
        { i: ""c"", x: 0, y: 0, w: 2, h: 6 } // Same position as a and b
      ];

      const stdCompacted = horizontalCompactor.compact(layout, 12);
      const fastCompacted = fastHorizontalCompactor.compact(layout, 12);

      // Both should produce valid layouts with no overlaps
      expect(hasOverlaps(stdCompacted)).toBe(false);
      expect(hasOverlaps(fastCompacted)).toBe(false);

      // Total width should be 6 (3 items * width 2)
      expect(layoutWidth(stdCompacted)).toBe(6);
      expect(layoutWidth(fastCompacted)).toBe(6);
    });

    it(""handles narrow grids (1-3 columns)"", () => {
      for (let cols = 1; cols <= 3; cols++) {
        const layout = [];
        for (let i = 0; i < 10; i++) {
          layout.push({
            i: String(i),
            x: i * 2,
            y: 0,
            w: 1,
            h: 1 + (i % 2)
          });
        }

        const stdCompacted = horizontalCompactor.compact(layout, cols);
        const fastCompacted = fastHorizontalCompactor.compact(layout, cols);

        expect(hasOverlaps(stdCompacted)).toBe(false);
        expect(hasOverlaps(fastCompacted)).toBe(false);
      }
    });

    it(""handles tall items spanning multiple rows"", () => {
      const layout = [
        { i: ""a"", x: 5, y: 0, w: 2, h: 5 },
        { i: ""b"", x: 8, y: 2, w: 3, h: 3 }
      ];

      const stdCompacted = horizontalCompactor.compact(layout, 12);
      const fastCompacted = fastHorizontalCompactor.compact(layout, 12);

      // Both should compact correctly
      expect(hasOverlaps(stdCompacted)).toBe(false);
      expect(hasOverlaps(fastCompacted)).toBe(false);

      // Item a should be at x=0
      expect(fastCompacted.find(l => l.i === ""a"").x).toBe(0);
      // Item b should be at x=2 (right after a, overlapping rows)
      expect(fastCompacted.find(l => l.i === ""b"").x).toBe(2);
    });
  })",428,672,steel
/test/spec/fast-horizontal-compactor-test.js,Conditional Test Logic,"{'line': 434, 'column': 8, 'index': 14237}","describe(""Correctness vs Standard Compactor"", () => {
    // Helper to check if layouts have same items at same positions
    function layoutsMatch(layout1, layout2) {
      if (layout1.length !== layout2.length) return false;
      for (const item1 of layout1) {
        const item2 = layout2.find(l => l.i === item1.i);
        if (!item2) return false;
        if (item1.x !== item2.x || item1.y !== item2.y) return false;
      }
      return true;
    }

    it(""produces same result as standard compactor for simple grid layouts"", () => {
      const layout = generateGridLayout(20, 12);

      const stdCompacted = horizontalCompactor.compact(layout, 12);
      const fastCompacted = fastHorizontalCompactor.compact(layout, 12);

      // Both should produce identical results for ordered grids
      expect(layoutsMatch(stdCompacted, fastCompacted)).toBe(true);
    });

    it(""produces same result for layouts with gaps"", () => {
      // Layout with intentional gaps
      const layout = [
        { i: ""a"", x: 0, y: 0, w: 2, h: 2 },
        { i: ""b"", x: 5, y: 4, w: 2, h: 2 }, // Gap to the left
        { i: ""c"", x: 10, y: 8, w: 2, h: 2 } // Larger gap to the left
      ];

      const stdCompacted = horizontalCompactor.compact(layout, 12);
      const fastCompacted = fastHorizontalCompactor.compact(layout, 12);

      expect(layoutsMatch(stdCompacted, fastCompacted)).toBe(true);
    });

    it(""produces same result for layouts with single static item"", () => {
      const layout = [
        { i: ""static"", x: 2, y: 0, w: 2, h: 12, static: true },
        { i: ""a"", x: 0, y: 0, w: 1, h: 4 },
        { i: ""b"", x: 0, y: 0, w: 1, h: 4 },
        { i: ""c"", x: 10, y: 0, w: 4, h: 2 }
      ];

      const stdCompacted = horizontalCompactor.compact(layout, 12);
      const fastCompacted = fastHorizontalCompactor.compact(layout, 12);

      expect(layoutsMatch(stdCompacted, fastCompacted)).toBe(true);
    });

    it(""produces valid (no overlaps) result even when different from standard"", () => {
      // For messy random layouts, the algorithms may produce different
      // but equally valid results. Both should have no overlaps.
      for (let run = 0; run < 20; run++) {
        const layout = generateMessyLayout(50, 12);

        const stdCompacted = horizontalCompactor.compact(layout, 12);
        const fastCompacted = fastHorizontalCompactor.compact(layout, 12);

        // Both should have no overlaps
        expect(hasOverlaps(stdCompacted)).toBe(false);
        expect(hasOverlaps(fastCompacted)).toBe(false);

        // Both should have same total number of items
        expect(fastCompacted.length).toBe(stdCompacted.length);
      }
    });

    it(""produces similar or better compaction width"", () => {
      // The fast compactor should produce layouts with similar total width
      // (within a small tolerance, since algorithms may differ slightly)
      let fastBetter = 0;
      let stdBetter = 0;
      let equal = 0;

      for (let run = 0; run < 50; run++) {
        const layout = generateMessyLayout(30, 12);

        const stdCompacted = horizontalCompactor.compact(layout, 12);
        const fastCompacted = fastHorizontalCompactor.compact(layout, 12);

        const stdWidth = layoutWidth(stdCompacted);
        const fastWidth = layoutWidth(fastCompacted);

        if (fastWidth < stdWidth) fastBetter++;
        else if (stdWidth < fastWidth) stdBetter++;
        else equal++;
      }

      console.log(
        [
          """",
          ""  Compaction width comparison (50 random layouts):"",
          `    Fast better: ${fastBetter}`,
          `    Standard better: ${stdBetter}`,
          `    Equal: ${equal}`
        ].join(""\n"")
      );

      // Fast compactor should not be significantly worse
      // Allow some tolerance since algorithms may differ
      expect(stdBetter).toBeLessThan(40); // At most 80% worse
    });

    it(""handles complex static item configurations identically"", () => {
      // Multiple static items at various positions
      const layout = [
        { i: ""s1"", x: 0, y: 0, w: 2, h: 4, static: true },
        { i: ""s2"", x: 3, y: 6, w: 2, h: 4, static: true },
        { i: ""s3"", x: 8, y: 2, w: 1, h: 6, static: true },
        { i: ""a"", x: 5, y: 0, w: 2, h: 2 },
        { i: ""b"", x: 1, y: 4, w: 2, h: 2 },
        { i: ""c"", x: 0, y: 10, w: 3, h: 2 },
        { i: ""d"", x: 10, y: 0, w: 2, h: 3 }
      ];

      const stdCompacted = horizontalCompactor.compact(layout, 12);
      const fastCompacted = fastHorizontalCompactor.compact(layout, 12);

      // Static items should be in same position in both
      for (const item of layout.filter(l => l.static)) {
        const stdItem = stdCompacted.find(l => l.i === item.i);
        const fastItem = fastCompacted.find(l => l.i === item.i);
        expect(stdItem.x).toBe(fastItem.x);
        expect(stdItem.y).toBe(fastItem.y);
      }

      // Both should have no overlaps
      expect(hasOverlaps(stdCompacted)).toBe(false);
      expect(hasOverlaps(fastCompacted)).toBe(false);
    });

    it(""preserves item dimensions"", () => {
      const layout = generateRandomLayout(30, 12, 5);

      const fastCompacted = fastHorizontalCompactor.compact(layout, 12);

      // All items should preserve their w, h, and i
      for (const original of layout) {
        const compacted = fastCompacted.find(l => l.i === original.i);
        expect(compacted).toBeDefined();
        expect(compacted.w).toBe(original.w);
        expect(compacted.h).toBe(original.h);
        expect(compacted.static).toBe(original.static);
      }
    });

    it(""matches standard compactor for deterministic layout from benchmark"", () => {
      // Use the same deterministic layout from benchmark-test.js
      const layout = [];
      for (let i = 0; i < 100; i++) {
        layout.push({
          i: String(i),
          x: (i * 3) % 12,
          y: i % 7,
          w: 1 + (i % 3),
          h: 1 + (i % 2)
        });
      }

      const stdCompacted = horizontalCompactor.compact(layout, 12);
      const fastCompacted = fastHorizontalCompactor.compact(layout, 12);

      // Both should have no overlaps
      expect(hasOverlaps(stdCompacted)).toBe(false);
      expect(hasOverlaps(fastCompacted)).toBe(false);

      // Widths should be similar (within 20%)
      const stdWidth = layoutWidth(stdCompacted);
      const fastWidth = layoutWidth(fastCompacted);
      const widthDiff = Math.abs(stdWidth - fastWidth) / Math.max(stdWidth, 1);

      console.log(
        [
          """",
          ""  Deterministic 100-item layout:"",
          `    Standard width: ${stdWidth}`,
          `    Fast width: ${fastWidth}`,
          `    Difference: ${(widthDiff * 100).toFixed(1)}%`
        ].join(""\n"")
      );

      expect(widthDiff).toBeLessThan(0.3); // Within 30%
    });

    it(""handles edge case: items that could stack in different orders"", () => {
      // Items that could be stacked in different valid configurations
      const layout = [
        { i: ""a"", x: 0, y: 0, w: 2, h: 6 },
        { i: ""b"", x: 0, y: 0, w: 2, h: 6 }, // Same position as a
        { i: ""c"", x: 0, y: 0, w: 2, h: 6 } // Same position as a and b
      ];

      const stdCompacted = horizontalCompactor.compact(layout, 12);
      const fastCompacted = fastHorizontalCompactor.compact(layout, 12);

      // Both should produce valid layouts with no overlaps
      expect(hasOverlaps(stdCompacted)).toBe(false);
      expect(hasOverlaps(fastCompacted)).toBe(false);

      // Total width should be 6 (3 items * width 2)
      expect(layoutWidth(stdCompacted)).toBe(6);
      expect(layoutWidth(fastCompacted)).toBe(6);
    });

    it(""handles narrow grids (1-3 columns)"", () => {
      for (let cols = 1; cols <= 3; cols++) {
        const layout = [];
        for (let i = 0; i < 10; i++) {
          layout.push({
            i: String(i),
            x: i * 2,
            y: 0,
            w: 1,
            h: 1 + (i % 2)
          });
        }

        const stdCompacted = horizontalCompactor.compact(layout, cols);
        const fastCompacted = fastHorizontalCompactor.compact(layout, cols);

        expect(hasOverlaps(stdCompacted)).toBe(false);
        expect(hasOverlaps(fastCompacted)).toBe(false);
      }
    });

    it(""handles tall items spanning multiple rows"", () => {
      const layout = [
        { i: ""a"", x: 5, y: 0, w: 2, h: 5 },
        { i: ""b"", x: 8, y: 2, w: 3, h: 3 }
      ];

      const stdCompacted = horizontalCompactor.compact(layout, 12);
      const fastCompacted = fastHorizontalCompactor.compact(layout, 12);

      // Both should compact correctly
      expect(hasOverlaps(stdCompacted)).toBe(false);
      expect(hasOverlaps(fastCompacted)).toBe(false);

      // Item a should be at x=0
      expect(fastCompacted.find(l => l.i === ""a"").x).toBe(0);
      // Item b should be at x=2 (right after a, overlapping rows)
      expect(fastCompacted.find(l => l.i === ""b"").x).toBe(2);
    });
  })",428,672,steel
/test/spec/fast-horizontal-compactor-test.js,Conditional Test Logic,"{'line': 435, 'column': 8, 'index': 14271}","describe(""Correctness vs Standard Compactor"", () => {
    // Helper to check if layouts have same items at same positions
    function layoutsMatch(layout1, layout2) {
      if (layout1.length !== layout2.length) return false;
      for (const item1 of layout1) {
        const item2 = layout2.find(l => l.i === item1.i);
        if (!item2) return false;
        if (item1.x !== item2.x || item1.y !== item2.y) return false;
      }
      return true;
    }

    it(""produces same result as standard compactor for simple grid layouts"", () => {
      const layout = generateGridLayout(20, 12);

      const stdCompacted = horizontalCompactor.compact(layout, 12);
      const fastCompacted = fastHorizontalCompactor.compact(layout, 12);

      // Both should produce identical results for ordered grids
      expect(layoutsMatch(stdCompacted, fastCompacted)).toBe(true);
    });

    it(""produces same result for layouts with gaps"", () => {
      // Layout with intentional gaps
      const layout = [
        { i: ""a"", x: 0, y: 0, w: 2, h: 2 },
        { i: ""b"", x: 5, y: 4, w: 2, h: 2 }, // Gap to the left
        { i: ""c"", x: 10, y: 8, w: 2, h: 2 } // Larger gap to the left
      ];

      const stdCompacted = horizontalCompactor.compact(layout, 12);
      const fastCompacted = fastHorizontalCompactor.compact(layout, 12);

      expect(layoutsMatch(stdCompacted, fastCompacted)).toBe(true);
    });

    it(""produces same result for layouts with single static item"", () => {
      const layout = [
        { i: ""static"", x: 2, y: 0, w: 2, h: 12, static: true },
        { i: ""a"", x: 0, y: 0, w: 1, h: 4 },
        { i: ""b"", x: 0, y: 0, w: 1, h: 4 },
        { i: ""c"", x: 10, y: 0, w: 4, h: 2 }
      ];

      const stdCompacted = horizontalCompactor.compact(layout, 12);
      const fastCompacted = fastHorizontalCompactor.compact(layout, 12);

      expect(layoutsMatch(stdCompacted, fastCompacted)).toBe(true);
    });

    it(""produces valid (no overlaps) result even when different from standard"", () => {
      // For messy random layouts, the algorithms may produce different
      // but equally valid results. Both should have no overlaps.
      for (let run = 0; run < 20; run++) {
        const layout = generateMessyLayout(50, 12);

        const stdCompacted = horizontalCompactor.compact(layout, 12);
        const fastCompacted = fastHorizontalCompactor.compact(layout, 12);

        // Both should have no overlaps
        expect(hasOverlaps(stdCompacted)).toBe(false);
        expect(hasOverlaps(fastCompacted)).toBe(false);

        // Both should have same total number of items
        expect(fastCompacted.length).toBe(stdCompacted.length);
      }
    });

    it(""produces similar or better compaction width"", () => {
      // The fast compactor should produce layouts with similar total width
      // (within a small tolerance, since algorithms may differ slightly)
      let fastBetter = 0;
      let stdBetter = 0;
      let equal = 0;

      for (let run = 0; run < 50; run++) {
        const layout = generateMessyLayout(30, 12);

        const stdCompacted = horizontalCompactor.compact(layout, 12);
        const fastCompacted = fastHorizontalCompactor.compact(layout, 12);

        const stdWidth = layoutWidth(stdCompacted);
        const fastWidth = layoutWidth(fastCompacted);

        if (fastWidth < stdWidth) fastBetter++;
        else if (stdWidth < fastWidth) stdBetter++;
        else equal++;
      }

      console.log(
        [
          """",
          ""  Compaction width comparison (50 random layouts):"",
          `    Fast better: ${fastBetter}`,
          `    Standard better: ${stdBetter}`,
          `    Equal: ${equal}`
        ].join(""\n"")
      );

      // Fast compactor should not be significantly worse
      // Allow some tolerance since algorithms may differ
      expect(stdBetter).toBeLessThan(40); // At most 80% worse
    });

    it(""handles complex static item configurations identically"", () => {
      // Multiple static items at various positions
      const layout = [
        { i: ""s1"", x: 0, y: 0, w: 2, h: 4, static: true },
        { i: ""s2"", x: 3, y: 6, w: 2, h: 4, static: true },
        { i: ""s3"", x: 8, y: 2, w: 1, h: 6, static: true },
        { i: ""a"", x: 5, y: 0, w: 2, h: 2 },
        { i: ""b"", x: 1, y: 4, w: 2, h: 2 },
        { i: ""c"", x: 0, y: 10, w: 3, h: 2 },
        { i: ""d"", x: 10, y: 0, w: 2, h: 3 }
      ];

      const stdCompacted = horizontalCompactor.compact(layout, 12);
      const fastCompacted = fastHorizontalCompactor.compact(layout, 12);

      // Static items should be in same position in both
      for (const item of layout.filter(l => l.static)) {
        const stdItem = stdCompacted.find(l => l.i === item.i);
        const fastItem = fastCompacted.find(l => l.i === item.i);
        expect(stdItem.x).toBe(fastItem.x);
        expect(stdItem.y).toBe(fastItem.y);
      }

      // Both should have no overlaps
      expect(hasOverlaps(stdCompacted)).toBe(false);
      expect(hasOverlaps(fastCompacted)).toBe(false);
    });

    it(""preserves item dimensions"", () => {
      const layout = generateRandomLayout(30, 12, 5);

      const fastCompacted = fastHorizontalCompactor.compact(layout, 12);

      // All items should preserve their w, h, and i
      for (const original of layout) {
        const compacted = fastCompacted.find(l => l.i === original.i);
        expect(compacted).toBeDefined();
        expect(compacted.w).toBe(original.w);
        expect(compacted.h).toBe(original.h);
        expect(compacted.static).toBe(original.static);
      }
    });

    it(""matches standard compactor for deterministic layout from benchmark"", () => {
      // Use the same deterministic layout from benchmark-test.js
      const layout = [];
      for (let i = 0; i < 100; i++) {
        layout.push({
          i: String(i),
          x: (i * 3) % 12,
          y: i % 7,
          w: 1 + (i % 3),
          h: 1 + (i % 2)
        });
      }

      const stdCompacted = horizontalCompactor.compact(layout, 12);
      const fastCompacted = fastHorizontalCompactor.compact(layout, 12);

      // Both should have no overlaps
      expect(hasOverlaps(stdCompacted)).toBe(false);
      expect(hasOverlaps(fastCompacted)).toBe(false);

      // Widths should be similar (within 20%)
      const stdWidth = layoutWidth(stdCompacted);
      const fastWidth = layoutWidth(fastCompacted);
      const widthDiff = Math.abs(stdWidth - fastWidth) / Math.max(stdWidth, 1);

      console.log(
        [
          """",
          ""  Deterministic 100-item layout:"",
          `    Standard width: ${stdWidth}`,
          `    Fast width: ${fastWidth}`,
          `    Difference: ${(widthDiff * 100).toFixed(1)}%`
        ].join(""\n"")
      );

      expect(widthDiff).toBeLessThan(0.3); // Within 30%
    });

    it(""handles edge case: items that could stack in different orders"", () => {
      // Items that could be stacked in different valid configurations
      const layout = [
        { i: ""a"", x: 0, y: 0, w: 2, h: 6 },
        { i: ""b"", x: 0, y: 0, w: 2, h: 6 }, // Same position as a
        { i: ""c"", x: 0, y: 0, w: 2, h: 6 } // Same position as a and b
      ];

      const stdCompacted = horizontalCompactor.compact(layout, 12);
      const fastCompacted = fastHorizontalCompactor.compact(layout, 12);

      // Both should produce valid layouts with no overlaps
      expect(hasOverlaps(stdCompacted)).toBe(false);
      expect(hasOverlaps(fastCompacted)).toBe(false);

      // Total width should be 6 (3 items * width 2)
      expect(layoutWidth(stdCompacted)).toBe(6);
      expect(layoutWidth(fastCompacted)).toBe(6);
    });

    it(""handles narrow grids (1-3 columns)"", () => {
      for (let cols = 1; cols <= 3; cols++) {
        const layout = [];
        for (let i = 0; i < 10; i++) {
          layout.push({
            i: String(i),
            x: i * 2,
            y: 0,
            w: 1,
            h: 1 + (i % 2)
          });
        }

        const stdCompacted = horizontalCompactor.compact(layout, cols);
        const fastCompacted = fastHorizontalCompactor.compact(layout, cols);

        expect(hasOverlaps(stdCompacted)).toBe(false);
        expect(hasOverlaps(fastCompacted)).toBe(false);
      }
    });

    it(""handles tall items spanning multiple rows"", () => {
      const layout = [
        { i: ""a"", x: 5, y: 0, w: 2, h: 5 },
        { i: ""b"", x: 8, y: 2, w: 3, h: 3 }
      ];

      const stdCompacted = horizontalCompactor.compact(layout, 12);
      const fastCompacted = fastHorizontalCompactor.compact(layout, 12);

      // Both should compact correctly
      expect(hasOverlaps(stdCompacted)).toBe(false);
      expect(hasOverlaps(fastCompacted)).toBe(false);

      // Item a should be at x=0
      expect(fastCompacted.find(l => l.i === ""a"").x).toBe(0);
      // Item b should be at x=2 (right after a, overlapping rows)
      expect(fastCompacted.find(l => l.i === ""b"").x).toBe(2);
    });
  })",428,672,steel
/test/spec/fast-horizontal-compactor-test.js,Conditional Test Logic,"{'line': 481, 'column': 6, 'index': 16069}","it(""produces valid (no overlaps) result even when different from standard"", () => {
      // For messy random layouts, the algorithms may produce different
      // but equally valid results. Both should have no overlaps.
      for (let run = 0; run < 20; run++) {
        const layout = generateMessyLayout(50, 12);

        const stdCompacted = horizontalCompactor.compact(layout, 12);
        const fastCompacted = fastHorizontalCompactor.compact(layout, 12);

        // Both should have no overlaps
        expect(hasOverlaps(stdCompacted)).toBe(false);
        expect(hasOverlaps(fastCompacted)).toBe(false);

        // Both should have same total number of items
        expect(fastCompacted.length).toBe(stdCompacted.length);
      }
    })",478,494,steel
/test/spec/fast-horizontal-compactor-test.js,Conditional Test Logic,"{'line': 503, 'column': 6, 'index': 16884}","it(""produces similar or better compaction width"", () => {
      // The fast compactor should produce layouts with similar total width
      // (within a small tolerance, since algorithms may differ slightly)
      let fastBetter = 0;
      let stdBetter = 0;
      let equal = 0;

      for (let run = 0; run < 50; run++) {
        const layout = generateMessyLayout(30, 12);

        const stdCompacted = horizontalCompactor.compact(layout, 12);
        const fastCompacted = fastHorizontalCompactor.compact(layout, 12);

        const stdWidth = layoutWidth(stdCompacted);
        const fastWidth = layoutWidth(fastCompacted);

        if (fastWidth < stdWidth) fastBetter++;
        else if (stdWidth < fastWidth) stdBetter++;
        else equal++;
      }

      console.log(
        [
          """",
          ""  Compaction width comparison (50 random layouts):"",
          `    Fast better: ${fastBetter}`,
          `    Standard better: ${stdBetter}`,
          `    Equal: ${equal}`
        ].join(""\n"")
      );

      // Fast compactor should not be significantly worse
      // Allow some tolerance since algorithms may differ
      expect(stdBetter).toBeLessThan(40); // At most 80% worse
    })",496,530,steel
/test/spec/fast-horizontal-compactor-test.js,Conditional Test Logic,"{'line': 512, 'column': 8, 'index': 17235}","it(""produces similar or better compaction width"", () => {
      // The fast compactor should produce layouts with similar total width
      // (within a small tolerance, since algorithms may differ slightly)
      let fastBetter = 0;
      let stdBetter = 0;
      let equal = 0;

      for (let run = 0; run < 50; run++) {
        const layout = generateMessyLayout(30, 12);

        const stdCompacted = horizontalCompactor.compact(layout, 12);
        const fastCompacted = fastHorizontalCompactor.compact(layout, 12);

        const stdWidth = layoutWidth(stdCompacted);
        const fastWidth = layoutWidth(fastCompacted);

        if (fastWidth < stdWidth) fastBetter++;
        else if (stdWidth < fastWidth) stdBetter++;
        else equal++;
      }

      console.log(
        [
          """",
          ""  Compaction width comparison (50 random layouts):"",
          `    Fast better: ${fastBetter}`,
          `    Standard better: ${stdBetter}`,
          `    Equal: ${equal}`
        ].join(""\n"")
      );

      // Fast compactor should not be significantly worse
      // Allow some tolerance since algorithms may differ
      expect(stdBetter).toBeLessThan(40); // At most 80% worse
    })",496,530,steel
/test/spec/fast-horizontal-compactor-test.js,Conditional Test Logic,"{'line': 513, 'column': 13, 'index': 17288}","it(""produces similar or better compaction width"", () => {
      // The fast compactor should produce layouts with similar total width
      // (within a small tolerance, since algorithms may differ slightly)
      let fastBetter = 0;
      let stdBetter = 0;
      let equal = 0;

      for (let run = 0; run < 50; run++) {
        const layout = generateMessyLayout(30, 12);

        const stdCompacted = horizontalCompactor.compact(layout, 12);
        const fastCompacted = fastHorizontalCompactor.compact(layout, 12);

        const stdWidth = layoutWidth(stdCompacted);
        const fastWidth = layoutWidth(fastCompacted);

        if (fastWidth < stdWidth) fastBetter++;
        else if (stdWidth < fastWidth) stdBetter++;
        else equal++;
      }

      console.log(
        [
          """",
          ""  Compaction width comparison (50 random layouts):"",
          `    Fast better: ${fastBetter}`,
          `    Standard better: ${stdBetter}`,
          `    Equal: ${equal}`
        ].join(""\n"")
      );

      // Fast compactor should not be significantly worse
      // Allow some tolerance since algorithms may differ
      expect(stdBetter).toBeLessThan(40); // At most 80% worse
    })",496,530,steel
/test/spec/fast-horizontal-compactor-test.js,Conditional Test Logic,"{'line': 548, 'column': 6, 'index': 18524}","it(""handles complex static item configurations identically"", () => {
      // Multiple static items at various positions
      const layout = [
        { i: ""s1"", x: 0, y: 0, w: 2, h: 4, static: true },
        { i: ""s2"", x: 3, y: 6, w: 2, h: 4, static: true },
        { i: ""s3"", x: 8, y: 2, w: 1, h: 6, static: true },
        { i: ""a"", x: 5, y: 0, w: 2, h: 2 },
        { i: ""b"", x: 1, y: 4, w: 2, h: 2 },
        { i: ""c"", x: 0, y: 10, w: 3, h: 2 },
        { i: ""d"", x: 10, y: 0, w: 2, h: 3 }
      ];

      const stdCompacted = horizontalCompactor.compact(layout, 12);
      const fastCompacted = fastHorizontalCompactor.compact(layout, 12);

      // Static items should be in same position in both
      for (const item of layout.filter(l => l.static)) {
        const stdItem = stdCompacted.find(l => l.i === item.i);
        const fastItem = fastCompacted.find(l => l.i === item.i);
        expect(stdItem.x).toBe(fastItem.x);
        expect(stdItem.y).toBe(fastItem.y);
      }

      // Both should have no overlaps
      expect(hasOverlaps(stdCompacted)).toBe(false);
      expect(hasOverlaps(fastCompacted)).toBe(false);
    })",532,558,steel
/test/spec/fast-horizontal-compactor-test.js,Conditional Test Logic,"{'line': 566, 'column': 6, 'index': 19188}","it(""preserves item dimensions"", () => {
      const layout = generateRandomLayout(30, 12, 5);

      const fastCompacted = fastHorizontalCompactor.compact(layout, 12);

      // All items should preserve their w, h, and i
      for (const original of layout) {
        const compacted = fastCompacted.find(l => l.i === original.i);
        expect(compacted).toBeDefined();
        expect(compacted.w).toBe(original.w);
        expect(compacted.h).toBe(original.h);
        expect(compacted.static).toBe(original.static);
      }
    })",560,573,steel
/test/spec/fast-horizontal-compactor-test.js,Conditional Test Logic,"{'line': 578, 'column': 6, 'index': 19680}","it(""matches standard compactor for deterministic layout from benchmark"", () => {
      // Use the same deterministic layout from benchmark-test.js
      const layout = [];
      for (let i = 0; i < 100; i++) {
        layout.push({
          i: String(i),
          x: (i * 3) % 12,
          y: i % 7,
          w: 1 + (i % 3),
          h: 1 + (i % 2)
        });
      }

      const stdCompacted = horizontalCompactor.compact(layout, 12);
      const fastCompacted = fastHorizontalCompactor.compact(layout, 12);

      // Both should have no overlaps
      expect(hasOverlaps(stdCompacted)).toBe(false);
      expect(hasOverlaps(fastCompacted)).toBe(false);

      // Widths should be similar (within 20%)
      const stdWidth = layoutWidth(stdCompacted);
      const fastWidth = layoutWidth(fastCompacted);
      const widthDiff = Math.abs(stdWidth - fastWidth) / Math.max(stdWidth, 1);

      console.log(
        [
          """",
          ""  Deterministic 100-item layout:"",
          `    Standard width: ${stdWidth}`,
          `    Fast width: ${fastWidth}`,
          `    Difference: ${(widthDiff * 100).toFixed(1)}%`
        ].join(""\n"")
      );

      expect(widthDiff).toBeLessThan(0.3); // Within 30%
    })",575,611,steel
/test/spec/fast-horizontal-compactor-test.js,Conditional Test Logic,"{'line': 634, 'column': 6, 'index': 21624}","it(""handles narrow grids (1-3 columns)"", () => {
      for (let cols = 1; cols <= 3; cols++) {
        const layout = [];
        for (let i = 0; i < 10; i++) {
          layout.push({
            i: String(i),
            x: i * 2,
            y: 0,
            w: 1,
            h: 1 + (i % 2)
          });
        }

        const stdCompacted = horizontalCompactor.compact(layout, cols);
        const fastCompacted = fastHorizontalCompactor.compact(layout, cols);

        expect(hasOverlaps(stdCompacted)).toBe(false);
        expect(hasOverlaps(fastCompacted)).toBe(false);
      }
    })",633,652,steel
/test/spec/fast-horizontal-compactor-test.js,Conditional Test Logic,"{'line': 636, 'column': 8, 'index': 21699}","it(""handles narrow grids (1-3 columns)"", () => {
      for (let cols = 1; cols <= 3; cols++) {
        const layout = [];
        for (let i = 0; i < 10; i++) {
          layout.push({
            i: String(i),
            x: i * 2,
            y: 0,
            w: 1,
            h: 1 + (i % 2)
          });
        }

        const stdCompacted = horizontalCompactor.compact(layout, cols);
        const fastCompacted = fastHorizontalCompactor.compact(layout, cols);

        expect(hasOverlaps(stdCompacted)).toBe(false);
        expect(hasOverlaps(fastCompacted)).toBe(false);
      }
    })",633,652,steel
/test/spec/fast-horizontal-compactor-test.js,Magic Number,"{'line': 138, 'column': 32, 'index': 4064}","it(""does not move static items"", () => {
      const layout = [
        { i: ""static"", x: 5, y: 5, w: 2, h: 2, static: true },
        { i: ""a"", x: 0, y: 0, w: 2, h: 2 },
        { i: ""b"", x: 0, y: 5, w: 8, h: 2 }
      ];

      const compacted = fastHorizontalCompactor.compact(layout, 12);
      const staticItem = compacted.find(l => l.i === ""static"");

      expect(staticItem.x).toBe(5);
      expect(staticItem.y).toBe(5);
    })",128,140,steel
/test/spec/fast-horizontal-compactor-test.js,Magic Number,"{'line': 139, 'column': 32, 'index': 4100}","it(""does not move static items"", () => {
      const layout = [
        { i: ""static"", x: 5, y: 5, w: 2, h: 2, static: true },
        { i: ""a"", x: 0, y: 0, w: 2, h: 2 },
        { i: ""b"", x: 0, y: 5, w: 8, h: 2 }
      ];

      const compacted = fastHorizontalCompactor.compact(layout, 12);
      const staticItem = compacted.find(l => l.i === ""static"");

      expect(staticItem.x).toBe(5);
      expect(staticItem.y).toBe(5);
    })",128,140,steel
/test/spec/fast-horizontal-compactor-test.js,Magic Number,"{'line': 152, 'column': 27, 'index': 4514}","it(""moves items around static items"", () => {
      const layout = [
        { i: ""static"", x: 0, y: 0, w: 2, h: 12, static: true },
        { i: ""a"", x: 5, y: 0, w: 4, h: 2 }
      ];

      const compacted = fastHorizontalCompactor.compact(layout, 12);
      const itemA = compacted.find(l => l.i === ""a"");

      // Item should be moved to x=2 (right next to static)
      expect(itemA.x).toBe(2);
    })",142,153,steel
/test/spec/fast-horizontal-compactor-test.js,Magic Number,"{'line': 167, 'column': 27, 'index': 4945}","it(""compacts items to the left"", () => {
      const layout = [
        { i: ""a"", x: 5, y: 0, w: 2, h: 2 },
        { i: ""b"", x: 8, y: 0, w: 2, h: 2 }
      ];

      const compacted = fastHorizontalCompactor.compact(layout, 12);

      const itemA = compacted.find(l => l.i === ""a"");
      const itemB = compacted.find(l => l.i === ""b"");

      // Items should be compacted to the left
      expect(itemA.x).toBe(0);
      expect(itemB.x).toBe(2); // Right after A
    })",155,169,steel
/test/spec/fast-horizontal-compactor-test.js,Magic Number,"{'line': 168, 'column': 27, 'index': 4976}","it(""compacts items to the left"", () => {
      const layout = [
        { i: ""a"", x: 5, y: 0, w: 2, h: 2 },
        { i: ""b"", x: 8, y: 0, w: 2, h: 2 }
      ];

      const compacted = fastHorizontalCompactor.compact(layout, 12);

      const itemA = compacted.find(l => l.i === ""a"");
      const itemB = compacted.find(l => l.i === ""b"");

      // Items should be compacted to the left
      expect(itemA.x).toBe(0);
      expect(itemB.x).toBe(2); // Right after A
    })",155,169,steel
/test/spec/fast-horizontal-compactor-test.js,Magic Number,"{'line': 179, 'column': 46, 'index': 5375}","it(""handles overlap compactor variant"", () => {
      const layout = generateMessyLayout(20, 12);

      // With allowOverlap, items should still compact but may overlap
      const compacted = fastHorizontalOverlapCompactor.compact(layout, 12);

      // All items should have x >= 0
      compacted.forEach(item => {
        expect(item.x).toBeGreaterThanOrEqual(0);
      });
    })",171,181,steel
/test/spec/fast-horizontal-compactor-test.js,Magic Number,"{'line': 193, 'column': 54, 'index': 5797}","it(""preserves y positions when compacting horizontally"", () => {
      const layout = [
        { i: ""a"", x: 5, y: 0, w: 2, h: 2 },
        { i: ""b"", x: 8, y: 3, w: 2, h: 2 },
        { i: ""c"", x: 10, y: 6, w: 2, h: 2 }
      ];

      const compacted = fastHorizontalCompactor.compact(layout, 12);

      // Y positions should be preserved
      expect(compacted.find(l => l.i === ""a"").y).toBe(0);
      expect(compacted.find(l => l.i === ""b"").y).toBe(3);
      expect(compacted.find(l => l.i === ""c"").y).toBe(6);

      // X positions should be compacted to 0 (no collisions on different rows)
      expect(compacted.find(l => l.i === ""a"").x).toBe(0);
      expect(compacted.find(l => l.i === ""b"").x).toBe(0);
      expect(compacted.find(l => l.i === ""c"").x).toBe(0);
    })",183,201,steel
/test/spec/fast-horizontal-compactor-test.js,Magic Number,"{'line': 194, 'column': 54, 'index': 5855}","it(""preserves y positions when compacting horizontally"", () => {
      const layout = [
        { i: ""a"", x: 5, y: 0, w: 2, h: 2 },
        { i: ""b"", x: 8, y: 3, w: 2, h: 2 },
        { i: ""c"", x: 10, y: 6, w: 2, h: 2 }
      ];

      const compacted = fastHorizontalCompactor.compact(layout, 12);

      // Y positions should be preserved
      expect(compacted.find(l => l.i === ""a"").y).toBe(0);
      expect(compacted.find(l => l.i === ""b"").y).toBe(3);
      expect(compacted.find(l => l.i === ""c"").y).toBe(6);

      // X positions should be compacted to 0 (no collisions on different rows)
      expect(compacted.find(l => l.i === ""a"").x).toBe(0);
      expect(compacted.find(l => l.i === ""b"").x).toBe(0);
      expect(compacted.find(l => l.i === ""c"").x).toBe(0);
    })",183,201,steel
/test/spec/fast-horizontal-compactor-test.js,Magic Number,"{'line': 195, 'column': 54, 'index': 5913}","it(""preserves y positions when compacting horizontally"", () => {
      const layout = [
        { i: ""a"", x: 5, y: 0, w: 2, h: 2 },
        { i: ""b"", x: 8, y: 3, w: 2, h: 2 },
        { i: ""c"", x: 10, y: 6, w: 2, h: 2 }
      ];

      const compacted = fastHorizontalCompactor.compact(layout, 12);

      // Y positions should be preserved
      expect(compacted.find(l => l.i === ""a"").y).toBe(0);
      expect(compacted.find(l => l.i === ""b"").y).toBe(3);
      expect(compacted.find(l => l.i === ""c"").y).toBe(6);

      // X positions should be compacted to 0 (no collisions on different rows)
      expect(compacted.find(l => l.i === ""a"").x).toBe(0);
      expect(compacted.find(l => l.i === ""b"").x).toBe(0);
      expect(compacted.find(l => l.i === ""c"").x).toBe(0);
    })",183,201,steel
/test/spec/fast-horizontal-compactor-test.js,Magic Number,"{'line': 198, 'column': 54, 'index': 6052}","it(""preserves y positions when compacting horizontally"", () => {
      const layout = [
        { i: ""a"", x: 5, y: 0, w: 2, h: 2 },
        { i: ""b"", x: 8, y: 3, w: 2, h: 2 },
        { i: ""c"", x: 10, y: 6, w: 2, h: 2 }
      ];

      const compacted = fastHorizontalCompactor.compact(layout, 12);

      // Y positions should be preserved
      expect(compacted.find(l => l.i === ""a"").y).toBe(0);
      expect(compacted.find(l => l.i === ""b"").y).toBe(3);
      expect(compacted.find(l => l.i === ""c"").y).toBe(6);

      // X positions should be compacted to 0 (no collisions on different rows)
      expect(compacted.find(l => l.i === ""a"").x).toBe(0);
      expect(compacted.find(l => l.i === ""b"").x).toBe(0);
      expect(compacted.find(l => l.i === ""c"").x).toBe(0);
    })",183,201,steel
/test/spec/fast-horizontal-compactor-test.js,Magic Number,"{'line': 199, 'column': 54, 'index': 6110}","it(""preserves y positions when compacting horizontally"", () => {
      const layout = [
        { i: ""a"", x: 5, y: 0, w: 2, h: 2 },
        { i: ""b"", x: 8, y: 3, w: 2, h: 2 },
        { i: ""c"", x: 10, y: 6, w: 2, h: 2 }
      ];

      const compacted = fastHorizontalCompactor.compact(layout, 12);

      // Y positions should be preserved
      expect(compacted.find(l => l.i === ""a"").y).toBe(0);
      expect(compacted.find(l => l.i === ""b"").y).toBe(3);
      expect(compacted.find(l => l.i === ""c"").y).toBe(6);

      // X positions should be compacted to 0 (no collisions on different rows)
      expect(compacted.find(l => l.i === ""a"").x).toBe(0);
      expect(compacted.find(l => l.i === ""b"").x).toBe(0);
      expect(compacted.find(l => l.i === ""c"").x).toBe(0);
    })",183,201,steel
/test/spec/fast-horizontal-compactor-test.js,Magic Number,"{'line': 200, 'column': 54, 'index': 6168}","it(""preserves y positions when compacting horizontally"", () => {
      const layout = [
        { i: ""a"", x: 5, y: 0, w: 2, h: 2 },
        { i: ""b"", x: 8, y: 3, w: 2, h: 2 },
        { i: ""c"", x: 10, y: 6, w: 2, h: 2 }
      ];

      const compacted = fastHorizontalCompactor.compact(layout, 12);

      // Y positions should be preserved
      expect(compacted.find(l => l.i === ""a"").y).toBe(0);
      expect(compacted.find(l => l.i === ""b"").y).toBe(3);
      expect(compacted.find(l => l.i === ""c"").y).toBe(6);

      // X positions should be compacted to 0 (no collisions on different rows)
      expect(compacted.find(l => l.i === ""a"").x).toBe(0);
      expect(compacted.find(l => l.i === ""b"").x).toBe(0);
      expect(compacted.find(l => l.i === ""c"").x).toBe(0);
    })",183,201,steel
/test/spec/fast-horizontal-compactor-test.js,Magic Number,"{'line': 215, 'column': 27, 'index': 6649}","it(""wraps items to next row when they don't fit"", () => {
      const layout = [
        { i: ""a"", x: 0, y: 0, w: 6, h: 1 },
        { i: ""b"", x: 0, y: 0, w: 8, h: 1 } // Too wide to fit alongside a in 12 cols
      ];

      const compacted = fastHorizontalCompactor.compact(layout, 12);

      const itemA = compacted.find(l => l.i === ""a"");
      const itemB = compacted.find(l => l.i === ""b"");

      // Item a should be at x=0, y=0
      expect(itemA.x).toBe(0);
      expect(itemA.y).toBe(0);

      // Item b can't fit next to a (6 + 8 = 14 > 12), so it wraps to next row
      expect(itemB.y).toBeGreaterThan(0);
      expect(itemB.x).toBe(0); // Should compact to left of its new row
    })",203,221,steel
/test/spec/fast-horizontal-compactor-test.js,Magic Number,"{'line': 216, 'column': 27, 'index': 6680}","it(""wraps items to next row when they don't fit"", () => {
      const layout = [
        { i: ""a"", x: 0, y: 0, w: 6, h: 1 },
        { i: ""b"", x: 0, y: 0, w: 8, h: 1 } // Too wide to fit alongside a in 12 cols
      ];

      const compacted = fastHorizontalCompactor.compact(layout, 12);

      const itemA = compacted.find(l => l.i === ""a"");
      const itemB = compacted.find(l => l.i === ""b"");

      // Item a should be at x=0, y=0
      expect(itemA.x).toBe(0);
      expect(itemA.y).toBe(0);

      // Item b can't fit next to a (6 + 8 = 14 > 12), so it wraps to next row
      expect(itemB.y).toBeGreaterThan(0);
      expect(itemB.x).toBe(0); // Should compact to left of its new row
    })",203,221,steel
/test/spec/fast-horizontal-compactor-test.js,Magic Number,"{'line': 219, 'column': 38, 'index': 6802}","it(""wraps items to next row when they don't fit"", () => {
      const layout = [
        { i: ""a"", x: 0, y: 0, w: 6, h: 1 },
        { i: ""b"", x: 0, y: 0, w: 8, h: 1 } // Too wide to fit alongside a in 12 cols
      ];

      const compacted = fastHorizontalCompactor.compact(layout, 12);

      const itemA = compacted.find(l => l.i === ""a"");
      const itemB = compacted.find(l => l.i === ""b"");

      // Item a should be at x=0, y=0
      expect(itemA.x).toBe(0);
      expect(itemA.y).toBe(0);

      // Item b can't fit next to a (6 + 8 = 14 > 12), so it wraps to next row
      expect(itemB.y).toBeGreaterThan(0);
      expect(itemB.x).toBe(0); // Should compact to left of its new row
    })",203,221,steel
/test/spec/fast-horizontal-compactor-test.js,Magic Number,"{'line': 220, 'column': 27, 'index': 6833}","it(""wraps items to next row when they don't fit"", () => {
      const layout = [
        { i: ""a"", x: 0, y: 0, w: 6, h: 1 },
        { i: ""b"", x: 0, y: 0, w: 8, h: 1 } // Too wide to fit alongside a in 12 cols
      ];

      const compacted = fastHorizontalCompactor.compact(layout, 12);

      const itemA = compacted.find(l => l.i === ""a"");
      const itemB = compacted.find(l => l.i === ""b"");

      // Item a should be at x=0, y=0
      expect(itemA.x).toBe(0);
      expect(itemA.y).toBe(0);

      // Item b can't fit next to a (6 + 8 = 14 > 12), so it wraps to next row
      expect(itemB.y).toBeGreaterThan(0);
      expect(itemB.x).toBe(0); // Should compact to left of its new row
    })",203,221,steel
/test/spec/fast-horizontal-compactor-test.js,Magic Number,"{'line': 237, 'column': 27, 'index': 7462}","it(""wraps multiple items when row is full"", () => {
      const layout = [
        { i: ""a"", x: 0, y: 0, w: 5, h: 1 },
        { i: ""b"", x: 0, y: 0, w: 5, h: 1 },
        { i: ""c"", x: 0, y: 0, w: 5, h: 1 } // Only 2 items fit per row (5+5=10, 5+5+5=15>12)
      ];

      const compacted = fastHorizontalCompactor.compact(layout, 12);

      // First two items should fit in row 0
      const itemA = compacted.find(l => l.i === ""a"");
      const itemB = compacted.find(l => l.i === ""b"");
      const itemC = compacted.find(l => l.i === ""c"");

      expect(itemA.y).toBe(0);
      expect(itemB.y).toBe(0);
      expect(itemC.y).toBe(1); // Third item wraps to next row

      // No overlaps
      expect(hasOverlaps(compacted)).toBe(false);
    })",223,243,steel
/test/spec/fast-horizontal-compactor-test.js,Magic Number,"{'line': 238, 'column': 27, 'index': 7493}","it(""wraps multiple items when row is full"", () => {
      const layout = [
        { i: ""a"", x: 0, y: 0, w: 5, h: 1 },
        { i: ""b"", x: 0, y: 0, w: 5, h: 1 },
        { i: ""c"", x: 0, y: 0, w: 5, h: 1 } // Only 2 items fit per row (5+5=10, 5+5+5=15>12)
      ];

      const compacted = fastHorizontalCompactor.compact(layout, 12);

      // First two items should fit in row 0
      const itemA = compacted.find(l => l.i === ""a"");
      const itemB = compacted.find(l => l.i === ""b"");
      const itemC = compacted.find(l => l.i === ""c"");

      expect(itemA.y).toBe(0);
      expect(itemB.y).toBe(0);
      expect(itemC.y).toBe(1); // Third item wraps to next row

      // No overlaps
      expect(hasOverlaps(compacted)).toBe(false);
    })",223,243,steel
/test/spec/fast-horizontal-compactor-test.js,Magic Number,"{'line': 239, 'column': 27, 'index': 7524}","it(""wraps multiple items when row is full"", () => {
      const layout = [
        { i: ""a"", x: 0, y: 0, w: 5, h: 1 },
        { i: ""b"", x: 0, y: 0, w: 5, h: 1 },
        { i: ""c"", x: 0, y: 0, w: 5, h: 1 } // Only 2 items fit per row (5+5=10, 5+5+5=15>12)
      ];

      const compacted = fastHorizontalCompactor.compact(layout, 12);

      // First two items should fit in row 0
      const itemA = compacted.find(l => l.i === ""a"");
      const itemB = compacted.find(l => l.i === ""b"");
      const itemC = compacted.find(l => l.i === ""c"");

      expect(itemA.y).toBe(0);
      expect(itemB.y).toBe(0);
      expect(itemC.y).toBe(1); // Third item wraps to next row

      // No overlaps
      expect(hasOverlaps(compacted)).toBe(false);
    })",223,243,steel
/test/spec/fast-horizontal-compactor-test.js,Magic Number,"{'line': 350, 'column': 34, 'index': 11272}","it(""handles single item"", () => {
      const layout = [{ i: ""a"", x: 10, y: 5, w: 2, h: 2 }];
      const compacted = fastHorizontalCompactor.compact(layout, 12);

      expect(compacted[0].x).toBe(0); // Should compact to left
      expect(compacted[0].y).toBe(5); // Y preserved
    })",346,352,steel
/test/spec/fast-horizontal-compactor-test.js,Magic Number,"{'line': 351, 'column': 34, 'index': 11336}","it(""handles single item"", () => {
      const layout = [{ i: ""a"", x: 10, y: 5, w: 2, h: 2 }];
      const compacted = fastHorizontalCompactor.compact(layout, 12);

      expect(compacted[0].x).toBe(0); // Should compact to left
      expect(compacted[0].y).toBe(5); // Y preserved
    })",346,352,steel
/test/spec/fast-horizontal-compactor-test.js,Magic Number,"{'line': 363, 'column': 54, 'index': 11717}","it(""handles all static items"", () => {
      const layout = [
        { i: ""a"", x: 0, y: 0, w: 2, h: 2, static: true },
        { i: ""b"", x: 4, y: 4, w: 2, h: 2, static: true }
      ];

      const compacted = fastHorizontalCompactor.compact(layout, 12);

      // Static items should not move
      expect(compacted.find(l => l.i === ""a"").x).toBe(0);
      expect(compacted.find(l => l.i === ""b"").x).toBe(4);
    })",354,365,steel
/test/spec/fast-horizontal-compactor-test.js,Magic Number,"{'line': 364, 'column': 54, 'index': 11775}","it(""handles all static items"", () => {
      const layout = [
        { i: ""a"", x: 0, y: 0, w: 2, h: 2, static: true },
        { i: ""b"", x: 4, y: 4, w: 2, h: 2, static: true }
      ];

      const compacted = fastHorizontalCompactor.compact(layout, 12);

      // Static items should not move
      expect(compacted.find(l => l.i === ""a"").x).toBe(0);
      expect(compacted.find(l => l.i === ""b"").x).toBe(4);
    })",354,365,steel
/test/spec/fast-horizontal-compactor-test.js,Magic Number,"{'line': 374, 'column': 36, 'index': 12066}","it(""handles items wider than grid"", () => {
      const layout = [
        { i: ""a"", x: 0, y: 0, w: 15, h: 2 } // Wider than 12 cols
      ];

      // Should not throw
      const compacted = fastHorizontalCompactor.compact(layout, 12);
      expect(compacted.length).toBe(1);
    })",367,375,steel
/test/spec/fast-horizontal-compactor-test.js,Magic Number,"{'line': 384, 'column': 36, 'index': 12363}","it(""handles items at x position beyond grid"", () => {
      const layout = [
        { i: ""a"", x: 15, y: 0, w: 2, h: 2 } // Beyond 12 cols
      ];

      // Should not throw
      const compacted = fastHorizontalCompactor.compact(layout, 12);
      expect(compacted.length).toBe(1);
      // Should be compacted to left
      expect(compacted[0].x).toBe(0);
    })",377,387,steel
/test/spec/fast-horizontal-compactor-test.js,Magic Number,"{'line': 386, 'column': 34, 'index': 12438}","it(""handles items at x position beyond grid"", () => {
      const layout = [
        { i: ""a"", x: 15, y: 0, w: 2, h: 2 } // Beyond 12 cols
      ];

      // Should not throw
      const compacted = fastHorizontalCompactor.compact(layout, 12);
      expect(compacted.length).toBe(1);
      // Should be compacted to left
      expect(compacted[0].x).toBe(0);
    })",377,387,steel
/test/spec/fast-horizontal-compactor-test.js,Magic Number,"{'line': 397, 'column': 54, 'index': 12829}","it(""handles items with y beyond initial maxRow"", () => {
      const layout = [
        { i: ""a"", x: 5, y: 0, w: 2, h: 2 },
        { i: ""b"", x: 5, y: 100, w: 2, h: 2 } // Very far down
      ];

      // Should not throw and should compact correctly
      const compacted = fastHorizontalCompactor.compact(layout, 12);
      expect(compacted.find(l => l.i === ""a"").x).toBe(0);
      expect(compacted.find(l => l.i === ""b"").x).toBe(0);
      expect(compacted.find(l => l.i === ""b"").y).toBe(100); // Y preserved
    })",389,400,steel
/test/spec/fast-horizontal-compactor-test.js,Magic Number,"{'line': 398, 'column': 54, 'index': 12887}","it(""handles items with y beyond initial maxRow"", () => {
      const layout = [
        { i: ""a"", x: 5, y: 0, w: 2, h: 2 },
        { i: ""b"", x: 5, y: 100, w: 2, h: 2 } // Very far down
      ];

      // Should not throw and should compact correctly
      const compacted = fastHorizontalCompactor.compact(layout, 12);
      expect(compacted.find(l => l.i === ""a"").x).toBe(0);
      expect(compacted.find(l => l.i === ""b"").x).toBe(0);
      expect(compacted.find(l => l.i === ""b"").y).toBe(100); // Y preserved
    })",389,400,steel
/test/spec/fast-horizontal-compactor-test.js,Magic Number,"{'line': 399, 'column': 54, 'index': 12945}","it(""handles items with y beyond initial maxRow"", () => {
      const layout = [
        { i: ""a"", x: 5, y: 0, w: 2, h: 2 },
        { i: ""b"", x: 5, y: 100, w: 2, h: 2 } // Very far down
      ];

      // Should not throw and should compact correctly
      const compacted = fastHorizontalCompactor.compact(layout, 12);
      expect(compacted.find(l => l.i === ""a"").x).toBe(0);
      expect(compacted.find(l => l.i === ""b"").x).toBe(0);
      expect(compacted.find(l => l.i === ""b"").y).toBe(100); // Y preserved
    })",389,400,steel
/test/spec/fast-horizontal-compactor-test.js,Magic Number,"{'line': 417, 'column': 36, 'index': 13695}","it(""handles pathological layouts that exceed max row limit gracefully"", () => {
      const consoleWarn = jest.spyOn(console, ""warn"").mockImplementation();

      // Create a pathological layout: static item blocking entire grid,
      // with an item that's wider than the grid (can't fit anywhere)
      const layout = [
        { i: ""static"", x: 0, y: 0, w: 12, h: 1, static: true },
        { i: ""a"", x: 0, y: 0, w: 13, h: 1 } // Wider than grid, can never fit
      ];

      // Should not throw and should handle gracefully
      const compacted = fastHorizontalCompactor.compact(layout, 12);

      // Layout should still be returned
      expect(compacted).toBeDefined();
      expect(compacted.length).toBe(2);

      // Warning should have been logged
      expect(consoleWarn).toHaveBeenCalledWith(
        expect.stringContaining(""exceeded max row limit"")
      );

      consoleWarn.mockRestore();
    })",402,425,steel
/test/spec/fast-horizontal-compactor-test.js,Magic Number,"{'line': 529, 'column': 37, 'index': 17772}","it(""produces similar or better compaction width"", () => {
      // The fast compactor should produce layouts with similar total width
      // (within a small tolerance, since algorithms may differ slightly)
      let fastBetter = 0;
      let stdBetter = 0;
      let equal = 0;

      for (let run = 0; run < 50; run++) {
        const layout = generateMessyLayout(30, 12);

        const stdCompacted = horizontalCompactor.compact(layout, 12);
        const fastCompacted = fastHorizontalCompactor.compact(layout, 12);

        const stdWidth = layoutWidth(stdCompacted);
        const fastWidth = layoutWidth(fastCompacted);

        if (fastWidth < stdWidth) fastBetter++;
        else if (stdWidth < fastWidth) stdBetter++;
        else equal++;
      }

      console.log(
        [
          """",
          ""  Compaction width comparison (50 random layouts):"",
          `    Fast better: ${fastBetter}`,
          `    Standard better: ${stdBetter}`,
          `    Equal: ${equal}`
        ].join(""\n"")
      );

      // Fast compactor should not be significantly worse
      // Allow some tolerance since algorithms may differ
      expect(stdBetter).toBeLessThan(40); // At most 80% worse
    })",496,530,steel
/test/spec/fast-horizontal-compactor-test.js,Magic Number,"{'line': 610, 'column': 37, 'index': 20700}","it(""matches standard compactor for deterministic layout from benchmark"", () => {
      // Use the same deterministic layout from benchmark-test.js
      const layout = [];
      for (let i = 0; i < 100; i++) {
        layout.push({
          i: String(i),
          x: (i * 3) % 12,
          y: i % 7,
          w: 1 + (i % 3),
          h: 1 + (i % 2)
        });
      }

      const stdCompacted = horizontalCompactor.compact(layout, 12);
      const fastCompacted = fastHorizontalCompactor.compact(layout, 12);

      // Both should have no overlaps
      expect(hasOverlaps(stdCompacted)).toBe(false);
      expect(hasOverlaps(fastCompacted)).toBe(false);

      // Widths should be similar (within 20%)
      const stdWidth = layoutWidth(stdCompacted);
      const fastWidth = layoutWidth(fastCompacted);
      const widthDiff = Math.abs(stdWidth - fastWidth) / Math.max(stdWidth, 1);

      console.log(
        [
          """",
          ""  Deterministic 100-item layout:"",
          `    Standard width: ${stdWidth}`,
          `    Fast width: ${fastWidth}`,
          `    Difference: ${(widthDiff * 100).toFixed(1)}%`
        ].join(""\n"")
      );

      expect(widthDiff).toBeLessThan(0.3); // Within 30%
    })",575,611,steel
/test/spec/fast-horizontal-compactor-test.js,Magic Number,"{'line': 629, 'column': 45, 'index': 21502}","it(""handles edge case: items that could stack in different orders"", () => {
      // Items that could be stacked in different valid configurations
      const layout = [
        { i: ""a"", x: 0, y: 0, w: 2, h: 6 },
        { i: ""b"", x: 0, y: 0, w: 2, h: 6 }, // Same position as a
        { i: ""c"", x: 0, y: 0, w: 2, h: 6 } // Same position as a and b
      ];

      const stdCompacted = horizontalCompactor.compact(layout, 12);
      const fastCompacted = fastHorizontalCompactor.compact(layout, 12);

      // Both should produce valid layouts with no overlaps
      expect(hasOverlaps(stdCompacted)).toBe(false);
      expect(hasOverlaps(fastCompacted)).toBe(false);

      // Total width should be 6 (3 items * width 2)
      expect(layoutWidth(stdCompacted)).toBe(6);
      expect(layoutWidth(fastCompacted)).toBe(6);
    })",613,631,steel
/test/spec/fast-horizontal-compactor-test.js,Magic Number,"{'line': 630, 'column': 46, 'index': 21552}","it(""handles edge case: items that could stack in different orders"", () => {
      // Items that could be stacked in different valid configurations
      const layout = [
        { i: ""a"", x: 0, y: 0, w: 2, h: 6 },
        { i: ""b"", x: 0, y: 0, w: 2, h: 6 }, // Same position as a
        { i: ""c"", x: 0, y: 0, w: 2, h: 6 } // Same position as a and b
      ];

      const stdCompacted = horizontalCompactor.compact(layout, 12);
      const fastCompacted = fastHorizontalCompactor.compact(layout, 12);

      // Both should produce valid layouts with no overlaps
      expect(hasOverlaps(stdCompacted)).toBe(false);
      expect(hasOverlaps(fastCompacted)).toBe(false);

      // Total width should be 6 (3 items * width 2)
      expect(layoutWidth(stdCompacted)).toBe(6);
      expect(layoutWidth(fastCompacted)).toBe(6);
    })",613,631,steel
/test/spec/fast-horizontal-compactor-test.js,Magic Number,"{'line': 668, 'column': 58, 'index': 22728}","it(""handles tall items spanning multiple rows"", () => {
      const layout = [
        { i: ""a"", x: 5, y: 0, w: 2, h: 5 },
        { i: ""b"", x: 8, y: 2, w: 3, h: 3 }
      ];

      const stdCompacted = horizontalCompactor.compact(layout, 12);
      const fastCompacted = fastHorizontalCompactor.compact(layout, 12);

      // Both should compact correctly
      expect(hasOverlaps(stdCompacted)).toBe(false);
      expect(hasOverlaps(fastCompacted)).toBe(false);

      // Item a should be at x=0
      expect(fastCompacted.find(l => l.i === ""a"").x).toBe(0);
      // Item b should be at x=2 (right after a, overlapping rows)
      expect(fastCompacted.find(l => l.i === ""b"").x).toBe(2);
    })",654,671,steel
/test/spec/fast-horizontal-compactor-test.js,Magic Number,"{'line': 670, 'column': 58, 'index': 22857}","it(""handles tall items spanning multiple rows"", () => {
      const layout = [
        { i: ""a"", x: 5, y: 0, w: 2, h: 5 },
        { i: ""b"", x: 8, y: 2, w: 3, h: 3 }
      ];

      const stdCompacted = horizontalCompactor.compact(layout, 12);
      const fastCompacted = fastHorizontalCompactor.compact(layout, 12);

      // Both should compact correctly
      expect(hasOverlaps(stdCompacted)).toBe(false);
      expect(hasOverlaps(fastCompacted)).toBe(false);

      // Item a should be at x=0
      expect(fastCompacted.find(l => l.i === ""a"").x).toBe(0);
      // Item b should be at x=2 (right after a, overlapping rows)
      expect(fastCompacted.find(l => l.i === ""b"").x).toBe(2);
    })",654,671,steel
/test/spec/fast-horizontal-compactor-test.js,Redundant Print,"{'line': 328, 'column': 6, 'index': 10583}","it(""compares with static items (200 items, 20 static)"", () => {
      const layout = generateRandomLayout(200, 12, 20);

      const stdTime = measureTime(
        () => horizontalCompactor.compact(layout, 12),
        5
      );

      const fastTime = measureTime(
        () => fastHorizontalCompactor.compact(layout, 12),
        5
      );

      console.log(
        [
          """",
          ""  With static items (200 items, 20 static):"",
          `    Standard: ${stdTime.toFixed(2)}ms`,
          `    Fast:     ${fastTime.toFixed(2)}ms`,
          `    Speedup:  ${(stdTime / fastTime).toFixed(2)}x`
        ].join(""\n"")
      );
    })",315,337,steel
/test/spec/fast-horizontal-compactor-test.js,Redundant Print,"{'line': 517, 'column': 6, 'index': 17364}","it(""produces similar or better compaction width"", () => {
      // The fast compactor should produce layouts with similar total width
      // (within a small tolerance, since algorithms may differ slightly)
      let fastBetter = 0;
      let stdBetter = 0;
      let equal = 0;

      for (let run = 0; run < 50; run++) {
        const layout = generateMessyLayout(30, 12);

        const stdCompacted = horizontalCompactor.compact(layout, 12);
        const fastCompacted = fastHorizontalCompactor.compact(layout, 12);

        const stdWidth = layoutWidth(stdCompacted);
        const fastWidth = layoutWidth(fastCompacted);

        if (fastWidth < stdWidth) fastBetter++;
        else if (stdWidth < fastWidth) stdBetter++;
        else equal++;
      }

      console.log(
        [
          """",
          ""  Compaction width comparison (50 random layouts):"",
          `    Fast better: ${fastBetter}`,
          `    Standard better: ${stdBetter}`,
          `    Equal: ${equal}`
        ].join(""\n"")
      );

      // Fast compactor should not be significantly worse
      // Allow some tolerance since algorithms may differ
      expect(stdBetter).toBeLessThan(40); // At most 80% worse
    })",496,530,steel
/test/spec/fast-horizontal-compactor-test.js,Redundant Print,"{'line': 600, 'column': 6, 'index': 20401}","it(""matches standard compactor for deterministic layout from benchmark"", () => {
      // Use the same deterministic layout from benchmark-test.js
      const layout = [];
      for (let i = 0; i < 100; i++) {
        layout.push({
          i: String(i),
          x: (i * 3) % 12,
          y: i % 7,
          w: 1 + (i % 3),
          h: 1 + (i % 2)
        });
      }

      const stdCompacted = horizontalCompactor.compact(layout, 12);
      const fastCompacted = fastHorizontalCompactor.compact(layout, 12);

      // Both should have no overlaps
      expect(hasOverlaps(stdCompacted)).toBe(false);
      expect(hasOverlaps(fastCompacted)).toBe(false);

      // Widths should be similar (within 20%)
      const stdWidth = layoutWidth(stdCompacted);
      const fastWidth = layoutWidth(fastCompacted);
      const widthDiff = Math.abs(stdWidth - fastWidth) / Math.max(stdWidth, 1);

      console.log(
        [
          """",
          ""  Deterministic 100-item layout:"",
          `    Standard width: ${stdWidth}`,
          `    Fast width: ${fastWidth}`,
          `    Difference: ${(widthDiff * 100).toFixed(1)}%`
        ].join(""\n"")
      );

      expect(widthDiff).toBeLessThan(0.3); // Within 30%
    })",575,611,steel
/test/spec/fast-horizontal-compactor-test.js,Unknown Test,"{'column': 4, 'line': 315}","it(""compares with static items (200 items, 20 static)"", () => {
      const layout = generateRandomLayout(200, 12, 20);

      const stdTime = measureTime(
        () => horizontalCompactor.compact(layout, 12),
        5
      );

      const fastTime = measureTime(
        () => fastHorizontalCompactor.compact(layout, 12),
        5
      );

      console.log(
        [
          """",
          ""  With static items (200 items, 20 static):"",
          `    Standard: ${stdTime.toFixed(2)}ms`,
          `    Fast:     ${fastTime.toFixed(2)}ms`,
          `    Speedup:  ${(stdTime / fastTime).toFixed(2)}x`
        ].join(""\n"")
      );
    })",315,337,steel
/test/spec/fast-compactor-test.js,Conditional Test Logic,"{'line': 23, 'column': 2, 'index': 590}",Unknown,,,steel
/test/spec/fast-compactor-test.js,Conditional Test Logic,"{'line': 40, 'column': 2, 'index': 1044}",Unknown,,,steel
/test/spec/fast-compactor-test.js,Conditional Test Logic,"{'line': 55, 'column': 2, 'index': 1345}",Unknown,,,steel
/test/spec/fast-compactor-test.js,Conditional Test Logic,"{'line': 69, 'column': 2, 'index': 1745}",Unknown,,,steel
/test/spec/fast-compactor-test.js,Conditional Test Logic,"{'line': 70, 'column': 4, 'index': 1791}",Unknown,,,steel
/test/spec/fast-compactor-test.js,Conditional Test Logic,"{'line': 71, 'column': 6, 'index': 1843}",Unknown,,,steel
/test/spec/fast-compactor-test.js,Conditional Test Logic,"{'line': 73, 'column': 8, 'index': 1946}",Unknown,,,steel
/test/spec/fast-compactor-test.js,Conditional Test Logic,"{'line': 84, 'column': 2, 'index': 2164}",Unknown,,,steel
/test/spec/fast-compactor-test.js,Conditional Test Logic,"{'line': 94, 'column': 6, 'index': 2433}","it(""produces a valid layout with no overlaps"", () => {
      for (let run = 0; run < 10; run++) {
        const cols = 1 + Math.floor(Math.random() * 6);
        const numItems = 2 + Math.floor(Math.random() * 20);
        const numStatics = Math.floor(Math.random() * numItems);

        const layout = generateRandomLayout(numItems, cols, numStatics);
        const compacted = fastVerticalCompactor.compact(layout, cols);

        expect(hasOverlaps(compacted)).toBe(false);
      }
    })",93,104,steel
/test/spec/fast-compactor-test.js,Conditional Test Logic,"{'line': 107, 'column': 6, 'index': 2942}","it(""is idempotent (compacting twice gives same result)"", () => {
      for (let run = 0; run < 5; run++) {
        const layout = generateRandomLayout(50, 12, 5);

        const compacted1 = fastVerticalCompactor.compact(layout, 12);
        const compacted2 = fastVerticalCompactor.compact(compacted1, 12);

        // Compare positions
        for (let i = 0; i < compacted1.length; i++) {
          const item1 = compacted1.find(l => l.i === compacted2[i].i);
          const item2 = compacted2[i];
          expect(item1.x).toBe(item2.x);
          expect(item1.y).toBe(item2.y);
        }
      }
    })",106,121,steel
/test/spec/fast-compactor-test.js,Conditional Test Logic,"{'line': 114, 'column': 8, 'index': 3217}","it(""is idempotent (compacting twice gives same result)"", () => {
      for (let run = 0; run < 5; run++) {
        const layout = generateRandomLayout(50, 12, 5);

        const compacted1 = fastVerticalCompactor.compact(layout, 12);
        const compacted2 = fastVerticalCompactor.compact(compacted1, 12);

        // Compare positions
        for (let i = 0; i < compacted1.length; i++) {
          const item1 = compacted1.find(l => l.i === compacted2[i].i);
          const item2 = compacted2[i];
          expect(item1.x).toBe(item2.x);
          expect(item1.y).toBe(item2.y);
        }
      }
    })",106,121,steel
/test/spec/fast-compactor-test.js,Conditional Test Logic,"{'line': 170, 'column': 8, 'index': 4942}","afterAll(() => {
      // Format time value
      const formatTime = time => {
        if (time < 0.001) return `${(time * 1_000_000).toFixed(2)} ns`;
        if (time < 1) return `${(time * 1000).toFixed(2)} µs`;
        if (time < 1000) return `${time.toFixed(2)} ms`;
        return `${(time / 1000).toFixed(2)} s`;
      };

      const lines = [
        """",
        ""┌──────────────────────────────────────────────────────────────────────────────┐"",
        ""│                    ⚡ Compactor Performance Comparison                       │"",
        ""├──────────────────────────────────────────────────────────────────────────────┤"",
        ""│ Items    │ Standard Vertical     │ Fast Vertical         │ Speedup          │"",
        ""├──────────┼───────────────────────┼───────────────────────┼──────────────────┤""
      ];

      testSizes.forEach(size => {
        const stdKey = `standard_${size}`;
        const fastKey = `fast_${size}`;

        if (benchmarkResults[stdKey] && benchmarkResults[fastKey]) {
          const speedup = benchmarkResults[stdKey] / benchmarkResults[fastKey];
          lines.push(
            `│ ${String(size).padEnd(8)} │ ${formatTime(benchmarkResults[stdKey]).padStart(21)} │ ${formatTime(benchmarkResults[fastKey]).padStart(21)} │ ${speedup.toFixed(2).padStart(6)}x faster │`
          );
        }
      });

      lines.push(
        ""└──────────────────────────────────────────────────────────────────────────────┘""
      );

      console.log(lines.join(""\n""));
    })",167,202,steel
/test/spec/fast-compactor-test.js,Conditional Test Logic,"{'line': 171, 'column': 8, 'index': 5014}","afterAll(() => {
      // Format time value
      const formatTime = time => {
        if (time < 0.001) return `${(time * 1_000_000).toFixed(2)} ns`;
        if (time < 1) return `${(time * 1000).toFixed(2)} µs`;
        if (time < 1000) return `${time.toFixed(2)} ms`;
        return `${(time / 1000).toFixed(2)} s`;
      };

      const lines = [
        """",
        ""┌──────────────────────────────────────────────────────────────────────────────┐"",
        ""│                    ⚡ Compactor Performance Comparison                       │"",
        ""├──────────────────────────────────────────────────────────────────────────────┤"",
        ""│ Items    │ Standard Vertical     │ Fast Vertical         │ Speedup          │"",
        ""├──────────┼───────────────────────┼───────────────────────┼──────────────────┤""
      ];

      testSizes.forEach(size => {
        const stdKey = `standard_${size}`;
        const fastKey = `fast_${size}`;

        if (benchmarkResults[stdKey] && benchmarkResults[fastKey]) {
          const speedup = benchmarkResults[stdKey] / benchmarkResults[fastKey];
          lines.push(
            `│ ${String(size).padEnd(8)} │ ${formatTime(benchmarkResults[stdKey]).padStart(21)} │ ${formatTime(benchmarkResults[fastKey]).padStart(21)} │ ${speedup.toFixed(2).padStart(6)}x faster │`
          );
        }
      });

      lines.push(
        ""└──────────────────────────────────────────────────────────────────────────────┘""
      );

      console.log(lines.join(""\n""));
    })",167,202,steel
/test/spec/fast-compactor-test.js,Conditional Test Logic,"{'line': 172, 'column': 8, 'index': 5077}","afterAll(() => {
      // Format time value
      const formatTime = time => {
        if (time < 0.001) return `${(time * 1_000_000).toFixed(2)} ns`;
        if (time < 1) return `${(time * 1000).toFixed(2)} µs`;
        if (time < 1000) return `${time.toFixed(2)} ms`;
        return `${(time / 1000).toFixed(2)} s`;
      };

      const lines = [
        """",
        ""┌──────────────────────────────────────────────────────────────────────────────┐"",
        ""│                    ⚡ Compactor Performance Comparison                       │"",
        ""├──────────────────────────────────────────────────────────────────────────────┤"",
        ""│ Items    │ Standard Vertical     │ Fast Vertical         │ Speedup          │"",
        ""├──────────┼───────────────────────┼───────────────────────┼──────────────────┤""
      ];

      testSizes.forEach(size => {
        const stdKey = `standard_${size}`;
        const fastKey = `fast_${size}`;

        if (benchmarkResults[stdKey] && benchmarkResults[fastKey]) {
          const speedup = benchmarkResults[stdKey] / benchmarkResults[fastKey];
          lines.push(
            `│ ${String(size).padEnd(8)} │ ${formatTime(benchmarkResults[stdKey]).padStart(21)} │ ${formatTime(benchmarkResults[fastKey]).padStart(21)} │ ${speedup.toFixed(2).padStart(6)}x faster │`
          );
        }
      });

      lines.push(
        ""└──────────────────────────────────────────────────────────────────────────────┘""
      );

      console.log(lines.join(""\n""));
    })",167,202,steel
/test/spec/fast-compactor-test.js,Conditional Test Logic,"{'line': 189, 'column': 8, 'index': 5810}","afterAll(() => {
      // Format time value
      const formatTime = time => {
        if (time < 0.001) return `${(time * 1_000_000).toFixed(2)} ns`;
        if (time < 1) return `${(time * 1000).toFixed(2)} µs`;
        if (time < 1000) return `${time.toFixed(2)} ms`;
        return `${(time / 1000).toFixed(2)} s`;
      };

      const lines = [
        """",
        ""┌──────────────────────────────────────────────────────────────────────────────┐"",
        ""│                    ⚡ Compactor Performance Comparison                       │"",
        ""├──────────────────────────────────────────────────────────────────────────────┤"",
        ""│ Items    │ Standard Vertical     │ Fast Vertical         │ Speedup          │"",
        ""├──────────┼───────────────────────┼───────────────────────┼──────────────────┤""
      ];

      testSizes.forEach(size => {
        const stdKey = `standard_${size}`;
        const fastKey = `fast_${size}`;

        if (benchmarkResults[stdKey] && benchmarkResults[fastKey]) {
          const speedup = benchmarkResults[stdKey] / benchmarkResults[fastKey];
          lines.push(
            `│ ${String(size).padEnd(8)} │ ${formatTime(benchmarkResults[stdKey]).padStart(21)} │ ${formatTime(benchmarkResults[fastKey]).padStart(21)} │ ${speedup.toFixed(2).padStart(6)}x faster │`
          );
        }
      });

      lines.push(
        ""└──────────────────────────────────────────────────────────────────────────────┘""
      );

      console.log(lines.join(""\n""));
    })",167,202,steel
/test/spec/fast-compactor-test.js,Conditional Test Logic,"{'line': 313, 'column': 6, 'index': 9739}","describe(""Correctness vs Standard Compactor"", () => {
    // Helper to calculate the total height of a layout
    function layoutHeight(layout) {
      return Math.max(0, ...layout.map(item => item.y + item.h));
    }

    // Helper to check if layouts have same items at same positions
    function layoutsMatch(layout1, layout2) {
      if (layout1.length !== layout2.length) return false;
      for (const item1 of layout1) {
        const item2 = layout2.find(l => l.i === item1.i);
        if (!item2) return false;
        if (item1.x !== item2.x || item1.y !== item2.y) return false;
      }
      return true;
    }

    it(""produces same result as standard compactor for simple grid layouts"", () => {
      const layout = generateGridLayout(20, 12);

      const stdCompacted = verticalCompactor.compact(layout, 12);
      const fastCompacted = fastVerticalCompactor.compact(layout, 12);

      // Both should produce identical results for ordered grids
      expect(layoutsMatch(stdCompacted, fastCompacted)).toBe(true);
    });

    it(""produces same result for layouts with gaps"", () => {
      // Layout with intentional gaps
      const layout = [
        { i: ""a"", x: 0, y: 0, w: 2, h: 2 },
        { i: ""b"", x: 4, y: 5, w: 2, h: 2 }, // Gap above
        { i: ""c"", x: 8, y: 10, w: 2, h: 2 } // Larger gap above
      ];

      const stdCompacted = verticalCompactor.compact(layout, 12);
      const fastCompacted = fastVerticalCompactor.compact(layout, 12);

      expect(layoutsMatch(stdCompacted, fastCompacted)).toBe(true);
    });

    it(""produces same result for layouts with single static item"", () => {
      const layout = [
        { i: ""static"", x: 0, y: 2, w: 12, h: 2, static: true },
        { i: ""a"", x: 0, y: 0, w: 4, h: 1 },
        { i: ""b"", x: 4, y: 0, w: 4, h: 1 },
        { i: ""c"", x: 0, y: 10, w: 4, h: 2 }
      ];

      const stdCompacted = verticalCompactor.compact(layout, 12);
      const fastCompacted = fastVerticalCompactor.compact(layout, 12);

      expect(layoutsMatch(stdCompacted, fastCompacted)).toBe(true);
    });

    it(""produces valid (no overlaps) result even when different from standard"", () => {
      // For messy random layouts, the algorithms may produce different
      // but equally valid results. Both should have no overlaps.
      for (let run = 0; run < 20; run++) {
        const layout = generateMessyLayout(50, 12);

        const stdCompacted = verticalCompactor.compact(layout, 12);
        const fastCompacted = fastVerticalCompactor.compact(layout, 12);

        // Both should have no overlaps
        expect(hasOverlaps(stdCompacted)).toBe(false);
        expect(hasOverlaps(fastCompacted)).toBe(false);

        // Both should have same total number of items
        expect(fastCompacted.length).toBe(stdCompacted.length);
      }
    });

    it(""produces similar or better compaction height"", () => {
      // The fast compactor should produce layouts with similar total height
      // (within a small tolerance, since algorithms may differ slightly)
      let fastBetter = 0;
      let stdBetter = 0;
      let equal = 0;

      for (let run = 0; run < 50; run++) {
        const layout = generateMessyLayout(30, 12);

        const stdCompacted = verticalCompactor.compact(layout, 12);
        const fastCompacted = fastVerticalCompactor.compact(layout, 12);

        const stdHeight = layoutHeight(stdCompacted);
        const fastHeight = layoutHeight(fastCompacted);

        if (fastHeight < stdHeight) fastBetter++;
        else if (stdHeight < fastHeight) stdBetter++;
        else equal++;
      }

      console.log(
        [
          """",
          ""  Compaction height comparison (50 random layouts):"",
          `    Fast better: ${fastBetter}`,
          `    Standard better: ${stdBetter}`,
          `    Equal: ${equal}`
        ].join(""\n"")
      );

      // Fast compactor should not be significantly worse
      // Allow some tolerance since algorithms may differ
      expect(stdBetter).toBeLessThan(40); // At most 80% worse
    });

    it(""handles complex static item configurations identically"", () => {
      // Multiple static items at various positions
      const layout = [
        { i: ""s1"", x: 0, y: 0, w: 4, h: 2, static: true },
        { i: ""s2"", x: 6, y: 3, w: 4, h: 2, static: true },
        { i: ""s3"", x: 2, y: 8, w: 6, h: 1, static: true },
        { i: ""a"", x: 0, y: 5, w: 2, h: 2 },
        { i: ""b"", x: 4, y: 1, w: 2, h: 2 },
        { i: ""c"", x: 10, y: 0, w: 2, h: 3 },
        { i: ""d"", x: 0, y: 10, w: 3, h: 2 }
      ];

      const stdCompacted = verticalCompactor.compact(layout, 12);
      const fastCompacted = fastVerticalCompactor.compact(layout, 12);

      // Static items should be in same position in both
      for (const item of layout.filter(l => l.static)) {
        const stdItem = stdCompacted.find(l => l.i === item.i);
        const fastItem = fastCompacted.find(l => l.i === item.i);
        expect(stdItem.x).toBe(fastItem.x);
        expect(stdItem.y).toBe(fastItem.y);
      }

      // Both should have no overlaps
      expect(hasOverlaps(stdCompacted)).toBe(false);
      expect(hasOverlaps(fastCompacted)).toBe(false);
    });

    it(""preserves item dimensions"", () => {
      const layout = generateRandomLayout(30, 12, 5);

      const fastCompacted = fastVerticalCompactor.compact(layout, 12);

      // All items should preserve their w, h, and i
      for (const original of layout) {
        const compacted = fastCompacted.find(l => l.i === original.i);
        expect(compacted).toBeDefined();
        expect(compacted.w).toBe(original.w);
        expect(compacted.h).toBe(original.h);
        expect(compacted.static).toBe(original.static);
      }
    });

    it(""matches standard compactor for deterministic layout from benchmark"", () => {
      // Use the same deterministic layout from benchmark-test.js
      const layout = [];
      for (let i = 0; i < 100; i++) {
        layout.push({
          i: String(i),
          x: (i * 3) % 12,
          y: i % 7,
          w: 1 + (i % 3),
          h: 1 + (i % 2)
        });
      }

      const stdCompacted = verticalCompactor.compact(layout, 12);
      const fastCompacted = fastVerticalCompactor.compact(layout, 12);

      // Both should have no overlaps
      expect(hasOverlaps(stdCompacted)).toBe(false);
      expect(hasOverlaps(fastCompacted)).toBe(false);

      // Heights should be similar (within 10%)
      const stdHeight = layoutHeight(stdCompacted);
      const fastHeight = layoutHeight(fastCompacted);
      const heightDiff =
        Math.abs(stdHeight - fastHeight) / Math.max(stdHeight, 1);

      console.log(
        [
          """",
          ""  Deterministic 100-item layout:"",
          `    Standard height: ${stdHeight}`,
          `    Fast height: ${fastHeight}`,
          `    Difference: ${(heightDiff * 100).toFixed(1)}%`
        ].join(""\n"")
      );

      expect(heightDiff).toBeLessThan(0.2); // Within 20%
    });

    it(""handles edge case: items that could stack in different orders"", () => {
      // Items that could be stacked in different valid configurations
      const layout = [
        { i: ""a"", x: 0, y: 0, w: 6, h: 2 },
        { i: ""b"", x: 0, y: 0, w: 6, h: 2 }, // Same position as a
        { i: ""c"", x: 0, y: 0, w: 6, h: 2 } // Same position as a and b
      ];

      const stdCompacted = verticalCompactor.compact(layout, 12);
      const fastCompacted = fastVerticalCompactor.compact(layout, 12);

      // Both should produce valid layouts with no overlaps
      expect(hasOverlaps(stdCompacted)).toBe(false);
      expect(hasOverlaps(fastCompacted)).toBe(false);

      // Total height should be 6 (3 items * height 2)
      expect(layoutHeight(stdCompacted)).toBe(6);
      expect(layoutHeight(fastCompacted)).toBe(6);
    });

    it(""handles narrow grids (1-3 columns)"", () => {
      for (let cols = 1; cols <= 3; cols++) {
        const layout = [];
        for (let i = 0; i < 10; i++) {
          layout.push({
            i: String(i),
            x: 0,
            y: i * 2,
            w: 1,
            h: 1 + (i % 2)
          });
        }

        const stdCompacted = verticalCompactor.compact(layout, cols);
        const fastCompacted = fastVerticalCompactor.compact(layout, cols);

        expect(hasOverlaps(stdCompacted)).toBe(false);
        expect(hasOverlaps(fastCompacted)).toBe(false);
      }
    });
  })",305,536,steel
/test/spec/fast-compactor-test.js,Conditional Test Logic,"{'line': 314, 'column': 6, 'index': 9798}","describe(""Correctness vs Standard Compactor"", () => {
    // Helper to calculate the total height of a layout
    function layoutHeight(layout) {
      return Math.max(0, ...layout.map(item => item.y + item.h));
    }

    // Helper to check if layouts have same items at same positions
    function layoutsMatch(layout1, layout2) {
      if (layout1.length !== layout2.length) return false;
      for (const item1 of layout1) {
        const item2 = layout2.find(l => l.i === item1.i);
        if (!item2) return false;
        if (item1.x !== item2.x || item1.y !== item2.y) return false;
      }
      return true;
    }

    it(""produces same result as standard compactor for simple grid layouts"", () => {
      const layout = generateGridLayout(20, 12);

      const stdCompacted = verticalCompactor.compact(layout, 12);
      const fastCompacted = fastVerticalCompactor.compact(layout, 12);

      // Both should produce identical results for ordered grids
      expect(layoutsMatch(stdCompacted, fastCompacted)).toBe(true);
    });

    it(""produces same result for layouts with gaps"", () => {
      // Layout with intentional gaps
      const layout = [
        { i: ""a"", x: 0, y: 0, w: 2, h: 2 },
        { i: ""b"", x: 4, y: 5, w: 2, h: 2 }, // Gap above
        { i: ""c"", x: 8, y: 10, w: 2, h: 2 } // Larger gap above
      ];

      const stdCompacted = verticalCompactor.compact(layout, 12);
      const fastCompacted = fastVerticalCompactor.compact(layout, 12);

      expect(layoutsMatch(stdCompacted, fastCompacted)).toBe(true);
    });

    it(""produces same result for layouts with single static item"", () => {
      const layout = [
        { i: ""static"", x: 0, y: 2, w: 12, h: 2, static: true },
        { i: ""a"", x: 0, y: 0, w: 4, h: 1 },
        { i: ""b"", x: 4, y: 0, w: 4, h: 1 },
        { i: ""c"", x: 0, y: 10, w: 4, h: 2 }
      ];

      const stdCompacted = verticalCompactor.compact(layout, 12);
      const fastCompacted = fastVerticalCompactor.compact(layout, 12);

      expect(layoutsMatch(stdCompacted, fastCompacted)).toBe(true);
    });

    it(""produces valid (no overlaps) result even when different from standard"", () => {
      // For messy random layouts, the algorithms may produce different
      // but equally valid results. Both should have no overlaps.
      for (let run = 0; run < 20; run++) {
        const layout = generateMessyLayout(50, 12);

        const stdCompacted = verticalCompactor.compact(layout, 12);
        const fastCompacted = fastVerticalCompactor.compact(layout, 12);

        // Both should have no overlaps
        expect(hasOverlaps(stdCompacted)).toBe(false);
        expect(hasOverlaps(fastCompacted)).toBe(false);

        // Both should have same total number of items
        expect(fastCompacted.length).toBe(stdCompacted.length);
      }
    });

    it(""produces similar or better compaction height"", () => {
      // The fast compactor should produce layouts with similar total height
      // (within a small tolerance, since algorithms may differ slightly)
      let fastBetter = 0;
      let stdBetter = 0;
      let equal = 0;

      for (let run = 0; run < 50; run++) {
        const layout = generateMessyLayout(30, 12);

        const stdCompacted = verticalCompactor.compact(layout, 12);
        const fastCompacted = fastVerticalCompactor.compact(layout, 12);

        const stdHeight = layoutHeight(stdCompacted);
        const fastHeight = layoutHeight(fastCompacted);

        if (fastHeight < stdHeight) fastBetter++;
        else if (stdHeight < fastHeight) stdBetter++;
        else equal++;
      }

      console.log(
        [
          """",
          ""  Compaction height comparison (50 random layouts):"",
          `    Fast better: ${fastBetter}`,
          `    Standard better: ${stdBetter}`,
          `    Equal: ${equal}`
        ].join(""\n"")
      );

      // Fast compactor should not be significantly worse
      // Allow some tolerance since algorithms may differ
      expect(stdBetter).toBeLessThan(40); // At most 80% worse
    });

    it(""handles complex static item configurations identically"", () => {
      // Multiple static items at various positions
      const layout = [
        { i: ""s1"", x: 0, y: 0, w: 4, h: 2, static: true },
        { i: ""s2"", x: 6, y: 3, w: 4, h: 2, static: true },
        { i: ""s3"", x: 2, y: 8, w: 6, h: 1, static: true },
        { i: ""a"", x: 0, y: 5, w: 2, h: 2 },
        { i: ""b"", x: 4, y: 1, w: 2, h: 2 },
        { i: ""c"", x: 10, y: 0, w: 2, h: 3 },
        { i: ""d"", x: 0, y: 10, w: 3, h: 2 }
      ];

      const stdCompacted = verticalCompactor.compact(layout, 12);
      const fastCompacted = fastVerticalCompactor.compact(layout, 12);

      // Static items should be in same position in both
      for (const item of layout.filter(l => l.static)) {
        const stdItem = stdCompacted.find(l => l.i === item.i);
        const fastItem = fastCompacted.find(l => l.i === item.i);
        expect(stdItem.x).toBe(fastItem.x);
        expect(stdItem.y).toBe(fastItem.y);
      }

      // Both should have no overlaps
      expect(hasOverlaps(stdCompacted)).toBe(false);
      expect(hasOverlaps(fastCompacted)).toBe(false);
    });

    it(""preserves item dimensions"", () => {
      const layout = generateRandomLayout(30, 12, 5);

      const fastCompacted = fastVerticalCompactor.compact(layout, 12);

      // All items should preserve their w, h, and i
      for (const original of layout) {
        const compacted = fastCompacted.find(l => l.i === original.i);
        expect(compacted).toBeDefined();
        expect(compacted.w).toBe(original.w);
        expect(compacted.h).toBe(original.h);
        expect(compacted.static).toBe(original.static);
      }
    });

    it(""matches standard compactor for deterministic layout from benchmark"", () => {
      // Use the same deterministic layout from benchmark-test.js
      const layout = [];
      for (let i = 0; i < 100; i++) {
        layout.push({
          i: String(i),
          x: (i * 3) % 12,
          y: i % 7,
          w: 1 + (i % 3),
          h: 1 + (i % 2)
        });
      }

      const stdCompacted = verticalCompactor.compact(layout, 12);
      const fastCompacted = fastVerticalCompactor.compact(layout, 12);

      // Both should have no overlaps
      expect(hasOverlaps(stdCompacted)).toBe(false);
      expect(hasOverlaps(fastCompacted)).toBe(false);

      // Heights should be similar (within 10%)
      const stdHeight = layoutHeight(stdCompacted);
      const fastHeight = layoutHeight(fastCompacted);
      const heightDiff =
        Math.abs(stdHeight - fastHeight) / Math.max(stdHeight, 1);

      console.log(
        [
          """",
          ""  Deterministic 100-item layout:"",
          `    Standard height: ${stdHeight}`,
          `    Fast height: ${fastHeight}`,
          `    Difference: ${(heightDiff * 100).toFixed(1)}%`
        ].join(""\n"")
      );

      expect(heightDiff).toBeLessThan(0.2); // Within 20%
    });

    it(""handles edge case: items that could stack in different orders"", () => {
      // Items that could be stacked in different valid configurations
      const layout = [
        { i: ""a"", x: 0, y: 0, w: 6, h: 2 },
        { i: ""b"", x: 0, y: 0, w: 6, h: 2 }, // Same position as a
        { i: ""c"", x: 0, y: 0, w: 6, h: 2 } // Same position as a and b
      ];

      const stdCompacted = verticalCompactor.compact(layout, 12);
      const fastCompacted = fastVerticalCompactor.compact(layout, 12);

      // Both should produce valid layouts with no overlaps
      expect(hasOverlaps(stdCompacted)).toBe(false);
      expect(hasOverlaps(fastCompacted)).toBe(false);

      // Total height should be 6 (3 items * height 2)
      expect(layoutHeight(stdCompacted)).toBe(6);
      expect(layoutHeight(fastCompacted)).toBe(6);
    });

    it(""handles narrow grids (1-3 columns)"", () => {
      for (let cols = 1; cols <= 3; cols++) {
        const layout = [];
        for (let i = 0; i < 10; i++) {
          layout.push({
            i: String(i),
            x: 0,
            y: i * 2,
            w: 1,
            h: 1 + (i % 2)
          });
        }

        const stdCompacted = verticalCompactor.compact(layout, cols);
        const fastCompacted = fastVerticalCompactor.compact(layout, cols);

        expect(hasOverlaps(stdCompacted)).toBe(false);
        expect(hasOverlaps(fastCompacted)).toBe(false);
      }
    });
  })",305,536,steel
/test/spec/fast-compactor-test.js,Conditional Test Logic,"{'line': 316, 'column': 8, 'index': 9895}","describe(""Correctness vs Standard Compactor"", () => {
    // Helper to calculate the total height of a layout
    function layoutHeight(layout) {
      return Math.max(0, ...layout.map(item => item.y + item.h));
    }

    // Helper to check if layouts have same items at same positions
    function layoutsMatch(layout1, layout2) {
      if (layout1.length !== layout2.length) return false;
      for (const item1 of layout1) {
        const item2 = layout2.find(l => l.i === item1.i);
        if (!item2) return false;
        if (item1.x !== item2.x || item1.y !== item2.y) return false;
      }
      return true;
    }

    it(""produces same result as standard compactor for simple grid layouts"", () => {
      const layout = generateGridLayout(20, 12);

      const stdCompacted = verticalCompactor.compact(layout, 12);
      const fastCompacted = fastVerticalCompactor.compact(layout, 12);

      // Both should produce identical results for ordered grids
      expect(layoutsMatch(stdCompacted, fastCompacted)).toBe(true);
    });

    it(""produces same result for layouts with gaps"", () => {
      // Layout with intentional gaps
      const layout = [
        { i: ""a"", x: 0, y: 0, w: 2, h: 2 },
        { i: ""b"", x: 4, y: 5, w: 2, h: 2 }, // Gap above
        { i: ""c"", x: 8, y: 10, w: 2, h: 2 } // Larger gap above
      ];

      const stdCompacted = verticalCompactor.compact(layout, 12);
      const fastCompacted = fastVerticalCompactor.compact(layout, 12);

      expect(layoutsMatch(stdCompacted, fastCompacted)).toBe(true);
    });

    it(""produces same result for layouts with single static item"", () => {
      const layout = [
        { i: ""static"", x: 0, y: 2, w: 12, h: 2, static: true },
        { i: ""a"", x: 0, y: 0, w: 4, h: 1 },
        { i: ""b"", x: 4, y: 0, w: 4, h: 1 },
        { i: ""c"", x: 0, y: 10, w: 4, h: 2 }
      ];

      const stdCompacted = verticalCompactor.compact(layout, 12);
      const fastCompacted = fastVerticalCompactor.compact(layout, 12);

      expect(layoutsMatch(stdCompacted, fastCompacted)).toBe(true);
    });

    it(""produces valid (no overlaps) result even when different from standard"", () => {
      // For messy random layouts, the algorithms may produce different
      // but equally valid results. Both should have no overlaps.
      for (let run = 0; run < 20; run++) {
        const layout = generateMessyLayout(50, 12);

        const stdCompacted = verticalCompactor.compact(layout, 12);
        const fastCompacted = fastVerticalCompactor.compact(layout, 12);

        // Both should have no overlaps
        expect(hasOverlaps(stdCompacted)).toBe(false);
        expect(hasOverlaps(fastCompacted)).toBe(false);

        // Both should have same total number of items
        expect(fastCompacted.length).toBe(stdCompacted.length);
      }
    });

    it(""produces similar or better compaction height"", () => {
      // The fast compactor should produce layouts with similar total height
      // (within a small tolerance, since algorithms may differ slightly)
      let fastBetter = 0;
      let stdBetter = 0;
      let equal = 0;

      for (let run = 0; run < 50; run++) {
        const layout = generateMessyLayout(30, 12);

        const stdCompacted = verticalCompactor.compact(layout, 12);
        const fastCompacted = fastVerticalCompactor.compact(layout, 12);

        const stdHeight = layoutHeight(stdCompacted);
        const fastHeight = layoutHeight(fastCompacted);

        if (fastHeight < stdHeight) fastBetter++;
        else if (stdHeight < fastHeight) stdBetter++;
        else equal++;
      }

      console.log(
        [
          """",
          ""  Compaction height comparison (50 random layouts):"",
          `    Fast better: ${fastBetter}`,
          `    Standard better: ${stdBetter}`,
          `    Equal: ${equal}`
        ].join(""\n"")
      );

      // Fast compactor should not be significantly worse
      // Allow some tolerance since algorithms may differ
      expect(stdBetter).toBeLessThan(40); // At most 80% worse
    });

    it(""handles complex static item configurations identically"", () => {
      // Multiple static items at various positions
      const layout = [
        { i: ""s1"", x: 0, y: 0, w: 4, h: 2, static: true },
        { i: ""s2"", x: 6, y: 3, w: 4, h: 2, static: true },
        { i: ""s3"", x: 2, y: 8, w: 6, h: 1, static: true },
        { i: ""a"", x: 0, y: 5, w: 2, h: 2 },
        { i: ""b"", x: 4, y: 1, w: 2, h: 2 },
        { i: ""c"", x: 10, y: 0, w: 2, h: 3 },
        { i: ""d"", x: 0, y: 10, w: 3, h: 2 }
      ];

      const stdCompacted = verticalCompactor.compact(layout, 12);
      const fastCompacted = fastVerticalCompactor.compact(layout, 12);

      // Static items should be in same position in both
      for (const item of layout.filter(l => l.static)) {
        const stdItem = stdCompacted.find(l => l.i === item.i);
        const fastItem = fastCompacted.find(l => l.i === item.i);
        expect(stdItem.x).toBe(fastItem.x);
        expect(stdItem.y).toBe(fastItem.y);
      }

      // Both should have no overlaps
      expect(hasOverlaps(stdCompacted)).toBe(false);
      expect(hasOverlaps(fastCompacted)).toBe(false);
    });

    it(""preserves item dimensions"", () => {
      const layout = generateRandomLayout(30, 12, 5);

      const fastCompacted = fastVerticalCompactor.compact(layout, 12);

      // All items should preserve their w, h, and i
      for (const original of layout) {
        const compacted = fastCompacted.find(l => l.i === original.i);
        expect(compacted).toBeDefined();
        expect(compacted.w).toBe(original.w);
        expect(compacted.h).toBe(original.h);
        expect(compacted.static).toBe(original.static);
      }
    });

    it(""matches standard compactor for deterministic layout from benchmark"", () => {
      // Use the same deterministic layout from benchmark-test.js
      const layout = [];
      for (let i = 0; i < 100; i++) {
        layout.push({
          i: String(i),
          x: (i * 3) % 12,
          y: i % 7,
          w: 1 + (i % 3),
          h: 1 + (i % 2)
        });
      }

      const stdCompacted = verticalCompactor.compact(layout, 12);
      const fastCompacted = fastVerticalCompactor.compact(layout, 12);

      // Both should have no overlaps
      expect(hasOverlaps(stdCompacted)).toBe(false);
      expect(hasOverlaps(fastCompacted)).toBe(false);

      // Heights should be similar (within 10%)
      const stdHeight = layoutHeight(stdCompacted);
      const fastHeight = layoutHeight(fastCompacted);
      const heightDiff =
        Math.abs(stdHeight - fastHeight) / Math.max(stdHeight, 1);

      console.log(
        [
          """",
          ""  Deterministic 100-item layout:"",
          `    Standard height: ${stdHeight}`,
          `    Fast height: ${fastHeight}`,
          `    Difference: ${(heightDiff * 100).toFixed(1)}%`
        ].join(""\n"")
      );

      expect(heightDiff).toBeLessThan(0.2); // Within 20%
    });

    it(""handles edge case: items that could stack in different orders"", () => {
      // Items that could be stacked in different valid configurations
      const layout = [
        { i: ""a"", x: 0, y: 0, w: 6, h: 2 },
        { i: ""b"", x: 0, y: 0, w: 6, h: 2 }, // Same position as a
        { i: ""c"", x: 0, y: 0, w: 6, h: 2 } // Same position as a and b
      ];

      const stdCompacted = verticalCompactor.compact(layout, 12);
      const fastCompacted = fastVerticalCompactor.compact(layout, 12);

      // Both should produce valid layouts with no overlaps
      expect(hasOverlaps(stdCompacted)).toBe(false);
      expect(hasOverlaps(fastCompacted)).toBe(false);

      // Total height should be 6 (3 items * height 2)
      expect(layoutHeight(stdCompacted)).toBe(6);
      expect(layoutHeight(fastCompacted)).toBe(6);
    });

    it(""handles narrow grids (1-3 columns)"", () => {
      for (let cols = 1; cols <= 3; cols++) {
        const layout = [];
        for (let i = 0; i < 10; i++) {
          layout.push({
            i: String(i),
            x: 0,
            y: i * 2,
            w: 1,
            h: 1 + (i % 2)
          });
        }

        const stdCompacted = verticalCompactor.compact(layout, cols);
        const fastCompacted = fastVerticalCompactor.compact(layout, cols);

        expect(hasOverlaps(stdCompacted)).toBe(false);
        expect(hasOverlaps(fastCompacted)).toBe(false);
      }
    });
  })",305,536,steel
/test/spec/fast-compactor-test.js,Conditional Test Logic,"{'line': 317, 'column': 8, 'index': 9929}","describe(""Correctness vs Standard Compactor"", () => {
    // Helper to calculate the total height of a layout
    function layoutHeight(layout) {
      return Math.max(0, ...layout.map(item => item.y + item.h));
    }

    // Helper to check if layouts have same items at same positions
    function layoutsMatch(layout1, layout2) {
      if (layout1.length !== layout2.length) return false;
      for (const item1 of layout1) {
        const item2 = layout2.find(l => l.i === item1.i);
        if (!item2) return false;
        if (item1.x !== item2.x || item1.y !== item2.y) return false;
      }
      return true;
    }

    it(""produces same result as standard compactor for simple grid layouts"", () => {
      const layout = generateGridLayout(20, 12);

      const stdCompacted = verticalCompactor.compact(layout, 12);
      const fastCompacted = fastVerticalCompactor.compact(layout, 12);

      // Both should produce identical results for ordered grids
      expect(layoutsMatch(stdCompacted, fastCompacted)).toBe(true);
    });

    it(""produces same result for layouts with gaps"", () => {
      // Layout with intentional gaps
      const layout = [
        { i: ""a"", x: 0, y: 0, w: 2, h: 2 },
        { i: ""b"", x: 4, y: 5, w: 2, h: 2 }, // Gap above
        { i: ""c"", x: 8, y: 10, w: 2, h: 2 } // Larger gap above
      ];

      const stdCompacted = verticalCompactor.compact(layout, 12);
      const fastCompacted = fastVerticalCompactor.compact(layout, 12);

      expect(layoutsMatch(stdCompacted, fastCompacted)).toBe(true);
    });

    it(""produces same result for layouts with single static item"", () => {
      const layout = [
        { i: ""static"", x: 0, y: 2, w: 12, h: 2, static: true },
        { i: ""a"", x: 0, y: 0, w: 4, h: 1 },
        { i: ""b"", x: 4, y: 0, w: 4, h: 1 },
        { i: ""c"", x: 0, y: 10, w: 4, h: 2 }
      ];

      const stdCompacted = verticalCompactor.compact(layout, 12);
      const fastCompacted = fastVerticalCompactor.compact(layout, 12);

      expect(layoutsMatch(stdCompacted, fastCompacted)).toBe(true);
    });

    it(""produces valid (no overlaps) result even when different from standard"", () => {
      // For messy random layouts, the algorithms may produce different
      // but equally valid results. Both should have no overlaps.
      for (let run = 0; run < 20; run++) {
        const layout = generateMessyLayout(50, 12);

        const stdCompacted = verticalCompactor.compact(layout, 12);
        const fastCompacted = fastVerticalCompactor.compact(layout, 12);

        // Both should have no overlaps
        expect(hasOverlaps(stdCompacted)).toBe(false);
        expect(hasOverlaps(fastCompacted)).toBe(false);

        // Both should have same total number of items
        expect(fastCompacted.length).toBe(stdCompacted.length);
      }
    });

    it(""produces similar or better compaction height"", () => {
      // The fast compactor should produce layouts with similar total height
      // (within a small tolerance, since algorithms may differ slightly)
      let fastBetter = 0;
      let stdBetter = 0;
      let equal = 0;

      for (let run = 0; run < 50; run++) {
        const layout = generateMessyLayout(30, 12);

        const stdCompacted = verticalCompactor.compact(layout, 12);
        const fastCompacted = fastVerticalCompactor.compact(layout, 12);

        const stdHeight = layoutHeight(stdCompacted);
        const fastHeight = layoutHeight(fastCompacted);

        if (fastHeight < stdHeight) fastBetter++;
        else if (stdHeight < fastHeight) stdBetter++;
        else equal++;
      }

      console.log(
        [
          """",
          ""  Compaction height comparison (50 random layouts):"",
          `    Fast better: ${fastBetter}`,
          `    Standard better: ${stdBetter}`,
          `    Equal: ${equal}`
        ].join(""\n"")
      );

      // Fast compactor should not be significantly worse
      // Allow some tolerance since algorithms may differ
      expect(stdBetter).toBeLessThan(40); // At most 80% worse
    });

    it(""handles complex static item configurations identically"", () => {
      // Multiple static items at various positions
      const layout = [
        { i: ""s1"", x: 0, y: 0, w: 4, h: 2, static: true },
        { i: ""s2"", x: 6, y: 3, w: 4, h: 2, static: true },
        { i: ""s3"", x: 2, y: 8, w: 6, h: 1, static: true },
        { i: ""a"", x: 0, y: 5, w: 2, h: 2 },
        { i: ""b"", x: 4, y: 1, w: 2, h: 2 },
        { i: ""c"", x: 10, y: 0, w: 2, h: 3 },
        { i: ""d"", x: 0, y: 10, w: 3, h: 2 }
      ];

      const stdCompacted = verticalCompactor.compact(layout, 12);
      const fastCompacted = fastVerticalCompactor.compact(layout, 12);

      // Static items should be in same position in both
      for (const item of layout.filter(l => l.static)) {
        const stdItem = stdCompacted.find(l => l.i === item.i);
        const fastItem = fastCompacted.find(l => l.i === item.i);
        expect(stdItem.x).toBe(fastItem.x);
        expect(stdItem.y).toBe(fastItem.y);
      }

      // Both should have no overlaps
      expect(hasOverlaps(stdCompacted)).toBe(false);
      expect(hasOverlaps(fastCompacted)).toBe(false);
    });

    it(""preserves item dimensions"", () => {
      const layout = generateRandomLayout(30, 12, 5);

      const fastCompacted = fastVerticalCompactor.compact(layout, 12);

      // All items should preserve their w, h, and i
      for (const original of layout) {
        const compacted = fastCompacted.find(l => l.i === original.i);
        expect(compacted).toBeDefined();
        expect(compacted.w).toBe(original.w);
        expect(compacted.h).toBe(original.h);
        expect(compacted.static).toBe(original.static);
      }
    });

    it(""matches standard compactor for deterministic layout from benchmark"", () => {
      // Use the same deterministic layout from benchmark-test.js
      const layout = [];
      for (let i = 0; i < 100; i++) {
        layout.push({
          i: String(i),
          x: (i * 3) % 12,
          y: i % 7,
          w: 1 + (i % 3),
          h: 1 + (i % 2)
        });
      }

      const stdCompacted = verticalCompactor.compact(layout, 12);
      const fastCompacted = fastVerticalCompactor.compact(layout, 12);

      // Both should have no overlaps
      expect(hasOverlaps(stdCompacted)).toBe(false);
      expect(hasOverlaps(fastCompacted)).toBe(false);

      // Heights should be similar (within 10%)
      const stdHeight = layoutHeight(stdCompacted);
      const fastHeight = layoutHeight(fastCompacted);
      const heightDiff =
        Math.abs(stdHeight - fastHeight) / Math.max(stdHeight, 1);

      console.log(
        [
          """",
          ""  Deterministic 100-item layout:"",
          `    Standard height: ${stdHeight}`,
          `    Fast height: ${fastHeight}`,
          `    Difference: ${(heightDiff * 100).toFixed(1)}%`
        ].join(""\n"")
      );

      expect(heightDiff).toBeLessThan(0.2); // Within 20%
    });

    it(""handles edge case: items that could stack in different orders"", () => {
      // Items that could be stacked in different valid configurations
      const layout = [
        { i: ""a"", x: 0, y: 0, w: 6, h: 2 },
        { i: ""b"", x: 0, y: 0, w: 6, h: 2 }, // Same position as a
        { i: ""c"", x: 0, y: 0, w: 6, h: 2 } // Same position as a and b
      ];

      const stdCompacted = verticalCompactor.compact(layout, 12);
      const fastCompacted = fastVerticalCompactor.compact(layout, 12);

      // Both should produce valid layouts with no overlaps
      expect(hasOverlaps(stdCompacted)).toBe(false);
      expect(hasOverlaps(fastCompacted)).toBe(false);

      // Total height should be 6 (3 items * height 2)
      expect(layoutHeight(stdCompacted)).toBe(6);
      expect(layoutHeight(fastCompacted)).toBe(6);
    });

    it(""handles narrow grids (1-3 columns)"", () => {
      for (let cols = 1; cols <= 3; cols++) {
        const layout = [];
        for (let i = 0; i < 10; i++) {
          layout.push({
            i: String(i),
            x: 0,
            y: i * 2,
            w: 1,
            h: 1 + (i % 2)
          });
        }

        const stdCompacted = verticalCompactor.compact(layout, cols);
        const fastCompacted = fastVerticalCompactor.compact(layout, cols);

        expect(hasOverlaps(stdCompacted)).toBe(false);
        expect(hasOverlaps(fastCompacted)).toBe(false);
      }
    });
  })",305,536,steel
/test/spec/fast-compactor-test.js,Conditional Test Logic,"{'line': 363, 'column': 6, 'index': 11703}","it(""produces valid (no overlaps) result even when different from standard"", () => {
      // For messy random layouts, the algorithms may produce different
      // but equally valid results. Both should have no overlaps.
      for (let run = 0; run < 20; run++) {
        const layout = generateMessyLayout(50, 12);

        const stdCompacted = verticalCompactor.compact(layout, 12);
        const fastCompacted = fastVerticalCompactor.compact(layout, 12);

        // Both should have no overlaps
        expect(hasOverlaps(stdCompacted)).toBe(false);
        expect(hasOverlaps(fastCompacted)).toBe(false);

        // Both should have same total number of items
        expect(fastCompacted.length).toBe(stdCompacted.length);
      }
    })",360,376,steel
/test/spec/fast-compactor-test.js,Conditional Test Logic,"{'line': 385, 'column': 6, 'index': 12516}","it(""produces similar or better compaction height"", () => {
      // The fast compactor should produce layouts with similar total height
      // (within a small tolerance, since algorithms may differ slightly)
      let fastBetter = 0;
      let stdBetter = 0;
      let equal = 0;

      for (let run = 0; run < 50; run++) {
        const layout = generateMessyLayout(30, 12);

        const stdCompacted = verticalCompactor.compact(layout, 12);
        const fastCompacted = fastVerticalCompactor.compact(layout, 12);

        const stdHeight = layoutHeight(stdCompacted);
        const fastHeight = layoutHeight(fastCompacted);

        if (fastHeight < stdHeight) fastBetter++;
        else if (stdHeight < fastHeight) stdBetter++;
        else equal++;
      }

      console.log(
        [
          """",
          ""  Compaction height comparison (50 random layouts):"",
          `    Fast better: ${fastBetter}`,
          `    Standard better: ${stdBetter}`,
          `    Equal: ${equal}`
        ].join(""\n"")
      );

      // Fast compactor should not be significantly worse
      // Allow some tolerance since algorithms may differ
      expect(stdBetter).toBeLessThan(40); // At most 80% worse
    })",378,412,steel
/test/spec/fast-compactor-test.js,Conditional Test Logic,"{'line': 394, 'column': 8, 'index': 12867}","it(""produces similar or better compaction height"", () => {
      // The fast compactor should produce layouts with similar total height
      // (within a small tolerance, since algorithms may differ slightly)
      let fastBetter = 0;
      let stdBetter = 0;
      let equal = 0;

      for (let run = 0; run < 50; run++) {
        const layout = generateMessyLayout(30, 12);

        const stdCompacted = verticalCompactor.compact(layout, 12);
        const fastCompacted = fastVerticalCompactor.compact(layout, 12);

        const stdHeight = layoutHeight(stdCompacted);
        const fastHeight = layoutHeight(fastCompacted);

        if (fastHeight < stdHeight) fastBetter++;
        else if (stdHeight < fastHeight) stdBetter++;
        else equal++;
      }

      console.log(
        [
          """",
          ""  Compaction height comparison (50 random layouts):"",
          `    Fast better: ${fastBetter}`,
          `    Standard better: ${stdBetter}`,
          `    Equal: ${equal}`
        ].join(""\n"")
      );

      // Fast compactor should not be significantly worse
      // Allow some tolerance since algorithms may differ
      expect(stdBetter).toBeLessThan(40); // At most 80% worse
    })",378,412,steel
/test/spec/fast-compactor-test.js,Conditional Test Logic,"{'line': 395, 'column': 13, 'index': 12922}","it(""produces similar or better compaction height"", () => {
      // The fast compactor should produce layouts with similar total height
      // (within a small tolerance, since algorithms may differ slightly)
      let fastBetter = 0;
      let stdBetter = 0;
      let equal = 0;

      for (let run = 0; run < 50; run++) {
        const layout = generateMessyLayout(30, 12);

        const stdCompacted = verticalCompactor.compact(layout, 12);
        const fastCompacted = fastVerticalCompactor.compact(layout, 12);

        const stdHeight = layoutHeight(stdCompacted);
        const fastHeight = layoutHeight(fastCompacted);

        if (fastHeight < stdHeight) fastBetter++;
        else if (stdHeight < fastHeight) stdBetter++;
        else equal++;
      }

      console.log(
        [
          """",
          ""  Compaction height comparison (50 random layouts):"",
          `    Fast better: ${fastBetter}`,
          `    Standard better: ${stdBetter}`,
          `    Equal: ${equal}`
        ].join(""\n"")
      );

      // Fast compactor should not be significantly worse
      // Allow some tolerance since algorithms may differ
      expect(stdBetter).toBeLessThan(40); // At most 80% worse
    })",378,412,steel
/test/spec/fast-compactor-test.js,Conditional Test Logic,"{'line': 430, 'column': 6, 'index': 14157}","it(""handles complex static item configurations identically"", () => {
      // Multiple static items at various positions
      const layout = [
        { i: ""s1"", x: 0, y: 0, w: 4, h: 2, static: true },
        { i: ""s2"", x: 6, y: 3, w: 4, h: 2, static: true },
        { i: ""s3"", x: 2, y: 8, w: 6, h: 1, static: true },
        { i: ""a"", x: 0, y: 5, w: 2, h: 2 },
        { i: ""b"", x: 4, y: 1, w: 2, h: 2 },
        { i: ""c"", x: 10, y: 0, w: 2, h: 3 },
        { i: ""d"", x: 0, y: 10, w: 3, h: 2 }
      ];

      const stdCompacted = verticalCompactor.compact(layout, 12);
      const fastCompacted = fastVerticalCompactor.compact(layout, 12);

      // Static items should be in same position in both
      for (const item of layout.filter(l => l.static)) {
        const stdItem = stdCompacted.find(l => l.i === item.i);
        const fastItem = fastCompacted.find(l => l.i === item.i);
        expect(stdItem.x).toBe(fastItem.x);
        expect(stdItem.y).toBe(fastItem.y);
      }

      // Both should have no overlaps
      expect(hasOverlaps(stdCompacted)).toBe(false);
      expect(hasOverlaps(fastCompacted)).toBe(false);
    })",414,440,steel
/test/spec/fast-compactor-test.js,Conditional Test Logic,"{'line': 448, 'column': 6, 'index': 14819}","it(""preserves item dimensions"", () => {
      const layout = generateRandomLayout(30, 12, 5);

      const fastCompacted = fastVerticalCompactor.compact(layout, 12);

      // All items should preserve their w, h, and i
      for (const original of layout) {
        const compacted = fastCompacted.find(l => l.i === original.i);
        expect(compacted).toBeDefined();
        expect(compacted.w).toBe(original.w);
        expect(compacted.h).toBe(original.h);
        expect(compacted.static).toBe(original.static);
      }
    })",442,455,steel
/test/spec/fast-compactor-test.js,Conditional Test Logic,"{'line': 460, 'column': 6, 'index': 15311}","it(""matches standard compactor for deterministic layout from benchmark"", () => {
      // Use the same deterministic layout from benchmark-test.js
      const layout = [];
      for (let i = 0; i < 100; i++) {
        layout.push({
          i: String(i),
          x: (i * 3) % 12,
          y: i % 7,
          w: 1 + (i % 3),
          h: 1 + (i % 2)
        });
      }

      const stdCompacted = verticalCompactor.compact(layout, 12);
      const fastCompacted = fastVerticalCompactor.compact(layout, 12);

      // Both should have no overlaps
      expect(hasOverlaps(stdCompacted)).toBe(false);
      expect(hasOverlaps(fastCompacted)).toBe(false);

      // Heights should be similar (within 10%)
      const stdHeight = layoutHeight(stdCompacted);
      const fastHeight = layoutHeight(fastCompacted);
      const heightDiff =
        Math.abs(stdHeight - fastHeight) / Math.max(stdHeight, 1);

      console.log(
        [
          """",
          ""  Deterministic 100-item layout:"",
          `    Standard height: ${stdHeight}`,
          `    Fast height: ${fastHeight}`,
          `    Difference: ${(heightDiff * 100).toFixed(1)}%`
        ].join(""\n"")
      );

      expect(heightDiff).toBeLessThan(0.2); // Within 20%
    })",457,494,steel
/test/spec/fast-compactor-test.js,Conditional Test Logic,"{'line': 517, 'column': 6, 'index': 17274}","it(""handles narrow grids (1-3 columns)"", () => {
      for (let cols = 1; cols <= 3; cols++) {
        const layout = [];
        for (let i = 0; i < 10; i++) {
          layout.push({
            i: String(i),
            x: 0,
            y: i * 2,
            w: 1,
            h: 1 + (i % 2)
          });
        }

        const stdCompacted = verticalCompactor.compact(layout, cols);
        const fastCompacted = fastVerticalCompactor.compact(layout, cols);

        expect(hasOverlaps(stdCompacted)).toBe(false);
        expect(hasOverlaps(fastCompacted)).toBe(false);
      }
    })",516,535,steel
/test/spec/fast-compactor-test.js,Conditional Test Logic,"{'line': 519, 'column': 8, 'index': 17349}","it(""handles narrow grids (1-3 columns)"", () => {
      for (let cols = 1; cols <= 3; cols++) {
        const layout = [];
        for (let i = 0; i < 10; i++) {
          layout.push({
            i: String(i),
            x: 0,
            y: i * 2,
            w: 1,
            h: 1 + (i % 2)
          });
        }

        const stdCompacted = verticalCompactor.compact(layout, cols);
        const fastCompacted = fastVerticalCompactor.compact(layout, cols);

        expect(hasOverlaps(stdCompacted)).toBe(false);
        expect(hasOverlaps(fastCompacted)).toBe(false);
      }
    })",516,535,steel
/test/spec/fast-compactor-test.js,Magic Number,"{'line': 133, 'column': 32, 'index': 3874}","it(""does not move static items"", () => {
      const layout = [
        { i: ""static"", x: 5, y: 5, w: 2, h: 2, static: true },
        { i: ""a"", x: 0, y: 0, w: 2, h: 2 },
        { i: ""b"", x: 5, y: 0, w: 2, h: 8 }
      ];

      const compacted = fastVerticalCompactor.compact(layout, 12);
      const staticItem = compacted.find(l => l.i === ""static"");

      expect(staticItem.x).toBe(5);
      expect(staticItem.y).toBe(5);
    })",123,135,steel
/test/spec/fast-compactor-test.js,Magic Number,"{'line': 134, 'column': 32, 'index': 3910}","it(""does not move static items"", () => {
      const layout = [
        { i: ""static"", x: 5, y: 5, w: 2, h: 2, static: true },
        { i: ""a"", x: 0, y: 0, w: 2, h: 2 },
        { i: ""b"", x: 5, y: 0, w: 2, h: 8 }
      ];

      const compacted = fastVerticalCompactor.compact(layout, 12);
      const staticItem = compacted.find(l => l.i === ""static"");

      expect(staticItem.x).toBe(5);
      expect(staticItem.y).toBe(5);
    })",123,135,steel
/test/spec/fast-compactor-test.js,Magic Number,"{'line': 147, 'column': 27, 'index': 4320}","it(""moves items around static items"", () => {
      const layout = [
        { i: ""static"", x: 0, y: 0, w: 12, h: 2, static: true },
        { i: ""a"", x: 0, y: 5, w: 4, h: 2 }
      ];

      const compacted = fastVerticalCompactor.compact(layout, 12);
      const itemA = compacted.find(l => l.i === ""a"");

      // Item should be moved to y=2 (right below static)
      expect(itemA.y).toBe(2);
    })",137,148,steel
/test/spec/fast-compactor-test.js,Magic Number,"{'line': 158, 'column': 46, 'index': 4700}","it(""handles overlap compactor variant"", () => {
      const layout = generateMessyLayout(20, 12);

      // With allowOverlap, items should still compact but may overlap
      const compacted = fastVerticalOverlapCompactor.compact(layout, 12);

      // All items should have y >= 0
      compacted.forEach(item => {
        expect(item.y).toBeGreaterThanOrEqual(0);
      });
    })",150,160,steel
/test/spec/fast-compactor-test.js,Magic Number,"{'line': 267, 'column': 34, 'index': 8310}","it(""handles single item"", () => {
      const layout = [{ i: ""a"", x: 5, y: 10, w: 2, h: 2 }];
      const compacted = fastVerticalCompactor.compact(layout, 12);

      expect(compacted[0].x).toBe(5);
      expect(compacted[0].y).toBe(0); // Should compact to top
    })",263,269,steel
/test/spec/fast-compactor-test.js,Magic Number,"{'line': 268, 'column': 34, 'index': 8348}","it(""handles single item"", () => {
      const layout = [{ i: ""a"", x: 5, y: 10, w: 2, h: 2 }];
      const compacted = fastVerticalCompactor.compact(layout, 12);

      expect(compacted[0].x).toBe(5);
      expect(compacted[0].y).toBe(0); // Should compact to top
    })",263,269,steel
/test/spec/fast-compactor-test.js,Magic Number,"{'line': 280, 'column': 54, 'index': 8737}","it(""handles all static items"", () => {
      const layout = [
        { i: ""a"", x: 0, y: 0, w: 2, h: 2, static: true },
        { i: ""b"", x: 4, y: 4, w: 2, h: 2, static: true }
      ];

      const compacted = fastVerticalCompactor.compact(layout, 12);

      // Static items should not move
      expect(compacted.find(l => l.i === ""a"").y).toBe(0);
      expect(compacted.find(l => l.i === ""b"").y).toBe(4);
    })",271,282,steel
/test/spec/fast-compactor-test.js,Magic Number,"{'line': 281, 'column': 54, 'index': 8795}","it(""handles all static items"", () => {
      const layout = [
        { i: ""a"", x: 0, y: 0, w: 2, h: 2, static: true },
        { i: ""b"", x: 4, y: 4, w: 2, h: 2, static: true }
      ];

      const compacted = fastVerticalCompactor.compact(layout, 12);

      // Static items should not move
      expect(compacted.find(l => l.i === ""a"").y).toBe(0);
      expect(compacted.find(l => l.i === ""b"").y).toBe(4);
    })",271,282,steel
/test/spec/fast-compactor-test.js,Magic Number,"{'line': 291, 'column': 36, 'index': 9084}","it(""handles items wider than grid"", () => {
      const layout = [
        { i: ""a"", x: 0, y: 0, w: 15, h: 2 } // Wider than 12 cols
      ];

      // Should not throw
      const compacted = fastVerticalCompactor.compact(layout, 12);
      expect(compacted.length).toBe(1);
    })",284,292,steel
/test/spec/fast-compactor-test.js,Magic Number,"{'line': 301, 'column': 36, 'index': 9379}","it(""handles items at x position beyond grid"", () => {
      const layout = [
        { i: ""a"", x: 15, y: 0, w: 2, h: 2 } // Beyond 12 cols
      ];

      // Should not throw
      const compacted = fastVerticalCompactor.compact(layout, 12);
      expect(compacted.length).toBe(1);
    })",294,302,steel
/test/spec/fast-compactor-test.js,Magic Number,"{'line': 411, 'column': 37, 'index': 13409}","it(""produces similar or better compaction height"", () => {
      // The fast compactor should produce layouts with similar total height
      // (within a small tolerance, since algorithms may differ slightly)
      let fastBetter = 0;
      let stdBetter = 0;
      let equal = 0;

      for (let run = 0; run < 50; run++) {
        const layout = generateMessyLayout(30, 12);

        const stdCompacted = verticalCompactor.compact(layout, 12);
        const fastCompacted = fastVerticalCompactor.compact(layout, 12);

        const stdHeight = layoutHeight(stdCompacted);
        const fastHeight = layoutHeight(fastCompacted);

        if (fastHeight < stdHeight) fastBetter++;
        else if (stdHeight < fastHeight) stdBetter++;
        else equal++;
      }

      console.log(
        [
          """",
          ""  Compaction height comparison (50 random layouts):"",
          `    Fast better: ${fastBetter}`,
          `    Standard better: ${stdBetter}`,
          `    Equal: ${equal}`
        ].join(""\n"")
      );

      // Fast compactor should not be significantly worse
      // Allow some tolerance since algorithms may differ
      expect(stdBetter).toBeLessThan(40); // At most 80% worse
    })",378,412,steel
/test/spec/fast-compactor-test.js,Magic Number,"{'line': 493, 'column': 38, 'index': 16350}","it(""matches standard compactor for deterministic layout from benchmark"", () => {
      // Use the same deterministic layout from benchmark-test.js
      const layout = [];
      for (let i = 0; i < 100; i++) {
        layout.push({
          i: String(i),
          x: (i * 3) % 12,
          y: i % 7,
          w: 1 + (i % 3),
          h: 1 + (i % 2)
        });
      }

      const stdCompacted = verticalCompactor.compact(layout, 12);
      const fastCompacted = fastVerticalCompactor.compact(layout, 12);

      // Both should have no overlaps
      expect(hasOverlaps(stdCompacted)).toBe(false);
      expect(hasOverlaps(fastCompacted)).toBe(false);

      // Heights should be similar (within 10%)
      const stdHeight = layoutHeight(stdCompacted);
      const fastHeight = layoutHeight(fastCompacted);
      const heightDiff =
        Math.abs(stdHeight - fastHeight) / Math.max(stdHeight, 1);

      console.log(
        [
          """",
          ""  Deterministic 100-item layout:"",
          `    Standard height: ${stdHeight}`,
          `    Fast height: ${fastHeight}`,
          `    Difference: ${(heightDiff * 100).toFixed(1)}%`
        ].join(""\n"")
      );

      expect(heightDiff).toBeLessThan(0.2); // Within 20%
    })",457,494,steel
/test/spec/fast-compactor-test.js,Magic Number,"{'line': 512, 'column': 46, 'index': 17151}","it(""handles edge case: items that could stack in different orders"", () => {
      // Items that could be stacked in different valid configurations
      const layout = [
        { i: ""a"", x: 0, y: 0, w: 6, h: 2 },
        { i: ""b"", x: 0, y: 0, w: 6, h: 2 }, // Same position as a
        { i: ""c"", x: 0, y: 0, w: 6, h: 2 } // Same position as a and b
      ];

      const stdCompacted = verticalCompactor.compact(layout, 12);
      const fastCompacted = fastVerticalCompactor.compact(layout, 12);

      // Both should produce valid layouts with no overlaps
      expect(hasOverlaps(stdCompacted)).toBe(false);
      expect(hasOverlaps(fastCompacted)).toBe(false);

      // Total height should be 6 (3 items * height 2)
      expect(layoutHeight(stdCompacted)).toBe(6);
      expect(layoutHeight(fastCompacted)).toBe(6);
    })",496,514,steel
/test/spec/fast-compactor-test.js,Magic Number,"{'line': 513, 'column': 47, 'index': 17202}","it(""handles edge case: items that could stack in different orders"", () => {
      // Items that could be stacked in different valid configurations
      const layout = [
        { i: ""a"", x: 0, y: 0, w: 6, h: 2 },
        { i: ""b"", x: 0, y: 0, w: 6, h: 2 }, // Same position as a
        { i: ""c"", x: 0, y: 0, w: 6, h: 2 } // Same position as a and b
      ];

      const stdCompacted = verticalCompactor.compact(layout, 12);
      const fastCompacted = fastVerticalCompactor.compact(layout, 12);

      // Both should produce valid layouts with no overlaps
      expect(hasOverlaps(stdCompacted)).toBe(false);
      expect(hasOverlaps(fastCompacted)).toBe(false);

      // Total height should be 6 (3 items * height 2)
      expect(layoutHeight(stdCompacted)).toBe(6);
      expect(layoutHeight(fastCompacted)).toBe(6);
    })",496,514,steel
/test/spec/fast-compactor-test.js,Redundant Print,"{'line': 245, 'column': 6, 'index': 7625}","it(""compares with static items (200 items, 20 static)"", () => {
      const layout = generateRandomLayout(200, 12, 20);

      const stdTime = measureTime(
        () => verticalCompactor.compact(layout, 12),
        5
      );

      const fastTime = measureTime(
        () => fastVerticalCompactor.compact(layout, 12),
        5
      );

      console.log(
        [
          """",
          ""  With static items (200 items, 20 static):"",
          `    Standard: ${stdTime.toFixed(2)}ms`,
          `    Fast:     ${fastTime.toFixed(2)}ms`,
          `    Speedup:  ${(stdTime / fastTime).toFixed(2)}x`
        ].join(""\n"")
      );
    })",232,254,steel
/test/spec/fast-compactor-test.js,Redundant Print,"{'line': 399, 'column': 6, 'index': 13000}","it(""produces similar or better compaction height"", () => {
      // The fast compactor should produce layouts with similar total height
      // (within a small tolerance, since algorithms may differ slightly)
      let fastBetter = 0;
      let stdBetter = 0;
      let equal = 0;

      for (let run = 0; run < 50; run++) {
        const layout = generateMessyLayout(30, 12);

        const stdCompacted = verticalCompactor.compact(layout, 12);
        const fastCompacted = fastVerticalCompactor.compact(layout, 12);

        const stdHeight = layoutHeight(stdCompacted);
        const fastHeight = layoutHeight(fastCompacted);

        if (fastHeight < stdHeight) fastBetter++;
        else if (stdHeight < fastHeight) stdBetter++;
        else equal++;
      }

      console.log(
        [
          """",
          ""  Compaction height comparison (50 random layouts):"",
          `    Fast better: ${fastBetter}`,
          `    Standard better: ${stdBetter}`,
          `    Equal: ${equal}`
        ].join(""\n"")
      );

      // Fast compactor should not be significantly worse
      // Allow some tolerance since algorithms may differ
      expect(stdBetter).toBeLessThan(40); // At most 80% worse
    })",378,412,steel
/test/spec/fast-compactor-test.js,Redundant Print,"{'line': 483, 'column': 6, 'index': 16045}","it(""matches standard compactor for deterministic layout from benchmark"", () => {
      // Use the same deterministic layout from benchmark-test.js
      const layout = [];
      for (let i = 0; i < 100; i++) {
        layout.push({
          i: String(i),
          x: (i * 3) % 12,
          y: i % 7,
          w: 1 + (i % 3),
          h: 1 + (i % 2)
        });
      }

      const stdCompacted = verticalCompactor.compact(layout, 12);
      const fastCompacted = fastVerticalCompactor.compact(layout, 12);

      // Both should have no overlaps
      expect(hasOverlaps(stdCompacted)).toBe(false);
      expect(hasOverlaps(fastCompacted)).toBe(false);

      // Heights should be similar (within 10%)
      const stdHeight = layoutHeight(stdCompacted);
      const fastHeight = layoutHeight(fastCompacted);
      const heightDiff =
        Math.abs(stdHeight - fastHeight) / Math.max(stdHeight, 1);

      console.log(
        [
          """",
          ""  Deterministic 100-item layout:"",
          `    Standard height: ${stdHeight}`,
          `    Fast height: ${fastHeight}`,
          `    Difference: ${(heightDiff * 100).toFixed(1)}%`
        ].join(""\n"")
      );

      expect(heightDiff).toBeLessThan(0.2); // Within 20%
    })",457,494,steel
/test/spec/fast-compactor-test.js,Unknown Test,"{'column': 4, 'line': 232}","it(""compares with static items (200 items, 20 static)"", () => {
      const layout = generateRandomLayout(200, 12, 20);

      const stdTime = measureTime(
        () => verticalCompactor.compact(layout, 12),
        5
      );

      const fastTime = measureTime(
        () => fastVerticalCompactor.compact(layout, 12),
        5
      );

      console.log(
        [
          """",
          ""  With static items (200 items, 20 static):"",
          `    Standard: ${stdTime.toFixed(2)}ms`,
          `    Fast:     ${fastTime.toFixed(2)}ms`,
          `    Speedup:  ${(stdTime / fastTime).toFixed(2)}x`
        ].join(""\n"")
      );
    })",232,254,steel
/test/spec/benchmark-test.js,Conditional Test Logic,"{'line': 32, 'column': 2, 'index': 1076}",Unknown,,,steel
/test/spec/benchmark-test.js,Conditional Test Logic,"{'line': 47, 'column': 2, 'index': 1374}",Unknown,,,steel
/test/spec/benchmark-test.js,Conditional Test Logic,"{'line': 62, 'column': 2, 'index': 1778}",Unknown,,,steel
/test/spec/benchmark-test.js,Conditional Test Logic,"{'line': 73, 'column': 2, 'index': 2028}",Unknown,,,steel
/test/spec/benchmark-test.js,Conditional Test Logic,"{'line': 93, 'column': 6, 'index': 2588}","afterAll(() => {
    // Format time value with appropriate units
    const formatTime = time => {
      if (typeof time !== ""number"") return String(time);
      if (time < 0.001) return `${(time * 1_000_000).toFixed(2)} ns`;
      if (time < 1) return `${(time * 1000).toFixed(2)} µs`;
      if (time < 1000) return `${time.toFixed(2)} ms`;
      return `${(time / 1000).toFixed(2)} s`;
    };

    // Group benchmarks by category
    const categories = {
      Compaction: [],
      Move: [],
      Sort: [],
      Bounds: [],
      Render: [],
      Simulation: []
    };

    Object.entries(benchmarkResults).forEach(([name, time]) => {
      if (name.startsWith(""compact_""))
        categories[""Compaction""].push([name, time]);
      else if (name.startsWith(""move_"")) categories[""Move""].push([name, time]);
      else if (name.startsWith(""sort_"")) categories[""Sort""].push([name, time]);
      else if (name.startsWith(""correct_""))
        categories[""Bounds""].push([name, time]);
      else if (name.startsWith(""render_""))
        categories[""Render""].push([name, time]);
      else if (name.startsWith(""drag_""))
        categories[""Simulation""].push([name, time]);
    });

    // Build formatted table as a single string to avoid Jest line annotations
    const lines = [
      """",
      ""┌────────────────────────────────────────────────────────────────────┐"",
      ""│                      📊 Benchmark Results                          │"",
      ""├────────────────────────────────────────────────────────────────────┤"",
      ""│ Test                                              │ Time           │"",
      ""├───────────────────────────────────────────────────┼────────────────┤""
    ];

    Object.entries(categories).forEach(([category, results]) => {
      if (results.length === 0) return;
      // Category header
      lines.push(
        `│ ${category.toUpperCase().padEnd(49)} │                │`,
        ""├───────────────────────────────────────────────────┼────────────────┤""
      );
      results.forEach(([name, time]) => {
        const displayName = name
          .replaceAll(""_"", "" "")
          .replace(category.toLowerCase(), """")
          .trim();
        const timeStr = formatTime(time);
        lines.push(`│   ${displayName.padEnd(47)} │ ${timeStr.padStart(14)} │`);
      });
      lines.push(
        ""├───────────────────────────────────────────────────┼────────────────┤""
      );
    });

    lines.push(
      ""└────────────────────────────────────────────────────────────────────┘""
    );

    // Single console.log to avoid Jest annotations breaking up the table
    console.log(lines.join(""\n""));
  })",90,159,steel
/test/spec/benchmark-test.js,Conditional Test Logic,"{'line': 94, 'column': 6, 'index': 2645}","afterAll(() => {
    // Format time value with appropriate units
    const formatTime = time => {
      if (typeof time !== ""number"") return String(time);
      if (time < 0.001) return `${(time * 1_000_000).toFixed(2)} ns`;
      if (time < 1) return `${(time * 1000).toFixed(2)} µs`;
      if (time < 1000) return `${time.toFixed(2)} ms`;
      return `${(time / 1000).toFixed(2)} s`;
    };

    // Group benchmarks by category
    const categories = {
      Compaction: [],
      Move: [],
      Sort: [],
      Bounds: [],
      Render: [],
      Simulation: []
    };

    Object.entries(benchmarkResults).forEach(([name, time]) => {
      if (name.startsWith(""compact_""))
        categories[""Compaction""].push([name, time]);
      else if (name.startsWith(""move_"")) categories[""Move""].push([name, time]);
      else if (name.startsWith(""sort_"")) categories[""Sort""].push([name, time]);
      else if (name.startsWith(""correct_""))
        categories[""Bounds""].push([name, time]);
      else if (name.startsWith(""render_""))
        categories[""Render""].push([name, time]);
      else if (name.startsWith(""drag_""))
        categories[""Simulation""].push([name, time]);
    });

    // Build formatted table as a single string to avoid Jest line annotations
    const lines = [
      """",
      ""┌────────────────────────────────────────────────────────────────────┐"",
      ""│                      📊 Benchmark Results                          │"",
      ""├────────────────────────────────────────────────────────────────────┤"",
      ""│ Test                                              │ Time           │"",
      ""├───────────────────────────────────────────────────┼────────────────┤""
    ];

    Object.entries(categories).forEach(([category, results]) => {
      if (results.length === 0) return;
      // Category header
      lines.push(
        `│ ${category.toUpperCase().padEnd(49)} │                │`,
        ""├───────────────────────────────────────────────────┼────────────────┤""
      );
      results.forEach(([name, time]) => {
        const displayName = name
          .replaceAll(""_"", "" "")
          .replace(category.toLowerCase(), """")
          .trim();
        const timeStr = formatTime(time);
        lines.push(`│   ${displayName.padEnd(47)} │ ${timeStr.padStart(14)} │`);
      });
      lines.push(
        ""├───────────────────────────────────────────────────┼────────────────┤""
      );
    });

    lines.push(
      ""└────────────────────────────────────────────────────────────────────┘""
    );

    // Single console.log to avoid Jest annotations breaking up the table
    console.log(lines.join(""\n""));
  })",90,159,steel
/test/spec/benchmark-test.js,Conditional Test Logic,"{'line': 95, 'column': 6, 'index': 2715}","afterAll(() => {
    // Format time value with appropriate units
    const formatTime = time => {
      if (typeof time !== ""number"") return String(time);
      if (time < 0.001) return `${(time * 1_000_000).toFixed(2)} ns`;
      if (time < 1) return `${(time * 1000).toFixed(2)} µs`;
      if (time < 1000) return `${time.toFixed(2)} ms`;
      return `${(time / 1000).toFixed(2)} s`;
    };

    // Group benchmarks by category
    const categories = {
      Compaction: [],
      Move: [],
      Sort: [],
      Bounds: [],
      Render: [],
      Simulation: []
    };

    Object.entries(benchmarkResults).forEach(([name, time]) => {
      if (name.startsWith(""compact_""))
        categories[""Compaction""].push([name, time]);
      else if (name.startsWith(""move_"")) categories[""Move""].push([name, time]);
      else if (name.startsWith(""sort_"")) categories[""Sort""].push([name, time]);
      else if (name.startsWith(""correct_""))
        categories[""Bounds""].push([name, time]);
      else if (name.startsWith(""render_""))
        categories[""Render""].push([name, time]);
      else if (name.startsWith(""drag_""))
        categories[""Simulation""].push([name, time]);
    });

    // Build formatted table as a single string to avoid Jest line annotations
    const lines = [
      """",
      ""┌────────────────────────────────────────────────────────────────────┐"",
      ""│                      📊 Benchmark Results                          │"",
      ""├────────────────────────────────────────────────────────────────────┤"",
      ""│ Test                                              │ Time           │"",
      ""├───────────────────────────────────────────────────┼────────────────┤""
    ];

    Object.entries(categories).forEach(([category, results]) => {
      if (results.length === 0) return;
      // Category header
      lines.push(
        `│ ${category.toUpperCase().padEnd(49)} │                │`,
        ""├───────────────────────────────────────────────────┼────────────────┤""
      );
      results.forEach(([name, time]) => {
        const displayName = name
          .replaceAll(""_"", "" "")
          .replace(category.toLowerCase(), """")
          .trim();
        const timeStr = formatTime(time);
        lines.push(`│   ${displayName.padEnd(47)} │ ${timeStr.padStart(14)} │`);
      });
      lines.push(
        ""├───────────────────────────────────────────────────┼────────────────┤""
      );
    });

    lines.push(
      ""└────────────────────────────────────────────────────────────────────┘""
    );

    // Single console.log to avoid Jest annotations breaking up the table
    console.log(lines.join(""\n""));
  })",90,159,steel
/test/spec/benchmark-test.js,Conditional Test Logic,"{'line': 96, 'column': 6, 'index': 2776}","afterAll(() => {
    // Format time value with appropriate units
    const formatTime = time => {
      if (typeof time !== ""number"") return String(time);
      if (time < 0.001) return `${(time * 1_000_000).toFixed(2)} ns`;
      if (time < 1) return `${(time * 1000).toFixed(2)} µs`;
      if (time < 1000) return `${time.toFixed(2)} ms`;
      return `${(time / 1000).toFixed(2)} s`;
    };

    // Group benchmarks by category
    const categories = {
      Compaction: [],
      Move: [],
      Sort: [],
      Bounds: [],
      Render: [],
      Simulation: []
    };

    Object.entries(benchmarkResults).forEach(([name, time]) => {
      if (name.startsWith(""compact_""))
        categories[""Compaction""].push([name, time]);
      else if (name.startsWith(""move_"")) categories[""Move""].push([name, time]);
      else if (name.startsWith(""sort_"")) categories[""Sort""].push([name, time]);
      else if (name.startsWith(""correct_""))
        categories[""Bounds""].push([name, time]);
      else if (name.startsWith(""render_""))
        categories[""Render""].push([name, time]);
      else if (name.startsWith(""drag_""))
        categories[""Simulation""].push([name, time]);
    });

    // Build formatted table as a single string to avoid Jest line annotations
    const lines = [
      """",
      ""┌────────────────────────────────────────────────────────────────────┐"",
      ""│                      📊 Benchmark Results                          │"",
      ""├────────────────────────────────────────────────────────────────────┤"",
      ""│ Test                                              │ Time           │"",
      ""├───────────────────────────────────────────────────┼────────────────┤""
    ];

    Object.entries(categories).forEach(([category, results]) => {
      if (results.length === 0) return;
      // Category header
      lines.push(
        `│ ${category.toUpperCase().padEnd(49)} │                │`,
        ""├───────────────────────────────────────────────────┼────────────────┤""
      );
      results.forEach(([name, time]) => {
        const displayName = name
          .replaceAll(""_"", "" "")
          .replace(category.toLowerCase(), """")
          .trim();
        const timeStr = formatTime(time);
        lines.push(`│   ${displayName.padEnd(47)} │ ${timeStr.padStart(14)} │`);
      });
      lines.push(
        ""├───────────────────────────────────────────────────┼────────────────┤""
      );
    });

    lines.push(
      ""└────────────────────────────────────────────────────────────────────┘""
    );

    // Single console.log to avoid Jest annotations breaking up the table
    console.log(lines.join(""\n""));
  })",90,159,steel
/test/spec/benchmark-test.js,Conditional Test Logic,"{'line': 111, 'column': 6, 'index': 3130}","afterAll(() => {
    // Format time value with appropriate units
    const formatTime = time => {
      if (typeof time !== ""number"") return String(time);
      if (time < 0.001) return `${(time * 1_000_000).toFixed(2)} ns`;
      if (time < 1) return `${(time * 1000).toFixed(2)} µs`;
      if (time < 1000) return `${time.toFixed(2)} ms`;
      return `${(time / 1000).toFixed(2)} s`;
    };

    // Group benchmarks by category
    const categories = {
      Compaction: [],
      Move: [],
      Sort: [],
      Bounds: [],
      Render: [],
      Simulation: []
    };

    Object.entries(benchmarkResults).forEach(([name, time]) => {
      if (name.startsWith(""compact_""))
        categories[""Compaction""].push([name, time]);
      else if (name.startsWith(""move_"")) categories[""Move""].push([name, time]);
      else if (name.startsWith(""sort_"")) categories[""Sort""].push([name, time]);
      else if (name.startsWith(""correct_""))
        categories[""Bounds""].push([name, time]);
      else if (name.startsWith(""render_""))
        categories[""Render""].push([name, time]);
      else if (name.startsWith(""drag_""))
        categories[""Simulation""].push([name, time]);
    });

    // Build formatted table as a single string to avoid Jest line annotations
    const lines = [
      """",
      ""┌────────────────────────────────────────────────────────────────────┐"",
      ""│                      📊 Benchmark Results                          │"",
      ""├────────────────────────────────────────────────────────────────────┤"",
      ""│ Test                                              │ Time           │"",
      ""├───────────────────────────────────────────────────┼────────────────┤""
    ];

    Object.entries(categories).forEach(([category, results]) => {
      if (results.length === 0) return;
      // Category header
      lines.push(
        `│ ${category.toUpperCase().padEnd(49)} │                │`,
        ""├───────────────────────────────────────────────────┼────────────────┤""
      );
      results.forEach(([name, time]) => {
        const displayName = name
          .replaceAll(""_"", "" "")
          .replace(category.toLowerCase(), """")
          .trim();
        const timeStr = formatTime(time);
        lines.push(`│   ${displayName.padEnd(47)} │ ${timeStr.padStart(14)} │`);
      });
      lines.push(
        ""├───────────────────────────────────────────────────┼────────────────┤""
      );
    });

    lines.push(
      ""└────────────────────────────────────────────────────────────────────┘""
    );

    // Single console.log to avoid Jest annotations breaking up the table
    console.log(lines.join(""\n""));
  })",90,159,steel
/test/spec/benchmark-test.js,Conditional Test Logic,"{'line': 113, 'column': 11, 'index': 3227}","afterAll(() => {
    // Format time value with appropriate units
    const formatTime = time => {
      if (typeof time !== ""number"") return String(time);
      if (time < 0.001) return `${(time * 1_000_000).toFixed(2)} ns`;
      if (time < 1) return `${(time * 1000).toFixed(2)} µs`;
      if (time < 1000) return `${time.toFixed(2)} ms`;
      return `${(time / 1000).toFixed(2)} s`;
    };

    // Group benchmarks by category
    const categories = {
      Compaction: [],
      Move: [],
      Sort: [],
      Bounds: [],
      Render: [],
      Simulation: []
    };

    Object.entries(benchmarkResults).forEach(([name, time]) => {
      if (name.startsWith(""compact_""))
        categories[""Compaction""].push([name, time]);
      else if (name.startsWith(""move_"")) categories[""Move""].push([name, time]);
      else if (name.startsWith(""sort_"")) categories[""Sort""].push([name, time]);
      else if (name.startsWith(""correct_""))
        categories[""Bounds""].push([name, time]);
      else if (name.startsWith(""render_""))
        categories[""Render""].push([name, time]);
      else if (name.startsWith(""drag_""))
        categories[""Simulation""].push([name, time]);
    });

    // Build formatted table as a single string to avoid Jest line annotations
    const lines = [
      """",
      ""┌────────────────────────────────────────────────────────────────────┐"",
      ""│                      📊 Benchmark Results                          │"",
      ""├────────────────────────────────────────────────────────────────────┤"",
      ""│ Test                                              │ Time           │"",
      ""├───────────────────────────────────────────────────┼────────────────┤""
    ];

    Object.entries(categories).forEach(([category, results]) => {
      if (results.length === 0) return;
      // Category header
      lines.push(
        `│ ${category.toUpperCase().padEnd(49)} │                │`,
        ""├───────────────────────────────────────────────────┼────────────────┤""
      );
      results.forEach(([name, time]) => {
        const displayName = name
          .replaceAll(""_"", "" "")
          .replace(category.toLowerCase(), """")
          .trim();
        const timeStr = formatTime(time);
        lines.push(`│   ${displayName.padEnd(47)} │ ${timeStr.padStart(14)} │`);
      });
      lines.push(
        ""├───────────────────────────────────────────────────┼────────────────┤""
      );
    });

    lines.push(
      ""└────────────────────────────────────────────────────────────────────┘""
    );

    // Single console.log to avoid Jest annotations breaking up the table
    console.log(lines.join(""\n""));
  })",90,159,steel
/test/spec/benchmark-test.js,Conditional Test Logic,"{'line': 114, 'column': 11, 'index': 3307}","afterAll(() => {
    // Format time value with appropriate units
    const formatTime = time => {
      if (typeof time !== ""number"") return String(time);
      if (time < 0.001) return `${(time * 1_000_000).toFixed(2)} ns`;
      if (time < 1) return `${(time * 1000).toFixed(2)} µs`;
      if (time < 1000) return `${time.toFixed(2)} ms`;
      return `${(time / 1000).toFixed(2)} s`;
    };

    // Group benchmarks by category
    const categories = {
      Compaction: [],
      Move: [],
      Sort: [],
      Bounds: [],
      Render: [],
      Simulation: []
    };

    Object.entries(benchmarkResults).forEach(([name, time]) => {
      if (name.startsWith(""compact_""))
        categories[""Compaction""].push([name, time]);
      else if (name.startsWith(""move_"")) categories[""Move""].push([name, time]);
      else if (name.startsWith(""sort_"")) categories[""Sort""].push([name, time]);
      else if (name.startsWith(""correct_""))
        categories[""Bounds""].push([name, time]);
      else if (name.startsWith(""render_""))
        categories[""Render""].push([name, time]);
      else if (name.startsWith(""drag_""))
        categories[""Simulation""].push([name, time]);
    });

    // Build formatted table as a single string to avoid Jest line annotations
    const lines = [
      """",
      ""┌────────────────────────────────────────────────────────────────────┐"",
      ""│                      📊 Benchmark Results                          │"",
      ""├────────────────────────────────────────────────────────────────────┤"",
      ""│ Test                                              │ Time           │"",
      ""├───────────────────────────────────────────────────┼────────────────┤""
    ];

    Object.entries(categories).forEach(([category, results]) => {
      if (results.length === 0) return;
      // Category header
      lines.push(
        `│ ${category.toUpperCase().padEnd(49)} │                │`,
        ""├───────────────────────────────────────────────────┼────────────────┤""
      );
      results.forEach(([name, time]) => {
        const displayName = name
          .replaceAll(""_"", "" "")
          .replace(category.toLowerCase(), """")
          .trim();
        const timeStr = formatTime(time);
        lines.push(`│   ${displayName.padEnd(47)} │ ${timeStr.padStart(14)} │`);
      });
      lines.push(
        ""├───────────────────────────────────────────────────┼────────────────┤""
      );
    });

    lines.push(
      ""└────────────────────────────────────────────────────────────────────┘""
    );

    // Single console.log to avoid Jest annotations breaking up the table
    console.log(lines.join(""\n""));
  })",90,159,steel
/test/spec/benchmark-test.js,Conditional Test Logic,"{'line': 115, 'column': 11, 'index': 3387}","afterAll(() => {
    // Format time value with appropriate units
    const formatTime = time => {
      if (typeof time !== ""number"") return String(time);
      if (time < 0.001) return `${(time * 1_000_000).toFixed(2)} ns`;
      if (time < 1) return `${(time * 1000).toFixed(2)} µs`;
      if (time < 1000) return `${time.toFixed(2)} ms`;
      return `${(time / 1000).toFixed(2)} s`;
    };

    // Group benchmarks by category
    const categories = {
      Compaction: [],
      Move: [],
      Sort: [],
      Bounds: [],
      Render: [],
      Simulation: []
    };

    Object.entries(benchmarkResults).forEach(([name, time]) => {
      if (name.startsWith(""compact_""))
        categories[""Compaction""].push([name, time]);
      else if (name.startsWith(""move_"")) categories[""Move""].push([name, time]);
      else if (name.startsWith(""sort_"")) categories[""Sort""].push([name, time]);
      else if (name.startsWith(""correct_""))
        categories[""Bounds""].push([name, time]);
      else if (name.startsWith(""render_""))
        categories[""Render""].push([name, time]);
      else if (name.startsWith(""drag_""))
        categories[""Simulation""].push([name, time]);
    });

    // Build formatted table as a single string to avoid Jest line annotations
    const lines = [
      """",
      ""┌────────────────────────────────────────────────────────────────────┐"",
      ""│                      📊 Benchmark Results                          │"",
      ""├────────────────────────────────────────────────────────────────────┤"",
      ""│ Test                                              │ Time           │"",
      ""├───────────────────────────────────────────────────┼────────────────┤""
    ];

    Object.entries(categories).forEach(([category, results]) => {
      if (results.length === 0) return;
      // Category header
      lines.push(
        `│ ${category.toUpperCase().padEnd(49)} │                │`,
        ""├───────────────────────────────────────────────────┼────────────────┤""
      );
      results.forEach(([name, time]) => {
        const displayName = name
          .replaceAll(""_"", "" "")
          .replace(category.toLowerCase(), """")
          .trim();
        const timeStr = formatTime(time);
        lines.push(`│   ${displayName.padEnd(47)} │ ${timeStr.padStart(14)} │`);
      });
      lines.push(
        ""├───────────────────────────────────────────────────┼────────────────┤""
      );
    });

    lines.push(
      ""└────────────────────────────────────────────────────────────────────┘""
    );

    // Single console.log to avoid Jest annotations breaking up the table
    console.log(lines.join(""\n""));
  })",90,159,steel
/test/spec/benchmark-test.js,Conditional Test Logic,"{'line': 117, 'column': 11, 'index': 3480}","afterAll(() => {
    // Format time value with appropriate units
    const formatTime = time => {
      if (typeof time !== ""number"") return String(time);
      if (time < 0.001) return `${(time * 1_000_000).toFixed(2)} ns`;
      if (time < 1) return `${(time * 1000).toFixed(2)} µs`;
      if (time < 1000) return `${time.toFixed(2)} ms`;
      return `${(time / 1000).toFixed(2)} s`;
    };

    // Group benchmarks by category
    const categories = {
      Compaction: [],
      Move: [],
      Sort: [],
      Bounds: [],
      Render: [],
      Simulation: []
    };

    Object.entries(benchmarkResults).forEach(([name, time]) => {
      if (name.startsWith(""compact_""))
        categories[""Compaction""].push([name, time]);
      else if (name.startsWith(""move_"")) categories[""Move""].push([name, time]);
      else if (name.startsWith(""sort_"")) categories[""Sort""].push([name, time]);
      else if (name.startsWith(""correct_""))
        categories[""Bounds""].push([name, time]);
      else if (name.startsWith(""render_""))
        categories[""Render""].push([name, time]);
      else if (name.startsWith(""drag_""))
        categories[""Simulation""].push([name, time]);
    });

    // Build formatted table as a single string to avoid Jest line annotations
    const lines = [
      """",
      ""┌────────────────────────────────────────────────────────────────────┐"",
      ""│                      📊 Benchmark Results                          │"",
      ""├────────────────────────────────────────────────────────────────────┤"",
      ""│ Test                                              │ Time           │"",
      ""├───────────────────────────────────────────────────┼────────────────┤""
    ];

    Object.entries(categories).forEach(([category, results]) => {
      if (results.length === 0) return;
      // Category header
      lines.push(
        `│ ${category.toUpperCase().padEnd(49)} │                │`,
        ""├───────────────────────────────────────────────────┼────────────────┤""
      );
      results.forEach(([name, time]) => {
        const displayName = name
          .replaceAll(""_"", "" "")
          .replace(category.toLowerCase(), """")
          .trim();
        const timeStr = formatTime(time);
        lines.push(`│   ${displayName.padEnd(47)} │ ${timeStr.padStart(14)} │`);
      });
      lines.push(
        ""├───────────────────────────────────────────────────┼────────────────┤""
      );
    });

    lines.push(
      ""└────────────────────────────────────────────────────────────────────┘""
    );

    // Single console.log to avoid Jest annotations breaking up the table
    console.log(lines.join(""\n""));
  })",90,159,steel
/test/spec/benchmark-test.js,Conditional Test Logic,"{'line': 119, 'column': 11, 'index': 3572}","afterAll(() => {
    // Format time value with appropriate units
    const formatTime = time => {
      if (typeof time !== ""number"") return String(time);
      if (time < 0.001) return `${(time * 1_000_000).toFixed(2)} ns`;
      if (time < 1) return `${(time * 1000).toFixed(2)} µs`;
      if (time < 1000) return `${time.toFixed(2)} ms`;
      return `${(time / 1000).toFixed(2)} s`;
    };

    // Group benchmarks by category
    const categories = {
      Compaction: [],
      Move: [],
      Sort: [],
      Bounds: [],
      Render: [],
      Simulation: []
    };

    Object.entries(benchmarkResults).forEach(([name, time]) => {
      if (name.startsWith(""compact_""))
        categories[""Compaction""].push([name, time]);
      else if (name.startsWith(""move_"")) categories[""Move""].push([name, time]);
      else if (name.startsWith(""sort_"")) categories[""Sort""].push([name, time]);
      else if (name.startsWith(""correct_""))
        categories[""Bounds""].push([name, time]);
      else if (name.startsWith(""render_""))
        categories[""Render""].push([name, time]);
      else if (name.startsWith(""drag_""))
        categories[""Simulation""].push([name, time]);
    });

    // Build formatted table as a single string to avoid Jest line annotations
    const lines = [
      """",
      ""┌────────────────────────────────────────────────────────────────────┐"",
      ""│                      📊 Benchmark Results                          │"",
      ""├────────────────────────────────────────────────────────────────────┤"",
      ""│ Test                                              │ Time           │"",
      ""├───────────────────────────────────────────────────┼────────────────┤""
    ];

    Object.entries(categories).forEach(([category, results]) => {
      if (results.length === 0) return;
      // Category header
      lines.push(
        `│ ${category.toUpperCase().padEnd(49)} │                │`,
        ""├───────────────────────────────────────────────────┼────────────────┤""
      );
      results.forEach(([name, time]) => {
        const displayName = name
          .replaceAll(""_"", "" "")
          .replace(category.toLowerCase(), """")
          .trim();
        const timeStr = formatTime(time);
        lines.push(`│   ${displayName.padEnd(47)} │ ${timeStr.padStart(14)} │`);
      });
      lines.push(
        ""├───────────────────────────────────────────────────┼────────────────┤""
      );
    });

    lines.push(
      ""└────────────────────────────────────────────────────────────────────┘""
    );

    // Single console.log to avoid Jest annotations breaking up the table
    console.log(lines.join(""\n""));
  })",90,159,steel
/test/spec/benchmark-test.js,Conditional Test Logic,"{'line': 134, 'column': 6, 'index': 4252}","afterAll(() => {
    // Format time value with appropriate units
    const formatTime = time => {
      if (typeof time !== ""number"") return String(time);
      if (time < 0.001) return `${(time * 1_000_000).toFixed(2)} ns`;
      if (time < 1) return `${(time * 1000).toFixed(2)} µs`;
      if (time < 1000) return `${time.toFixed(2)} ms`;
      return `${(time / 1000).toFixed(2)} s`;
    };

    // Group benchmarks by category
    const categories = {
      Compaction: [],
      Move: [],
      Sort: [],
      Bounds: [],
      Render: [],
      Simulation: []
    };

    Object.entries(benchmarkResults).forEach(([name, time]) => {
      if (name.startsWith(""compact_""))
        categories[""Compaction""].push([name, time]);
      else if (name.startsWith(""move_"")) categories[""Move""].push([name, time]);
      else if (name.startsWith(""sort_"")) categories[""Sort""].push([name, time]);
      else if (name.startsWith(""correct_""))
        categories[""Bounds""].push([name, time]);
      else if (name.startsWith(""render_""))
        categories[""Render""].push([name, time]);
      else if (name.startsWith(""drag_""))
        categories[""Simulation""].push([name, time]);
    });

    // Build formatted table as a single string to avoid Jest line annotations
    const lines = [
      """",
      ""┌────────────────────────────────────────────────────────────────────┐"",
      ""│                      📊 Benchmark Results                          │"",
      ""├────────────────────────────────────────────────────────────────────┤"",
      ""│ Test                                              │ Time           │"",
      ""├───────────────────────────────────────────────────┼────────────────┤""
    ];

    Object.entries(categories).forEach(([category, results]) => {
      if (results.length === 0) return;
      // Category header
      lines.push(
        `│ ${category.toUpperCase().padEnd(49)} │                │`,
        ""├───────────────────────────────────────────────────┼────────────────┤""
      );
      results.forEach(([name, time]) => {
        const displayName = name
          .replaceAll(""_"", "" "")
          .replace(category.toLowerCase(), """")
          .trim();
        const timeStr = formatTime(time);
        lines.push(`│   ${displayName.padEnd(47)} │ ${timeStr.padStart(14)} │`);
      });
      lines.push(
        ""├───────────────────────────────────────────────────┼────────────────┤""
      );
    });

    lines.push(
      ""└────────────────────────────────────────────────────────────────────┘""
    );

    // Single console.log to avoid Jest annotations breaking up the table
    console.log(lines.join(""\n""));
  })",90,159,steel
/test/spec/benchmark-test.js,Conditional Test Logic,"{'line': 273, 'column': 8, 'index': 8543}","it(""simulates drag through 100-item layout"", () => {
      const layout = generateLayout(100);
      const iterations = 10;

      // Simulate a drag from position 0,0 to 10,10 in 20 steps
      const time = measureTime(() => {
        let currentLayout = layout;
        const item = currentLayout[0];

        for (let step = 0; step < iterations; step++) {
          const x = Math.floor((step / iterations) * 10);
          const y = Math.floor((step / iterations) * 10);
          currentLayout = moveElement(
            currentLayout,
            { ...item, x, y },
            x,
            y,
            true,
            false,
            ""vertical"",
            12
          );
          currentLayout = compact(currentLayout, ""vertical"", 12);
        }
      }, 10);

      benchmarkResults[""drag_simulation_100_items_20_steps""] = time;

      // Full drag should complete quickly for smooth 60fps
      expect(time).toBeLessThan(100); // 100ms for entire drag
    })",264,294,steel
/test/spec/benchmark-test.js,Conditional Test Logic,"{'line': 302, 'column': 4, 'index': 9405}","it(""compaction output is deterministic (100 items)"", () => {
    // Use seeded random for deterministic layout
    const layout = [];
    for (let i = 0; i < 100; i++) {
      layout.push({
        i: String(i),
        x: (i * 3) % 12,
        y: i % 7,
        w: 1 + (i % 3),
        h: 1 + (i % 2)
      });
    }

    const compacted = compact(layout, ""vertical"", 12);

    // Snapshot the compaction result to detect algorithm changes
    expect(compacted).toMatchSnapshot();
  })",299,316,steel
/test/spec/benchmark-test.js,Conditional Test Logic,"{'line': 320, 'column': 4, 'index': 9858}","it(""compaction output is deterministic (horizontal, 100 items)"", () => {
    const layout = [];
    for (let i = 0; i < 100; i++) {
      layout.push({
        i: String(i),
        x: (i * 3) % 12,
        y: i % 7,
        w: 1 + (i % 3),
        h: 1 + (i % 2)
      });
    }

    const compacted = compact(layout, ""horizontal"", 12);
    expect(compacted).toMatchSnapshot();
  })",318,332,steel
/test/spec/benchmark-test.js,Magic Number,"{'line': 293, 'column': 32, 'index': 9176}","it(""simulates drag through 100-item layout"", () => {
      const layout = generateLayout(100);
      const iterations = 10;

      // Simulate a drag from position 0,0 to 10,10 in 20 steps
      const time = measureTime(() => {
        let currentLayout = layout;
        const item = currentLayout[0];

        for (let step = 0; step < iterations; step++) {
          const x = Math.floor((step / iterations) * 10);
          const y = Math.floor((step / iterations) * 10);
          currentLayout = moveElement(
            currentLayout,
            { ...item, x, y },
            x,
            y,
            true,
            false,
            ""vertical"",
            12
          );
          currentLayout = compact(currentLayout, ""vertical"", 12);
        }
      }, 10);

      benchmarkResults[""drag_simulation_100_items_20_steps""] = time;

      // Full drag should complete quickly for smooth 60fps
      expect(time).toBeLessThan(100); // 100ms for entire drag
    })",264,294,steel
/test/spec/backcompat-test.js,Conditional Test Logic,"{'line': 82, 'column': 4, 'index': 2567}","it(""onDragStart provides layout, oldItem, newItem, placeholder, event, and node"", () => {
    const onDragStart = jest.fn();
    const layout = [{ i: ""a"", x: 0, y: 0, w: 2, h: 2 }];

    const { container } = render(
      <ReactGridLayout
        layout={layout}
        width={1200}
        cols={12}
        rowHeight={30}
        onDragStart={onDragStart}
      >
        <div key=""a"">A</div>
      </ReactGridLayout>
    );

    const item = container.querySelector("".react-grid-item"");
    if (item) {
      fireEvent.mouseDown(item, { clientX: 50, clientY: 50 });
    }

    expect(onDragStart).toHaveBeenCalled();
    // Verify callback signature: (layout, oldItem, newItem, placeholder, e, node)
    const args = onDragStart.mock.calls[0];
    expect(Array.isArray(args[0])).toBe(true); // layout
    expect(args[1]).toHaveProperty(""i"", ""a""); // oldItem
    expect(args[2]).toHaveProperty(""i"", ""a""); // newItem
    expect(args[3]).toBeNull(); // placeholder is null at drag start (per API)
    expect(args[4]).toBeDefined(); // event
    expect(args[5]).toBeDefined(); // node
  })",65,95,steel
/test/spec/backcompat-test.js,Conditional Test Logic,"{'line': 114, 'column': 4, 'index': 3629}","it(""onDrag provides newItem with updated position during drag"", () => {
    const onDrag = jest.fn();
    const layout = [{ i: ""a"", x: 0, y: 0, w: 2, h: 2 }];

    const { container } = render(
      <ReactGridLayout
        layout={layout}
        width={1200}
        cols={12}
        rowHeight={30}
        onDrag={onDrag}
      >
        <div key=""a"">A</div>
      </ReactGridLayout>
    );

    const item = container.querySelector("".react-grid-item"");
    if (item) {
      fireEvent.mouseDown(item, { clientX: 50, clientY: 50 });
      // Move significantly right and down
      fireEvent.mouseMove(document, { clientX: 400, clientY: 200 });
    }

    if (onDrag.mock.calls.length > 0) {
      const [, oldItem, newItem] = onDrag.mock.calls[0];
      // newItem should reflect the new position (different from old)
      // $FlowIgnore - test assertion, we know these exist
      expect(newItem.i).toBe(""a"");
      // Position should have changed
      // $FlowIgnore - test assertion, we know these exist
      expect(newItem.x !== oldItem.x || newItem.y !== oldItem.y).toBe(true);
    }
  })",97,129,steel
/test/spec/backcompat-test.js,Conditional Test Logic,"{'line': 120, 'column': 4, 'index': 3827}","it(""onDrag provides newItem with updated position during drag"", () => {
    const onDrag = jest.fn();
    const layout = [{ i: ""a"", x: 0, y: 0, w: 2, h: 2 }];

    const { container } = render(
      <ReactGridLayout
        layout={layout}
        width={1200}
        cols={12}
        rowHeight={30}
        onDrag={onDrag}
      >
        <div key=""a"">A</div>
      </ReactGridLayout>
    );

    const item = container.querySelector("".react-grid-item"");
    if (item) {
      fireEvent.mouseDown(item, { clientX: 50, clientY: 50 });
      // Move significantly right and down
      fireEvent.mouseMove(document, { clientX: 400, clientY: 200 });
    }

    if (onDrag.mock.calls.length > 0) {
      const [, oldItem, newItem] = onDrag.mock.calls[0];
      // newItem should reflect the new position (different from old)
      // $FlowIgnore - test assertion, we know these exist
      expect(newItem.i).toBe(""a"");
      // Position should have changed
      // $FlowIgnore - test assertion, we know these exist
      expect(newItem.x !== oldItem.x || newItem.y !== oldItem.y).toBe(true);
    }
  })",97,129,steel
/test/spec/backcompat-test.js,Conditional Test Logic,"{'line': 152, 'column': 4, 'index': 4924}","it(""extracts x, y, w, h from data-grid (with compactType=null)"", () => {
    const onLayoutChange = jest.fn();

    // Use compactType={null} to test raw data-grid extraction without compaction
    render(
      <ReactGridLayout
        width={1200}
        cols={12}
        compactType={null}
        onLayoutChange={onLayoutChange}
      >
        <div key=""test"" data-grid={{ x: 3, y: 5, w: 4, h: 2 }}>
          Test
        </div>
      </ReactGridLayout>
    );

    const [layout] = onLayoutChange.mock.calls[0];
    const item = layout.find(l => l.i === ""test"");
    if (!item) throw new Error(""Item not found"");

    expect(item.x).toBe(3);
    expect(item.y).toBe(5);
    expect(item.w).toBe(4);
    expect(item.h).toBe(2);
  })",133,158,steel
/test/spec/backcompat-test.js,Conditional Test Logic,"{'line': 228, 'column': 4, 'index': 6808}","it(""extracts minW, maxW, minH, maxH from data-grid"", () => {
    const onLayoutChange = jest.fn();

    render(
      <ReactGridLayout width={1200} cols={12} onLayoutChange={onLayoutChange}>
        <div
          key=""test""
          data-grid={{
            x: 0,
            y: 0,
            w: 2,
            h: 2,
            minW: 1,
            maxW: 4,
            minH: 1,
            maxH: 3
          }}
        >
          Test
        </div>
      </ReactGridLayout>
    );

    const [layout] = onLayoutChange.mock.calls[0];
    const item = layout.find(l => l.i === ""test"");
    if (!item) throw new Error(""Item not found"");

    expect(item.minW).toBe(1);
    expect(item.maxW).toBe(4);
    expect(item.minH).toBe(1);
    expect(item.maxH).toBe(3);
  })",203,234,steel
/test/spec/backcompat-test.js,Conditional Test Logic,"{'line': 255, 'column': 4, 'index': 7514}","it(""static:true in data-grid prevents item from being dragged"", () => {
    const onDragStart = jest.fn();

    const { container } = render(
      <ReactGridLayout
        width={1200}
        cols={12}
        rowHeight={30}
        onDragStart={onDragStart}
      >
        <div key=""static"" data-grid={{ x: 0, y: 0, w: 2, h: 2, static: true }}>
          Static
        </div>
      </ReactGridLayout>
    );

    const item = container.querySelector("".react-grid-item.static"");
    expect(item).toBeInTheDocument();

    if (item) {
      fireEvent.mouseDown(item, { clientX: 50, clientY: 50 });
      fireEvent.mouseMove(document, { clientX: 200, clientY: 200 });
      fireEvent.mouseUp(document);
    }

    // onDragStart should NOT have been called for static item
    expect(onDragStart).not.toHaveBeenCalled();
  })",236,263,steel
/test/spec/backcompat-test.js,Conditional Test Logic,"{'line': 286, 'column': 4, 'index': 8364}","it(""isDraggable:false in data-grid prevents dragging that item"", () => {
    const onDragStart = jest.fn();

    const { container } = render(
      <ReactGridLayout
        width={1200}
        cols={12}
        rowHeight={30}
        isDraggable={true}
        onDragStart={onDragStart}
      >
        <div
          key=""nodrag""
          data-grid={{ x: 0, y: 0, w: 2, h: 2, isDraggable: false }}
        >
          No Drag
        </div>
      </ReactGridLayout>
    );

    const item = container.querySelector("".react-grid-item"");
    if (item) {
      fireEvent.mouseDown(item, { clientX: 50, clientY: 50 });
      fireEvent.mouseMove(document, { clientX: 200, clientY: 200 });
      fireEvent.mouseUp(document);
    }

    expect(onDragStart).not.toHaveBeenCalled();
  })",265,293,steel
/test/spec/backcompat-test.js,Conditional Test Logic,"{'line': 513, 'column': 4, 'index': 14685}","it(""uses correct layout for current breakpoint"", () => {
    const onLayoutChange = jest.fn();

    const layouts = {
      lg: [{ i: ""a"", x: 0, y: 0, w: 4, h: 2 }],
      sm: [{ i: ""a"", x: 0, y: 0, w: 2, h: 2 }]
    };

    render(
      <ResponsiveRGL
        layouts={layouts}
        breakpoints={{ lg: 1200, sm: 768 }}
        cols={{ lg: 12, sm: 6 }}
        onLayoutChange={onLayoutChange}
      >
        <div key=""a"">A</div>
      </ResponsiveRGL>
    );

    // Trigger resize to small breakpoint
    act(() => {
      global.triggerResize(600, 400);
    });

    // Find the call after resize
    const calls = onLayoutChange.mock.calls;
    if (calls.length > 0) {
      const lastCall = calls[calls.length - 1];
      const [layout] = lastCall;
      // At sm breakpoint, width should be 2
      expect(layout[0].w).toBeLessThanOrEqual(6); // Within sm cols
    }
  })",487,519,steel
/test/spec/backcompat-test.js,Conditional Test Logic,"{'line': 543, 'column': 4, 'index': 15543}","it(""onBreakpointChange provides breakpoint name and cols count"", () => {
    const onBreakpointChange = jest.fn();

    render(
      <ResponsiveRGL
        layouts={{ lg: [{ i: ""a"", x: 0, y: 0, w: 4, h: 2 }] }}
        breakpoints={{ lg: 1200, md: 996, sm: 768 }}
        cols={{ lg: 12, md: 10, sm: 6 }}
        onBreakpointChange={onBreakpointChange}
      >
        <div key=""a"">A</div>
      </ResponsiveRGL>
    );

    // Trigger resize to md breakpoint
    act(() => {
      global.triggerResize(1000, 600);
    });

    const mdCalls = onBreakpointChange.mock.calls.filter(
      call => call[0] === ""md""
    );
    if (mdCalls.length > 0) {
      const [breakpoint, cols] = mdCalls[0];
      expect(breakpoint).toBe(""md"");
      expect(cols).toBe(10);
    }
  })",521,548,steel
/test/spec/backcompat-test.js,Duplicate Assert,"{'line': 52, 'column': 6, 'index': 1640}","it(""onLayoutChange provides layout with all required fields"", () => {
    const onLayoutChange = jest.fn();

    render(
      <ReactGridLayout
        layout={baseLayout}
        width={1200}
        cols={12}
        onLayoutChange={onLayoutChange}
      >
        <div key=""a"">A</div>
        <div key=""b"">B</div>
      </ReactGridLayout>
    );

    expect(onLayoutChange).toHaveBeenCalled();
    const [layout] = onLayoutChange.mock.calls[0];

    // Verify all items have required fields
    layout.forEach(item => {
      expect(item).toHaveProperty(""i"");
      expect(item).toHaveProperty(""x"");
      expect(item).toHaveProperty(""y"");
      expect(item).toHaveProperty(""w"");
      expect(item).toHaveProperty(""h"");
      expect(typeof item.i).toBe(""string"");
      expect(typeof item.x).toBe(""number"");
      expect(typeof item.y).toBe(""number"");
      expect(typeof item.w).toBe(""number"");
      expect(typeof item.h).toBe(""number"");
    });
  })",32,63,steel
/test/spec/backcompat-test.js,Duplicate Assert,"{'line': 53, 'column': 6, 'index': 1680}","it(""onLayoutChange provides layout with all required fields"", () => {
    const onLayoutChange = jest.fn();

    render(
      <ReactGridLayout
        layout={baseLayout}
        width={1200}
        cols={12}
        onLayoutChange={onLayoutChange}
      >
        <div key=""a"">A</div>
        <div key=""b"">B</div>
      </ReactGridLayout>
    );

    expect(onLayoutChange).toHaveBeenCalled();
    const [layout] = onLayoutChange.mock.calls[0];

    // Verify all items have required fields
    layout.forEach(item => {
      expect(item).toHaveProperty(""i"");
      expect(item).toHaveProperty(""x"");
      expect(item).toHaveProperty(""y"");
      expect(item).toHaveProperty(""w"");
      expect(item).toHaveProperty(""h"");
      expect(typeof item.i).toBe(""string"");
      expect(typeof item.x).toBe(""number"");
      expect(typeof item.y).toBe(""number"");
      expect(typeof item.w).toBe(""number"");
      expect(typeof item.h).toBe(""number"");
    });
  })",32,63,steel
/test/spec/backcompat-test.js,Duplicate Assert,"{'line': 54, 'column': 6, 'index': 1720}","it(""onLayoutChange provides layout with all required fields"", () => {
    const onLayoutChange = jest.fn();

    render(
      <ReactGridLayout
        layout={baseLayout}
        width={1200}
        cols={12}
        onLayoutChange={onLayoutChange}
      >
        <div key=""a"">A</div>
        <div key=""b"">B</div>
      </ReactGridLayout>
    );

    expect(onLayoutChange).toHaveBeenCalled();
    const [layout] = onLayoutChange.mock.calls[0];

    // Verify all items have required fields
    layout.forEach(item => {
      expect(item).toHaveProperty(""i"");
      expect(item).toHaveProperty(""x"");
      expect(item).toHaveProperty(""y"");
      expect(item).toHaveProperty(""w"");
      expect(item).toHaveProperty(""h"");
      expect(typeof item.i).toBe(""string"");
      expect(typeof item.x).toBe(""number"");
      expect(typeof item.y).toBe(""number"");
      expect(typeof item.w).toBe(""number"");
      expect(typeof item.h).toBe(""number"");
    });
  })",32,63,steel
/test/spec/backcompat-test.js,Duplicate Assert,"{'line': 55, 'column': 6, 'index': 1760}","it(""onLayoutChange provides layout with all required fields"", () => {
    const onLayoutChange = jest.fn();

    render(
      <ReactGridLayout
        layout={baseLayout}
        width={1200}
        cols={12}
        onLayoutChange={onLayoutChange}
      >
        <div key=""a"">A</div>
        <div key=""b"">B</div>
      </ReactGridLayout>
    );

    expect(onLayoutChange).toHaveBeenCalled();
    const [layout] = onLayoutChange.mock.calls[0];

    // Verify all items have required fields
    layout.forEach(item => {
      expect(item).toHaveProperty(""i"");
      expect(item).toHaveProperty(""x"");
      expect(item).toHaveProperty(""y"");
      expect(item).toHaveProperty(""w"");
      expect(item).toHaveProperty(""h"");
      expect(typeof item.i).toBe(""string"");
      expect(typeof item.x).toBe(""number"");
      expect(typeof item.y).toBe(""number"");
      expect(typeof item.w).toBe(""number"");
      expect(typeof item.h).toBe(""number"");
    });
  })",32,63,steel
/test/spec/backcompat-test.js,Duplicate Assert,"{'line': 56, 'column': 6, 'index': 1800}","it(""onLayoutChange provides layout with all required fields"", () => {
    const onLayoutChange = jest.fn();

    render(
      <ReactGridLayout
        layout={baseLayout}
        width={1200}
        cols={12}
        onLayoutChange={onLayoutChange}
      >
        <div key=""a"">A</div>
        <div key=""b"">B</div>
      </ReactGridLayout>
    );

    expect(onLayoutChange).toHaveBeenCalled();
    const [layout] = onLayoutChange.mock.calls[0];

    // Verify all items have required fields
    layout.forEach(item => {
      expect(item).toHaveProperty(""i"");
      expect(item).toHaveProperty(""x"");
      expect(item).toHaveProperty(""y"");
      expect(item).toHaveProperty(""w"");
      expect(item).toHaveProperty(""h"");
      expect(typeof item.i).toBe(""string"");
      expect(typeof item.x).toBe(""number"");
      expect(typeof item.y).toBe(""number"");
      expect(typeof item.w).toBe(""number"");
      expect(typeof item.h).toBe(""number"");
    });
  })",32,63,steel
/test/spec/backcompat-test.js,Duplicate Assert,"{'line': 378, 'column': 4, 'index': 11102}","it(""useCSSTransforms=false applies top/left style"", () => {
    const { container } = render(
      <ReactGridLayout
        layout={[{ i: ""a"", x: 1, y: 1, w: 2, h: 2 }]}
        width={1200}
        cols={12}
        rowHeight={30}
        useCSSTransforms={false}
      >
        <div key=""a"">A</div>
      </ReactGridLayout>
    );

    const item = container.querySelector("".react-grid-item"");
    const style = item?.getAttribute(""style"") || """";

    expect(style).toContain(""top"");
    expect(style).toContain(""left"");
    expect(style).not.toContain(""transform"");
  })",362,381,steel
/test/spec/backcompat-test.js,Duplicate Assert,"{'line': 379, 'column': 4, 'index': 11138}","it(""useCSSTransforms=false applies top/left style"", () => {
    const { container } = render(
      <ReactGridLayout
        layout={[{ i: ""a"", x: 1, y: 1, w: 2, h: 2 }]}
        width={1200}
        cols={12}
        rowHeight={30}
        useCSSTransforms={false}
      >
        <div key=""a"">A</div>
      </ReactGridLayout>
    );

    const item = container.querySelector("".react-grid-item"");
    const style = item?.getAttribute(""style"") || """";

    expect(style).toContain(""top"");
    expect(style).toContain(""left"");
    expect(style).not.toContain(""transform"");
  })",362,381,steel
/test/spec/backcompat-test.js,Duplicate Assert,"{'line': 380, 'column': 4, 'index': 11175}","it(""useCSSTransforms=false applies top/left style"", () => {
    const { container } = render(
      <ReactGridLayout
        layout={[{ i: ""a"", x: 1, y: 1, w: 2, h: 2 }]}
        width={1200}
        cols={12}
        rowHeight={30}
        useCSSTransforms={false}
      >
        <div key=""a"">A</div>
      </ReactGridLayout>
    );

    const item = container.querySelector("".react-grid-item"");
    const style = item?.getAttribute(""style"") || """";

    expect(style).toContain(""top"");
    expect(style).toContain(""left"");
    expect(style).not.toContain(""transform"");
  })",362,381,steel
/test/spec/backcompat-test.js,Exception Handling,"{'line': 152, 'column': 15, 'index': 4935}","it(""extracts x, y, w, h from data-grid (with compactType=null)"", () => {
    const onLayoutChange = jest.fn();

    // Use compactType={null} to test raw data-grid extraction without compaction
    render(
      <ReactGridLayout
        width={1200}
        cols={12}
        compactType={null}
        onLayoutChange={onLayoutChange}
      >
        <div key=""test"" data-grid={{ x: 3, y: 5, w: 4, h: 2 }}>
          Test
        </div>
      </ReactGridLayout>
    );

    const [layout] = onLayoutChange.mock.calls[0];
    const item = layout.find(l => l.i === ""test"");
    if (!item) throw new Error(""Item not found"");

    expect(item.x).toBe(3);
    expect(item.y).toBe(5);
    expect(item.w).toBe(4);
    expect(item.h).toBe(2);
  })",133,158,steel
/test/spec/backcompat-test.js,Exception Handling,"{'line': 228, 'column': 15, 'index': 6819}","it(""extracts minW, maxW, minH, maxH from data-grid"", () => {
    const onLayoutChange = jest.fn();

    render(
      <ReactGridLayout width={1200} cols={12} onLayoutChange={onLayoutChange}>
        <div
          key=""test""
          data-grid={{
            x: 0,
            y: 0,
            w: 2,
            h: 2,
            minW: 1,
            maxW: 4,
            minH: 1,
            maxH: 3
          }}
        >
          Test
        </div>
      </ReactGridLayout>
    );

    const [layout] = onLayoutChange.mock.calls[0];
    const item = layout.find(l => l.i === ""test"");
    if (!item) throw new Error(""Item not found"");

    expect(item.minW).toBe(1);
    expect(item.maxW).toBe(4);
    expect(item.minH).toBe(1);
    expect(item.maxH).toBe(3);
  })",203,234,steel
/test/spec/backcompat-test.js,Magic Number,"{'line': 154, 'column': 24, 'index': 4995}","it(""extracts x, y, w, h from data-grid (with compactType=null)"", () => {
    const onLayoutChange = jest.fn();

    // Use compactType={null} to test raw data-grid extraction without compaction
    render(
      <ReactGridLayout
        width={1200}
        cols={12}
        compactType={null}
        onLayoutChange={onLayoutChange}
      >
        <div key=""test"" data-grid={{ x: 3, y: 5, w: 4, h: 2 }}>
          Test
        </div>
      </ReactGridLayout>
    );

    const [layout] = onLayoutChange.mock.calls[0];
    const item = layout.find(l => l.i === ""test"");
    if (!item) throw new Error(""Item not found"");

    expect(item.x).toBe(3);
    expect(item.y).toBe(5);
    expect(item.w).toBe(4);
    expect(item.h).toBe(2);
  })",133,158,steel
/test/spec/backcompat-test.js,Magic Number,"{'line': 155, 'column': 24, 'index': 5023}","it(""extracts x, y, w, h from data-grid (with compactType=null)"", () => {
    const onLayoutChange = jest.fn();

    // Use compactType={null} to test raw data-grid extraction without compaction
    render(
      <ReactGridLayout
        width={1200}
        cols={12}
        compactType={null}
        onLayoutChange={onLayoutChange}
      >
        <div key=""test"" data-grid={{ x: 3, y: 5, w: 4, h: 2 }}>
          Test
        </div>
      </ReactGridLayout>
    );

    const [layout] = onLayoutChange.mock.calls[0];
    const item = layout.find(l => l.i === ""test"");
    if (!item) throw new Error(""Item not found"");

    expect(item.x).toBe(3);
    expect(item.y).toBe(5);
    expect(item.w).toBe(4);
    expect(item.h).toBe(2);
  })",133,158,steel
/test/spec/backcompat-test.js,Magic Number,"{'line': 156, 'column': 24, 'index': 5051}","it(""extracts x, y, w, h from data-grid (with compactType=null)"", () => {
    const onLayoutChange = jest.fn();

    // Use compactType={null} to test raw data-grid extraction without compaction
    render(
      <ReactGridLayout
        width={1200}
        cols={12}
        compactType={null}
        onLayoutChange={onLayoutChange}
      >
        <div key=""test"" data-grid={{ x: 3, y: 5, w: 4, h: 2 }}>
          Test
        </div>
      </ReactGridLayout>
    );

    const [layout] = onLayoutChange.mock.calls[0];
    const item = layout.find(l => l.i === ""test"");
    if (!item) throw new Error(""Item not found"");

    expect(item.x).toBe(3);
    expect(item.y).toBe(5);
    expect(item.w).toBe(4);
    expect(item.h).toBe(2);
  })",133,158,steel
/test/spec/backcompat-test.js,Magic Number,"{'line': 157, 'column': 24, 'index': 5079}","it(""extracts x, y, w, h from data-grid (with compactType=null)"", () => {
    const onLayoutChange = jest.fn();

    // Use compactType={null} to test raw data-grid extraction without compaction
    render(
      <ReactGridLayout
        width={1200}
        cols={12}
        compactType={null}
        onLayoutChange={onLayoutChange}
      >
        <div key=""test"" data-grid={{ x: 3, y: 5, w: 4, h: 2 }}>
          Test
        </div>
      </ReactGridLayout>
    );

    const [layout] = onLayoutChange.mock.calls[0];
    const item = layout.find(l => l.i === ""test"");
    if (!item) throw new Error(""Item not found"");

    expect(item.x).toBe(3);
    expect(item.y).toBe(5);
    expect(item.w).toBe(4);
    expect(item.h).toBe(2);
  })",133,158,steel
/test/spec/backcompat-test.js,Magic Number,"{'line': 230, 'column': 27, 'index': 6882}","it(""extracts minW, maxW, minH, maxH from data-grid"", () => {
    const onLayoutChange = jest.fn();

    render(
      <ReactGridLayout width={1200} cols={12} onLayoutChange={onLayoutChange}>
        <div
          key=""test""
          data-grid={{
            x: 0,
            y: 0,
            w: 2,
            h: 2,
            minW: 1,
            maxW: 4,
            minH: 1,
            maxH: 3
          }}
        >
          Test
        </div>
      </ReactGridLayout>
    );

    const [layout] = onLayoutChange.mock.calls[0];
    const item = layout.find(l => l.i === ""test"");
    if (!item) throw new Error(""Item not found"");

    expect(item.minW).toBe(1);
    expect(item.maxW).toBe(4);
    expect(item.minH).toBe(1);
    expect(item.maxH).toBe(3);
  })",203,234,steel
/test/spec/backcompat-test.js,Magic Number,"{'line': 231, 'column': 27, 'index': 6913}","it(""extracts minW, maxW, minH, maxH from data-grid"", () => {
    const onLayoutChange = jest.fn();

    render(
      <ReactGridLayout width={1200} cols={12} onLayoutChange={onLayoutChange}>
        <div
          key=""test""
          data-grid={{
            x: 0,
            y: 0,
            w: 2,
            h: 2,
            minW: 1,
            maxW: 4,
            minH: 1,
            maxH: 3
          }}
        >
          Test
        </div>
      </ReactGridLayout>
    );

    const [layout] = onLayoutChange.mock.calls[0];
    const item = layout.find(l => l.i === ""test"");
    if (!item) throw new Error(""Item not found"");

    expect(item.minW).toBe(1);
    expect(item.maxW).toBe(4);
    expect(item.minH).toBe(1);
    expect(item.maxH).toBe(3);
  })",203,234,steel
/test/spec/backcompat-test.js,Magic Number,"{'line': 232, 'column': 27, 'index': 6944}","it(""extracts minW, maxW, minH, maxH from data-grid"", () => {
    const onLayoutChange = jest.fn();

    render(
      <ReactGridLayout width={1200} cols={12} onLayoutChange={onLayoutChange}>
        <div
          key=""test""
          data-grid={{
            x: 0,
            y: 0,
            w: 2,
            h: 2,
            minW: 1,
            maxW: 4,
            minH: 1,
            maxH: 3
          }}
        >
          Test
        </div>
      </ReactGridLayout>
    );

    const [layout] = onLayoutChange.mock.calls[0];
    const item = layout.find(l => l.i === ""test"");
    if (!item) throw new Error(""Item not found"");

    expect(item.minW).toBe(1);
    expect(item.maxW).toBe(4);
    expect(item.minH).toBe(1);
    expect(item.maxH).toBe(3);
  })",203,234,steel
/test/spec/backcompat-test.js,Magic Number,"{'line': 233, 'column': 27, 'index': 6975}","it(""extracts minW, maxW, minH, maxH from data-grid"", () => {
    const onLayoutChange = jest.fn();

    render(
      <ReactGridLayout width={1200} cols={12} onLayoutChange={onLayoutChange}>
        <div
          key=""test""
          data-grid={{
            x: 0,
            y: 0,
            w: 2,
            h: 2,
            minW: 1,
            maxW: 4,
            minH: 1,
            maxH: 3
          }}
        >
          Test
        </div>
      </ReactGridLayout>
    );

    const [layout] = onLayoutChange.mock.calls[0];
    const item = layout.find(l => l.i === ""test"");
    if (!item) throw new Error(""Item not found"");

    expect(item.minW).toBe(1);
    expect(item.maxW).toBe(4);
    expect(item.minH).toBe(1);
    expect(item.maxH).toBe(3);
  })",203,234,steel
/test/spec/backcompat-test.js,Magic Number,"{'line': 303, 'column': 32, 'index': 8966}","it(""vertical compaction moves items up to fill gaps"", () => {
    // Layout with a gap: item at y=5, nothing above
    const layout = [{ i: ""a"", x: 0, y: 5, w: 2, h: 2 }];
    const compacted = compact(layout, ""vertical"", 12);

    // Should be moved to y=0
    expect(compacted[0].y).toBe(0);
  })",297,304,steel
/test/spec/backcompat-test.js,Magic Number,"{'line': 312, 'column': 32, 'index': 9281}","it(""horizontal compaction moves items left to fill gaps"", () => {
    // Layout with a gap: item at x=5, nothing to the left
    const layout = [{ i: ""a"", x: 5, y: 0, w: 2, h: 2 }];
    const compacted = compact(layout, ""horizontal"", 12);

    // Should be moved to x=0
    expect(compacted[0].x).toBe(0);
  })",306,313,steel
/test/spec/backcompat-test.js,Magic Number,"{'line': 320, 'column': 32, 'index': 9528}","it(""null compaction preserves original positions"", () => {
    const layout = [{ i: ""a"", x: 5, y: 5, w: 2, h: 2 }];
    const compacted = compact(layout, null, 12);

    // Position should be unchanged
    expect(compacted[0].x).toBe(5);
    expect(compacted[0].y).toBe(5);
  })",315,322,steel
/test/spec/backcompat-test.js,Magic Number,"{'line': 321, 'column': 32, 'index': 9564}","it(""null compaction preserves original positions"", () => {
    const layout = [{ i: ""a"", x: 5, y: 5, w: 2, h: 2 }];
    const compacted = compact(layout, null, 12);

    // Position should be unchanged
    expect(compacted[0].x).toBe(5);
    expect(compacted[0].y).toBe(5);
  })",315,322,steel
/test/spec/backcompat-test.js,Magic Number,"{'line': 517, 'column': 46, 'index': 14881}","it(""uses correct layout for current breakpoint"", () => {
    const onLayoutChange = jest.fn();

    const layouts = {
      lg: [{ i: ""a"", x: 0, y: 0, w: 4, h: 2 }],
      sm: [{ i: ""a"", x: 0, y: 0, w: 2, h: 2 }]
    };

    render(
      <ResponsiveRGL
        layouts={layouts}
        breakpoints={{ lg: 1200, sm: 768 }}
        cols={{ lg: 12, sm: 6 }}
        onLayoutChange={onLayoutChange}
      >
        <div key=""a"">A</div>
      </ResponsiveRGL>
    );

    // Trigger resize to small breakpoint
    act(() => {
      global.triggerResize(600, 400);
    });

    // Find the call after resize
    const calls = onLayoutChange.mock.calls;
    if (calls.length > 0) {
      const lastCall = calls[calls.length - 1];
      const [layout] = lastCall;
      // At sm breakpoint, width should be 2
      expect(layout[0].w).toBeLessThanOrEqual(6); // Within sm cols
    }
  })",487,519,steel
/test/spec/backcompat-test.js,Magic Number,"{'line': 546, 'column': 24, 'index': 15675}","it(""onBreakpointChange provides breakpoint name and cols count"", () => {
    const onBreakpointChange = jest.fn();

    render(
      <ResponsiveRGL
        layouts={{ lg: [{ i: ""a"", x: 0, y: 0, w: 4, h: 2 }] }}
        breakpoints={{ lg: 1200, md: 996, sm: 768 }}
        cols={{ lg: 12, md: 10, sm: 6 }}
        onBreakpointChange={onBreakpointChange}
      >
        <div key=""a"">A</div>
      </ResponsiveRGL>
    );

    // Trigger resize to md breakpoint
    act(() => {
      global.triggerResize(1000, 600);
    });

    const mdCalls = onBreakpointChange.mock.calls.filter(
      call => call[0] === ""md""
    );
    if (mdCalls.length > 0) {
      const [breakpoint, cols] = mdCalls[0];
      expect(breakpoint).toBe(""md"");
      expect(cols).toBe(10);
    }
  })",521,548,steel
/test/spec/backcompat-test.js,Magic Number,"{'line': 574, 'column': 36, 'index': 16468}","it(""generates missing breakpoint layouts by interpolation"", () => {
    const onLayoutChange = jest.fn();

    // Only provide lg layout
    render(
      <ResponsiveRGL
        layouts={{ lg: [{ i: ""a"", x: 0, y: 0, w: 6, h: 2 }] }}
        breakpoints={{ lg: 1200, sm: 768 }}
        cols={{ lg: 12, sm: 6 }}
        onLayoutChange={onLayoutChange}
      >
        <div key=""a"">A</div>
      </ResponsiveRGL>
    );

    // Trigger resize to sm (no layout provided)
    act(() => {
      global.triggerResize(600, 400);
    });

    // Should still render without error and generate a layout
    expect(onLayoutChange).toHaveBeenCalled();
    const lastLayout =
      onLayoutChange.mock.calls[onLayoutChange.mock.calls.length - 1][0];
    expect(lastLayout).toHaveLength(1);
    expect(lastLayout[0].i).toBe(""a"");
  })",550,576,steel
/test/spec/backcompat-test.js,Magic Number,"{'line': 654, 'column': 41, 'index': 18646}","it(""defers ResizeObserver updates via requestAnimationFrame (#1959)"", () => {
    // Track requestAnimationFrame calls
    let rafCallCount = 0;
    const originalRaf = global.requestAnimationFrame;
    global.requestAnimationFrame = jest.fn(cb => {
      rafCallCount++;
      cb(0);
      return rafCallCount;
    });

    render(
      <WidthProvidedRGL layout={[{ i: ""a"", x: 0, y: 0, w: 2, h: 2 }]} cols={12}>
        <div key=""a"">A</div>
      </WidthProvidedRGL>
    );

    // Clear initial RAF calls
    rafCallCount = 0;

    // Trigger resize
    act(() => {
      global.triggerResize(800, 600);
    });

    // RAF should have been called to defer the state update
    expect(rafCallCount).toBeGreaterThan(0);

    // Restore
    global.requestAnimationFrame = originalRaf;
  })",629,658,steel
/test/spec/backcompat-test.js,Magic Number,"{'line': 692, 'column': 25, 'index': 19707}","it(""allowOverlap=true with compactType=null preserves overlapping items"", () => {
    const onLayoutChange = jest.fn();

    // Create layout with intentionally overlapping items
    const layout = [
      { i: ""a"", x: 0, y: 0, w: 4, h: 4 },
      { i: ""b"", x: 2, y: 2, w: 4, h: 4 } // Overlaps with 'a'
    ];

    render(
      <ReactGridLayout
        layout={layout}
        width={1200}
        cols={12}
        compactType={null}
        allowOverlap={true}
        onLayoutChange={onLayoutChange}
      >
        <div key=""a"">A</div>
        <div key=""b"">B</div>
      </ReactGridLayout>
    );

    expect(onLayoutChange).toHaveBeenCalled();
    const [resultLayout] = onLayoutChange.mock.calls[0];

    // Items should remain in their original positions (overlapping)
    const itemA = resultLayout.find(l => l.i === ""a"");
    const itemB = resultLayout.find(l => l.i === ""b"");

    expect(itemA.x).toBe(0);
    expect(itemA.y).toBe(0);
    expect(itemB.x).toBe(2);
    expect(itemB.y).toBe(2);
  })",662,696,steel
/test/spec/backcompat-test.js,Magic Number,"{'line': 693, 'column': 25, 'index': 19736}","it(""allowOverlap=true with compactType=null preserves overlapping items"", () => {
    const onLayoutChange = jest.fn();

    // Create layout with intentionally overlapping items
    const layout = [
      { i: ""a"", x: 0, y: 0, w: 4, h: 4 },
      { i: ""b"", x: 2, y: 2, w: 4, h: 4 } // Overlaps with 'a'
    ];

    render(
      <ReactGridLayout
        layout={layout}
        width={1200}
        cols={12}
        compactType={null}
        allowOverlap={true}
        onLayoutChange={onLayoutChange}
      >
        <div key=""a"">A</div>
        <div key=""b"">B</div>
      </ReactGridLayout>
    );

    expect(onLayoutChange).toHaveBeenCalled();
    const [resultLayout] = onLayoutChange.mock.calls[0];

    // Items should remain in their original positions (overlapping)
    const itemA = resultLayout.find(l => l.i === ""a"");
    const itemB = resultLayout.find(l => l.i === ""b"");

    expect(itemA.x).toBe(0);
    expect(itemA.y).toBe(0);
    expect(itemB.x).toBe(2);
    expect(itemB.y).toBe(2);
  })",662,696,steel
/test/spec/backcompat-test.js,Magic Number,"{'line': 694, 'column': 25, 'index': 19765}","it(""allowOverlap=true with compactType=null preserves overlapping items"", () => {
    const onLayoutChange = jest.fn();

    // Create layout with intentionally overlapping items
    const layout = [
      { i: ""a"", x: 0, y: 0, w: 4, h: 4 },
      { i: ""b"", x: 2, y: 2, w: 4, h: 4 } // Overlaps with 'a'
    ];

    render(
      <ReactGridLayout
        layout={layout}
        width={1200}
        cols={12}
        compactType={null}
        allowOverlap={true}
        onLayoutChange={onLayoutChange}
      >
        <div key=""a"">A</div>
        <div key=""b"">B</div>
      </ReactGridLayout>
    );

    expect(onLayoutChange).toHaveBeenCalled();
    const [resultLayout] = onLayoutChange.mock.calls[0];

    // Items should remain in their original positions (overlapping)
    const itemA = resultLayout.find(l => l.i === ""a"");
    const itemB = resultLayout.find(l => l.i === ""b"");

    expect(itemA.x).toBe(0);
    expect(itemA.y).toBe(0);
    expect(itemB.x).toBe(2);
    expect(itemB.y).toBe(2);
  })",662,696,steel
/test/spec/backcompat-test.js,Magic Number,"{'line': 695, 'column': 25, 'index': 19794}","it(""allowOverlap=true with compactType=null preserves overlapping items"", () => {
    const onLayoutChange = jest.fn();

    // Create layout with intentionally overlapping items
    const layout = [
      { i: ""a"", x: 0, y: 0, w: 4, h: 4 },
      { i: ""b"", x: 2, y: 2, w: 4, h: 4 } // Overlaps with 'a'
    ];

    render(
      <ReactGridLayout
        layout={layout}
        width={1200}
        cols={12}
        compactType={null}
        allowOverlap={true}
        onLayoutChange={onLayoutChange}
      >
        <div key=""a"">A</div>
        <div key=""b"">B</div>
      </ReactGridLayout>
    );

    expect(onLayoutChange).toHaveBeenCalled();
    const [resultLayout] = onLayoutChange.mock.calls[0];

    // Items should remain in their original positions (overlapping)
    const itemA = resultLayout.find(l => l.i === ""a"");
    const itemB = resultLayout.find(l => l.i === ""b"");

    expect(itemA.x).toBe(0);
    expect(itemA.y).toBe(0);
    expect(itemB.x).toBe(2);
    expect(itemB.y).toBe(2);
  })",662,696,steel
/test/spec/backcompat-test.js,Magic Number,"{'line': 728, 'column': 25, 'index': 20706}","it(""allowOverlap=true with compactType='vertical' preserves overlapping items"", () => {
    const onLayoutChange = jest.fn();

    // Create layout with overlapping items
    const layout = [
      { i: ""a"", x: 0, y: 0, w: 4, h: 4 },
      { i: ""b"", x: 2, y: 2, w: 4, h: 4 } // Overlaps with 'a'
    ];

    render(
      <ReactGridLayout
        layout={layout}
        width={1200}
        cols={12}
        compactType=""vertical""
        allowOverlap={true}
        onLayoutChange={onLayoutChange}
      >
        <div key=""a"">A</div>
        <div key=""b"">B</div>
      </ReactGridLayout>
    );

    expect(onLayoutChange).toHaveBeenCalled();
    const [resultLayout] = onLayoutChange.mock.calls[0];

    // Items should remain overlapping (not pushed apart)
    const itemA = resultLayout.find(l => l.i === ""a"");
    const itemB = resultLayout.find(l => l.i === ""b"");

    expect(itemA.x).toBe(0);
    expect(itemA.y).toBe(0);
    expect(itemB.x).toBe(2);
    expect(itemB.y).toBe(2); // Should NOT be pushed to y=4
  })",698,732,steel
/test/spec/backcompat-test.js,Magic Number,"{'line': 729, 'column': 25, 'index': 20735}","it(""allowOverlap=true with compactType='vertical' preserves overlapping items"", () => {
    const onLayoutChange = jest.fn();

    // Create layout with overlapping items
    const layout = [
      { i: ""a"", x: 0, y: 0, w: 4, h: 4 },
      { i: ""b"", x: 2, y: 2, w: 4, h: 4 } // Overlaps with 'a'
    ];

    render(
      <ReactGridLayout
        layout={layout}
        width={1200}
        cols={12}
        compactType=""vertical""
        allowOverlap={true}
        onLayoutChange={onLayoutChange}
      >
        <div key=""a"">A</div>
        <div key=""b"">B</div>
      </ReactGridLayout>
    );

    expect(onLayoutChange).toHaveBeenCalled();
    const [resultLayout] = onLayoutChange.mock.calls[0];

    // Items should remain overlapping (not pushed apart)
    const itemA = resultLayout.find(l => l.i === ""a"");
    const itemB = resultLayout.find(l => l.i === ""b"");

    expect(itemA.x).toBe(0);
    expect(itemA.y).toBe(0);
    expect(itemB.x).toBe(2);
    expect(itemB.y).toBe(2); // Should NOT be pushed to y=4
  })",698,732,steel
/test/spec/backcompat-test.js,Magic Number,"{'line': 730, 'column': 25, 'index': 20764}","it(""allowOverlap=true with compactType='vertical' preserves overlapping items"", () => {
    const onLayoutChange = jest.fn();

    // Create layout with overlapping items
    const layout = [
      { i: ""a"", x: 0, y: 0, w: 4, h: 4 },
      { i: ""b"", x: 2, y: 2, w: 4, h: 4 } // Overlaps with 'a'
    ];

    render(
      <ReactGridLayout
        layout={layout}
        width={1200}
        cols={12}
        compactType=""vertical""
        allowOverlap={true}
        onLayoutChange={onLayoutChange}
      >
        <div key=""a"">A</div>
        <div key=""b"">B</div>
      </ReactGridLayout>
    );

    expect(onLayoutChange).toHaveBeenCalled();
    const [resultLayout] = onLayoutChange.mock.calls[0];

    // Items should remain overlapping (not pushed apart)
    const itemA = resultLayout.find(l => l.i === ""a"");
    const itemB = resultLayout.find(l => l.i === ""b"");

    expect(itemA.x).toBe(0);
    expect(itemA.y).toBe(0);
    expect(itemB.x).toBe(2);
    expect(itemB.y).toBe(2); // Should NOT be pushed to y=4
  })",698,732,steel
/test/spec/backcompat-test.js,Magic Number,"{'line': 731, 'column': 25, 'index': 20793}","it(""allowOverlap=true with compactType='vertical' preserves overlapping items"", () => {
    const onLayoutChange = jest.fn();

    // Create layout with overlapping items
    const layout = [
      { i: ""a"", x: 0, y: 0, w: 4, h: 4 },
      { i: ""b"", x: 2, y: 2, w: 4, h: 4 } // Overlaps with 'a'
    ];

    render(
      <ReactGridLayout
        layout={layout}
        width={1200}
        cols={12}
        compactType=""vertical""
        allowOverlap={true}
        onLayoutChange={onLayoutChange}
      >
        <div key=""a"">A</div>
        <div key=""b"">B</div>
      </ReactGridLayout>
    );

    expect(onLayoutChange).toHaveBeenCalled();
    const [resultLayout] = onLayoutChange.mock.calls[0];

    // Items should remain overlapping (not pushed apart)
    const itemA = resultLayout.find(l => l.i === ""a"");
    const itemB = resultLayout.find(l => l.i === ""b"");

    expect(itemA.x).toBe(0);
    expect(itemA.y).toBe(0);
    expect(itemB.x).toBe(2);
    expect(itemB.y).toBe(2); // Should NOT be pushed to y=4
  })",698,732,steel
/test/spec/backcompat-test.js,Magic Number,"{'line': 764, 'column': 25, 'index': 21740}","it(""allowOverlap=true with compactType='horizontal' preserves overlapping items"", () => {
    const onLayoutChange = jest.fn();

    // Create layout with overlapping items
    const layout = [
      { i: ""a"", x: 0, y: 0, w: 4, h: 4 },
      { i: ""b"", x: 2, y: 2, w: 4, h: 4 } // Overlaps with 'a'
    ];

    render(
      <ReactGridLayout
        layout={layout}
        width={1200}
        cols={12}
        compactType=""horizontal""
        allowOverlap={true}
        onLayoutChange={onLayoutChange}
      >
        <div key=""a"">A</div>
        <div key=""b"">B</div>
      </ReactGridLayout>
    );

    expect(onLayoutChange).toHaveBeenCalled();
    const [resultLayout] = onLayoutChange.mock.calls[0];

    // Items should remain overlapping (not pushed apart)
    const itemA = resultLayout.find(l => l.i === ""a"");
    const itemB = resultLayout.find(l => l.i === ""b"");

    expect(itemA.x).toBe(0);
    expect(itemA.y).toBe(0);
    expect(itemB.x).toBe(2); // Should NOT be pushed to x=4
    expect(itemB.y).toBe(2);
  })",734,768,steel
/test/spec/backcompat-test.js,Magic Number,"{'line': 765, 'column': 25, 'index': 21769}","it(""allowOverlap=true with compactType='horizontal' preserves overlapping items"", () => {
    const onLayoutChange = jest.fn();

    // Create layout with overlapping items
    const layout = [
      { i: ""a"", x: 0, y: 0, w: 4, h: 4 },
      { i: ""b"", x: 2, y: 2, w: 4, h: 4 } // Overlaps with 'a'
    ];

    render(
      <ReactGridLayout
        layout={layout}
        width={1200}
        cols={12}
        compactType=""horizontal""
        allowOverlap={true}
        onLayoutChange={onLayoutChange}
      >
        <div key=""a"">A</div>
        <div key=""b"">B</div>
      </ReactGridLayout>
    );

    expect(onLayoutChange).toHaveBeenCalled();
    const [resultLayout] = onLayoutChange.mock.calls[0];

    // Items should remain overlapping (not pushed apart)
    const itemA = resultLayout.find(l => l.i === ""a"");
    const itemB = resultLayout.find(l => l.i === ""b"");

    expect(itemA.x).toBe(0);
    expect(itemA.y).toBe(0);
    expect(itemB.x).toBe(2); // Should NOT be pushed to x=4
    expect(itemB.y).toBe(2);
  })",734,768,steel
/test/spec/backcompat-test.js,Magic Number,"{'line': 766, 'column': 25, 'index': 21798}","it(""allowOverlap=true with compactType='horizontal' preserves overlapping items"", () => {
    const onLayoutChange = jest.fn();

    // Create layout with overlapping items
    const layout = [
      { i: ""a"", x: 0, y: 0, w: 4, h: 4 },
      { i: ""b"", x: 2, y: 2, w: 4, h: 4 } // Overlaps with 'a'
    ];

    render(
      <ReactGridLayout
        layout={layout}
        width={1200}
        cols={12}
        compactType=""horizontal""
        allowOverlap={true}
        onLayoutChange={onLayoutChange}
      >
        <div key=""a"">A</div>
        <div key=""b"">B</div>
      </ReactGridLayout>
    );

    expect(onLayoutChange).toHaveBeenCalled();
    const [resultLayout] = onLayoutChange.mock.calls[0];

    // Items should remain overlapping (not pushed apart)
    const itemA = resultLayout.find(l => l.i === ""a"");
    const itemB = resultLayout.find(l => l.i === ""b"");

    expect(itemA.x).toBe(0);
    expect(itemA.y).toBe(0);
    expect(itemB.x).toBe(2); // Should NOT be pushed to x=4
    expect(itemB.y).toBe(2);
  })",734,768,steel
/test/spec/backcompat-test.js,Magic Number,"{'line': 767, 'column': 25, 'index': 21858}","it(""allowOverlap=true with compactType='horizontal' preserves overlapping items"", () => {
    const onLayoutChange = jest.fn();

    // Create layout with overlapping items
    const layout = [
      { i: ""a"", x: 0, y: 0, w: 4, h: 4 },
      { i: ""b"", x: 2, y: 2, w: 4, h: 4 } // Overlaps with 'a'
    ];

    render(
      <ReactGridLayout
        layout={layout}
        width={1200}
        cols={12}
        compactType=""horizontal""
        allowOverlap={true}
        onLayoutChange={onLayoutChange}
      >
        <div key=""a"">A</div>
        <div key=""b"">B</div>
      </ReactGridLayout>
    );

    expect(onLayoutChange).toHaveBeenCalled();
    const [resultLayout] = onLayoutChange.mock.calls[0];

    // Items should remain overlapping (not pushed apart)
    const itemA = resultLayout.find(l => l.i === ""a"");
    const itemB = resultLayout.find(l => l.i === ""b"");

    expect(itemA.x).toBe(0);
    expect(itemA.y).toBe(0);
    expect(itemB.x).toBe(2); // Should NOT be pushed to x=4
    expect(itemB.y).toBe(2);
  })",734,768,steel
/test/spec/backcompat-test.js,Magic Number,"{'line': 811, 'column': 63, 'index': 23218}","it(""compact() respects allowOverlap=true"", () => {
    // Directly test the compact function with overlapping items
    const layout = [
      { i: ""a"", x: 0, y: 0, w: 4, h: 4 },
      { i: ""b"", x: 2, y: 2, w: 4, h: 4 } // Overlaps with 'a'
    ];

    // With allowOverlap=true, positions should be preserved
    const compactedWithOverlap = compact(layout, ""vertical"", 12, true);
    expect(compactedWithOverlap.find(l => l.i === ""b"").y).toBe(2);

    // With allowOverlap=false (default), items should be separated
    // Note: Use ""vertical"" compactType to get collision resolution (#2213)
    // With compactType=null and allowOverlap=false, items stay in place (noCompactor)
    const compactedWithoutOverlap = compact(layout, ""vertical"", 12, false);
    // b should be pushed to y=4 (after a ends)
    expect(compactedWithoutOverlap.find(l => l.i === ""b"").y).toBe(4);
  })",802,819,steel
/test/spec/backcompat-test.js,Magic Number,"{'line': 818, 'column': 66, 'index': 23644}","it(""compact() respects allowOverlap=true"", () => {
    // Directly test the compact function with overlapping items
    const layout = [
      { i: ""a"", x: 0, y: 0, w: 4, h: 4 },
      { i: ""b"", x: 2, y: 2, w: 4, h: 4 } // Overlaps with 'a'
    ];

    // With allowOverlap=true, positions should be preserved
    const compactedWithOverlap = compact(layout, ""vertical"", 12, true);
    expect(compactedWithOverlap.find(l => l.i === ""b"").y).toBe(2);

    // With allowOverlap=false (default), items should be separated
    // Note: Use ""vertical"" compactType to get collision resolution (#2213)
    // With compactType=null and allowOverlap=false, items stay in place (noCompactor)
    const compactedWithoutOverlap = compact(layout, ""vertical"", 12, false);
    // b should be pushed to y=4 (after a ends)
    expect(compactedWithoutOverlap.find(l => l.i === ""b"").y).toBe(4);
  })",802,819,steel
/test/spec/backcompat-test.js,Magic Number,"{'line': 882, 'column': 30, 'index': 25379}","it(""includes margin in item positioning"", () => {
    const { container } = render(
      <ReactGridLayout
        layout={[
          { i: ""a"", x: 0, y: 0, w: 2, h: 2 },
          { i: ""b"", x: 0, y: 2, w: 2, h: 2 }
        ]}
        width={1200}
        cols={12}
        rowHeight={30}
        margin={[10, 10]}
      >
        <div key=""a"">A</div>
        <div key=""b"">B</div>
      </ReactGridLayout>
    );

    const items = container.querySelectorAll("".react-grid-item"");
    expect(items.length).toBe(2);

    // Both items should have positioning styles
    items.forEach(item => {
      const style = item.getAttribute(""style"") || """";
      expect(style.length).toBeGreaterThan(0);
    });
  })",864,889,steel
/test/spec/backcompat-test.js,Magic Number,"{'line': 887, 'column': 43, 'index': 25558}","it(""includes margin in item positioning"", () => {
    const { container } = render(
      <ReactGridLayout
        layout={[
          { i: ""a"", x: 0, y: 0, w: 2, h: 2 },
          { i: ""b"", x: 0, y: 2, w: 2, h: 2 }
        ]}
        width={1200}
        cols={12}
        rowHeight={30}
        margin={[10, 10]}
      >
        <div key=""a"">A</div>
        <div key=""b"">B</div>
      </ReactGridLayout>
    );

    const items = container.querySelectorAll("".react-grid-item"");
    expect(items.length).toBe(2);

    // Both items should have positioning styles
    items.forEach(item => {
      const style = item.getAttribute(""style"") || """";
      expect(style.length).toBeGreaterThan(0);
    });
  })",864,889,steel
