file,type,line,frame
/home/gabriel/Disk/Research/research-javascript-test-smells/repositories/react-grid-layout/test/spec/utils-test.js,Conditional Test Logic,"{'line': 39, 'column': 2, 'index': 1239}","  37 | // fastRGLPropsEqual - simplified version for testing
  38 | function fastRGLPropsEqual(a, b, isEqualImpl = deepEqual) {
> 39 |   if (a === b) return true;
     |  ^ Conditional Test Logic
  40 |
  41 |   // Props that use strict equality (primitives)
  42 |   const primitiveProps = ["
/home/gabriel/Disk/Research/research-javascript-test-smells/repositories/react-grid-layout/test/spec/utils-test.js,Conditional Test Logic,"{'line': 85, 'column': 2, 'index': 2115}","  83 |
  84 |   // Compare primitives with ===
> 85 |   for (const key of primitiveProps) {
     |  ^ Conditional Test Logic
  86 |     if (a[key] !== b[key]) return false;
  87 |   }
  88 |"
/home/gabriel/Disk/Research/research-javascript-test-smells/repositories/react-grid-layout/test/spec/utils-test.js,Conditional Test Logic,"{'line': 86, 'column': 4, 'index': 2155}","  84 |   // Compare primitives with ===
  85 |   for (const key of primitiveProps) {
> 86 |     if (a[key] !== b[key]) return false;
     |    ^ Conditional Test Logic
  87 |   }
  88 |
  89 |   // Compare complex types with deep equality"
/home/gabriel/Disk/Research/research-javascript-test-smells/repositories/react-grid-layout/test/spec/utils-test.js,Conditional Test Logic,"{'line': 90, 'column': 2, 'index': 2245}","  88 |
  89 |   // Compare complex types with deep equality
> 90 |   for (const key of deepEqualProps) {
     |  ^ Conditional Test Logic
  91 |     if (!isEqualImpl(a[key], b[key])) return false;
  92 |   }
  93 |"
/home/gabriel/Disk/Research/research-javascript-test-smells/repositories/react-grid-layout/test/spec/utils-test.js,Conditional Test Logic,"{'line': 91, 'column': 4, 'index': 2285}","  89 |   // Compare complex types with deep equality
  90 |   for (const key of deepEqualProps) {
> 91 |     if (!isEqualImpl(a[key], b[key])) return false;
     |    ^ Conditional Test Logic
  92 |   }
  93 |
  94 |   return true;"
/home/gabriel/Disk/Research/research-javascript-test-smells/repositories/react-grid-layout/test/spec/utils-test.js,Exception Handling,"{'line': 867, 'column': 6, 'index': 25278}","  865 |   describe('throws ""unknown prop"" error', () => {
  866 |     it(""when setting bad key"", () => {
> 867 |       try {
      |      ^ Exception Handling
  868 |         const res = deepFreeze(
  869 |           { one: ""a"", two: { b: ""c"" } },
  870 |           { set: true, get: false }"
/home/gabriel/Disk/Research/research-javascript-test-smells/repositories/react-grid-layout/test/spec/utils-test.js,Exception Handling,"{'line': 881, 'column': 6, 'index': 25669}","  879 |     });
  880 |     it(""when getting bad key"", () => {
> 881 |       try {
      |      ^ Exception Handling
  882 |         const res = deepFreeze(
  883 |           { one: ""a"", two: { b: ""c"" } },
  884 |           { set: true, get: true }"
/home/gabriel/Disk/Research/research-javascript-test-smells/repositories/react-grid-layout/test/spec/utils-test.js,Magic Number,"{'line': 99, 'column': 31, 'index': 2463}","   97 | describe(""bottom"", () => {
   98 |   it(""Handles an empty layout as input"", () => {
>  99 |     expect(bottom([])).toEqual(0);
      |                               ^ Magic Number
  100 |   });
  101 |
  102 |   it(""Returns the bottom coordinate of the layout"", () => {"
/home/gabriel/Disk/Research/research-javascript-test-smells/repositories/react-grid-layout/test/spec/utils-test.js,Magic Number,"{'line': 108, 'column': 14, 'index': 2671}","  106 |         { i: ""2"", x: 1, y: 2, w: 1, h: 1 }
  107 |       ])
> 108 |     ).toEqual(3);
      |              ^ Magic Number
  109 |   });
  110 | });
  111 |"
/home/gabriel/Disk/Research/research-javascript-test-smells/repositories/react-grid-layout/test/spec/utils-test.js,Magic Number,"{'line': 524, 'column': 29, 'index': 14941}","  522 |     // C should move down from its own position, not jump to collidesWith.y + 1
  523 |     // $FlowFixMe: movedItem is checked above
> 524 |     expect(movedItem.y).toBe(8);
      |                             ^ Magic Number
  525 |   });
  526 | });
  527 |"
/home/gabriel/Disk/Research/research-javascript-test-smells/repositories/react-grid-layout/test/spec/utils-test.js,Magic Number,"{'line': 641, 'column': 57, 'index': 19237}","  639 | describe(""calcGridColWidth"", () => {
  640 |   it(""should complete basic calculation"", () => {
> 641 |     expect(calcGridColWidth(basePositionParams)).toEqual(100);
      |                                                         ^ Magic Number
  642 |   });
  643 |
  644 |   it(""should consider margin"", () => {"
/home/gabriel/Disk/Research/research-javascript-test-smells/repositories/react-grid-layout/test/spec/utils-test.js,Magic Number,"{'line': 650, 'column': 53, 'index': 19492}","  648 |     };
  649 |     // 70 px of margin in total (one between each of 8 items)
> 650 |     expect(calcGridColWidth(positionParams)).toEqual(91.25);
      |                                                     ^ Magic Number
  651 |   });
  652 |
  653 |   it(""should consider container padding"", () => {"
/home/gabriel/Disk/Research/research-javascript-test-smells/repositories/react-grid-layout/test/spec/utils-test.js,Magic Number,"{'line': 659, 'column': 53, 'index': 19737}","  657 |     };
  658 |     // (800 - 100 - 100) / 8
> 659 |     expect(calcGridColWidth(positionParams)).toEqual(75);
      |                                                     ^ Magic Number
  660 |   });
  661 |
  662 |   it(""should consider margin and padding"", () => {"
/home/gabriel/Disk/Research/research-javascript-test-smells/repositories/react-grid-layout/test/spec/utils-test.js,Magic Number,"{'line': 669, 'column': 53, 'index': 20008}","  667 |     };
  668 |     // (800 - 100 - 100 - 70) / 8
> 669 |     expect(calcGridColWidth(positionParams)).toEqual(66.25);
      |                                                     ^ Magic Number
  670 |   });
  671 | });
  672 |"
/home/gabriel/Disk/Research/research-javascript-test-smells/repositories/react-grid-layout/test/spec/utils-test.js,Magic Number,"{'line': 940, 'column': 46, 'index': 27692}","  938 |       // Original right edge: 200 + 400 = 600
  939 |       // Expected: left = 150, width = 450, right edge = 600
> 940 |       expect(result.left + result.width).toBe(600);
      |                                              ^ Magic Number
  941 |       expect(result.width).toBe(450);
  942 |       expect(result.left).toBe(150);
  943 |     });"
/home/gabriel/Disk/Research/research-javascript-test-smells/repositories/react-grid-layout/test/spec/utils-test.js,Magic Number,"{'line': 941, 'column': 32, 'index': 27730}","  939 |       // Expected: left = 150, width = 450, right edge = 600
  940 |       expect(result.left + result.width).toBe(600);
> 941 |       expect(result.width).toBe(450);
      |                                ^ Magic Number
  942 |       expect(result.left).toBe(150);
  943 |     });
  944 |"
/home/gabriel/Disk/Research/research-javascript-test-smells/repositories/react-grid-layout/test/spec/utils-test.js,Magic Number,"{'line': 942, 'column': 31, 'index': 27767}","  940 |       expect(result.left + result.width).toBe(600);
  941 |       expect(result.width).toBe(450);
> 942 |       expect(result.left).toBe(150);
      |                               ^ Magic Number
  943 |     });
  944 |
  945 |     it(""should clamp width when resizing past container left edge"", () => {"
/home/gabriel/Disk/Research/research-javascript-test-smells/repositories/react-grid-layout/test/spec/utils-test.js,Magic Number,"{'line': 959, 'column': 31, 'index': 28320}","  957 |
  958 |       // Should clamp: left=0, width=250 (original right edge was 250)
> 959 |       expect(result.left).toBe(0);
      |                               ^ Magic Number
  960 |       expect(result.left + result.width).toBe(250); // right edge preserved
  961 |     });
  962 |   });"
/home/gabriel/Disk/Research/research-javascript-test-smells/repositories/react-grid-layout/test/spec/utils-test.js,Magic Number,"{'line': 960, 'column': 46, 'index': 28370}","  958 |       // Should clamp: left=0, width=250 (original right edge was 250)
  959 |       expect(result.left).toBe(0);
> 960 |       expect(result.left + result.width).toBe(250); // right edge preserved
      |                                              ^ Magic Number
  961 |     });
  962 |   });
  963 | });"
/home/gabriel/Disk/Research/research-javascript-test-smells/repositories/react-grid-layout/test/spec/utils-test.js,Unknown Test,"{'column': 2, 'line': 145}","  143 |
  144 | describe(""validateLayout"", () => {
> 145 |   it(""Validates an empty layout"", () => {
      |  ^ Unknown Test
  146 |     validateLayout([]);
  147 |   });
  148 |   it(""Validates a populated layout"", () => {"
/home/gabriel/Disk/Research/research-javascript-test-smells/repositories/react-grid-layout/test/spec/utils-test.js,Unknown Test,"{'column': 2, 'line': 148}","  146 |     validateLayout([]);
  147 |   });
> 148 |   it(""Validates a populated layout"", () => {
      |  ^ Unknown Test
  149 |     validateLayout([
  150 |       { i: ""1"", x: 0, y: 1, w: 1, h: 1 },
  151 |       { i: ""2"", x: 1, y: 2, w: 1, h: 1 }"
/home/gabriel/Disk/Research/research-javascript-test-smells/repositories/react-grid-layout/test/spec/lifecycle-test.js,Conditional Test Logic,"{'line': 441, 'column': 8, 'index': 14335}","  439 |
  440 |         // Restore original offsetWidth descriptor
> 441 |         if (originalOffsetWidth) {
      |        ^ Conditional Test Logic
  442 |           Object.defineProperty(
  443 |             HTMLElement.prototype,
  444 |             ""offsetWidth"","
/home/gabriel/Disk/Research/research-javascript-test-smells/repositories/react-grid-layout/test/spec/lifecycle-test.js,Conditional Test Logic,"{'line': 524, 'column': 8, 'index': 17256}","  522 |
  523 |         // Restore original offsetWidth descriptor
> 524 |         if (originalOffsetWidth) {
      |        ^ Conditional Test Logic
  525 |           Object.defineProperty(
  526 |             HTMLElement.prototype,
  527 |             ""offsetWidth"","
/home/gabriel/Disk/Research/research-javascript-test-smells/repositories/react-grid-layout/test/spec/lifecycle-test.js,Conditional Test Logic,"{'line': 993, 'column': 8, 'index': 33357}","  991 |
  992 |         // Step 2: Move the item around inside the grid (multiple moves)
> 993 |         for (let i = 0; i < 5; i++) {
      |        ^ Conditional Test Logic
  994 |           act(() => {
  995 |             TestUtils.Simulate.dragOver(grid, {
  996 |               currentTarget: {"
/home/gabriel/Disk/Research/research-javascript-test-smells/repositories/react-grid-layout/test/spec/lifecycle-test.js,Conditional Test Logic,"{'line': 1092, 'column': 8, 'index': 36845}","  1090 |
  1091 |         // Step 2: Move around inside multiple times
> 1092 |         for (let i = 0; i < 5; i++) {
       |        ^ Conditional Test Logic
  1093 |           act(() => {
  1094 |             TestUtils.Simulate.dragOver(grid, {
  1095 |               currentTarget: {"
/home/gabriel/Disk/Research/research-javascript-test-smells/repositories/react-grid-layout/test/spec/lifecycle-test.js,Conditional Test Logic,"{'line': 1174, 'column': 8, 'index': 39405}","  1172 |
  1173 |         // Step 2: Move around inside
> 1174 |         for (let i = 0; i < 3; i++) {
       |        ^ Conditional Test Logic
  1175 |           act(() => {
  1176 |             TestUtils.Simulate.dragOver(grid, {
  1177 |               currentTarget: {"
/home/gabriel/Disk/Research/research-javascript-test-smells/repositories/react-grid-layout/test/spec/lifecycle-test.js,Conditional Test Logic,"{'line': 1281, 'column': 8, 'index': 42977}","  1279 |
  1280 |         // Step 2: Move around inside the grid
> 1281 |         for (let i = 0; i < 5; i++) {
       |        ^ Conditional Test Logic
  1282 |           act(() => {
  1283 |             TestUtils.Simulate.dragOver(grid, {
  1284 |               currentTarget: {"
/home/gabriel/Disk/Research/research-javascript-test-smells/repositories/react-grid-layout/test/spec/lifecycle-test.js,Conditional Test Logic,"{'line': 1343, 'column': 8, 'index': 45107}","  1341 |
  1342 |         // Perform multiple drag in/out cycles
> 1343 |         for (let cycle = 0; cycle < 5; cycle++) {
       |        ^ Conditional Test Logic
  1344 |           // Drag in
  1345 |           act(() => {
  1346 |             TestUtils.Simulate.dragEnter(grid, {"
/home/gabriel/Disk/Research/research-javascript-test-smells/repositories/react-grid-layout/test/spec/lifecycle-test.js,Conditional Test Logic,"{'line': 1551, 'column': 53, 'index': 50972}","  1549 |
  1550 |         // Ensure every handle is present on the target element
> 1551 |         [""n"", ""ne"", ""e"", ""se"", ""s"", ""sw"", ""w"", ""nw""].forEach(handle => {
       |                                                     ^ Conditional Test Logic
  1552 |           const handles = container.querySelectorAll(
  1553 |             `.react-resizable-handle-${handle}`
  1554 |           );"
/home/gabriel/Disk/Research/research-javascript-test-smells/repositories/react-grid-layout/test/spec/lifecycle-test.js,Conditional Test Logic,"{'line': 1950, 'column': 10, 'index': 62547}","  1948 |           // Layout should be called but item 0 should not be able to expand
  1949 |           // because item 1 is blocking it
> 1950 |           if (onLayoutChange.mock.calls.length > 0) {
       |          ^ Conditional Test Logic
  1951 |             const layout =
  1952 |               onLayoutChange.mock.calls[
  1953 |                 onLayoutChange.mock.calls.length - 1"
/home/gabriel/Disk/Research/research-javascript-test-smells/repositories/react-grid-layout/test/spec/lifecycle-test.js,Conditional Test Logic,"{'line': 1957, 'column': 12, 'index': 62869}","  1955 |             const item0 = layout.find(item => item.i === ""0"");
  1956 |             // Width should be at most 1 because of collision
> 1957 |             if (item0) {
       |            ^ Conditional Test Logic
  1958 |               expect(item0.w).toBeLessThanOrEqual(1);
  1959 |             }
  1960 |           }"
/home/gabriel/Disk/Research/research-javascript-test-smells/repositories/react-grid-layout/test/spec/lifecycle-test.js,Conditional Test Logic,"{'line': 2086, 'column': 8, 'index': 66888}","  2084 |         // x and y should be constrained to valid values (>= 0)
  2085 |         expect(newItem).toBeDefined();
> 2086 |         if (newItem) {
       |        ^ Conditional Test Logic
  2087 |           expect(newItem.x).toBeGreaterThanOrEqual(0);
  2088 |           expect(newItem.y).toBeGreaterThanOrEqual(0);
  2089 |         }"
/home/gabriel/Disk/Research/research-javascript-test-smells/repositories/react-grid-layout/test/spec/lifecycle-test.js,Conditional Test Logic,"{'line': 2206, 'column': 8, 'index': 70216}","  2204 |       // Rapidly rerender multiple times (simulates concurrent updates)
  2205 |       act(() => {
> 2206 |         for (let i = 0; i < 5; i++) {
       |        ^ Conditional Test Logic
  2207 |           rerender(
  2208 |             <ReactGridLayout
  2209 |               className=""layout"""
/home/gabriel/Disk/Research/research-javascript-test-smells/repositories/react-grid-layout/test/spec/lifecycle-test.js,Duplicate Assert,"{'line': 492, 'column': 8, 'index': 15981}","  490 |         // Verify initial render
  491 |         let gridLayout = container.querySelector("".react-grid-layout"");
> 492 |         expect(gridLayout).toBeInTheDocument();
      |        ^ Duplicate Assert
  493 |
  494 |         // Get first grid item's initial transform
  495 |         const gridItem = container.querySelector("".react-grid-item"");"
/home/gabriel/Disk/Research/research-javascript-test-smells/repositories/react-grid-layout/test/spec/lifecycle-test.js,Duplicate Assert,"{'line': 513, 'column': 8, 'index': 16707}","  511 |         // The grid should still be rendered (it adapts to new width)
  512 |         gridLayout = container.querySelector("".react-grid-layout"");
> 513 |         expect(gridLayout).toBeInTheDocument();
      |        ^ Duplicate Assert
  514 |
  515 |         // Grid items should have updated transforms reflecting the new width
  516 |         const updatedGridItem = container.querySelector("".react-grid-item"");"
/home/gabriel/Disk/Research/research-javascript-test-smells/repositories/react-grid-layout/test/spec/lifecycle-test.js,Duplicate Assert,"{'line': 977, 'column': 8, 'index': 32631}","  975 |         // Verify the dropping placeholder is rendered in the DOM (internal state)
  976 |         // The grid has: 1 original item, 1 dropping item, and 1 active placeholder = 3
> 977 |         expect(
      |        ^ Duplicate Assert
  978 |           container.querySelectorAll("".react-grid-item"").length
  979 |         ).toBeGreaterThanOrEqual(2);
  980 |"
/home/gabriel/Disk/Research/research-javascript-test-smells/repositories/react-grid-layout/test/spec/lifecycle-test.js,Duplicate Assert,"{'line': 987, 'column': 8, 'index': 33114}","  985 |           call[0].some(item => item.i === ""__dropping-elem__"")
  986 |         );
> 987 |         expect(hasDroppedItemInPublicLayout).toBe(false);
      |        ^ Duplicate Assert
  988 |
  989 |         // Record how many times onDrag was called
  990 |         const _dragCallsBefore = onDrag.mock.calls.length;"
/home/gabriel/Disk/Research/research-javascript-test-smells/repositories/react-grid-layout/test/spec/lifecycle-test.js,Duplicate Assert,"{'line': 987, 'column': 8, 'index': 33114}","  985 |           call[0].some(item => item.i === ""__dropping-elem__"")
  986 |         );
> 987 |         expect(hasDroppedItemInPublicLayout).toBe(false);
      |        ^ Duplicate Assert
  988 |
  989 |         // Record how many times onDrag was called
  990 |         const _dragCallsBefore = onDrag.mock.calls.length;"
/home/gabriel/Disk/Research/research-javascript-test-smells/repositories/react-grid-layout/test/spec/lifecycle-test.js,Duplicate Assert,"{'line': 1019, 'column': 8, 'index': 34241}","  1017 |         // If we get here without timing out, the fix is working
  1018 |         // The dropping placeholder should have been removed from internal state (only 1 item now)
> 1019 |         expect(container.querySelectorAll("".react-grid-item"").length).toBe(1);
       |        ^ Duplicate Assert
  1020 |
  1021 |         // And still should not be in public layout
  1022 |         layoutCalls = onLayoutChange.mock.calls;"
/home/gabriel/Disk/Research/research-javascript-test-smells/repositories/react-grid-layout/test/spec/lifecycle-test.js,Duplicate Assert,"{'line': 1027, 'column': 8, 'index': 34613}","  1025 |           item => item.i === ""__dropping-elem__""
  1026 |         );
> 1027 |         expect(hasDroppedItemInPublicLayout).toBe(false);
       |        ^ Duplicate Assert
  1028 |
  1029 |         // Verify onDrag wasn't called excessively (would indicate infinite loop)
  1030 |         // We expect 5 drag calls from step 2, plus maybe a few more, but not 50+"
/home/gabriel/Disk/Research/research-javascript-test-smells/repositories/react-grid-layout/test/spec/lifecycle-test.js,Duplicate Assert,"{'line': 1027, 'column': 8, 'index': 34613}","  1025 |           item => item.i === ""__dropping-elem__""
  1026 |         );
> 1027 |         expect(hasDroppedItemInPublicLayout).toBe(false);
       |        ^ Duplicate Assert
  1028 |
  1029 |         // Verify onDrag wasn't called excessively (would indicate infinite loop)
  1030 |         // We expect 5 drag calls from step 2, plus maybe a few more, but not 50+"
/home/gabriel/Disk/Research/research-javascript-test-smells/repositories/react-grid-layout/test/spec/lifecycle-test.js,Duplicate Assert,"{'line': 2504, 'column': 6, 'index': 78869}","  2502 |
  2503 |       // onDragStart should NOT have been called yet
> 2504 |       expect(onDragStart).not.toHaveBeenCalled();
       |      ^ Duplicate Assert
  2505 |
  2506 |       // Move another 6px (total 11px, exceeds threshold)
  2507 |       act(() => {"
/home/gabriel/Disk/Research/research-javascript-test-smells/repositories/react-grid-layout/test/spec/lifecycle-test.js,Duplicate Assert,"{'line': 2512, 'column': 6, 'index': 79093}","  2510 |
  2511 |       // NOW onDragStart should have been called
> 2512 |       expect(onDragStart).toHaveBeenCalled();
       |      ^ Duplicate Assert
  2513 |
  2514 |       // Clean up
  2515 |       act(() => {"
/home/gabriel/Disk/Research/research-javascript-test-smells/repositories/react-grid-layout/test/spec/lifecycle-test.js,Duplicate Assert,"{'line': 2560, 'column': 6, 'index': 80393}","  2558 |
  2559 |       // onDragStart should NOT have been called yet
> 2560 |       expect(onDragStart).not.toHaveBeenCalled();
       |      ^ Duplicate Assert
  2561 |
  2562 |       // Move another 2px (total 4px, exceeds default threshold of 3)
  2563 |       act(() => {"
/home/gabriel/Disk/Research/research-javascript-test-smells/repositories/react-grid-layout/test/spec/lifecycle-test.js,Duplicate Assert,"{'line': 2568, 'column': 6, 'index': 80629}","  2566 |
  2567 |       // NOW onDragStart should have been called
> 2568 |       expect(onDragStart).toHaveBeenCalled();
       |      ^ Duplicate Assert
  2569 |
  2570 |       // Clean up
  2571 |       act(() => {"
/home/gabriel/Disk/Research/research-javascript-test-smells/repositories/react-grid-layout/test/spec/lifecycle-test.js,Ignored Test,"{'line': 116, 'column': 13, 'index': 3535}","  114 |     // Skip: These tests check PropTypes runtime validation which doesn't exist in TypeScript
  115 |     // The new TypeScript GridItem uses compile-time type checking instead
> 116 |     describe.skip(""optional min/max dimension props log err"", () => {
      |             ^ Ignored Test
  117 |       describe(""minW"", () => {
  118 |         let mockError;
  119 |         beforeEach(() => {"
/home/gabriel/Disk/Research/research-javascript-test-smells/repositories/react-grid-layout/test/spec/lifecycle-test.js,Magic Number,"{'line': 299, 'column': 39, 'index': 9323}","  297 |         // Verify grid items have proper classes
  298 |         const gridItems = container.querySelectorAll("".react-grid-item"");
> 299 |         expect(gridItems).toHaveLength(3);
      |                                       ^ Magic Number
  300 |
  301 |         // Verify onLayoutChange was called with correct layout
  302 |         expect(onLayoutChange).toHaveBeenCalled();"
/home/gabriel/Disk/Research/research-javascript-test-smells/repositories/react-grid-layout/test/spec/lifecycle-test.js,Magic Number,"{'line': 304, 'column': 36, 'index': 9535}","  302 |         expect(onLayoutChange).toHaveBeenCalled();
  303 |         const layout = onLayoutChange.mock.calls[0][0];
> 304 |         expect(layout).toHaveLength(3);
      |                                    ^ Magic Number
  305 |         expect(layout.find(item => item.i === ""a"")).toMatchObject({
  306 |           h: 2,
  307 |           i: ""a"","
/home/gabriel/Disk/Research/research-javascript-test-smells/repositories/react-grid-layout/test/spec/lifecycle-test.js,Magic Number,"{'line': 351, 'column': 39, 'index': 10776}","  349 |         // Only two truthy items should be rendered
  350 |         const gridItems = container.querySelectorAll("".react-grid-item"");
> 351 |         expect(gridItems).toHaveLength(2);
      |                                       ^ Magic Number
  352 |       });
  353 |     });
  354 |"
/home/gabriel/Disk/Research/research-javascript-test-smells/repositories/react-grid-layout/test/spec/lifecycle-test.js,Magic Number,"{'line': 373, 'column': 49, 'index': 11643}","  371 |         // The grid items should be rendered with proper positioning (indicating width was provided)
  372 |         const gridItems = container.querySelectorAll("".react-grid-item"");
> 373 |         expect(gridItems.length).toBeGreaterThan(0);
      |                                                 ^ Magic Number
  374 |
  375 |         // Grid items should have transform styles (indicating proper width calculation)
  376 |         gridItems.forEach(item => {"
/home/gabriel/Disk/Research/research-javascript-test-smells/repositories/react-grid-layout/test/spec/lifecycle-test.js,Magic Number,"{'line': 422, 'column': 55, 'index': 13683}","  420 |           obs => obs.observedElements.length > 0
  421 |         );
> 422 |         expect(activeObservers.length).toBeGreaterThan(0);
      |                                                       ^ Magic Number
  423 |
  424 |         // The observer should be watching an element that's in the DOM
  425 |         // (not the old placeholder which was removed)"
/home/gabriel/Disk/Research/research-javascript-test-smells/repositories/react-grid-layout/test/spec/lifecycle-test.js,Magic Number,"{'line': 847, 'column': 75, 'index': 27585}","  845 |         // (it's transient internal state that shouldn't be exposed to users until drop)
  846 |         // Verify it's in the DOM (internal state) - original + dropping
> 847 |         expect(container.querySelectorAll("".react-grid-item"").length).toBe(2);
      |                                                                           ^ Magic Number
  848 |
  849 |         // But it should NOT be in onLayoutChange (public state)
  850 |         const layoutCalls = onLayoutChange.mock.calls;"
/home/gabriel/Disk/Research/research-javascript-test-smells/repositories/react-grid-layout/test/spec/lifecycle-test.js,Magic Number,"{'line': 905, 'column': 33, 'index': 29902}","  903 |         expect(
  904 |           container.querySelectorAll("".react-grid-item"").length
> 905 |         ).toBeGreaterThanOrEqual(2);
      |                                 ^ Magic Number
  906 |
  907 |         // But the dropping item should NOT be in onLayoutChange (public state) - this is expected behavior
  908 |         // since #2210 fix: dropping placeholder is transient internal state"
/home/gabriel/Disk/Research/research-javascript-test-smells/repositories/react-grid-layout/test/spec/lifecycle-test.js,Magic Number,"{'line': 979, 'column': 33, 'index': 32736}","  977 |         expect(
  978 |           container.querySelectorAll("".react-grid-item"").length
> 979 |         ).toBeGreaterThanOrEqual(2);
      |                                 ^ Magic Number
  980 |
  981 |         // But it should NOT be in onLayoutChange (public state) - this is expected behavior
  982 |         // since #2210 fix: dropping placeholder is transient internal state"
/home/gabriel/Disk/Research/research-javascript-test-smells/repositories/react-grid-layout/test/spec/lifecycle-test.js,Magic Number,"{'line': 1019, 'column': 75, 'index': 34308}","  1017 |         // If we get here without timing out, the fix is working
  1018 |         // The dropping placeholder should have been removed from internal state (only 1 item now)
> 1019 |         expect(container.querySelectorAll("".react-grid-item"").length).toBe(1);
       |                                                                           ^ Magic Number
  1020 |
  1021 |         // And still should not be in public layout
  1022 |         layoutCalls = onLayoutChange.mock.calls;"
/home/gabriel/Disk/Research/research-javascript-test-smells/repositories/react-grid-layout/test/spec/lifecycle-test.js,Magic Number,"{'line': 1032, 'column': 44, 'index': 34929}","  1030 |         // We expect 5 drag calls from step 2, plus maybe a few more, but not 50+
  1031 |         const totalDragCalls = onDrag.mock.calls.length;
> 1032 |         expect(totalDragCalls).toBeLessThan(50);
       |                                            ^ Magic Number
  1033 |
  1034 |         // Verify no ""Maximum update depth exceeded"" errors
  1035 |         const maxDepthErrors = consoleError.mock.calls.filter(call =>"
/home/gabriel/Disk/Research/research-javascript-test-smells/repositories/react-grid-layout/test/spec/lifecycle-test.js,Magic Number,"{'line': 1038, 'column': 44, 'index': 35183}","  1036 |           call[0]?.includes?.(""Maximum update depth exceeded"")
  1037 |         );
> 1038 |         expect(maxDepthErrors).toHaveLength(0);
       |                                            ^ Magic Number
  1039 |
  1040 |         consoleError.mockRestore();
  1041 |       });"
/home/gabriel/Disk/Research/research-javascript-test-smells/repositories/react-grid-layout/test/spec/lifecycle-test.js,Magic Number,"{'line': 1119, 'column': 44, 'index': 37697}","  1117 |           call[0]?.includes?.(""Maximum update depth exceeded"")
  1118 |         );
> 1119 |         expect(maxDepthErrors).toHaveLength(0);
       |                                            ^ Magic Number
  1120 |
  1121 |         consoleError.mockRestore();
  1122 |       });"
/home/gabriel/Disk/Research/research-javascript-test-smells/repositories/react-grid-layout/test/spec/lifecycle-test.js,Magic Number,"{'line': 1201, 'column': 44, 'index': 40257}","  1199 |           call[0]?.includes?.(""Maximum update depth exceeded"")
  1200 |         );
> 1201 |         expect(maxDepthErrors).toHaveLength(0);
       |                                            ^ Magic Number
  1202 |
  1203 |         consoleError.mockRestore();
  1204 |       });"
/home/gabriel/Disk/Research/research-javascript-test-smells/repositories/react-grid-layout/test/spec/lifecycle-test.js,Magic Number,"{'line': 1309, 'column': 44, 'index': 43954}","  1307 |           call[0]?.includes?.(""Maximum update depth exceeded"")
  1308 |         );
> 1309 |         expect(maxDepthErrors).toHaveLength(0);
       |                                            ^ Magic Number
  1310 |
  1311 |         consoleError.mockRestore();
  1312 |       });"
/home/gabriel/Disk/Research/research-javascript-test-smells/repositories/react-grid-layout/test/spec/lifecycle-test.js,Magic Number,"{'line': 1380, 'column': 44, 'index': 46292}","  1378 |           call[0]?.includes?.(""Maximum update depth exceeded"")
  1379 |         );
> 1380 |         expect(maxDepthErrors).toHaveLength(0);
       |                                            ^ Magic Number
  1381 |
  1382 |         consoleError.mockRestore();
  1383 |       });"
/home/gabriel/Disk/Research/research-javascript-test-smells/repositories/react-grid-layout/test/spec/lifecycle-test.js,Magic Number,"{'line': 1555, 'column': 49, 'index': 51156}","  1553 |             `.react-resizable-handle-${handle}`
  1554 |           );
> 1555 |           expect(handles.length).toBeGreaterThan(0);
       |                                                 ^ Magic Number
  1556 |         });
  1557 |       });
  1558 |"
/home/gabriel/Disk/Research/research-javascript-test-smells/repositories/react-grid-layout/test/spec/lifecycle-test.js,Magic Number,"{'line': 1958, 'column': 50, 'index': 62932}","  1956 |             // Width should be at most 1 because of collision
  1957 |             if (item0) {
> 1958 |               expect(item0.w).toBeLessThanOrEqual(1);
       |                                                  ^ Magic Number
  1959 |             }
  1960 |           }
  1961 |         });"
/home/gabriel/Disk/Research/research-javascript-test-smells/repositories/react-grid-layout/test/spec/lifecycle-test.js,Magic Number,"{'line': 2087, 'column': 51, 'index': 66954}","  2085 |         expect(newItem).toBeDefined();
  2086 |         if (newItem) {
> 2087 |           expect(newItem.x).toBeGreaterThanOrEqual(0);
       |                                                   ^ Magic Number
  2088 |           expect(newItem.y).toBeGreaterThanOrEqual(0);
  2089 |         }
  2090 |       });"
/home/gabriel/Disk/Research/research-javascript-test-smells/repositories/react-grid-layout/test/spec/lifecycle-test.js,Magic Number,"{'line': 2088, 'column': 51, 'index': 67009}","  2086 |         if (newItem) {
  2087 |           expect(newItem.x).toBeGreaterThanOrEqual(0);
> 2088 |           expect(newItem.y).toBeGreaterThanOrEqual(0);
       |                                                   ^ Magic Number
  2089 |         }
  2090 |       });
  2091 |     });"
/home/gabriel/Disk/Research/research-javascript-test-smells/repositories/react-grid-layout/test/spec/lifecycle-test.js,Magic Number,"{'line': 2181, 'column': 42, 'index': 69599}","  2179 |
  2180 |       // Should have no critical React 18 related errors
> 2181 |       expect(criticalErrors).toHaveLength(0);
       |                                          ^ Magic Number
  2182 |
  2183 |       consoleError.mockRestore();
  2184 |     });"
/home/gabriel/Disk/Research/research-javascript-test-smells/repositories/react-grid-layout/test/spec/lifecycle-test.js,Magic Number,"{'line': 2229, 'column': 45, 'index': 70900}","  2227 |       );
  2228 |
> 2229 |       expect(flushSyncWarnings).toHaveLength(0);
       |                                             ^ Magic Number
  2230 |
  2231 |       consoleError.mockRestore();
  2232 |     });"
/home/gabriel/Disk/Research/research-javascript-test-smells/repositories/react-grid-layout/test/spec/lifecycle-test.js,Magic Number,"{'line': 2257, 'column': 37, 'index': 71688}","  2255 |
  2256 |       const gridItems = container.querySelectorAll("".react-grid-item"");
> 2257 |       expect(gridItems).toHaveLength(3);
       |                                     ^ Magic Number
  2258 |     });
  2259 |   });
  2260 |"
/home/gabriel/Disk/Research/research-javascript-test-smells/repositories/react-grid-layout/test/spec/lifecycle-test.js,Magic Number,"{'line': 2282, 'column': 37, 'index': 72401}","  2280 |
  2281 |       const gridItems = container.querySelectorAll("".react-grid-item"");
> 2282 |       expect(gridItems).toHaveLength(2);
       |                                     ^ Magic Number
  2283 |
  2284 |       // Both items should have transform styles applied
  2285 |       gridItems.forEach(item => {"
/home/gabriel/Disk/Research/research-javascript-test-smells/repositories/react-grid-layout/test/spec/lifecycle-test.js,Magic Number,"{'line': 2677, 'column': 37, 'index': 84779}","  2675 |       //
  2676 |       // Allow some tolerance since the mouse moved a bit.
> 2677 |       expect(newItem.y).toBeLessThan(5); // Should be near top (y=0-1), not jumped to y=12+
       |                                     ^ Magic Number
  2678 |
  2679 |       // Clean up
  2680 |       act(() => {"
/home/gabriel/Disk/Research/research-javascript-test-smells/repositories/react-grid-layout/test/spec/fast-horizontal-compactor-test.js,Conditional Test Logic,"{'line': 23, 'column': 2, 'index': 615}","  21 | function generateRandomLayout(n, cols = 12, numStatics = 0) {
  22 |   const layout = [];
> 23 |   for (let i = 0; i < n; i++) {
     |  ^ Conditional Test Logic
  24 |     const isStatic = i < numStatics;
  25 |     layout.push({
  26 |       i: String(i),"
/home/gabriel/Disk/Research/research-javascript-test-smells/repositories/react-grid-layout/test/spec/fast-horizontal-compactor-test.js,Conditional Test Logic,"{'line': 40, 'column': 2, 'index': 1069}","  38 | function generateGridLayout(n, cols = 12) {
  39 |   const layout = [];
> 40 |   for (let i = 0; i < n; i++) {
     |  ^ Conditional Test Logic
  41 |     layout.push({
  42 |       i: String(i),
  43 |       x: (i * 2) % cols,"
/home/gabriel/Disk/Research/research-javascript-test-smells/repositories/react-grid-layout/test/spec/fast-horizontal-compactor-test.js,Conditional Test Logic,"{'line': 55, 'column': 2, 'index': 1370}","  53 | function generateMessyLayout(n, cols = 12) {
  54 |   const layout = [];
> 55 |   for (let i = 0; i < n; i++) {
     |  ^ Conditional Test Logic
  56 |     layout.push({
  57 |       i: String(i),
  58 |       x: Math.floor(Math.random() * (cols - 2)),"
/home/gabriel/Disk/Research/research-javascript-test-smells/repositories/react-grid-layout/test/spec/fast-horizontal-compactor-test.js,Conditional Test Logic,"{'line': 69, 'column': 2, 'index': 1770}","  67 | // Check if a layout has any overlaps (ignoring static items overlapping each other)
  68 | function hasOverlaps(layout) {
> 69 |   for (let i = 0; i < layout.length; i++) {
     |  ^ Conditional Test Logic
  70 |     for (let j = i + 1; j < layout.length; j++) {
  71 |       if (collides(layout[i], layout[j])) {
  72 |         // Allow static items to overlap with each other"
/home/gabriel/Disk/Research/research-javascript-test-smells/repositories/react-grid-layout/test/spec/fast-horizontal-compactor-test.js,Conditional Test Logic,"{'line': 70, 'column': 4, 'index': 1816}","  68 | function hasOverlaps(layout) {
  69 |   for (let i = 0; i < layout.length; i++) {
> 70 |     for (let j = i + 1; j < layout.length; j++) {
     |    ^ Conditional Test Logic
  71 |       if (collides(layout[i], layout[j])) {
  72 |         // Allow static items to overlap with each other
  73 |         if (layout[i].static && layout[j].static) continue;"
/home/gabriel/Disk/Research/research-javascript-test-smells/repositories/react-grid-layout/test/spec/fast-horizontal-compactor-test.js,Conditional Test Logic,"{'line': 71, 'column': 6, 'index': 1868}","  69 |   for (let i = 0; i < layout.length; i++) {
  70 |     for (let j = i + 1; j < layout.length; j++) {
> 71 |       if (collides(layout[i], layout[j])) {
     |      ^ Conditional Test Logic
  72 |         // Allow static items to overlap with each other
  73 |         if (layout[i].static && layout[j].static) continue;
  74 |         return true;"
/home/gabriel/Disk/Research/research-javascript-test-smells/repositories/react-grid-layout/test/spec/fast-horizontal-compactor-test.js,Conditional Test Logic,"{'line': 73, 'column': 8, 'index': 1971}","  71 |       if (collides(layout[i], layout[j])) {
  72 |         // Allow static items to overlap with each other
> 73 |         if (layout[i].static && layout[j].static) continue;
     |        ^ Conditional Test Logic
  74 |         return true;
  75 |       }
  76 |     }"
/home/gabriel/Disk/Research/research-javascript-test-smells/repositories/react-grid-layout/test/spec/fast-horizontal-compactor-test.js,Conditional Test Logic,"{'line': 84, 'column': 2, 'index': 2189}","  82 | function measureTime(fn, iterations = 100) {
  83 |   const start = performance.now();
> 84 |   for (let i = 0; i < iterations; i++) {
     |  ^ Conditional Test Logic
  85 |     fn();
  86 |   }
  87 |   const end = performance.now();"
/home/gabriel/Disk/Research/research-javascript-test-smells/repositories/react-grid-layout/test/spec/fast-horizontal-compactor-test.js,Conditional Test Logic,"{'line': 99, 'column': 6, 'index': 2615}","   97 |   describe(""Correctness"", () => {
   98 |     it(""produces a valid layout with no overlaps"", () => {
>  99 |       for (let run = 0; run < 10; run++) {
      |      ^ Conditional Test Logic
  100 |         const cols = 6 + Math.floor(Math.random() * 6);
  101 |         const numItems = 2 + Math.floor(Math.random() * 20);
  102 |         const numStatics = Math.floor(Math.random() * numItems);"
/home/gabriel/Disk/Research/research-javascript-test-smells/repositories/react-grid-layout/test/spec/fast-horizontal-compactor-test.js,Conditional Test Logic,"{'line': 112, 'column': 6, 'index': 3126}","  110 |
  111 |     it(""is idempotent (compacting twice gives same result)"", () => {
> 112 |       for (let run = 0; run < 5; run++) {
      |      ^ Conditional Test Logic
  113 |         const layout = generateRandomLayout(50, 12, 5);
  114 |
  115 |         const compacted1 = fastHorizontalCompactor.compact(layout, 12);"
/home/gabriel/Disk/Research/research-javascript-test-smells/repositories/react-grid-layout/test/spec/fast-horizontal-compactor-test.js,Conditional Test Logic,"{'line': 119, 'column': 8, 'index': 3405}","  117 |
  118 |         // Compare positions
> 119 |         for (let i = 0; i < compacted1.length; i++) {
      |        ^ Conditional Test Logic
  120 |           const item1 = compacted1.find(l => l.i === compacted2[i].i);
  121 |           const item2 = compacted2[i];
  122 |           expect(item1.x).toBe(item2.x);"
/home/gabriel/Disk/Research/research-javascript-test-smells/repositories/react-grid-layout/test/spec/fast-horizontal-compactor-test.js,Conditional Test Logic,"{'line': 253, 'column': 8, 'index': 7860}","  251 |       // Format time value
  252 |       const formatTime = time => {
> 253 |         if (time < 0.001) return `${(time * 1_000_000).toFixed(2)} ns`;
      |        ^ Conditional Test Logic
  254 |         if (time < 1) return `${(time * 1000).toFixed(2)} µs`;
  255 |         if (time < 1000) return `${time.toFixed(2)} ms`;
  256 |         return `${(time / 1000).toFixed(2)} s`;"
/home/gabriel/Disk/Research/research-javascript-test-smells/repositories/react-grid-layout/test/spec/fast-horizontal-compactor-test.js,Conditional Test Logic,"{'line': 254, 'column': 8, 'index': 7932}","  252 |       const formatTime = time => {
  253 |         if (time < 0.001) return `${(time * 1_000_000).toFixed(2)} ns`;
> 254 |         if (time < 1) return `${(time * 1000).toFixed(2)} µs`;
      |        ^ Conditional Test Logic
  255 |         if (time < 1000) return `${time.toFixed(2)} ms`;
  256 |         return `${(time / 1000).toFixed(2)} s`;
  257 |       };"
/home/gabriel/Disk/Research/research-javascript-test-smells/repositories/react-grid-layout/test/spec/fast-horizontal-compactor-test.js,Conditional Test Logic,"{'line': 255, 'column': 8, 'index': 7995}","  253 |         if (time < 0.001) return `${(time * 1_000_000).toFixed(2)} ns`;
  254 |         if (time < 1) return `${(time * 1000).toFixed(2)} µs`;
> 255 |         if (time < 1000) return `${time.toFixed(2)} ms`;
      |        ^ Conditional Test Logic
  256 |         return `${(time / 1000).toFixed(2)} s`;
  257 |       };
  258 |"
/home/gabriel/Disk/Research/research-javascript-test-smells/repositories/react-grid-layout/test/spec/fast-horizontal-compactor-test.js,Conditional Test Logic,"{'line': 272, 'column': 8, 'index': 8748}","  270 |         const fastKey = `fast_${size}`;
  271 |
> 272 |         if (benchmarkResults[stdKey] && benchmarkResults[fastKey]) {
      |        ^ Conditional Test Logic
  273 |           const speedup = benchmarkResults[stdKey] / benchmarkResults[fastKey];
  274 |           lines.push(
  275 |             `│ ${String(size).padEnd(8)} │ ${formatTime(benchmarkResults[stdKey]).padStart(21)} │ ${formatTime(benchmarkResults[fastKey]).padStart(21)} │ ${speedup.toFixed(2).padStart(6)}x faster     │`"
/home/gabriel/Disk/Research/research-javascript-test-smells/repositories/react-grid-layout/test/spec/fast-horizontal-compactor-test.js,Conditional Test Logic,"{'line': 431, 'column': 6, 'index': 14081}","  429 |     // Helper to check if layouts have same items at same positions
  430 |     function layoutsMatch(layout1, layout2) {
> 431 |       if (layout1.length !== layout2.length) return false;
      |      ^ Conditional Test Logic
  432 |       for (const item1 of layout1) {
  433 |         const item2 = layout2.find(l => l.i === item1.i);
  434 |         if (!item2) return false;"
/home/gabriel/Disk/Research/research-javascript-test-smells/repositories/react-grid-layout/test/spec/fast-horizontal-compactor-test.js,Conditional Test Logic,"{'line': 432, 'column': 6, 'index': 14140}","  430 |     function layoutsMatch(layout1, layout2) {
  431 |       if (layout1.length !== layout2.length) return false;
> 432 |       for (const item1 of layout1) {
      |      ^ Conditional Test Logic
  433 |         const item2 = layout2.find(l => l.i === item1.i);
  434 |         if (!item2) return false;
  435 |         if (item1.x !== item2.x || item1.y !== item2.y) return false;"
/home/gabriel/Disk/Research/research-javascript-test-smells/repositories/react-grid-layout/test/spec/fast-horizontal-compactor-test.js,Conditional Test Logic,"{'line': 434, 'column': 8, 'index': 14237}","  432 |       for (const item1 of layout1) {
  433 |         const item2 = layout2.find(l => l.i === item1.i);
> 434 |         if (!item2) return false;
      |        ^ Conditional Test Logic
  435 |         if (item1.x !== item2.x || item1.y !== item2.y) return false;
  436 |       }
  437 |       return true;"
/home/gabriel/Disk/Research/research-javascript-test-smells/repositories/react-grid-layout/test/spec/fast-horizontal-compactor-test.js,Conditional Test Logic,"{'line': 435, 'column': 8, 'index': 14271}","  433 |         const item2 = layout2.find(l => l.i === item1.i);
  434 |         if (!item2) return false;
> 435 |         if (item1.x !== item2.x || item1.y !== item2.y) return false;
      |        ^ Conditional Test Logic
  436 |       }
  437 |       return true;
  438 |     }"
/home/gabriel/Disk/Research/research-javascript-test-smells/repositories/react-grid-layout/test/spec/fast-horizontal-compactor-test.js,Conditional Test Logic,"{'line': 481, 'column': 6, 'index': 16069}","  479 |       // For messy random layouts, the algorithms may produce different
  480 |       // but equally valid results. Both should have no overlaps.
> 481 |       for (let run = 0; run < 20; run++) {
      |      ^ Conditional Test Logic
  482 |         const layout = generateMessyLayout(50, 12);
  483 |
  484 |         const stdCompacted = horizontalCompactor.compact(layout, 12);"
/home/gabriel/Disk/Research/research-javascript-test-smells/repositories/react-grid-layout/test/spec/fast-horizontal-compactor-test.js,Conditional Test Logic,"{'line': 503, 'column': 6, 'index': 16884}","  501 |       let equal = 0;
  502 |
> 503 |       for (let run = 0; run < 50; run++) {
      |      ^ Conditional Test Logic
  504 |         const layout = generateMessyLayout(30, 12);
  505 |
  506 |         const stdCompacted = horizontalCompactor.compact(layout, 12);"
/home/gabriel/Disk/Research/research-javascript-test-smells/repositories/react-grid-layout/test/spec/fast-horizontal-compactor-test.js,Conditional Test Logic,"{'line': 512, 'column': 8, 'index': 17235}","  510 |         const fastWidth = layoutWidth(fastCompacted);
  511 |
> 512 |         if (fastWidth < stdWidth) fastBetter++;
      |        ^ Conditional Test Logic
  513 |         else if (stdWidth < fastWidth) stdBetter++;
  514 |         else equal++;
  515 |       }"
/home/gabriel/Disk/Research/research-javascript-test-smells/repositories/react-grid-layout/test/spec/fast-horizontal-compactor-test.js,Conditional Test Logic,"{'line': 513, 'column': 13, 'index': 17288}","  511 |
  512 |         if (fastWidth < stdWidth) fastBetter++;
> 513 |         else if (stdWidth < fastWidth) stdBetter++;
      |             ^ Conditional Test Logic
  514 |         else equal++;
  515 |       }
  516 |"
/home/gabriel/Disk/Research/research-javascript-test-smells/repositories/react-grid-layout/test/spec/fast-horizontal-compactor-test.js,Conditional Test Logic,"{'line': 548, 'column': 6, 'index': 18524}","  546 |
  547 |       // Static items should be in same position in both
> 548 |       for (const item of layout.filter(l => l.static)) {
      |      ^ Conditional Test Logic
  549 |         const stdItem = stdCompacted.find(l => l.i === item.i);
  550 |         const fastItem = fastCompacted.find(l => l.i === item.i);
  551 |         expect(stdItem.x).toBe(fastItem.x);"
/home/gabriel/Disk/Research/research-javascript-test-smells/repositories/react-grid-layout/test/spec/fast-horizontal-compactor-test.js,Conditional Test Logic,"{'line': 566, 'column': 6, 'index': 19188}","  564 |
  565 |       // All items should preserve their w, h, and i
> 566 |       for (const original of layout) {
      |      ^ Conditional Test Logic
  567 |         const compacted = fastCompacted.find(l => l.i === original.i);
  568 |         expect(compacted).toBeDefined();
  569 |         expect(compacted.w).toBe(original.w);"
/home/gabriel/Disk/Research/research-javascript-test-smells/repositories/react-grid-layout/test/spec/fast-horizontal-compactor-test.js,Conditional Test Logic,"{'line': 578, 'column': 6, 'index': 19680}","  576 |       // Use the same deterministic layout from benchmark-test.js
  577 |       const layout = [];
> 578 |       for (let i = 0; i < 100; i++) {
      |      ^ Conditional Test Logic
  579 |         layout.push({
  580 |           i: String(i),
  581 |           x: (i * 3) % 12,"
/home/gabriel/Disk/Research/research-javascript-test-smells/repositories/react-grid-layout/test/spec/fast-horizontal-compactor-test.js,Conditional Test Logic,"{'line': 634, 'column': 6, 'index': 21624}","  632 |
  633 |     it(""handles narrow grids (1-3 columns)"", () => {
> 634 |       for (let cols = 1; cols <= 3; cols++) {
      |      ^ Conditional Test Logic
  635 |         const layout = [];
  636 |         for (let i = 0; i < 10; i++) {
  637 |           layout.push({"
/home/gabriel/Disk/Research/research-javascript-test-smells/repositories/react-grid-layout/test/spec/fast-horizontal-compactor-test.js,Conditional Test Logic,"{'line': 636, 'column': 8, 'index': 21699}","  634 |       for (let cols = 1; cols <= 3; cols++) {
  635 |         const layout = [];
> 636 |         for (let i = 0; i < 10; i++) {
      |        ^ Conditional Test Logic
  637 |           layout.push({
  638 |             i: String(i),
  639 |             x: i * 2,"
/home/gabriel/Disk/Research/research-javascript-test-smells/repositories/react-grid-layout/test/spec/fast-horizontal-compactor-test.js,Magic Number,"{'line': 138, 'column': 32, 'index': 4064}","  136 |       const staticItem = compacted.find(l => l.i === ""static"");
  137 |
> 138 |       expect(staticItem.x).toBe(5);
      |                                ^ Magic Number
  139 |       expect(staticItem.y).toBe(5);
  140 |     });
  141 |"
/home/gabriel/Disk/Research/research-javascript-test-smells/repositories/react-grid-layout/test/spec/fast-horizontal-compactor-test.js,Magic Number,"{'line': 139, 'column': 32, 'index': 4100}","  137 |
  138 |       expect(staticItem.x).toBe(5);
> 139 |       expect(staticItem.y).toBe(5);
      |                                ^ Magic Number
  140 |     });
  141 |
  142 |     it(""moves items around static items"", () => {"
/home/gabriel/Disk/Research/research-javascript-test-smells/repositories/react-grid-layout/test/spec/fast-horizontal-compactor-test.js,Magic Number,"{'line': 152, 'column': 27, 'index': 4514}","  150 |
  151 |       // Item should be moved to x=2 (right next to static)
> 152 |       expect(itemA.x).toBe(2);
      |                           ^ Magic Number
  153 |     });
  154 |
  155 |     it(""compacts items to the left"", () => {"
/home/gabriel/Disk/Research/research-javascript-test-smells/repositories/react-grid-layout/test/spec/fast-horizontal-compactor-test.js,Magic Number,"{'line': 167, 'column': 27, 'index': 4945}","  165 |
  166 |       // Items should be compacted to the left
> 167 |       expect(itemA.x).toBe(0);
      |                           ^ Magic Number
  168 |       expect(itemB.x).toBe(2); // Right after A
  169 |     });
  170 |"
/home/gabriel/Disk/Research/research-javascript-test-smells/repositories/react-grid-layout/test/spec/fast-horizontal-compactor-test.js,Magic Number,"{'line': 168, 'column': 27, 'index': 4976}","  166 |       // Items should be compacted to the left
  167 |       expect(itemA.x).toBe(0);
> 168 |       expect(itemB.x).toBe(2); // Right after A
      |                           ^ Magic Number
  169 |     });
  170 |
  171 |     it(""handles overlap compactor variant"", () => {"
/home/gabriel/Disk/Research/research-javascript-test-smells/repositories/react-grid-layout/test/spec/fast-horizontal-compactor-test.js,Magic Number,"{'line': 179, 'column': 46, 'index': 5375}","  177 |       // All items should have x >= 0
  178 |       compacted.forEach(item => {
> 179 |         expect(item.x).toBeGreaterThanOrEqual(0);
      |                                              ^ Magic Number
  180 |       });
  181 |     });
  182 |"
/home/gabriel/Disk/Research/research-javascript-test-smells/repositories/react-grid-layout/test/spec/fast-horizontal-compactor-test.js,Magic Number,"{'line': 193, 'column': 54, 'index': 5797}","  191 |
  192 |       // Y positions should be preserved
> 193 |       expect(compacted.find(l => l.i === ""a"").y).toBe(0);
      |                                                      ^ Magic Number
  194 |       expect(compacted.find(l => l.i === ""b"").y).toBe(3);
  195 |       expect(compacted.find(l => l.i === ""c"").y).toBe(6);
  196 |"
/home/gabriel/Disk/Research/research-javascript-test-smells/repositories/react-grid-layout/test/spec/fast-horizontal-compactor-test.js,Magic Number,"{'line': 194, 'column': 54, 'index': 5855}","  192 |       // Y positions should be preserved
  193 |       expect(compacted.find(l => l.i === ""a"").y).toBe(0);
> 194 |       expect(compacted.find(l => l.i === ""b"").y).toBe(3);
      |                                                      ^ Magic Number
  195 |       expect(compacted.find(l => l.i === ""c"").y).toBe(6);
  196 |
  197 |       // X positions should be compacted to 0 (no collisions on different rows)"
/home/gabriel/Disk/Research/research-javascript-test-smells/repositories/react-grid-layout/test/spec/fast-horizontal-compactor-test.js,Magic Number,"{'line': 195, 'column': 54, 'index': 5913}","  193 |       expect(compacted.find(l => l.i === ""a"").y).toBe(0);
  194 |       expect(compacted.find(l => l.i === ""b"").y).toBe(3);
> 195 |       expect(compacted.find(l => l.i === ""c"").y).toBe(6);
      |                                                      ^ Magic Number
  196 |
  197 |       // X positions should be compacted to 0 (no collisions on different rows)
  198 |       expect(compacted.find(l => l.i === ""a"").x).toBe(0);"
/home/gabriel/Disk/Research/research-javascript-test-smells/repositories/react-grid-layout/test/spec/fast-horizontal-compactor-test.js,Magic Number,"{'line': 198, 'column': 54, 'index': 6052}","  196 |
  197 |       // X positions should be compacted to 0 (no collisions on different rows)
> 198 |       expect(compacted.find(l => l.i === ""a"").x).toBe(0);
      |                                                      ^ Magic Number
  199 |       expect(compacted.find(l => l.i === ""b"").x).toBe(0);
  200 |       expect(compacted.find(l => l.i === ""c"").x).toBe(0);
  201 |     });"
/home/gabriel/Disk/Research/research-javascript-test-smells/repositories/react-grid-layout/test/spec/fast-horizontal-compactor-test.js,Magic Number,"{'line': 199, 'column': 54, 'index': 6110}","  197 |       // X positions should be compacted to 0 (no collisions on different rows)
  198 |       expect(compacted.find(l => l.i === ""a"").x).toBe(0);
> 199 |       expect(compacted.find(l => l.i === ""b"").x).toBe(0);
      |                                                      ^ Magic Number
  200 |       expect(compacted.find(l => l.i === ""c"").x).toBe(0);
  201 |     });
  202 |"
/home/gabriel/Disk/Research/research-javascript-test-smells/repositories/react-grid-layout/test/spec/fast-horizontal-compactor-test.js,Magic Number,"{'line': 200, 'column': 54, 'index': 6168}","  198 |       expect(compacted.find(l => l.i === ""a"").x).toBe(0);
  199 |       expect(compacted.find(l => l.i === ""b"").x).toBe(0);
> 200 |       expect(compacted.find(l => l.i === ""c"").x).toBe(0);
      |                                                      ^ Magic Number
  201 |     });
  202 |
  203 |     it(""wraps items to next row when they don't fit"", () => {"
/home/gabriel/Disk/Research/research-javascript-test-smells/repositories/react-grid-layout/test/spec/fast-horizontal-compactor-test.js,Magic Number,"{'line': 215, 'column': 27, 'index': 6649}","  213 |
  214 |       // Item a should be at x=0, y=0
> 215 |       expect(itemA.x).toBe(0);
      |                           ^ Magic Number
  216 |       expect(itemA.y).toBe(0);
  217 |
  218 |       // Item b can't fit next to a (6 + 8 = 14 > 12), so it wraps to next row"
/home/gabriel/Disk/Research/research-javascript-test-smells/repositories/react-grid-layout/test/spec/fast-horizontal-compactor-test.js,Magic Number,"{'line': 216, 'column': 27, 'index': 6680}","  214 |       // Item a should be at x=0, y=0
  215 |       expect(itemA.x).toBe(0);
> 216 |       expect(itemA.y).toBe(0);
      |                           ^ Magic Number
  217 |
  218 |       // Item b can't fit next to a (6 + 8 = 14 > 12), so it wraps to next row
  219 |       expect(itemB.y).toBeGreaterThan(0);"
/home/gabriel/Disk/Research/research-javascript-test-smells/repositories/react-grid-layout/test/spec/fast-horizontal-compactor-test.js,Magic Number,"{'line': 219, 'column': 38, 'index': 6802}","  217 |
  218 |       // Item b can't fit next to a (6 + 8 = 14 > 12), so it wraps to next row
> 219 |       expect(itemB.y).toBeGreaterThan(0);
      |                                      ^ Magic Number
  220 |       expect(itemB.x).toBe(0); // Should compact to left of its new row
  221 |     });
  222 |"
/home/gabriel/Disk/Research/research-javascript-test-smells/repositories/react-grid-layout/test/spec/fast-horizontal-compactor-test.js,Magic Number,"{'line': 220, 'column': 27, 'index': 6833}","  218 |       // Item b can't fit next to a (6 + 8 = 14 > 12), so it wraps to next row
  219 |       expect(itemB.y).toBeGreaterThan(0);
> 220 |       expect(itemB.x).toBe(0); // Should compact to left of its new row
      |                           ^ Magic Number
  221 |     });
  222 |
  223 |     it(""wraps multiple items when row is full"", () => {"
/home/gabriel/Disk/Research/research-javascript-test-smells/repositories/react-grid-layout/test/spec/fast-horizontal-compactor-test.js,Magic Number,"{'line': 237, 'column': 27, 'index': 7462}","  235 |       const itemC = compacted.find(l => l.i === ""c"");
  236 |
> 237 |       expect(itemA.y).toBe(0);
      |                           ^ Magic Number
  238 |       expect(itemB.y).toBe(0);
  239 |       expect(itemC.y).toBe(1); // Third item wraps to next row
  240 |"
/home/gabriel/Disk/Research/research-javascript-test-smells/repositories/react-grid-layout/test/spec/fast-horizontal-compactor-test.js,Magic Number,"{'line': 238, 'column': 27, 'index': 7493}","  236 |
  237 |       expect(itemA.y).toBe(0);
> 238 |       expect(itemB.y).toBe(0);
      |                           ^ Magic Number
  239 |       expect(itemC.y).toBe(1); // Third item wraps to next row
  240 |
  241 |       // No overlaps"
/home/gabriel/Disk/Research/research-javascript-test-smells/repositories/react-grid-layout/test/spec/fast-horizontal-compactor-test.js,Magic Number,"{'line': 239, 'column': 27, 'index': 7524}","  237 |       expect(itemA.y).toBe(0);
  238 |       expect(itemB.y).toBe(0);
> 239 |       expect(itemC.y).toBe(1); // Third item wraps to next row
      |                           ^ Magic Number
  240 |
  241 |       // No overlaps
  242 |       expect(hasOverlaps(compacted)).toBe(false);"
/home/gabriel/Disk/Research/research-javascript-test-smells/repositories/react-grid-layout/test/spec/fast-horizontal-compactor-test.js,Magic Number,"{'line': 350, 'column': 34, 'index': 11272}","  348 |       const compacted = fastHorizontalCompactor.compact(layout, 12);
  349 |
> 350 |       expect(compacted[0].x).toBe(0); // Should compact to left
      |                                  ^ Magic Number
  351 |       expect(compacted[0].y).toBe(5); // Y preserved
  352 |     });
  353 |"
/home/gabriel/Disk/Research/research-javascript-test-smells/repositories/react-grid-layout/test/spec/fast-horizontal-compactor-test.js,Magic Number,"{'line': 351, 'column': 34, 'index': 11336}","  349 |
  350 |       expect(compacted[0].x).toBe(0); // Should compact to left
> 351 |       expect(compacted[0].y).toBe(5); // Y preserved
      |                                  ^ Magic Number
  352 |     });
  353 |
  354 |     it(""handles all static items"", () => {"
/home/gabriel/Disk/Research/research-javascript-test-smells/repositories/react-grid-layout/test/spec/fast-horizontal-compactor-test.js,Magic Number,"{'line': 363, 'column': 54, 'index': 11717}","  361 |
  362 |       // Static items should not move
> 363 |       expect(compacted.find(l => l.i === ""a"").x).toBe(0);
      |                                                      ^ Magic Number
  364 |       expect(compacted.find(l => l.i === ""b"").x).toBe(4);
  365 |     });
  366 |"
/home/gabriel/Disk/Research/research-javascript-test-smells/repositories/react-grid-layout/test/spec/fast-horizontal-compactor-test.js,Magic Number,"{'line': 364, 'column': 54, 'index': 11775}","  362 |       // Static items should not move
  363 |       expect(compacted.find(l => l.i === ""a"").x).toBe(0);
> 364 |       expect(compacted.find(l => l.i === ""b"").x).toBe(4);
      |                                                      ^ Magic Number
  365 |     });
  366 |
  367 |     it(""handles items wider than grid"", () => {"
/home/gabriel/Disk/Research/research-javascript-test-smells/repositories/react-grid-layout/test/spec/fast-horizontal-compactor-test.js,Magic Number,"{'line': 374, 'column': 36, 'index': 12066}","  372 |       // Should not throw
  373 |       const compacted = fastHorizontalCompactor.compact(layout, 12);
> 374 |       expect(compacted.length).toBe(1);
      |                                    ^ Magic Number
  375 |     });
  376 |
  377 |     it(""handles items at x position beyond grid"", () => {"
/home/gabriel/Disk/Research/research-javascript-test-smells/repositories/react-grid-layout/test/spec/fast-horizontal-compactor-test.js,Magic Number,"{'line': 384, 'column': 36, 'index': 12363}","  382 |       // Should not throw
  383 |       const compacted = fastHorizontalCompactor.compact(layout, 12);
> 384 |       expect(compacted.length).toBe(1);
      |                                    ^ Magic Number
  385 |       // Should be compacted to left
  386 |       expect(compacted[0].x).toBe(0);
  387 |     });"
/home/gabriel/Disk/Research/research-javascript-test-smells/repositories/react-grid-layout/test/spec/fast-horizontal-compactor-test.js,Magic Number,"{'line': 386, 'column': 34, 'index': 12438}","  384 |       expect(compacted.length).toBe(1);
  385 |       // Should be compacted to left
> 386 |       expect(compacted[0].x).toBe(0);
      |                                  ^ Magic Number
  387 |     });
  388 |
  389 |     it(""handles items with y beyond initial maxRow"", () => {"
/home/gabriel/Disk/Research/research-javascript-test-smells/repositories/react-grid-layout/test/spec/fast-horizontal-compactor-test.js,Magic Number,"{'line': 397, 'column': 54, 'index': 12829}","  395 |       // Should not throw and should compact correctly
  396 |       const compacted = fastHorizontalCompactor.compact(layout, 12);
> 397 |       expect(compacted.find(l => l.i === ""a"").x).toBe(0);
      |                                                      ^ Magic Number
  398 |       expect(compacted.find(l => l.i === ""b"").x).toBe(0);
  399 |       expect(compacted.find(l => l.i === ""b"").y).toBe(100); // Y preserved
  400 |     });"
/home/gabriel/Disk/Research/research-javascript-test-smells/repositories/react-grid-layout/test/spec/fast-horizontal-compactor-test.js,Magic Number,"{'line': 398, 'column': 54, 'index': 12887}","  396 |       const compacted = fastHorizontalCompactor.compact(layout, 12);
  397 |       expect(compacted.find(l => l.i === ""a"").x).toBe(0);
> 398 |       expect(compacted.find(l => l.i === ""b"").x).toBe(0);
      |                                                      ^ Magic Number
  399 |       expect(compacted.find(l => l.i === ""b"").y).toBe(100); // Y preserved
  400 |     });
  401 |"
/home/gabriel/Disk/Research/research-javascript-test-smells/repositories/react-grid-layout/test/spec/fast-horizontal-compactor-test.js,Magic Number,"{'line': 399, 'column': 54, 'index': 12945}","  397 |       expect(compacted.find(l => l.i === ""a"").x).toBe(0);
  398 |       expect(compacted.find(l => l.i === ""b"").x).toBe(0);
> 399 |       expect(compacted.find(l => l.i === ""b"").y).toBe(100); // Y preserved
      |                                                      ^ Magic Number
  400 |     });
  401 |
  402 |     it(""handles pathological layouts that exceed max row limit gracefully"", () => {"
/home/gabriel/Disk/Research/research-javascript-test-smells/repositories/react-grid-layout/test/spec/fast-horizontal-compactor-test.js,Magic Number,"{'line': 417, 'column': 36, 'index': 13695}","  415 |       // Layout should still be returned
  416 |       expect(compacted).toBeDefined();
> 417 |       expect(compacted.length).toBe(2);
      |                                    ^ Magic Number
  418 |
  419 |       // Warning should have been logged
  420 |       expect(consoleWarn).toHaveBeenCalledWith("
/home/gabriel/Disk/Research/research-javascript-test-smells/repositories/react-grid-layout/test/spec/fast-horizontal-compactor-test.js,Magic Number,"{'line': 529, 'column': 37, 'index': 17772}","  527 |       // Fast compactor should not be significantly worse
  528 |       // Allow some tolerance since algorithms may differ
> 529 |       expect(stdBetter).toBeLessThan(40); // At most 80% worse
      |                                     ^ Magic Number
  530 |     });
  531 |
  532 |     it(""handles complex static item configurations identically"", () => {"
/home/gabriel/Disk/Research/research-javascript-test-smells/repositories/react-grid-layout/test/spec/fast-horizontal-compactor-test.js,Magic Number,"{'line': 610, 'column': 37, 'index': 20700}","  608 |       );
  609 |
> 610 |       expect(widthDiff).toBeLessThan(0.3); // Within 30%
      |                                     ^ Magic Number
  611 |     });
  612 |
  613 |     it(""handles edge case: items that could stack in different orders"", () => {"
/home/gabriel/Disk/Research/research-javascript-test-smells/repositories/react-grid-layout/test/spec/fast-horizontal-compactor-test.js,Magic Number,"{'line': 629, 'column': 45, 'index': 21502}","  627 |
  628 |       // Total width should be 6 (3 items * width 2)
> 629 |       expect(layoutWidth(stdCompacted)).toBe(6);
      |                                             ^ Magic Number
  630 |       expect(layoutWidth(fastCompacted)).toBe(6);
  631 |     });
  632 |"
/home/gabriel/Disk/Research/research-javascript-test-smells/repositories/react-grid-layout/test/spec/fast-horizontal-compactor-test.js,Magic Number,"{'line': 630, 'column': 46, 'index': 21552}","  628 |       // Total width should be 6 (3 items * width 2)
  629 |       expect(layoutWidth(stdCompacted)).toBe(6);
> 630 |       expect(layoutWidth(fastCompacted)).toBe(6);
      |                                              ^ Magic Number
  631 |     });
  632 |
  633 |     it(""handles narrow grids (1-3 columns)"", () => {"
/home/gabriel/Disk/Research/research-javascript-test-smells/repositories/react-grid-layout/test/spec/fast-horizontal-compactor-test.js,Magic Number,"{'line': 668, 'column': 58, 'index': 22728}","  666 |
  667 |       // Item a should be at x=0
> 668 |       expect(fastCompacted.find(l => l.i === ""a"").x).toBe(0);
      |                                                          ^ Magic Number
  669 |       // Item b should be at x=2 (right after a, overlapping rows)
  670 |       expect(fastCompacted.find(l => l.i === ""b"").x).toBe(2);
  671 |     });"
/home/gabriel/Disk/Research/research-javascript-test-smells/repositories/react-grid-layout/test/spec/fast-horizontal-compactor-test.js,Magic Number,"{'line': 670, 'column': 58, 'index': 22857}","  668 |       expect(fastCompacted.find(l => l.i === ""a"").x).toBe(0);
  669 |       // Item b should be at x=2 (right after a, overlapping rows)
> 670 |       expect(fastCompacted.find(l => l.i === ""b"").x).toBe(2);
      |                                                          ^ Magic Number
  671 |     });
  672 |   });
  673 | });"
/home/gabriel/Disk/Research/research-javascript-test-smells/repositories/react-grid-layout/test/spec/fast-horizontal-compactor-test.js,Redundant Print,"{'line': 328, 'column': 6, 'index': 10583}","  326 |       );
  327 |
> 328 |       console.log(
      |      ^ Redundant Print
  329 |         [
  330 |           """",
  331 |           ""  With static items (200 items, 20 static):"","
/home/gabriel/Disk/Research/research-javascript-test-smells/repositories/react-grid-layout/test/spec/fast-horizontal-compactor-test.js,Redundant Print,"{'line': 517, 'column': 6, 'index': 17364}","  515 |       }
  516 |
> 517 |       console.log(
      |      ^ Redundant Print
  518 |         [
  519 |           """",
  520 |           ""  Compaction width comparison (50 random layouts):"","
/home/gabriel/Disk/Research/research-javascript-test-smells/repositories/react-grid-layout/test/spec/fast-horizontal-compactor-test.js,Redundant Print,"{'line': 600, 'column': 6, 'index': 20401}","  598 |       const widthDiff = Math.abs(stdWidth - fastWidth) / Math.max(stdWidth, 1);
  599 |
> 600 |       console.log(
      |      ^ Redundant Print
  601 |         [
  602 |           """",
  603 |           ""  Deterministic 100-item layout:"","
/home/gabriel/Disk/Research/research-javascript-test-smells/repositories/react-grid-layout/test/spec/fast-horizontal-compactor-test.js,Unknown Test,"{'column': 4, 'line': 315}","  313 |     });
  314 |
> 315 |     it(""compares with static items (200 items, 20 static)"", () => {
      |    ^ Unknown Test
  316 |       const layout = generateRandomLayout(200, 12, 20);
  317 |
  318 |       const stdTime = measureTime("
/home/gabriel/Disk/Research/research-javascript-test-smells/repositories/react-grid-layout/test/spec/fast-compactor-test.js,Conditional Test Logic,"{'line': 23, 'column': 2, 'index': 590}","  21 | function generateRandomLayout(n, cols = 12, numStatics = 0) {
  22 |   const layout = [];
> 23 |   for (let i = 0; i < n; i++) {
     |  ^ Conditional Test Logic
  24 |     const isStatic = i < numStatics;
  25 |     layout.push({
  26 |       i: String(i),"
/home/gabriel/Disk/Research/research-javascript-test-smells/repositories/react-grid-layout/test/spec/fast-compactor-test.js,Conditional Test Logic,"{'line': 40, 'column': 2, 'index': 1044}","  38 | function generateGridLayout(n, cols = 12) {
  39 |   const layout = [];
> 40 |   for (let i = 0; i < n; i++) {
     |  ^ Conditional Test Logic
  41 |     layout.push({
  42 |       i: String(i),
  43 |       x: (i * 2) % cols,"
/home/gabriel/Disk/Research/research-javascript-test-smells/repositories/react-grid-layout/test/spec/fast-compactor-test.js,Conditional Test Logic,"{'line': 55, 'column': 2, 'index': 1345}","  53 | function generateMessyLayout(n, cols = 12) {
  54 |   const layout = [];
> 55 |   for (let i = 0; i < n; i++) {
     |  ^ Conditional Test Logic
  56 |     layout.push({
  57 |       i: String(i),
  58 |       x: Math.floor(Math.random() * (cols - 2)),"
/home/gabriel/Disk/Research/research-javascript-test-smells/repositories/react-grid-layout/test/spec/fast-compactor-test.js,Conditional Test Logic,"{'line': 69, 'column': 2, 'index': 1745}","  67 | // Check if a layout has any overlaps (ignoring static items overlapping each other)
  68 | function hasOverlaps(layout) {
> 69 |   for (let i = 0; i < layout.length; i++) {
     |  ^ Conditional Test Logic
  70 |     for (let j = i + 1; j < layout.length; j++) {
  71 |       if (collides(layout[i], layout[j])) {
  72 |         // Allow static items to overlap with each other"
/home/gabriel/Disk/Research/research-javascript-test-smells/repositories/react-grid-layout/test/spec/fast-compactor-test.js,Conditional Test Logic,"{'line': 70, 'column': 4, 'index': 1791}","  68 | function hasOverlaps(layout) {
  69 |   for (let i = 0; i < layout.length; i++) {
> 70 |     for (let j = i + 1; j < layout.length; j++) {
     |    ^ Conditional Test Logic
  71 |       if (collides(layout[i], layout[j])) {
  72 |         // Allow static items to overlap with each other
  73 |         if (layout[i].static && layout[j].static) continue;"
/home/gabriel/Disk/Research/research-javascript-test-smells/repositories/react-grid-layout/test/spec/fast-compactor-test.js,Conditional Test Logic,"{'line': 71, 'column': 6, 'index': 1843}","  69 |   for (let i = 0; i < layout.length; i++) {
  70 |     for (let j = i + 1; j < layout.length; j++) {
> 71 |       if (collides(layout[i], layout[j])) {
     |      ^ Conditional Test Logic
  72 |         // Allow static items to overlap with each other
  73 |         if (layout[i].static && layout[j].static) continue;
  74 |         return true;"
/home/gabriel/Disk/Research/research-javascript-test-smells/repositories/react-grid-layout/test/spec/fast-compactor-test.js,Conditional Test Logic,"{'line': 73, 'column': 8, 'index': 1946}","  71 |       if (collides(layout[i], layout[j])) {
  72 |         // Allow static items to overlap with each other
> 73 |         if (layout[i].static && layout[j].static) continue;
     |        ^ Conditional Test Logic
  74 |         return true;
  75 |       }
  76 |     }"
/home/gabriel/Disk/Research/research-javascript-test-smells/repositories/react-grid-layout/test/spec/fast-compactor-test.js,Conditional Test Logic,"{'line': 84, 'column': 2, 'index': 2164}","  82 | function measureTime(fn, iterations = 100) {
  83 |   const start = performance.now();
> 84 |   for (let i = 0; i < iterations; i++) {
     |  ^ Conditional Test Logic
  85 |     fn();
  86 |   }
  87 |   const end = performance.now();"
/home/gabriel/Disk/Research/research-javascript-test-smells/repositories/react-grid-layout/test/spec/fast-compactor-test.js,Conditional Test Logic,"{'line': 94, 'column': 6, 'index': 2433}","  92 |   describe(""Correctness"", () => {
  93 |     it(""produces a valid layout with no overlaps"", () => {
> 94 |       for (let run = 0; run < 10; run++) {
     |      ^ Conditional Test Logic
  95 |         const cols = 1 + Math.floor(Math.random() * 6);
  96 |         const numItems = 2 + Math.floor(Math.random() * 20);
  97 |         const numStatics = Math.floor(Math.random() * numItems);"
/home/gabriel/Disk/Research/research-javascript-test-smells/repositories/react-grid-layout/test/spec/fast-compactor-test.js,Conditional Test Logic,"{'line': 107, 'column': 6, 'index': 2942}","  105 |
  106 |     it(""is idempotent (compacting twice gives same result)"", () => {
> 107 |       for (let run = 0; run < 5; run++) {
      |      ^ Conditional Test Logic
  108 |         const layout = generateRandomLayout(50, 12, 5);
  109 |
  110 |         const compacted1 = fastVerticalCompactor.compact(layout, 12);"
/home/gabriel/Disk/Research/research-javascript-test-smells/repositories/react-grid-layout/test/spec/fast-compactor-test.js,Conditional Test Logic,"{'line': 114, 'column': 8, 'index': 3217}","  112 |
  113 |         // Compare positions
> 114 |         for (let i = 0; i < compacted1.length; i++) {
      |        ^ Conditional Test Logic
  115 |           const item1 = compacted1.find(l => l.i === compacted2[i].i);
  116 |           const item2 = compacted2[i];
  117 |           expect(item1.x).toBe(item2.x);"
/home/gabriel/Disk/Research/research-javascript-test-smells/repositories/react-grid-layout/test/spec/fast-compactor-test.js,Conditional Test Logic,"{'line': 170, 'column': 8, 'index': 4942}","  168 |       // Format time value
  169 |       const formatTime = time => {
> 170 |         if (time < 0.001) return `${(time * 1_000_000).toFixed(2)} ns`;
      |        ^ Conditional Test Logic
  171 |         if (time < 1) return `${(time * 1000).toFixed(2)} µs`;
  172 |         if (time < 1000) return `${time.toFixed(2)} ms`;
  173 |         return `${(time / 1000).toFixed(2)} s`;"
/home/gabriel/Disk/Research/research-javascript-test-smells/repositories/react-grid-layout/test/spec/fast-compactor-test.js,Conditional Test Logic,"{'line': 171, 'column': 8, 'index': 5014}","  169 |       const formatTime = time => {
  170 |         if (time < 0.001) return `${(time * 1_000_000).toFixed(2)} ns`;
> 171 |         if (time < 1) return `${(time * 1000).toFixed(2)} µs`;
      |        ^ Conditional Test Logic
  172 |         if (time < 1000) return `${time.toFixed(2)} ms`;
  173 |         return `${(time / 1000).toFixed(2)} s`;
  174 |       };"
/home/gabriel/Disk/Research/research-javascript-test-smells/repositories/react-grid-layout/test/spec/fast-compactor-test.js,Conditional Test Logic,"{'line': 172, 'column': 8, 'index': 5077}","  170 |         if (time < 0.001) return `${(time * 1_000_000).toFixed(2)} ns`;
  171 |         if (time < 1) return `${(time * 1000).toFixed(2)} µs`;
> 172 |         if (time < 1000) return `${time.toFixed(2)} ms`;
      |        ^ Conditional Test Logic
  173 |         return `${(time / 1000).toFixed(2)} s`;
  174 |       };
  175 |"
/home/gabriel/Disk/Research/research-javascript-test-smells/repositories/react-grid-layout/test/spec/fast-compactor-test.js,Conditional Test Logic,"{'line': 189, 'column': 8, 'index': 5810}","  187 |         const fastKey = `fast_${size}`;
  188 |
> 189 |         if (benchmarkResults[stdKey] && benchmarkResults[fastKey]) {
      |        ^ Conditional Test Logic
  190 |           const speedup = benchmarkResults[stdKey] / benchmarkResults[fastKey];
  191 |           lines.push(
  192 |             `│ ${String(size).padEnd(8)} │ ${formatTime(benchmarkResults[stdKey]).padStart(21)} │ ${formatTime(benchmarkResults[fastKey]).padStart(21)} │ ${speedup.toFixed(2).padStart(6)}x faster │`"
/home/gabriel/Disk/Research/research-javascript-test-smells/repositories/react-grid-layout/test/spec/fast-compactor-test.js,Conditional Test Logic,"{'line': 313, 'column': 6, 'index': 9739}","  311 |     // Helper to check if layouts have same items at same positions
  312 |     function layoutsMatch(layout1, layout2) {
> 313 |       if (layout1.length !== layout2.length) return false;
      |      ^ Conditional Test Logic
  314 |       for (const item1 of layout1) {
  315 |         const item2 = layout2.find(l => l.i === item1.i);
  316 |         if (!item2) return false;"
/home/gabriel/Disk/Research/research-javascript-test-smells/repositories/react-grid-layout/test/spec/fast-compactor-test.js,Conditional Test Logic,"{'line': 314, 'column': 6, 'index': 9798}","  312 |     function layoutsMatch(layout1, layout2) {
  313 |       if (layout1.length !== layout2.length) return false;
> 314 |       for (const item1 of layout1) {
      |      ^ Conditional Test Logic
  315 |         const item2 = layout2.find(l => l.i === item1.i);
  316 |         if (!item2) return false;
  317 |         if (item1.x !== item2.x || item1.y !== item2.y) return false;"
/home/gabriel/Disk/Research/research-javascript-test-smells/repositories/react-grid-layout/test/spec/fast-compactor-test.js,Conditional Test Logic,"{'line': 316, 'column': 8, 'index': 9895}","  314 |       for (const item1 of layout1) {
  315 |         const item2 = layout2.find(l => l.i === item1.i);
> 316 |         if (!item2) return false;
      |        ^ Conditional Test Logic
  317 |         if (item1.x !== item2.x || item1.y !== item2.y) return false;
  318 |       }
  319 |       return true;"
/home/gabriel/Disk/Research/research-javascript-test-smells/repositories/react-grid-layout/test/spec/fast-compactor-test.js,Conditional Test Logic,"{'line': 317, 'column': 8, 'index': 9929}","  315 |         const item2 = layout2.find(l => l.i === item1.i);
  316 |         if (!item2) return false;
> 317 |         if (item1.x !== item2.x || item1.y !== item2.y) return false;
      |        ^ Conditional Test Logic
  318 |       }
  319 |       return true;
  320 |     }"
/home/gabriel/Disk/Research/research-javascript-test-smells/repositories/react-grid-layout/test/spec/fast-compactor-test.js,Conditional Test Logic,"{'line': 363, 'column': 6, 'index': 11703}","  361 |       // For messy random layouts, the algorithms may produce different
  362 |       // but equally valid results. Both should have no overlaps.
> 363 |       for (let run = 0; run < 20; run++) {
      |      ^ Conditional Test Logic
  364 |         const layout = generateMessyLayout(50, 12);
  365 |
  366 |         const stdCompacted = verticalCompactor.compact(layout, 12);"
/home/gabriel/Disk/Research/research-javascript-test-smells/repositories/react-grid-layout/test/spec/fast-compactor-test.js,Conditional Test Logic,"{'line': 385, 'column': 6, 'index': 12516}","  383 |       let equal = 0;
  384 |
> 385 |       for (let run = 0; run < 50; run++) {
      |      ^ Conditional Test Logic
  386 |         const layout = generateMessyLayout(30, 12);
  387 |
  388 |         const stdCompacted = verticalCompactor.compact(layout, 12);"
/home/gabriel/Disk/Research/research-javascript-test-smells/repositories/react-grid-layout/test/spec/fast-compactor-test.js,Conditional Test Logic,"{'line': 394, 'column': 8, 'index': 12867}","  392 |         const fastHeight = layoutHeight(fastCompacted);
  393 |
> 394 |         if (fastHeight < stdHeight) fastBetter++;
      |        ^ Conditional Test Logic
  395 |         else if (stdHeight < fastHeight) stdBetter++;
  396 |         else equal++;
  397 |       }"
/home/gabriel/Disk/Research/research-javascript-test-smells/repositories/react-grid-layout/test/spec/fast-compactor-test.js,Conditional Test Logic,"{'line': 395, 'column': 13, 'index': 12922}","  393 |
  394 |         if (fastHeight < stdHeight) fastBetter++;
> 395 |         else if (stdHeight < fastHeight) stdBetter++;
      |             ^ Conditional Test Logic
  396 |         else equal++;
  397 |       }
  398 |"
/home/gabriel/Disk/Research/research-javascript-test-smells/repositories/react-grid-layout/test/spec/fast-compactor-test.js,Conditional Test Logic,"{'line': 430, 'column': 6, 'index': 14157}","  428 |
  429 |       // Static items should be in same position in both
> 430 |       for (const item of layout.filter(l => l.static)) {
      |      ^ Conditional Test Logic
  431 |         const stdItem = stdCompacted.find(l => l.i === item.i);
  432 |         const fastItem = fastCompacted.find(l => l.i === item.i);
  433 |         expect(stdItem.x).toBe(fastItem.x);"
/home/gabriel/Disk/Research/research-javascript-test-smells/repositories/react-grid-layout/test/spec/fast-compactor-test.js,Conditional Test Logic,"{'line': 448, 'column': 6, 'index': 14819}","  446 |
  447 |       // All items should preserve their w, h, and i
> 448 |       for (const original of layout) {
      |      ^ Conditional Test Logic
  449 |         const compacted = fastCompacted.find(l => l.i === original.i);
  450 |         expect(compacted).toBeDefined();
  451 |         expect(compacted.w).toBe(original.w);"
/home/gabriel/Disk/Research/research-javascript-test-smells/repositories/react-grid-layout/test/spec/fast-compactor-test.js,Conditional Test Logic,"{'line': 460, 'column': 6, 'index': 15311}","  458 |       // Use the same deterministic layout from benchmark-test.js
  459 |       const layout = [];
> 460 |       for (let i = 0; i < 100; i++) {
      |      ^ Conditional Test Logic
  461 |         layout.push({
  462 |           i: String(i),
  463 |           x: (i * 3) % 12,"
/home/gabriel/Disk/Research/research-javascript-test-smells/repositories/react-grid-layout/test/spec/fast-compactor-test.js,Conditional Test Logic,"{'line': 517, 'column': 6, 'index': 17274}","  515 |
  516 |     it(""handles narrow grids (1-3 columns)"", () => {
> 517 |       for (let cols = 1; cols <= 3; cols++) {
      |      ^ Conditional Test Logic
  518 |         const layout = [];
  519 |         for (let i = 0; i < 10; i++) {
  520 |           layout.push({"
/home/gabriel/Disk/Research/research-javascript-test-smells/repositories/react-grid-layout/test/spec/fast-compactor-test.js,Conditional Test Logic,"{'line': 519, 'column': 8, 'index': 17349}","  517 |       for (let cols = 1; cols <= 3; cols++) {
  518 |         const layout = [];
> 519 |         for (let i = 0; i < 10; i++) {
      |        ^ Conditional Test Logic
  520 |           layout.push({
  521 |             i: String(i),
  522 |             x: 0,"
/home/gabriel/Disk/Research/research-javascript-test-smells/repositories/react-grid-layout/test/spec/fast-compactor-test.js,Magic Number,"{'line': 133, 'column': 32, 'index': 3874}","  131 |       const staticItem = compacted.find(l => l.i === ""static"");
  132 |
> 133 |       expect(staticItem.x).toBe(5);
      |                                ^ Magic Number
  134 |       expect(staticItem.y).toBe(5);
  135 |     });
  136 |"
/home/gabriel/Disk/Research/research-javascript-test-smells/repositories/react-grid-layout/test/spec/fast-compactor-test.js,Magic Number,"{'line': 134, 'column': 32, 'index': 3910}","  132 |
  133 |       expect(staticItem.x).toBe(5);
> 134 |       expect(staticItem.y).toBe(5);
      |                                ^ Magic Number
  135 |     });
  136 |
  137 |     it(""moves items around static items"", () => {"
/home/gabriel/Disk/Research/research-javascript-test-smells/repositories/react-grid-layout/test/spec/fast-compactor-test.js,Magic Number,"{'line': 147, 'column': 27, 'index': 4320}","  145 |
  146 |       // Item should be moved to y=2 (right below static)
> 147 |       expect(itemA.y).toBe(2);
      |                           ^ Magic Number
  148 |     });
  149 |
  150 |     it(""handles overlap compactor variant"", () => {"
/home/gabriel/Disk/Research/research-javascript-test-smells/repositories/react-grid-layout/test/spec/fast-compactor-test.js,Magic Number,"{'line': 158, 'column': 46, 'index': 4700}","  156 |       // All items should have y >= 0
  157 |       compacted.forEach(item => {
> 158 |         expect(item.y).toBeGreaterThanOrEqual(0);
      |                                              ^ Magic Number
  159 |       });
  160 |     });
  161 |   });"
/home/gabriel/Disk/Research/research-javascript-test-smells/repositories/react-grid-layout/test/spec/fast-compactor-test.js,Magic Number,"{'line': 267, 'column': 34, 'index': 8310}","  265 |       const compacted = fastVerticalCompactor.compact(layout, 12);
  266 |
> 267 |       expect(compacted[0].x).toBe(5);
      |                                  ^ Magic Number
  268 |       expect(compacted[0].y).toBe(0); // Should compact to top
  269 |     });
  270 |"
/home/gabriel/Disk/Research/research-javascript-test-smells/repositories/react-grid-layout/test/spec/fast-compactor-test.js,Magic Number,"{'line': 268, 'column': 34, 'index': 8348}","  266 |
  267 |       expect(compacted[0].x).toBe(5);
> 268 |       expect(compacted[0].y).toBe(0); // Should compact to top
      |                                  ^ Magic Number
  269 |     });
  270 |
  271 |     it(""handles all static items"", () => {"
/home/gabriel/Disk/Research/research-javascript-test-smells/repositories/react-grid-layout/test/spec/fast-compactor-test.js,Magic Number,"{'line': 280, 'column': 54, 'index': 8737}","  278 |
  279 |       // Static items should not move
> 280 |       expect(compacted.find(l => l.i === ""a"").y).toBe(0);
      |                                                      ^ Magic Number
  281 |       expect(compacted.find(l => l.i === ""b"").y).toBe(4);
  282 |     });
  283 |"
/home/gabriel/Disk/Research/research-javascript-test-smells/repositories/react-grid-layout/test/spec/fast-compactor-test.js,Magic Number,"{'line': 281, 'column': 54, 'index': 8795}","  279 |       // Static items should not move
  280 |       expect(compacted.find(l => l.i === ""a"").y).toBe(0);
> 281 |       expect(compacted.find(l => l.i === ""b"").y).toBe(4);
      |                                                      ^ Magic Number
  282 |     });
  283 |
  284 |     it(""handles items wider than grid"", () => {"
/home/gabriel/Disk/Research/research-javascript-test-smells/repositories/react-grid-layout/test/spec/fast-compactor-test.js,Magic Number,"{'line': 291, 'column': 36, 'index': 9084}","  289 |       // Should not throw
  290 |       const compacted = fastVerticalCompactor.compact(layout, 12);
> 291 |       expect(compacted.length).toBe(1);
      |                                    ^ Magic Number
  292 |     });
  293 |
  294 |     it(""handles items at x position beyond grid"", () => {"
/home/gabriel/Disk/Research/research-javascript-test-smells/repositories/react-grid-layout/test/spec/fast-compactor-test.js,Magic Number,"{'line': 301, 'column': 36, 'index': 9379}","  299 |       // Should not throw
  300 |       const compacted = fastVerticalCompactor.compact(layout, 12);
> 301 |       expect(compacted.length).toBe(1);
      |                                    ^ Magic Number
  302 |     });
  303 |   });
  304 |"
/home/gabriel/Disk/Research/research-javascript-test-smells/repositories/react-grid-layout/test/spec/fast-compactor-test.js,Magic Number,"{'line': 411, 'column': 37, 'index': 13409}","  409 |       // Fast compactor should not be significantly worse
  410 |       // Allow some tolerance since algorithms may differ
> 411 |       expect(stdBetter).toBeLessThan(40); // At most 80% worse
      |                                     ^ Magic Number
  412 |     });
  413 |
  414 |     it(""handles complex static item configurations identically"", () => {"
/home/gabriel/Disk/Research/research-javascript-test-smells/repositories/react-grid-layout/test/spec/fast-compactor-test.js,Magic Number,"{'line': 493, 'column': 38, 'index': 16350}","  491 |       );
  492 |
> 493 |       expect(heightDiff).toBeLessThan(0.2); // Within 20%
      |                                      ^ Magic Number
  494 |     });
  495 |
  496 |     it(""handles edge case: items that could stack in different orders"", () => {"
/home/gabriel/Disk/Research/research-javascript-test-smells/repositories/react-grid-layout/test/spec/fast-compactor-test.js,Magic Number,"{'line': 512, 'column': 46, 'index': 17151}","  510 |
  511 |       // Total height should be 6 (3 items * height 2)
> 512 |       expect(layoutHeight(stdCompacted)).toBe(6);
      |                                              ^ Magic Number
  513 |       expect(layoutHeight(fastCompacted)).toBe(6);
  514 |     });
  515 |"
/home/gabriel/Disk/Research/research-javascript-test-smells/repositories/react-grid-layout/test/spec/fast-compactor-test.js,Magic Number,"{'line': 513, 'column': 47, 'index': 17202}","  511 |       // Total height should be 6 (3 items * height 2)
  512 |       expect(layoutHeight(stdCompacted)).toBe(6);
> 513 |       expect(layoutHeight(fastCompacted)).toBe(6);
      |                                               ^ Magic Number
  514 |     });
  515 |
  516 |     it(""handles narrow grids (1-3 columns)"", () => {"
/home/gabriel/Disk/Research/research-javascript-test-smells/repositories/react-grid-layout/test/spec/fast-compactor-test.js,Redundant Print,"{'line': 245, 'column': 6, 'index': 7625}","  243 |       );
  244 |
> 245 |       console.log(
      |      ^ Redundant Print
  246 |         [
  247 |           """",
  248 |           ""  With static items (200 items, 20 static):"","
/home/gabriel/Disk/Research/research-javascript-test-smells/repositories/react-grid-layout/test/spec/fast-compactor-test.js,Redundant Print,"{'line': 399, 'column': 6, 'index': 13000}","  397 |       }
  398 |
> 399 |       console.log(
      |      ^ Redundant Print
  400 |         [
  401 |           """",
  402 |           ""  Compaction height comparison (50 random layouts):"","
/home/gabriel/Disk/Research/research-javascript-test-smells/repositories/react-grid-layout/test/spec/fast-compactor-test.js,Redundant Print,"{'line': 483, 'column': 6, 'index': 16045}","  481 |         Math.abs(stdHeight - fastHeight) / Math.max(stdHeight, 1);
  482 |
> 483 |       console.log(
      |      ^ Redundant Print
  484 |         [
  485 |           """",
  486 |           ""  Deterministic 100-item layout:"","
/home/gabriel/Disk/Research/research-javascript-test-smells/repositories/react-grid-layout/test/spec/fast-compactor-test.js,Unknown Test,"{'column': 4, 'line': 232}","  230 |     });
  231 |
> 232 |     it(""compares with static items (200 items, 20 static)"", () => {
      |    ^ Unknown Test
  233 |       const layout = generateRandomLayout(200, 12, 20);
  234 |
  235 |       const stdTime = measureTime("
/home/gabriel/Disk/Research/research-javascript-test-smells/repositories/react-grid-layout/test/spec/benchmark-test.js,Conditional Test Logic,"{'line': 32, 'column': 2, 'index': 1076}","  30 | function generateLayout(n, cols = 12) {
  31 |   const layout = [];
> 32 |   for (let i = 0; i < n; i++) {
     |  ^ Conditional Test Logic
  33 |     layout.push({
  34 |       i: String(i),
  35 |       x: (i * 2) % cols,"
/home/gabriel/Disk/Research/research-javascript-test-smells/repositories/react-grid-layout/test/spec/benchmark-test.js,Conditional Test Logic,"{'line': 47, 'column': 2, 'index': 1374}","  45 | function generateMessyLayout(n, cols = 12) {
  46 |   const layout = [];
> 47 |   for (let i = 0; i < n; i++) {
     |  ^ Conditional Test Logic
  48 |     layout.push({
  49 |       i: String(i),
  50 |       x: Math.floor(Math.random() * (cols - 2)),"
/home/gabriel/Disk/Research/research-javascript-test-smells/repositories/react-grid-layout/test/spec/benchmark-test.js,Conditional Test Logic,"{'line': 62, 'column': 2, 'index': 1778}","  60 | function measureTime(fn, iterations = 100) {
  61 |   const start = performance.now();
> 62 |   for (let i = 0; i < iterations; i++) {
     |  ^ Conditional Test Logic
  63 |     fn();
  64 |   }
  65 |   const end = performance.now();"
/home/gabriel/Disk/Research/research-javascript-test-smells/repositories/react-grid-layout/test/spec/benchmark-test.js,Conditional Test Logic,"{'line': 73, 'column': 2, 'index': 2028}","  71 |   const times = [];
  72 |
> 73 |   for (let i = 0; i < iterations; i++) {
     |  ^ Conditional Test Logic
  74 |     const start = performance.now();
  75 |     const { unmount } = render(<Component {...props} />);
  76 |     const end = performance.now();"
/home/gabriel/Disk/Research/research-javascript-test-smells/repositories/react-grid-layout/test/spec/benchmark-test.js,Conditional Test Logic,"{'line': 93, 'column': 6, 'index': 2588}","  91 |     // Format time value with appropriate units
  92 |     const formatTime = time => {
> 93 |       if (typeof time !== ""number"") return String(time);
     |      ^ Conditional Test Logic
  94 |       if (time < 0.001) return `${(time * 1_000_000).toFixed(2)} ns`;
  95 |       if (time < 1) return `${(time * 1000).toFixed(2)} µs`;
  96 |       if (time < 1000) return `${time.toFixed(2)} ms`;"
/home/gabriel/Disk/Research/research-javascript-test-smells/repositories/react-grid-layout/test/spec/benchmark-test.js,Conditional Test Logic,"{'line': 94, 'column': 6, 'index': 2645}","  92 |     const formatTime = time => {
  93 |       if (typeof time !== ""number"") return String(time);
> 94 |       if (time < 0.001) return `${(time * 1_000_000).toFixed(2)} ns`;
     |      ^ Conditional Test Logic
  95 |       if (time < 1) return `${(time * 1000).toFixed(2)} µs`;
  96 |       if (time < 1000) return `${time.toFixed(2)} ms`;
  97 |       return `${(time / 1000).toFixed(2)} s`;"
/home/gabriel/Disk/Research/research-javascript-test-smells/repositories/react-grid-layout/test/spec/benchmark-test.js,Conditional Test Logic,"{'line': 95, 'column': 6, 'index': 2715}","  93 |       if (typeof time !== ""number"") return String(time);
  94 |       if (time < 0.001) return `${(time * 1_000_000).toFixed(2)} ns`;
> 95 |       if (time < 1) return `${(time * 1000).toFixed(2)} µs`;
     |      ^ Conditional Test Logic
  96 |       if (time < 1000) return `${time.toFixed(2)} ms`;
  97 |       return `${(time / 1000).toFixed(2)} s`;
  98 |     };"
/home/gabriel/Disk/Research/research-javascript-test-smells/repositories/react-grid-layout/test/spec/benchmark-test.js,Conditional Test Logic,"{'line': 96, 'column': 6, 'index': 2776}","  94 |       if (time < 0.001) return `${(time * 1_000_000).toFixed(2)} ns`;
  95 |       if (time < 1) return `${(time * 1000).toFixed(2)} µs`;
> 96 |       if (time < 1000) return `${time.toFixed(2)} ms`;
     |      ^ Conditional Test Logic
  97 |       return `${(time / 1000).toFixed(2)} s`;
  98 |     };
  99 |"
/home/gabriel/Disk/Research/research-javascript-test-smells/repositories/react-grid-layout/test/spec/benchmark-test.js,Conditional Test Logic,"{'line': 111, 'column': 6, 'index': 3130}","  109 |
  110 |     Object.entries(benchmarkResults).forEach(([name, time]) => {
> 111 |       if (name.startsWith(""compact_""))
      |      ^ Conditional Test Logic
  112 |         categories[""Compaction""].push([name, time]);
  113 |       else if (name.startsWith(""move_"")) categories[""Move""].push([name, time]);
  114 |       else if (name.startsWith(""sort_"")) categories[""Sort""].push([name, time]);"
/home/gabriel/Disk/Research/research-javascript-test-smells/repositories/react-grid-layout/test/spec/benchmark-test.js,Conditional Test Logic,"{'line': 113, 'column': 11, 'index': 3227}","  111 |       if (name.startsWith(""compact_""))
  112 |         categories[""Compaction""].push([name, time]);
> 113 |       else if (name.startsWith(""move_"")) categories[""Move""].push([name, time]);
      |           ^ Conditional Test Logic
  114 |       else if (name.startsWith(""sort_"")) categories[""Sort""].push([name, time]);
  115 |       else if (name.startsWith(""correct_""))
  116 |         categories[""Bounds""].push([name, time]);"
/home/gabriel/Disk/Research/research-javascript-test-smells/repositories/react-grid-layout/test/spec/benchmark-test.js,Conditional Test Logic,"{'line': 114, 'column': 11, 'index': 3307}","  112 |         categories[""Compaction""].push([name, time]);
  113 |       else if (name.startsWith(""move_"")) categories[""Move""].push([name, time]);
> 114 |       else if (name.startsWith(""sort_"")) categories[""Sort""].push([name, time]);
      |           ^ Conditional Test Logic
  115 |       else if (name.startsWith(""correct_""))
  116 |         categories[""Bounds""].push([name, time]);
  117 |       else if (name.startsWith(""render_""))"
/home/gabriel/Disk/Research/research-javascript-test-smells/repositories/react-grid-layout/test/spec/benchmark-test.js,Conditional Test Logic,"{'line': 115, 'column': 11, 'index': 3387}","  113 |       else if (name.startsWith(""move_"")) categories[""Move""].push([name, time]);
  114 |       else if (name.startsWith(""sort_"")) categories[""Sort""].push([name, time]);
> 115 |       else if (name.startsWith(""correct_""))
      |           ^ Conditional Test Logic
  116 |         categories[""Bounds""].push([name, time]);
  117 |       else if (name.startsWith(""render_""))
  118 |         categories[""Render""].push([name, time]);"
/home/gabriel/Disk/Research/research-javascript-test-smells/repositories/react-grid-layout/test/spec/benchmark-test.js,Conditional Test Logic,"{'line': 117, 'column': 11, 'index': 3480}","  115 |       else if (name.startsWith(""correct_""))
  116 |         categories[""Bounds""].push([name, time]);
> 117 |       else if (name.startsWith(""render_""))
      |           ^ Conditional Test Logic
  118 |         categories[""Render""].push([name, time]);
  119 |       else if (name.startsWith(""drag_""))
  120 |         categories[""Simulation""].push([name, time]);"
/home/gabriel/Disk/Research/research-javascript-test-smells/repositories/react-grid-layout/test/spec/benchmark-test.js,Conditional Test Logic,"{'line': 119, 'column': 11, 'index': 3572}","  117 |       else if (name.startsWith(""render_""))
  118 |         categories[""Render""].push([name, time]);
> 119 |       else if (name.startsWith(""drag_""))
      |           ^ Conditional Test Logic
  120 |         categories[""Simulation""].push([name, time]);
  121 |     });
  122 |"
/home/gabriel/Disk/Research/research-javascript-test-smells/repositories/react-grid-layout/test/spec/benchmark-test.js,Conditional Test Logic,"{'line': 134, 'column': 6, 'index': 4252}","  132 |
  133 |     Object.entries(categories).forEach(([category, results]) => {
> 134 |       if (results.length === 0) return;
      |      ^ Conditional Test Logic
  135 |       // Category header
  136 |       lines.push(
  137 |         `│ ${category.toUpperCase().padEnd(49)} │                │`,"
/home/gabriel/Disk/Research/research-javascript-test-smells/repositories/react-grid-layout/test/spec/benchmark-test.js,Conditional Test Logic,"{'line': 273, 'column': 8, 'index': 8543}","  271 |         const item = currentLayout[0];
  272 |
> 273 |         for (let step = 0; step < iterations; step++) {
      |        ^ Conditional Test Logic
  274 |           const x = Math.floor((step / iterations) * 10);
  275 |           const y = Math.floor((step / iterations) * 10);
  276 |           currentLayout = moveElement("
/home/gabriel/Disk/Research/research-javascript-test-smells/repositories/react-grid-layout/test/spec/benchmark-test.js,Conditional Test Logic,"{'line': 302, 'column': 4, 'index': 9405}","  300 |     // Use seeded random for deterministic layout
  301 |     const layout = [];
> 302 |     for (let i = 0; i < 100; i++) {
      |    ^ Conditional Test Logic
  303 |       layout.push({
  304 |         i: String(i),
  305 |         x: (i * 3) % 12,"
/home/gabriel/Disk/Research/research-javascript-test-smells/repositories/react-grid-layout/test/spec/benchmark-test.js,Conditional Test Logic,"{'line': 320, 'column': 4, 'index': 9858}","  318 |   it(""compaction output is deterministic (horizontal, 100 items)"", () => {
  319 |     const layout = [];
> 320 |     for (let i = 0; i < 100; i++) {
      |    ^ Conditional Test Logic
  321 |       layout.push({
  322 |         i: String(i),
  323 |         x: (i * 3) % 12,"
/home/gabriel/Disk/Research/research-javascript-test-smells/repositories/react-grid-layout/test/spec/benchmark-test.js,Magic Number,"{'line': 293, 'column': 32, 'index': 9176}","  291 |
  292 |       // Full drag should complete quickly for smooth 60fps
> 293 |       expect(time).toBeLessThan(100); // 100ms for entire drag
      |                                ^ Magic Number
  294 |     });
  295 |   });
  296 | });"
/home/gabriel/Disk/Research/research-javascript-test-smells/repositories/react-grid-layout/test/spec/backcompat-test.js,Conditional Test Logic,"{'line': 82, 'column': 4, 'index': 2567}","  80 |
  81 |     const item = container.querySelector("".react-grid-item"");
> 82 |     if (item) {
     |    ^ Conditional Test Logic
  83 |       fireEvent.mouseDown(item, { clientX: 50, clientY: 50 });
  84 |     }
  85 |"
/home/gabriel/Disk/Research/research-javascript-test-smells/repositories/react-grid-layout/test/spec/backcompat-test.js,Conditional Test Logic,"{'line': 114, 'column': 4, 'index': 3629}","  112 |
  113 |     const item = container.querySelector("".react-grid-item"");
> 114 |     if (item) {
      |    ^ Conditional Test Logic
  115 |       fireEvent.mouseDown(item, { clientX: 50, clientY: 50 });
  116 |       // Move significantly right and down
  117 |       fireEvent.mouseMove(document, { clientX: 400, clientY: 200 });"
/home/gabriel/Disk/Research/research-javascript-test-smells/repositories/react-grid-layout/test/spec/backcompat-test.js,Conditional Test Logic,"{'line': 120, 'column': 4, 'index': 3827}","  118 |     }
  119 |
> 120 |     if (onDrag.mock.calls.length > 0) {
      |    ^ Conditional Test Logic
  121 |       const [, oldItem, newItem] = onDrag.mock.calls[0];
  122 |       // newItem should reflect the new position (different from old)
  123 |       // $FlowIgnore - test assertion, we know these exist"
/home/gabriel/Disk/Research/research-javascript-test-smells/repositories/react-grid-layout/test/spec/backcompat-test.js,Conditional Test Logic,"{'line': 152, 'column': 4, 'index': 4924}","  150 |     const [layout] = onLayoutChange.mock.calls[0];
  151 |     const item = layout.find(l => l.i === ""test"");
> 152 |     if (!item) throw new Error(""Item not found"");
      |    ^ Conditional Test Logic
  153 |
  154 |     expect(item.x).toBe(3);
  155 |     expect(item.y).toBe(5);"
/home/gabriel/Disk/Research/research-javascript-test-smells/repositories/react-grid-layout/test/spec/backcompat-test.js,Conditional Test Logic,"{'line': 228, 'column': 4, 'index': 6808}","  226 |     const [layout] = onLayoutChange.mock.calls[0];
  227 |     const item = layout.find(l => l.i === ""test"");
> 228 |     if (!item) throw new Error(""Item not found"");
      |    ^ Conditional Test Logic
  229 |
  230 |     expect(item.minW).toBe(1);
  231 |     expect(item.maxW).toBe(4);"
/home/gabriel/Disk/Research/research-javascript-test-smells/repositories/react-grid-layout/test/spec/backcompat-test.js,Conditional Test Logic,"{'line': 255, 'column': 4, 'index': 7514}","  253 |     expect(item).toBeInTheDocument();
  254 |
> 255 |     if (item) {
      |    ^ Conditional Test Logic
  256 |       fireEvent.mouseDown(item, { clientX: 50, clientY: 50 });
  257 |       fireEvent.mouseMove(document, { clientX: 200, clientY: 200 });
  258 |       fireEvent.mouseUp(document);"
/home/gabriel/Disk/Research/research-javascript-test-smells/repositories/react-grid-layout/test/spec/backcompat-test.js,Conditional Test Logic,"{'line': 286, 'column': 4, 'index': 8364}","  284 |
  285 |     const item = container.querySelector("".react-grid-item"");
> 286 |     if (item) {
      |    ^ Conditional Test Logic
  287 |       fireEvent.mouseDown(item, { clientX: 50, clientY: 50 });
  288 |       fireEvent.mouseMove(document, { clientX: 200, clientY: 200 });
  289 |       fireEvent.mouseUp(document);"
/home/gabriel/Disk/Research/research-javascript-test-smells/repositories/react-grid-layout/test/spec/backcompat-test.js,Conditional Test Logic,"{'line': 513, 'column': 4, 'index': 14685}","  511 |     // Find the call after resize
  512 |     const calls = onLayoutChange.mock.calls;
> 513 |     if (calls.length > 0) {
      |    ^ Conditional Test Logic
  514 |       const lastCall = calls[calls.length - 1];
  515 |       const [layout] = lastCall;
  516 |       // At sm breakpoint, width should be 2"
/home/gabriel/Disk/Research/research-javascript-test-smells/repositories/react-grid-layout/test/spec/backcompat-test.js,Conditional Test Logic,"{'line': 543, 'column': 4, 'index': 15543}","  541 |       call => call[0] === ""md""
  542 |     );
> 543 |     if (mdCalls.length > 0) {
      |    ^ Conditional Test Logic
  544 |       const [breakpoint, cols] = mdCalls[0];
  545 |       expect(breakpoint).toBe(""md"");
  546 |       expect(cols).toBe(10);"
/home/gabriel/Disk/Research/research-javascript-test-smells/repositories/react-grid-layout/test/spec/backcompat-test.js,Duplicate Assert,"{'line': 52, 'column': 6, 'index': 1640}","  50 |     // Verify all items have required fields
  51 |     layout.forEach(item => {
> 52 |       expect(item).toHaveProperty(""i"");
     |      ^ Duplicate Assert
  53 |       expect(item).toHaveProperty(""x"");
  54 |       expect(item).toHaveProperty(""y"");
  55 |       expect(item).toHaveProperty(""w"");"
/home/gabriel/Disk/Research/research-javascript-test-smells/repositories/react-grid-layout/test/spec/backcompat-test.js,Duplicate Assert,"{'line': 53, 'column': 6, 'index': 1680}","  51 |     layout.forEach(item => {
  52 |       expect(item).toHaveProperty(""i"");
> 53 |       expect(item).toHaveProperty(""x"");
     |      ^ Duplicate Assert
  54 |       expect(item).toHaveProperty(""y"");
  55 |       expect(item).toHaveProperty(""w"");
  56 |       expect(item).toHaveProperty(""h"");"
/home/gabriel/Disk/Research/research-javascript-test-smells/repositories/react-grid-layout/test/spec/backcompat-test.js,Duplicate Assert,"{'line': 54, 'column': 6, 'index': 1720}","  52 |       expect(item).toHaveProperty(""i"");
  53 |       expect(item).toHaveProperty(""x"");
> 54 |       expect(item).toHaveProperty(""y"");
     |      ^ Duplicate Assert
  55 |       expect(item).toHaveProperty(""w"");
  56 |       expect(item).toHaveProperty(""h"");
  57 |       expect(typeof item.i).toBe(""string"");"
/home/gabriel/Disk/Research/research-javascript-test-smells/repositories/react-grid-layout/test/spec/backcompat-test.js,Duplicate Assert,"{'line': 55, 'column': 6, 'index': 1760}","  53 |       expect(item).toHaveProperty(""x"");
  54 |       expect(item).toHaveProperty(""y"");
> 55 |       expect(item).toHaveProperty(""w"");
     |      ^ Duplicate Assert
  56 |       expect(item).toHaveProperty(""h"");
  57 |       expect(typeof item.i).toBe(""string"");
  58 |       expect(typeof item.x).toBe(""number"");"
/home/gabriel/Disk/Research/research-javascript-test-smells/repositories/react-grid-layout/test/spec/backcompat-test.js,Duplicate Assert,"{'line': 56, 'column': 6, 'index': 1800}","  54 |       expect(item).toHaveProperty(""y"");
  55 |       expect(item).toHaveProperty(""w"");
> 56 |       expect(item).toHaveProperty(""h"");
     |      ^ Duplicate Assert
  57 |       expect(typeof item.i).toBe(""string"");
  58 |       expect(typeof item.x).toBe(""number"");
  59 |       expect(typeof item.y).toBe(""number"");"
/home/gabriel/Disk/Research/research-javascript-test-smells/repositories/react-grid-layout/test/spec/backcompat-test.js,Duplicate Assert,"{'line': 378, 'column': 4, 'index': 11102}","  376 |     const style = item?.getAttribute(""style"") || """";
  377 |
> 378 |     expect(style).toContain(""top"");
      |    ^ Duplicate Assert
  379 |     expect(style).toContain(""left"");
  380 |     expect(style).not.toContain(""transform"");
  381 |   });"
/home/gabriel/Disk/Research/research-javascript-test-smells/repositories/react-grid-layout/test/spec/backcompat-test.js,Duplicate Assert,"{'line': 379, 'column': 4, 'index': 11138}","  377 |
  378 |     expect(style).toContain(""top"");
> 379 |     expect(style).toContain(""left"");
      |    ^ Duplicate Assert
  380 |     expect(style).not.toContain(""transform"");
  381 |   });
  382 | });"
/home/gabriel/Disk/Research/research-javascript-test-smells/repositories/react-grid-layout/test/spec/backcompat-test.js,Duplicate Assert,"{'line': 380, 'column': 4, 'index': 11175}","  378 |     expect(style).toContain(""top"");
  379 |     expect(style).toContain(""left"");
> 380 |     expect(style).not.toContain(""transform"");
      |    ^ Duplicate Assert
  381 |   });
  382 | });
  383 |"
/home/gabriel/Disk/Research/research-javascript-test-smells/repositories/react-grid-layout/test/spec/backcompat-test.js,Exception Handling,"{'line': 152, 'column': 15, 'index': 4935}","  150 |     const [layout] = onLayoutChange.mock.calls[0];
  151 |     const item = layout.find(l => l.i === ""test"");
> 152 |     if (!item) throw new Error(""Item not found"");
      |               ^ Exception Handling
  153 |
  154 |     expect(item.x).toBe(3);
  155 |     expect(item.y).toBe(5);"
/home/gabriel/Disk/Research/research-javascript-test-smells/repositories/react-grid-layout/test/spec/backcompat-test.js,Exception Handling,"{'line': 228, 'column': 15, 'index': 6819}","  226 |     const [layout] = onLayoutChange.mock.calls[0];
  227 |     const item = layout.find(l => l.i === ""test"");
> 228 |     if (!item) throw new Error(""Item not found"");
      |               ^ Exception Handling
  229 |
  230 |     expect(item.minW).toBe(1);
  231 |     expect(item.maxW).toBe(4);"
/home/gabriel/Disk/Research/research-javascript-test-smells/repositories/react-grid-layout/test/spec/backcompat-test.js,Magic Number,"{'line': 154, 'column': 24, 'index': 4995}","  152 |     if (!item) throw new Error(""Item not found"");
  153 |
> 154 |     expect(item.x).toBe(3);
      |                        ^ Magic Number
  155 |     expect(item.y).toBe(5);
  156 |     expect(item.w).toBe(4);
  157 |     expect(item.h).toBe(2);"
/home/gabriel/Disk/Research/research-javascript-test-smells/repositories/react-grid-layout/test/spec/backcompat-test.js,Magic Number,"{'line': 155, 'column': 24, 'index': 5023}","  153 |
  154 |     expect(item.x).toBe(3);
> 155 |     expect(item.y).toBe(5);
      |                        ^ Magic Number
  156 |     expect(item.w).toBe(4);
  157 |     expect(item.h).toBe(2);
  158 |   });"
/home/gabriel/Disk/Research/research-javascript-test-smells/repositories/react-grid-layout/test/spec/backcompat-test.js,Magic Number,"{'line': 156, 'column': 24, 'index': 5051}","  154 |     expect(item.x).toBe(3);
  155 |     expect(item.y).toBe(5);
> 156 |     expect(item.w).toBe(4);
      |                        ^ Magic Number
  157 |     expect(item.h).toBe(2);
  158 |   });
  159 |"
/home/gabriel/Disk/Research/research-javascript-test-smells/repositories/react-grid-layout/test/spec/backcompat-test.js,Magic Number,"{'line': 157, 'column': 24, 'index': 5079}","  155 |     expect(item.y).toBe(5);
  156 |     expect(item.w).toBe(4);
> 157 |     expect(item.h).toBe(2);
      |                        ^ Magic Number
  158 |   });
  159 |
  160 |   it(""extracts x, y, w, h from data-grid (with vertical compaction)"", () => {"
/home/gabriel/Disk/Research/research-javascript-test-smells/repositories/react-grid-layout/test/spec/backcompat-test.js,Magic Number,"{'line': 230, 'column': 27, 'index': 6882}","  228 |     if (!item) throw new Error(""Item not found"");
  229 |
> 230 |     expect(item.minW).toBe(1);
      |                           ^ Magic Number
  231 |     expect(item.maxW).toBe(4);
  232 |     expect(item.minH).toBe(1);
  233 |     expect(item.maxH).toBe(3);"
/home/gabriel/Disk/Research/research-javascript-test-smells/repositories/react-grid-layout/test/spec/backcompat-test.js,Magic Number,"{'line': 231, 'column': 27, 'index': 6913}","  229 |
  230 |     expect(item.minW).toBe(1);
> 231 |     expect(item.maxW).toBe(4);
      |                           ^ Magic Number
  232 |     expect(item.minH).toBe(1);
  233 |     expect(item.maxH).toBe(3);
  234 |   });"
/home/gabriel/Disk/Research/research-javascript-test-smells/repositories/react-grid-layout/test/spec/backcompat-test.js,Magic Number,"{'line': 232, 'column': 27, 'index': 6944}","  230 |     expect(item.minW).toBe(1);
  231 |     expect(item.maxW).toBe(4);
> 232 |     expect(item.minH).toBe(1);
      |                           ^ Magic Number
  233 |     expect(item.maxH).toBe(3);
  234 |   });
  235 |"
/home/gabriel/Disk/Research/research-javascript-test-smells/repositories/react-grid-layout/test/spec/backcompat-test.js,Magic Number,"{'line': 233, 'column': 27, 'index': 6975}","  231 |     expect(item.maxW).toBe(4);
  232 |     expect(item.minH).toBe(1);
> 233 |     expect(item.maxH).toBe(3);
      |                           ^ Magic Number
  234 |   });
  235 |
  236 |   it(""static:true in data-grid prevents item from being dragged"", () => {"
/home/gabriel/Disk/Research/research-javascript-test-smells/repositories/react-grid-layout/test/spec/backcompat-test.js,Magic Number,"{'line': 303, 'column': 32, 'index': 8966}","  301 |
  302 |     // Should be moved to y=0
> 303 |     expect(compacted[0].y).toBe(0);
      |                                ^ Magic Number
  304 |   });
  305 |
  306 |   it(""horizontal compaction moves items left to fill gaps"", () => {"
/home/gabriel/Disk/Research/research-javascript-test-smells/repositories/react-grid-layout/test/spec/backcompat-test.js,Magic Number,"{'line': 312, 'column': 32, 'index': 9281}","  310 |
  311 |     // Should be moved to x=0
> 312 |     expect(compacted[0].x).toBe(0);
      |                                ^ Magic Number
  313 |   });
  314 |
  315 |   it(""null compaction preserves original positions"", () => {"
/home/gabriel/Disk/Research/research-javascript-test-smells/repositories/react-grid-layout/test/spec/backcompat-test.js,Magic Number,"{'line': 320, 'column': 32, 'index': 9528}","  318 |
  319 |     // Position should be unchanged
> 320 |     expect(compacted[0].x).toBe(5);
      |                                ^ Magic Number
  321 |     expect(compacted[0].y).toBe(5);
  322 |   });
  323 |"
/home/gabriel/Disk/Research/research-javascript-test-smells/repositories/react-grid-layout/test/spec/backcompat-test.js,Magic Number,"{'line': 321, 'column': 32, 'index': 9564}","  319 |     // Position should be unchanged
  320 |     expect(compacted[0].x).toBe(5);
> 321 |     expect(compacted[0].y).toBe(5);
      |                                ^ Magic Number
  322 |   });
  323 |
  324 |   it(""vertical compaction stacks items correctly"", () => {"
/home/gabriel/Disk/Research/research-javascript-test-smells/repositories/react-grid-layout/test/spec/backcompat-test.js,Magic Number,"{'line': 517, 'column': 46, 'index': 14881}","  515 |       const [layout] = lastCall;
  516 |       // At sm breakpoint, width should be 2
> 517 |       expect(layout[0].w).toBeLessThanOrEqual(6); // Within sm cols
      |                                              ^ Magic Number
  518 |     }
  519 |   });
  520 |"
/home/gabriel/Disk/Research/research-javascript-test-smells/repositories/react-grid-layout/test/spec/backcompat-test.js,Magic Number,"{'line': 546, 'column': 24, 'index': 15675}","  544 |       const [breakpoint, cols] = mdCalls[0];
  545 |       expect(breakpoint).toBe(""md"");
> 546 |       expect(cols).toBe(10);
      |                        ^ Magic Number
  547 |     }
  548 |   });
  549 |"
/home/gabriel/Disk/Research/research-javascript-test-smells/repositories/react-grid-layout/test/spec/backcompat-test.js,Magic Number,"{'line': 574, 'column': 36, 'index': 16468}","  572 |     const lastLayout =
  573 |       onLayoutChange.mock.calls[onLayoutChange.mock.calls.length - 1][0];
> 574 |     expect(lastLayout).toHaveLength(1);
      |                                    ^ Magic Number
  575 |     expect(lastLayout[0].i).toBe(""a"");
  576 |   });
  577 | });"
/home/gabriel/Disk/Research/research-javascript-test-smells/repositories/react-grid-layout/test/spec/backcompat-test.js,Magic Number,"{'line': 654, 'column': 41, 'index': 18646}","  652 |
  653 |     // RAF should have been called to defer the state update
> 654 |     expect(rafCallCount).toBeGreaterThan(0);
      |                                         ^ Magic Number
  655 |
  656 |     // Restore
  657 |     global.requestAnimationFrame = originalRaf;"
/home/gabriel/Disk/Research/research-javascript-test-smells/repositories/react-grid-layout/test/spec/backcompat-test.js,Magic Number,"{'line': 692, 'column': 25, 'index': 19707}","  690 |     const itemB = resultLayout.find(l => l.i === ""b"");
  691 |
> 692 |     expect(itemA.x).toBe(0);
      |                         ^ Magic Number
  693 |     expect(itemA.y).toBe(0);
  694 |     expect(itemB.x).toBe(2);
  695 |     expect(itemB.y).toBe(2);"
/home/gabriel/Disk/Research/research-javascript-test-smells/repositories/react-grid-layout/test/spec/backcompat-test.js,Magic Number,"{'line': 693, 'column': 25, 'index': 19736}","  691 |
  692 |     expect(itemA.x).toBe(0);
> 693 |     expect(itemA.y).toBe(0);
      |                         ^ Magic Number
  694 |     expect(itemB.x).toBe(2);
  695 |     expect(itemB.y).toBe(2);
  696 |   });"
/home/gabriel/Disk/Research/research-javascript-test-smells/repositories/react-grid-layout/test/spec/backcompat-test.js,Magic Number,"{'line': 694, 'column': 25, 'index': 19765}","  692 |     expect(itemA.x).toBe(0);
  693 |     expect(itemA.y).toBe(0);
> 694 |     expect(itemB.x).toBe(2);
      |                         ^ Magic Number
  695 |     expect(itemB.y).toBe(2);
  696 |   });
  697 |"
/home/gabriel/Disk/Research/research-javascript-test-smells/repositories/react-grid-layout/test/spec/backcompat-test.js,Magic Number,"{'line': 695, 'column': 25, 'index': 19794}","  693 |     expect(itemA.y).toBe(0);
  694 |     expect(itemB.x).toBe(2);
> 695 |     expect(itemB.y).toBe(2);
      |                         ^ Magic Number
  696 |   });
  697 |
  698 |   it(""allowOverlap=true with compactType='vertical' preserves overlapping items"", () => {"
/home/gabriel/Disk/Research/research-javascript-test-smells/repositories/react-grid-layout/test/spec/backcompat-test.js,Magic Number,"{'line': 728, 'column': 25, 'index': 20706}","  726 |     const itemB = resultLayout.find(l => l.i === ""b"");
  727 |
> 728 |     expect(itemA.x).toBe(0);
      |                         ^ Magic Number
  729 |     expect(itemA.y).toBe(0);
  730 |     expect(itemB.x).toBe(2);
  731 |     expect(itemB.y).toBe(2); // Should NOT be pushed to y=4"
/home/gabriel/Disk/Research/research-javascript-test-smells/repositories/react-grid-layout/test/spec/backcompat-test.js,Magic Number,"{'line': 729, 'column': 25, 'index': 20735}","  727 |
  728 |     expect(itemA.x).toBe(0);
> 729 |     expect(itemA.y).toBe(0);
      |                         ^ Magic Number
  730 |     expect(itemB.x).toBe(2);
  731 |     expect(itemB.y).toBe(2); // Should NOT be pushed to y=4
  732 |   });"
/home/gabriel/Disk/Research/research-javascript-test-smells/repositories/react-grid-layout/test/spec/backcompat-test.js,Magic Number,"{'line': 730, 'column': 25, 'index': 20764}","  728 |     expect(itemA.x).toBe(0);
  729 |     expect(itemA.y).toBe(0);
> 730 |     expect(itemB.x).toBe(2);
      |                         ^ Magic Number
  731 |     expect(itemB.y).toBe(2); // Should NOT be pushed to y=4
  732 |   });
  733 |"
/home/gabriel/Disk/Research/research-javascript-test-smells/repositories/react-grid-layout/test/spec/backcompat-test.js,Magic Number,"{'line': 731, 'column': 25, 'index': 20793}","  729 |     expect(itemA.y).toBe(0);
  730 |     expect(itemB.x).toBe(2);
> 731 |     expect(itemB.y).toBe(2); // Should NOT be pushed to y=4
      |                         ^ Magic Number
  732 |   });
  733 |
  734 |   it(""allowOverlap=true with compactType='horizontal' preserves overlapping items"", () => {"
/home/gabriel/Disk/Research/research-javascript-test-smells/repositories/react-grid-layout/test/spec/backcompat-test.js,Magic Number,"{'line': 764, 'column': 25, 'index': 21740}","  762 |     const itemB = resultLayout.find(l => l.i === ""b"");
  763 |
> 764 |     expect(itemA.x).toBe(0);
      |                         ^ Magic Number
  765 |     expect(itemA.y).toBe(0);
  766 |     expect(itemB.x).toBe(2); // Should NOT be pushed to x=4
  767 |     expect(itemB.y).toBe(2);"
/home/gabriel/Disk/Research/research-javascript-test-smells/repositories/react-grid-layout/test/spec/backcompat-test.js,Magic Number,"{'line': 765, 'column': 25, 'index': 21769}","  763 |
  764 |     expect(itemA.x).toBe(0);
> 765 |     expect(itemA.y).toBe(0);
      |                         ^ Magic Number
  766 |     expect(itemB.x).toBe(2); // Should NOT be pushed to x=4
  767 |     expect(itemB.y).toBe(2);
  768 |   });"
/home/gabriel/Disk/Research/research-javascript-test-smells/repositories/react-grid-layout/test/spec/backcompat-test.js,Magic Number,"{'line': 766, 'column': 25, 'index': 21798}","  764 |     expect(itemA.x).toBe(0);
  765 |     expect(itemA.y).toBe(0);
> 766 |     expect(itemB.x).toBe(2); // Should NOT be pushed to x=4
      |                         ^ Magic Number
  767 |     expect(itemB.y).toBe(2);
  768 |   });
  769 |"
/home/gabriel/Disk/Research/research-javascript-test-smells/repositories/react-grid-layout/test/spec/backcompat-test.js,Magic Number,"{'line': 767, 'column': 25, 'index': 21858}","  765 |     expect(itemA.y).toBe(0);
  766 |     expect(itemB.x).toBe(2); // Should NOT be pushed to x=4
> 767 |     expect(itemB.y).toBe(2);
      |                         ^ Magic Number
  768 |   });
  769 |
  770 |   it(""allowOverlap=false (default) separates overlapping items"", () => {"
/home/gabriel/Disk/Research/research-javascript-test-smells/repositories/react-grid-layout/test/spec/backcompat-test.js,Magic Number,"{'line': 811, 'column': 63, 'index': 23218}","  809 |     // With allowOverlap=true, positions should be preserved
  810 |     const compactedWithOverlap = compact(layout, ""vertical"", 12, true);
> 811 |     expect(compactedWithOverlap.find(l => l.i === ""b"").y).toBe(2);
      |                                                               ^ Magic Number
  812 |
  813 |     // With allowOverlap=false (default), items should be separated
  814 |     // Note: Use ""vertical"" compactType to get collision resolution (#2213)"
/home/gabriel/Disk/Research/research-javascript-test-smells/repositories/react-grid-layout/test/spec/backcompat-test.js,Magic Number,"{'line': 818, 'column': 66, 'index': 23644}","  816 |     const compactedWithoutOverlap = compact(layout, ""vertical"", 12, false);
  817 |     // b should be pushed to y=4 (after a ends)
> 818 |     expect(compactedWithoutOverlap.find(l => l.i === ""b"").y).toBe(4);
      |                                                                  ^ Magic Number
  819 |   });
  820 | });
  821 |"
/home/gabriel/Disk/Research/research-javascript-test-smells/repositories/react-grid-layout/test/spec/backcompat-test.js,Magic Number,"{'line': 882, 'column': 30, 'index': 25379}","  880 |
  881 |     const items = container.querySelectorAll("".react-grid-item"");
> 882 |     expect(items.length).toBe(2);
      |                              ^ Magic Number
  883 |
  884 |     // Both items should have positioning styles
  885 |     items.forEach(item => {"
/home/gabriel/Disk/Research/research-javascript-test-smells/repositories/react-grid-layout/test/spec/backcompat-test.js,Magic Number,"{'line': 887, 'column': 43, 'index': 25558}","  885 |     items.forEach(item => {
  886 |       const style = item.getAttribute(""style"") || """";
> 887 |       expect(style.length).toBeGreaterThan(0);
      |                                           ^ Magic Number
  888 |     });
  889 |   });
  890 | });"
