file,type,line,method,methodStart,methodEnd,source
/tests/useColor.test.js,SubOptimalAssert,"{'startLine':41,'endLine':41}","test('when NO_COLOR empty then returns undefined', () => {
    process.env.NO_COLOR = '';
    expect(useColor()).toBe(undefined);
  })",39,42,snuts
/tests/program.test.js,AnonymousTest,"{'startLine':25,'endLine':27}","test('program', () => {
  checkClass(program, 'Command');
})",25,27,snuts
/tests/program.test.js,AnonymousTest,"{'startLine':29,'endLine':31}","test('Command', () => {
  checkClass(new Command('name'), 'Command');
})",29,31,snuts
/tests/program.test.js,AnonymousTest,"{'startLine':33,'endLine':35}","test('Option', () => {
  checkClass(new Option('-e, --example', 'description'), 'Option');
})",33,35,snuts
/tests/program.test.js,AnonymousTest,"{'startLine':37,'endLine':39}","test('Argument', () => {
  checkClass(new Argument('<foo>', 'description'), 'Argument');
})",37,39,snuts
/tests/program.test.js,AnonymousTest,"{'startLine':41,'endLine':43}","test('Help', () => {
  checkClass(new Help(), 'Help');
})",41,43,snuts
/tests/program.test.js,AnonymousTest,"{'startLine':45,'endLine':47}","test('CommanderError', () => {
  checkClass(new CommanderError(1, 'code', 'failed'), 'CommanderError');
})",45,47,snuts
/tests/program.test.js,AnonymousTest,"{'startLine':49,'endLine':51}","test('InvalidArgumentError', () => {
  checkClass(new InvalidArgumentError('failed'), 'InvalidArgumentError');
})",49,51,snuts
/tests/program.test.js,AnonymousTest,"{'startLine':53,'endLine':56}","test('InvalidOptionArgumentError', () => {
  // Deprecated
  checkClass(new InvalidOptionArgumentError('failed'), 'InvalidArgumentError');
})",53,56,snuts
/tests/program.test.js,AnonymousTest,"{'startLine':58,'endLine':60}","test('createCommand', () => {
  checkClass(createCommand('foo'), 'Command');
})",58,60,snuts
/tests/program.test.js,AnonymousTest,"{'startLine':62,'endLine':64}","test('createOption', () => {
  checkClass(createOption('-e, --example', 'description'), 'Option');
})",62,64,snuts
/tests/program.test.js,AnonymousTest,"{'startLine':66,'endLine':68}","test('createArgument', () => {
  checkClass(createArgument('<foo>', 'description'), 'Argument');
})",66,68,snuts
/tests/options.version.test.js,NonFunctionalStatement,"{'startLine':161,'endLine':161}","test('when have .version+version and specify --version then version displayed', () => {
    const myVersion = '1.2.3';
    const writeMock = jest.fn();
    const program = new commander.Command();
    program
      .exitOverride()
      .configureOutput({ writeOut: writeMock })
      .version(myVersion)
      .command('version')
      .action(() => {});

    expect(() => {
      program.parse(['node', 'test', '--version']);
    }).toThrow(myVersion);
    expect(writeMock).toHaveBeenCalledWith(`${myVersion}\n`);
  })",152,167,snuts
/tests/options.variadic.test.js,IdenticalTestDescription,"{'startLine':133,'endLine':139}","test('when variadic with one value then set in array', () => {
    const program = new commander.Command();
    program.option('-o,--optional [value...]');

    program.parse(['--optional', 'one'], { from: 'user' });
    expect(program.opts().optional).toEqual(['one']);
  })",133,139,snuts
/tests/options.variadic.test.js,IdenticalTestDescription,"{'startLine':141,'endLine':147}","test('when variadic with two values then set in array', () => {
    const program = new commander.Command();
    program.option('-o,--optional [value...]');

    program.parse(['--optional', 'one', 'two'], { from: 'user' });
    expect(program.opts().optional).toEqual(['one', 'two']);
  })",141,147,snuts
/tests/options.values.test.js,IdenticalTestDescription,"{'startLine':52,'endLine':56}","test('when short flag followed by value then value is as specified', () => {
    const program = createPortProgram();
    program.parse('node test -p 80'.split(' '));
    expect(program.opts().port).toBe('80');
  })",52,56,snuts
/tests/options.values.test.js,IdenticalTestDescription,"{'startLine':58,'endLine':62}","test('when short flag concatenated with value then value is as specified', () => {
    const program = createPortProgram();
    program.parse('node test -p80'.split(' '));
    expect(program.opts().port).toBe('80');
  })",58,62,snuts
/tests/options.values.test.js,IdenticalTestDescription,"{'startLine':64,'endLine':68}","test('when long flag followed by value then value is as specified', () => {
    const program = createPortProgram();
    program.parse('node test --port 80'.split(' '));
    expect(program.opts().port).toBe('80');
  })",64,68,snuts
/tests/options.values.test.js,IdenticalTestDescription,"{'startLine':70,'endLine':74}","test('when long flag = value then value is as specified', () => {
    const program = createPortProgram();
    program.parse('node test --port=80'.split(' '));
    expect(program.opts().port).toBe('80');
  })",70,74,snuts
/tests/options.required.test.js,IdenticalTestDescription,"{'startLine':49,'endLine':56}","test('when option specified then value is as specified', () => {
    const defaultValue = 'default';
    const program = new commander.Command();
    program.option('--cheese <type>', 'cheese type', defaultValue);
    const cheeseType = 'blue';
    program.parse(['node', 'test', '--cheese', cheeseType]);
    expect(program.opts().cheese).toBe(cheeseType);
  })",49,56,snuts
/tests/options.required.test.js,IdenticalTestDescription,"{'startLine':58,'endLine':75}","test('when option value not specified then error', () => {
    // Arrange. Mock error routine to allow interception.
    const mockOptionMissingArgument = jest.fn(() => {
      throw new Error('optionMissingArgument');
    });
    const defaultValue = 'default';
    const program = new commander.Command();
    program.optionMissingArgument = mockOptionMissingArgument;
    program.option('--cheese <type>', 'cheese type', defaultValue);

    // Act. The throw is due to the above mock, and not default behaviour.
    expect(() => {
      program.parse(['node', 'test', '--cheese']);
    }).toThrow();

    // Assert
    expect(mockOptionMissingArgument).toHaveBeenCalled();
  })",58,75,snuts
/tests/options.optsWithGlobals.test.js,NonFunctionalStatement,"{'startLine':83,'endLine':83}","test('when option used with program then source is defined', () => {
    const program = new commander.Command();
    program.option('-g, --global');
    const sub = program
      .command('sub')
      .option('-l, --local')
      .action(() => {});

    program.parse(['sub', '-g'], { from: 'user' });
    expect(sub.getOptionValueSourceWithGlobals('global')).toEqual('cli');
  })",77,87,snuts
/tests/options.optsWithGlobals.test.js,NonFunctionalStatement,"{'startLine':95,'endLine':95}","test('when option used with subcommand then source is defined', () => {
    const program = new commander.Command();
    program.option('-g, --global');
    const sub = program
      .command('sub')
      .option('-l, --local')
      .action(() => {});

    program.parse(['sub', '-l'], { from: 'user' });
    expect(sub.getOptionValueSourceWithGlobals('local')).toEqual('cli');
  })",89,99,snuts
/tests/options.optsWithGlobals.test.js,NonFunctionalStatement,"{'startLine':109,'endLine':109}","test('when same named option in sub and program then source is defined by global', () => {
    const program = new commander.Command();
    program
      .enablePositionalOptions()
      .option('-c, --common <value>', 'description', 'default value');
    const sub = program
      .command('sub')
      .option('-c, --common <value>')
      .action(() => {});

    program.parse(['sub', '--common', 'value'], { from: 'user' });
    expect(sub.getOptionValueSourceWithGlobals('common')).toEqual('default');
  })",101,113,snuts
/tests/options.optional.test.js,IdenticalTestDescription,"{'startLine':46,'endLine':53}","test('when option specified then value is as specified', () => {
    const defaultValue = 'default';
    const program = new commander.Command();
    program.option('--cheese [type]', 'cheese type', defaultValue);
    const cheeseType = 'blue';
    program.parse(['node', 'test', '--cheese', cheeseType]);
    expect(program.opts().cheese).toBe(cheeseType);
  })",46,53,snuts
/tests/options.optional.test.js,IdenticalTestDescription,"{'startLine':55,'endLine':61}","test('when option specified without value then value is true', () => {
    const defaultValue = 'default';
    const program = new commander.Command();
    program.option('--cheese [type]', 'cheese type', defaultValue);
    program.parse(['node', 'test', '--cheese']);
    expect(program.opts().cheese).toBe(true);
  })",55,61,snuts
/tests/options.mandatory.test.js,GeneralFixture,"{'startLine':202,'endLine':204}","beforeAll(() => {
    writeErrorSpy = jest
      .spyOn(process.stderr, 'write')
      .mockImplementation(() => {});
  })",201,205,snuts
/tests/options.mandatory.test.js,GeneralFixture,"{'startLine':248,'endLine':248}","beforeAll(() => {
    writeSpy = jest.spyOn(process.stdout, 'write').mockImplementation(() => {});
  })",247,249,snuts
/tests/options.mandatory.test.js,NonFunctionalStatement,"{'startLine':94,'endLine':94}","test('when program has required value specified and subcommand then specified value', () => {
    const program = new commander.Command();
    program
      .exitOverride()
      .requiredOption('--cheese <type>', 'cheese type')
      .command('sub')
      .action(() => {});
    program.parse(['node', 'test', '--cheese', 'blue', 'sub']);
    expect(program.opts().cheese).toBe('blue');
  })",88,97,snuts
/tests/options.mandatory.test.js,NonFunctionalStatement,"{'startLine':107,'endLine':107}","beforeAll(() => {
    writeErrorSpy = jest
      .spyOn(process.stderr, 'write')
      .mockImplementation(() => {});
  })",104,108,snuts
/tests/options.mandatory.test.js,NonFunctionalStatement,"{'startLine':154,'endLine':154}","test('when program has required value not specified and subcommand then error', () => {
    const program = new commander.Command();
    program
      .exitOverride()
      .requiredOption('--cheese <type>', 'cheese type')
      .command('sub')
      .action(() => {});

    expect(() => {
      program.parse(['node', 'test', 'sub']);
    }).toThrow();
  })",148,159,snuts
/tests/options.mandatory.test.js,NonFunctionalStatement,"{'startLine':204,'endLine':204}","beforeAll(() => {
    writeErrorSpy = jest
      .spyOn(process.stderr, 'write')
      .mockImplementation(() => {});
  })",201,205,snuts
/tests/options.mandatory.test.js,NonFunctionalStatement,"{'startLine':221,'endLine':221}","test('when command has required value not specified then error', () => {
    const program = new commander.Command();
    program
      .exitOverride()
      .command('sub')
      .requiredOption('--subby <type>', 'description')
      .action(() => {});

    expect(() => {
      program.parse(['node', 'test', 'sub']);
    }).toThrow();
  })",215,226,snuts
/tests/options.mandatory.test.js,NonFunctionalStatement,"{'startLine':234,'endLine':234}","test('when command has required value but not called then no error', () => {
    const program = new commander.Command();
    program
      .exitOverride()
      .command('sub')
      .requiredOption('--subby <type>', 'description')
      .action(() => {});
    program.command('sub2');

    expect(() => {
      program.parse(['node', 'test', 'sub2']);
    }).not.toThrow();
  })",228,240,snuts
/tests/options.mandatory.test.js,NonFunctionalStatement,"{'startLine':248,'endLine':248}","beforeAll(() => {
    writeSpy = jest.spyOn(process.stdout, 'write').mockImplementation(() => {});
  })",247,249,snuts
/tests/options.mandatory.test.js,NonFunctionalStatement,"{'startLine':279,'endLine':279}","test('when program has required option not specified and subcommand --help then help', () => {
    const program = new commander.Command();
    program
      .exitOverride()
      .requiredOption('--cheese <type>', 'cheese type')
      .command('sub')
      .action(() => {});

    let caughtErr;
    try {
      program.parse(['node', 'test', 'sub', '--help']);
    } catch (err) {
      caughtErr = err;
    }

    expect(caughtErr.code).toEqual('commander.helpDisplayed');
  })",273,289,snuts
/tests/options.implies.test.js,NonFunctionalStatement,"{'startLine':156,'endLine':156}","test('when conflict with implied value then throw', () => {
  const program = new Command();
  program
    .exitOverride()
    .configureOutput({
      writeErr: () => {},
    })
    .addOption(new Option('--unary'))
    .addOption(new Option('--binary').conflicts('unary'))
    .addOption(new Option('--one').implies({ unary: true }));

  expect(() => {
    program.parse(['--binary', '--one'], { from: 'user' });
  }).toThrow();
})",151,165,snuts
/tests/options.implies.test.js,NonFunctionalStatement,"{'startLine':183,'endLine':183}","test('when implies on program and use subcommand then program updated', () => {
  const program = new Command();
  program.addOption(new Option('--foo').implies({ bar: 'implied' }));
  program.command('sub').action(() => {});
  program.parse(['--foo', 'sub'], { from: 'user' });
  expect(program.opts().bar).toEqual('implied');
})",180,186,snuts
/tests/options.env.test.js,IdenticalTestDescription,"{'startLine':86,'endLine':91}","test('when env undefined and no cli then option undefined', () => {
    const program = new commander.Command();
    program.addOption(new commander.Option('-f, --foo').env('BAR'));
    program.parse([], { from: 'user' });
    expect(program.opts().foo).toBeUndefined();
  })",86,91,snuts
/tests/options.env.test.js,IdenticalTestDescription,"{'startLine':152,'endLine':159}","test('when env undefined and no cli then option undefined', () => {
    const program = new commander.Command();
    program
      .addOption(new commander.Option('-f, --foo').env('BAR'))
      .addOption(new commander.Option('-F, --no-foo').env('NO_BAR'));
    program.parse([], { from: 'user' });
    expect(program.opts().foo).toBeUndefined();
  })",152,159,snuts
/tests/options.env.test.js,NonFunctionalStatement,"{'startLine':250,'endLine':250}","test('when env defined on another subcommand then env not applied', () => {
    // Doing selective processing. Not processing env at addOption time.
    const program = new commander.Command();
    process.env.BAR = 'env';
    program.command('one').action(() => {});
    const two = program
      .command('two')
      .addOption(
        new commander.Option('-f, --foo <required...>')
          .env('BAR')
          .default('default'),
      )
      .action(() => {});
    program.parse(['one'], { from: 'user' });
    expect(two.opts().foo).toBe('default');
    delete process.env.BAR;
  })",246,262,snuts
/tests/options.env.test.js,NonFunctionalStatement,"{'startLine':258,'endLine':258}","test('when env defined on another subcommand then env not applied', () => {
    // Doing selective processing. Not processing env at addOption time.
    const program = new commander.Command();
    process.env.BAR = 'env';
    program.command('one').action(() => {});
    const two = program
      .command('two')
      .addOption(
        new commander.Option('-f, --foo <required...>')
          .env('BAR')
          .default('default'),
      )
      .action(() => {});
    program.parse(['one'], { from: 'user' });
    expect(two.opts().foo).toBe('default');
    delete process.env.BAR;
  })",246,262,snuts
/tests/options.dual-options.test.js,IdenticalTestDescription,"{'startLine':91,'endLine':94}","test('when positiveOption with true then return true', () => {
    const helper = new DualOptions(options);
    expect(helper.valueFromOption('foo', positiveOption)).toBe(true);
  })",91,94,snuts
/tests/options.default.test.js,IdenticalTestDescription,"{'startLine':63,'endLine':68}","test('when boolean option with boolean default then value is default', () => {
    const program = new Command();
    program.addOption(new Option('-d, --debug').default(false));
    program.parse([], { from: 'user' });
    expect(program.opts().debug).toBe(false);
  })",63,68,snuts
/tests/options.default.test.js,IdenticalTestDescription,"{'startLine':70,'endLine':75}","test('when boolean option with number zero default then value is zero', () => {
    const program = new Command();
    program.addOption(new Option('-d, --debug').default(0));
    program.parse([], { from: 'user' });
    expect(program.opts().debug).toBe(0);
  })",70,75,snuts
/tests/options.default.test.js,IdenticalTestDescription,"{'startLine':77,'endLine':82}","test('when boolean option with string default then value is default', () => {
    const program = new Command();
    program.addOption(new Option('-d, --debug').default('default'));
    program.parse([], { from: 'user' });
    expect(program.opts().debug).toBe('default');
  })",77,82,snuts
/tests/options.default.test.js,IdenticalTestDescription,"{'startLine':84,'endLine':89}","test('when required option-argument and default number then value is default', () => {
    const program = new Command();
    program.addOption(new Option('-p, --port <port-number>').default(80));
    program.parse([], { from: 'user' });
    expect(program.opts().port).toBe(80);
  })",84,89,snuts
/tests/options.default.test.js,IdenticalTestDescription,"{'startLine':91,'endLine':96}","test('when required option-argument and default string then value is default', () => {
    const program = new Command();
    program.addOption(new Option('-p, --port <port-number>').default('foo'));
    program.parse([], { from: 'user' });
    expect(program.opts().port).toBe('foo');
  })",91,96,snuts
/tests/options.default.test.js,IdenticalTestDescription,"{'startLine':98,'endLine':103}","test('when optional option-argument and default number then value is default', () => {
    const program = new Command();
    program.addOption(new Option('-p, --port [port-number]').default(80));
    program.parse([], { from: 'user' });
    expect(program.opts().port).toBe(80);
  })",98,103,snuts
/tests/options.default.test.js,IdenticalTestDescription,"{'startLine':105,'endLine':110}","test('when optional option-argument and default string then value is default', () => {
    const program = new Command();
    program.addOption(new Option('-p, --port [port-number]').default('foo'));
    program.parse([], { from: 'user' });
    expect(program.opts().port).toBe('foo');
  })",105,110,snuts
/tests/options.default.test.js,IdenticalTestDescription,"{'startLine':112,'endLine':118}","test('when negated and default string then value is default', () => {
    // Bit tricky thinking about what default means for a negated option, but treat as with other options.
    const program = new Command();
    program.addOption(new Option('--no-colour').default('RGB'));
    program.parse([], { from: 'user' });
    expect(program.opts().colour).toBe('RGB');
  })",112,118,snuts
/tests/options.conflicts.test.js,NonFunctionalStatement,"{'startLine':11,'endLine':11}","describe('command with conflicting options', () => {
  function makeProgram() {
    const actionMock = jest.fn();
    const program = new commander.Command();
    program
      .exitOverride()
      .configureOutput({
        writeErr: () => {},
        writeOut: () => {},
      })
      .command('foo')
      .addOption(
        new commander.Option('-s, --silent', ""Don't print anything"").env(
          'SILENT',
        ),
      )
      .addOption(
        new commander.Option('-j, --json', 'Format output as json')
          .env('JSON')
          .conflicts(['silent']),
      )
      .action(actionMock);

    return { program, actionMock };
  }

  beforeEach(() => {
    delete process.env.SILENT;
    delete process.env.JSON;
    delete process.env.DUAL;
    delete process.env.NO_DUAL;
  });

  test('should call action if there are no explicit conflicting options set', () => {
    const { program, actionMock } = makeProgram();
    program.parse('node test.js foo --json'.split(' '));
    expect(actionMock).toHaveBeenCalledTimes(1);
    expect(actionMock).toHaveBeenCalledWith({ json: true }, expect.any(Object));
  });

  test('should call action when there are no implicit conflicting options set', () => {
    const { program, actionMock } = makeProgram();
    program.parse('node test.js foo --silent'.split(' '));
    expect(actionMock).toHaveBeenCalledTimes(1);
    expect(actionMock).toHaveBeenCalledWith(
      { silent: true },
      expect.any(Object),
    );
  });

  test('should exit with error if conflicting options were set', () => {
    const { program } = makeProgram();

    expect(() => {
      program.parse('node test.js foo --silent --json'.split(' '));
    }).toThrow(
      ""error: option '-j, --json' cannot be used with option '-s, --silent'"",
    );
  });

  test('should report the env variable as the conflicting option source, when conflicting option is set', () => {
    const { program } = makeProgram();

    process.env.SILENT = true;

    expect(() => {
      program.parse('node test.js foo --json'.split(' '));
    }).toThrow(
      ""error: option '-j, --json' cannot be used with environment variable 'SILENT'"",
    );
  });

  test('should report the env variable as the configured option source, when configured option is set', () => {
    const { program } = makeProgram();

    process.env.JSON = true;

    expect(() => {
      program.parse('node test.js foo --silent'.split(' '));
    }).toThrow(
      ""error: environment variable 'JSON' cannot be used with option '-s, --silent'"",
    );
  });

  test('should report both env variables as sources, when configured option and conflicting option are set', () => {
    const { program } = makeProgram();

    process.env.SILENT = true;
    process.env.JSON = true;

    expect(() => {
      program.parse('node test.js foo'.split(' '));
    }).toThrow(
      ""error: environment variable 'JSON' cannot be used with environment variable 'SILENT'"",
    );
  });

  test('should allow default value with a conflicting option', () => {
    const { program, actionMock } = makeProgram();

    program.commands[0].addOption(
      new commander.Option('-d, --debug', 'print debug logs')
        .default(true)
        .conflicts(['silent']),
    );

    program.parse('node test.js foo --silent'.split(' '));

    expect(actionMock).toHaveBeenCalledTimes(1);
    expect(actionMock).toHaveBeenCalledWith(
      { debug: true, silent: true },
      expect.any(Object),
    );
  });

  test('should report conflict on negated option flag', () => {
    const { program } = makeProgram();

    program
      .command('bar')
      .addOption(new commander.Option('--red').conflicts(['color']))
      .addOption(new commander.Option('--color'))
      .addOption(new commander.Option('-N, --no-color'));

    expect(() => {
      program.parse('node test.js bar --red -N'.split(' '));
    }).toThrow(
      ""error: option '--red' cannot be used with option '-N, --no-color'"",
    );
  });

  test('should report conflict on negated option env variable', () => {
    const { program } = makeProgram();

    process.env.NO_COLOR = true;

    program
      .command('bar')
      .addOption(new commander.Option('--red').conflicts(['color']))
      .addOption(new commander.Option('--color'))
      .addOption(new commander.Option('-N, --no-color').env('NO_COLOR'));

    expect(() => {
      program.parse('node test.js bar --red'.split(' '));
    }).toThrow(
      ""error: option '--red' cannot be used with environment variable 'NO_COLOR'"",
    );
  });

  test('should report correct error for shorthand negated option', () => {
    const { program } = makeProgram();

    program
      .command('bar')
      .addOption(new commander.Option('--red'))
      .addOption(new commander.Option('-N, --no-color').conflicts(['red']));

    expect(() => {
      program.parse('node test.js bar --red -N'.split(' '));
    }).toThrow(
      ""error: option '-N, --no-color' cannot be used with option '--red'"",
    );
  });

  test('should report correct error for positive option when negated is configured', () => {
    const { program } = makeProgram();

    program
      .command('bar')
      .addOption(new commander.Option('--red'))
      .addOption(new commander.Option('--dual').env('DUAL').conflicts(['red']))
      .addOption(new commander.Option('--no-dual').env('NO_DUAL'));

    expect(() => {
      program.parse('node test.js bar --red --dual'.split(' '));
    }).toThrow(""error: option '--dual' cannot be used with option '--red'"");
  });

  test('should report correct error for negated option when positive is configured', () => {
    const { program } = makeProgram();

    program
      .command('bar')
      .addOption(new commander.Option('--red'))
      .addOption(new commander.Option('--dual').env('DUAL').conflicts(['red']))
      .addOption(new commander.Option('--no-dual').env('NO_DUAL'));

    expect(() => {
      program.parse('node test.js bar --red --no-dual'.split(' '));
    }).toThrow(""error: option '--no-dual' cannot be used with option '--red'"");
  });

  test('should report correct error for positive env variable when negated is configured', () => {
    const { program } = makeProgram();

    program
      .command('bar')
      .addOption(new commander.Option('--red'))
      .addOption(new commander.Option('--dual').env('DUAL').conflicts(['red']))
      .addOption(new commander.Option('--no-dual').env('NO_DUAL'));

    process.env.DUAL = 'true';
    expect(() => {
      program.parse('node test.js bar --red'.split(' '));
    }).toThrow(
      ""error: environment variable 'DUAL' cannot be used with option '--red'"",
    );
  });

  test('should report correct error for negated env variable when positive is configured', () => {
    const { program } = makeProgram();

    program
      .command('bar')
      .addOption(new commander.Option('--red'))
      .addOption(new commander.Option('--dual').env('DUAL').conflicts(['red']))
      .addOption(new commander.Option('--no-dual').env('NO_DUAL'));

    process.env.NO_DUAL = 'true';
    expect(() => {
      program.parse('node test.js bar --red'.split(' '));
    }).toThrow(
      ""error: environment variable 'NO_DUAL' cannot be used with option '--red'"",
    );
  });

  test('should report correct error for positive option with string value when negated is configured', () => {
    const { program } = makeProgram();

    program
      .command('bar')
      .addOption(new commander.Option('--red'))
      .addOption(new commander.Option('--dual2 <str>').conflicts(['red']))
      .addOption(new commander.Option('--no-dual2').preset('BAD'));

    expect(() => {
      program.parse('node test.js bar --red --dual2 foo'.split(' '));
    }).toThrow(
      ""error: option '--dual2 <str>' cannot be used with option '--red'"",
    );
  });

  test('should report correct error for negated option with preset when negated is configured', () => {
    const { program } = makeProgram();

    program
      .command('bar')
      .addOption(new commander.Option('--red'))
      .addOption(new commander.Option('--dual2 <str>').conflicts(['red']))
      .addOption(new commander.Option('--no-dual2').preset('BAD'));

    expect(() => {
      program.parse('node test.js bar --red --no-dual2'.split(' '));
    }).toThrow(""error: option '--no-dual2' cannot be used with option '--red'"");
  });

  test('should not throw error when conflicts is invoked with a single string that includes another option', () => {
    const { program } = makeProgram();

    const actionMock = jest.fn();

    program
      .command('bar')
      .addOption(new commander.Option('--a'))
      .addOption(new commander.Option('--b').conflicts('aa'))
      .action(actionMock);

    program.parse('node test.js bar --a --b'.split(' '));

    expect(actionMock).toHaveBeenCalledTimes(1);
    expect(actionMock).toHaveBeenCalledWith(
      { a: true, b: true },
      expect.any(Object),
    );
  });

  test('should throw error when conflicts is invoked with a single string that equals another option', () => {
    const { program } = makeProgram();

    program
      .command('bar')
      .addOption(new commander.Option('--a'))
      .addOption(new commander.Option('--b').conflicts('a'));

    expect(() => {
      program.parse('node test.js bar --a --b'.split(' '));
    }).toThrow(""error: option '--b' cannot be used with option '--a'"");
  });

  test('when conflict on program calling action subcommand then throw conflict', () => {
    const { program } = makeProgram();
    let exception;

    program
      .addOption(new commander.Option('--black'))
      .addOption(new commander.Option('--white').conflicts('black'));

    try {
      program.parse('--white --black foo'.split(' '), { from: 'user' });
    } catch (err) {
      exception = err;
    }
    expect(exception).not.toBeUndefined();
    expect(exception.code).toBe('commander.conflictingOption');
  });

  test('when conflict on program calling action subcommand with help then show help', () => {
    const { program } = makeProgram();
    let exception;

    program
      .addOption(new commander.Option('--black'))
      .addOption(new commander.Option('--white').conflicts('black'));

    try {
      program.parse('--white --black foo --help'.split(' '), { from: 'user' });
    } catch (err) {
      exception = err;
    }
    expect(exception).not.toBeUndefined();
    expect(exception.code).toBe('commander.helpDisplayed');
  });

  test('when conflict on program calling external subcommand then throw conflict', () => {
    const { program } = makeProgram();
    let exception;

    program
      .addOption(new commander.Option('--black'))
      .addOption(new commander.Option('--white').conflicts('black'));
    const pm = path.join(__dirname, './fixtures/pm');
    program.command('ext', 'external command', { executableFile: pm });

    try {
      program.parse('--white --black ext'.split(' '), { from: 'user' });
    } catch (err) {
      exception = err;
    }
    expect(exception).not.toBeUndefined();
    expect(exception.code).toBe('commander.conflictingOption');
  });
})",4,345,snuts
/tests/options.conflicts.test.js,NonFunctionalStatement,"{'startLine':12,'endLine':12}","describe('command with conflicting options', () => {
  function makeProgram() {
    const actionMock = jest.fn();
    const program = new commander.Command();
    program
      .exitOverride()
      .configureOutput({
        writeErr: () => {},
        writeOut: () => {},
      })
      .command('foo')
      .addOption(
        new commander.Option('-s, --silent', ""Don't print anything"").env(
          'SILENT',
        ),
      )
      .addOption(
        new commander.Option('-j, --json', 'Format output as json')
          .env('JSON')
          .conflicts(['silent']),
      )
      .action(actionMock);

    return { program, actionMock };
  }

  beforeEach(() => {
    delete process.env.SILENT;
    delete process.env.JSON;
    delete process.env.DUAL;
    delete process.env.NO_DUAL;
  });

  test('should call action if there are no explicit conflicting options set', () => {
    const { program, actionMock } = makeProgram();
    program.parse('node test.js foo --json'.split(' '));
    expect(actionMock).toHaveBeenCalledTimes(1);
    expect(actionMock).toHaveBeenCalledWith({ json: true }, expect.any(Object));
  });

  test('should call action when there are no implicit conflicting options set', () => {
    const { program, actionMock } = makeProgram();
    program.parse('node test.js foo --silent'.split(' '));
    expect(actionMock).toHaveBeenCalledTimes(1);
    expect(actionMock).toHaveBeenCalledWith(
      { silent: true },
      expect.any(Object),
    );
  });

  test('should exit with error if conflicting options were set', () => {
    const { program } = makeProgram();

    expect(() => {
      program.parse('node test.js foo --silent --json'.split(' '));
    }).toThrow(
      ""error: option '-j, --json' cannot be used with option '-s, --silent'"",
    );
  });

  test('should report the env variable as the conflicting option source, when conflicting option is set', () => {
    const { program } = makeProgram();

    process.env.SILENT = true;

    expect(() => {
      program.parse('node test.js foo --json'.split(' '));
    }).toThrow(
      ""error: option '-j, --json' cannot be used with environment variable 'SILENT'"",
    );
  });

  test('should report the env variable as the configured option source, when configured option is set', () => {
    const { program } = makeProgram();

    process.env.JSON = true;

    expect(() => {
      program.parse('node test.js foo --silent'.split(' '));
    }).toThrow(
      ""error: environment variable 'JSON' cannot be used with option '-s, --silent'"",
    );
  });

  test('should report both env variables as sources, when configured option and conflicting option are set', () => {
    const { program } = makeProgram();

    process.env.SILENT = true;
    process.env.JSON = true;

    expect(() => {
      program.parse('node test.js foo'.split(' '));
    }).toThrow(
      ""error: environment variable 'JSON' cannot be used with environment variable 'SILENT'"",
    );
  });

  test('should allow default value with a conflicting option', () => {
    const { program, actionMock } = makeProgram();

    program.commands[0].addOption(
      new commander.Option('-d, --debug', 'print debug logs')
        .default(true)
        .conflicts(['silent']),
    );

    program.parse('node test.js foo --silent'.split(' '));

    expect(actionMock).toHaveBeenCalledTimes(1);
    expect(actionMock).toHaveBeenCalledWith(
      { debug: true, silent: true },
      expect.any(Object),
    );
  });

  test('should report conflict on negated option flag', () => {
    const { program } = makeProgram();

    program
      .command('bar')
      .addOption(new commander.Option('--red').conflicts(['color']))
      .addOption(new commander.Option('--color'))
      .addOption(new commander.Option('-N, --no-color'));

    expect(() => {
      program.parse('node test.js bar --red -N'.split(' '));
    }).toThrow(
      ""error: option '--red' cannot be used with option '-N, --no-color'"",
    );
  });

  test('should report conflict on negated option env variable', () => {
    const { program } = makeProgram();

    process.env.NO_COLOR = true;

    program
      .command('bar')
      .addOption(new commander.Option('--red').conflicts(['color']))
      .addOption(new commander.Option('--color'))
      .addOption(new commander.Option('-N, --no-color').env('NO_COLOR'));

    expect(() => {
      program.parse('node test.js bar --red'.split(' '));
    }).toThrow(
      ""error: option '--red' cannot be used with environment variable 'NO_COLOR'"",
    );
  });

  test('should report correct error for shorthand negated option', () => {
    const { program } = makeProgram();

    program
      .command('bar')
      .addOption(new commander.Option('--red'))
      .addOption(new commander.Option('-N, --no-color').conflicts(['red']));

    expect(() => {
      program.parse('node test.js bar --red -N'.split(' '));
    }).toThrow(
      ""error: option '-N, --no-color' cannot be used with option '--red'"",
    );
  });

  test('should report correct error for positive option when negated is configured', () => {
    const { program } = makeProgram();

    program
      .command('bar')
      .addOption(new commander.Option('--red'))
      .addOption(new commander.Option('--dual').env('DUAL').conflicts(['red']))
      .addOption(new commander.Option('--no-dual').env('NO_DUAL'));

    expect(() => {
      program.parse('node test.js bar --red --dual'.split(' '));
    }).toThrow(""error: option '--dual' cannot be used with option '--red'"");
  });

  test('should report correct error for negated option when positive is configured', () => {
    const { program } = makeProgram();

    program
      .command('bar')
      .addOption(new commander.Option('--red'))
      .addOption(new commander.Option('--dual').env('DUAL').conflicts(['red']))
      .addOption(new commander.Option('--no-dual').env('NO_DUAL'));

    expect(() => {
      program.parse('node test.js bar --red --no-dual'.split(' '));
    }).toThrow(""error: option '--no-dual' cannot be used with option '--red'"");
  });

  test('should report correct error for positive env variable when negated is configured', () => {
    const { program } = makeProgram();

    program
      .command('bar')
      .addOption(new commander.Option('--red'))
      .addOption(new commander.Option('--dual').env('DUAL').conflicts(['red']))
      .addOption(new commander.Option('--no-dual').env('NO_DUAL'));

    process.env.DUAL = 'true';
    expect(() => {
      program.parse('node test.js bar --red'.split(' '));
    }).toThrow(
      ""error: environment variable 'DUAL' cannot be used with option '--red'"",
    );
  });

  test('should report correct error for negated env variable when positive is configured', () => {
    const { program } = makeProgram();

    program
      .command('bar')
      .addOption(new commander.Option('--red'))
      .addOption(new commander.Option('--dual').env('DUAL').conflicts(['red']))
      .addOption(new commander.Option('--no-dual').env('NO_DUAL'));

    process.env.NO_DUAL = 'true';
    expect(() => {
      program.parse('node test.js bar --red'.split(' '));
    }).toThrow(
      ""error: environment variable 'NO_DUAL' cannot be used with option '--red'"",
    );
  });

  test('should report correct error for positive option with string value when negated is configured', () => {
    const { program } = makeProgram();

    program
      .command('bar')
      .addOption(new commander.Option('--red'))
      .addOption(new commander.Option('--dual2 <str>').conflicts(['red']))
      .addOption(new commander.Option('--no-dual2').preset('BAD'));

    expect(() => {
      program.parse('node test.js bar --red --dual2 foo'.split(' '));
    }).toThrow(
      ""error: option '--dual2 <str>' cannot be used with option '--red'"",
    );
  });

  test('should report correct error for negated option with preset when negated is configured', () => {
    const { program } = makeProgram();

    program
      .command('bar')
      .addOption(new commander.Option('--red'))
      .addOption(new commander.Option('--dual2 <str>').conflicts(['red']))
      .addOption(new commander.Option('--no-dual2').preset('BAD'));

    expect(() => {
      program.parse('node test.js bar --red --no-dual2'.split(' '));
    }).toThrow(""error: option '--no-dual2' cannot be used with option '--red'"");
  });

  test('should not throw error when conflicts is invoked with a single string that includes another option', () => {
    const { program } = makeProgram();

    const actionMock = jest.fn();

    program
      .command('bar')
      .addOption(new commander.Option('--a'))
      .addOption(new commander.Option('--b').conflicts('aa'))
      .action(actionMock);

    program.parse('node test.js bar --a --b'.split(' '));

    expect(actionMock).toHaveBeenCalledTimes(1);
    expect(actionMock).toHaveBeenCalledWith(
      { a: true, b: true },
      expect.any(Object),
    );
  });

  test('should throw error when conflicts is invoked with a single string that equals another option', () => {
    const { program } = makeProgram();

    program
      .command('bar')
      .addOption(new commander.Option('--a'))
      .addOption(new commander.Option('--b').conflicts('a'));

    expect(() => {
      program.parse('node test.js bar --a --b'.split(' '));
    }).toThrow(""error: option '--b' cannot be used with option '--a'"");
  });

  test('when conflict on program calling action subcommand then throw conflict', () => {
    const { program } = makeProgram();
    let exception;

    program
      .addOption(new commander.Option('--black'))
      .addOption(new commander.Option('--white').conflicts('black'));

    try {
      program.parse('--white --black foo'.split(' '), { from: 'user' });
    } catch (err) {
      exception = err;
    }
    expect(exception).not.toBeUndefined();
    expect(exception.code).toBe('commander.conflictingOption');
  });

  test('when conflict on program calling action subcommand with help then show help', () => {
    const { program } = makeProgram();
    let exception;

    program
      .addOption(new commander.Option('--black'))
      .addOption(new commander.Option('--white').conflicts('black'));

    try {
      program.parse('--white --black foo --help'.split(' '), { from: 'user' });
    } catch (err) {
      exception = err;
    }
    expect(exception).not.toBeUndefined();
    expect(exception.code).toBe('commander.helpDisplayed');
  });

  test('when conflict on program calling external subcommand then throw conflict', () => {
    const { program } = makeProgram();
    let exception;

    program
      .addOption(new commander.Option('--black'))
      .addOption(new commander.Option('--white').conflicts('black'));
    const pm = path.join(__dirname, './fixtures/pm');
    program.command('ext', 'external command', { executableFile: pm });

    try {
      program.parse('--white --black ext'.split(' '), { from: 'user' });
    } catch (err) {
      exception = err;
    }
    expect(exception).not.toBeUndefined();
    expect(exception.code).toBe('commander.conflictingOption');
  });
})",4,345,snuts
/tests/options.choices.test.js,NonFunctionalStatement,"{'startLine':20,'endLine':20}","test('when option argument is not in choices then error', () => {
  // Lightweight check, more detailed testing of behaviour in command.exitOverride.test.js
  const program = new commander.Command();
  program
    .exitOverride()
    .configureOutput({
      writeErr: () => {},
    })
    .addOption(
      new commander.Option('--colour <shade>').choices(['red', 'blue']),
    );
  expect(() => {
    program.parse(['--colour', 'orange'], { from: 'user' });
  }).toThrow();
})",14,28,snuts
/tests/options.choices.test.js,NonFunctionalStatement,"{'startLine':53,'endLine':53}","test('when choices called and parameter changed the choices does not change', () => {
    const program = new commander.Command();
    const param = ['red', 'blue'];
    program
      .exitOverride()
      .configureOutput({
        writeErr: () => {},
      })
      .addOption(new commander.Option('--colour <shade>').choices(param));
    param.push('orange');
    expect(() => {
      program.parse(['--colour', 'orange'], { from: 'user' });
    }).toThrow();
  })",47,60,snuts
/tests/options.bool.test.js,IdenticalTestDescription,"{'startLine':38,'endLine':49}","test('when boolean flag not specified then value is undefined', () => {
    let subCommandOptions;
    const program = new commander.Command();
    program
      .command('sub')
      .option('--pepper', 'add pepper')
      .action((options) => {
        subCommandOptions = options;
      });
    program.parse(['node', 'test', 'sub']);
    expect(subCommandOptions.pepper).toBeUndefined();
  })",38,49,snuts
/tests/options.bool.test.js,IdenticalTestDescription,"{'startLine':51,'endLine':62}","test('when boolean flag specified then value is true', () => {
    let subCommandOptions;
    const program = new commander.Command();
    program
      .command('sub')
      .option('--pepper', 'add pepper')
      .action((options) => {
        subCommandOptions = options;
      });
    program.parse(['node', 'test', 'sub', '--pepper']);
    expect(subCommandOptions.pepper).toBe(true);
  })",51,62,snuts
/tests/options.bool.test.js,IdenticalTestDescription,"{'startLine':64,'endLine':75}","test('when negatable boolean flag not specified then value is true', () => {
    let subCommandOptions;
    const program = new commander.Command();
    program
      .command('sub')
      .option('--no-cheese', 'remove cheese')
      .action((options) => {
        subCommandOptions = options;
      });
    program.parse(['node', 'test', 'sub']);
    expect(subCommandOptions.cheese).toBe(true);
  })",64,75,snuts
/tests/options.bool.test.js,IdenticalTestDescription,"{'startLine':77,'endLine':88}","test('when negatable boolean flag specified then value is false', () => {
    let subCommandOptions;
    const program = new commander.Command();
    program
      .command('sub')
      .option('--no-cheese', 'remove cheese')
      .action((options) => {
        subCommandOptions = options;
      });
    program.parse(['node', 'test', 'sub', '--no-cheese']);
    expect(subCommandOptions.cheese).toBe(false);
  })",77,88,snuts
/tests/options.bool.test.js,IdenticalTestDescription,"{'startLine':131,'endLine':136}","test('when flag specified then value is true', () => {
    const program = new commander.Command();
    program.option('--module-no-parse');
    program.parse(['node', 'test', '--module-no-parse']);
    expect(program.opts().moduleNoParse).toEqual(true);
  })",131,136,snuts
/tests/options.bool.combo.test.js,IdenticalTestDescription,"{'startLine':65,'endLine':69}","test('when boolean combo positive then value is true', () => {
    const program = createPepperProgramWithDefault(true);
    program.parse(['node', 'test', '--pepper']);
    expect(program.opts().pepper).toBe(true);
  })",65,69,snuts
/tests/options.bool.combo.test.js,IdenticalTestDescription,"{'startLine':71,'endLine':75}","test('when boolean combo negative then value is false', () => {
    const program = createPepperProgramWithDefault(true);
    program.parse(['node', 'test', '--no-pepper']);
    expect(program.opts().pepper).toBe(false);
  })",71,75,snuts
/tests/options.bool.combo.test.js,IdenticalTestDescription,"{'startLine':86,'endLine':90}","test('when boolean combo positive then value is true', () => {
    const program = createPepperProgramWithDefault(false);
    program.parse(['node', 'test', '-p']);
    expect(program.opts().pepper).toBe(true);
  })",86,90,snuts
/tests/options.bool.combo.test.js,IdenticalTestDescription,"{'startLine':92,'endLine':96}","test('when boolean combo negative then value is false', () => {
    const program = createPepperProgramWithDefault(false);
    program.parse(['node', 'test', '-P']);
    expect(program.opts().pepper).toBe(false);
  })",92,96,snuts
/tests/options.bool.combo.test.js,IdenticalTestDescription,"{'startLine':108,'endLine':112}","test('when boolean combo positive then value is true', () => {
    const program = createPepperProgramWithDefault('default');
    program.parse(['node', 'test', '--pepper']);
    expect(program.opts().pepper).toBe(true);
  })",108,112,snuts
/tests/options.bool.combo.test.js,IdenticalTestDescription,"{'startLine':114,'endLine':118}","test('when boolean combo negative then value is false', () => {
    const program = createPepperProgramWithDefault('default');
    program.parse(['node', 'test', '--no-pepper']);
    expect(program.opts().pepper).toBe(false);
  })",114,118,snuts
/tests/options.bool.combo.test.js,IdenticalTestDescription,"{'startLine':134,'endLine':138}","test('when boolean combo not specified then value is default', () => {
    const program = createPepperProgramWithDefaultAndPreset();
    program.parse(['node', 'test']);
    expect(program.opts().pepper).toBe('default');
  })",134,138,snuts
/tests/options.bool.combo.test.js,IdenticalTestDescription,"{'startLine':146,'endLine':150}","test('when boolean combo negative then value is false', () => {
    const program = createPepperProgramWithDefaultAndPreset();
    program.parse(['node', 'test', '--no-pepper']);
    expect(program.opts().pepper).toBe(false);
  })",146,150,snuts
/tests/option.chain.test.js,NonFunctionalStatement,"{'startLine':12,'endLine':12}","test('when call .argParser() then returns this', () => {
    const option = new Option('-e,--example <value>');
    const result = option.argParser(() => {});
    expect(result).toBe(option);
  })",10,14,snuts
/tests/negatives.test.js,NonFunctionalStatement,"{'startLine':28,'endLine':28}",Unknown,,,snuts
/tests/negatives.test.js,NonFunctionalStatement,"{'startLine':48,'endLine':48}",Unknown,,,snuts
/tests/negatives.test.js,NonFunctionalStatement,"{'startLine':70,'endLine':70}",Unknown,,,snuts
/tests/negatives.test.js,NonFunctionalStatement,"{'startLine':94,'endLine':94}",Unknown,,,snuts
/tests/negatives.test.js,NonFunctionalStatement,"{'startLine':118,'endLine':118}",Unknown,,,snuts
/tests/negatives.test.js,NonFunctionalStatement,"{'startLine':141,'endLine':141}",Unknown,,,snuts
/tests/negatives.test.js,NonFunctionalStatement,"{'startLine':164,'endLine':164}",Unknown,,,snuts
/tests/negatives.test.js,NonFunctionalStatement,"{'startLine':219,'endLine':219}","test('when program has digit option then negatives not allowed in leaf command', () => {
  const program = new Command();
  program
    .exitOverride()
    .configureOutput({ writeErr: () => {} })
    .option('-2', 'double option');
  let leafArgs;
  program
    .command('leaf')
    .argument('[value...]')
    .action((args) => {
      leafArgs = args;
    });
  const args = ['leaf', '-1'];
  expect(() => program.parse(args, { from: 'user' })).toThrow();
})",215,230,snuts
/tests/negatives.test.js,NonFunctionalStatement,"{'startLine':247,'endLine':247}","test('when default command with digit option then negative throws', () => {
  const program = new Command();
  program.exitOverride().configureOutput({ writeErr: () => {} });
  program
    .command('leaf', { isDefault: true })
    .option('-2')
    .argument('[value...]')
    .action(() => {});
  expect(() => program.parse(['-1'], { from: 'user' })).toThrow();
})",245,254,snuts
/tests/negatives.test.js,NonFunctionalStatement,"{'startLine':252,'endLine':252}","test('when default command with digit option then negative throws', () => {
  const program = new Command();
  program.exitOverride().configureOutput({ writeErr: () => {} });
  program
    .command('leaf', { isDefault: true })
    .option('-2')
    .argument('[value...]')
    .action(() => {});
  expect(() => program.parse(['-1'], { from: 'user' })).toThrow();
})",245,254,snuts
/tests/negatives.test.js,NonFunctionalStatement,"{'startLine':262,'endLine':262}","test('when program has subcommand and action handler then negative command-argument unsupported', () => {
  // Known limitation in parsing. Only allowed negative command-arguments in leaf commands
  // to minimise changes to parsing when added support for negative numbers.
  const program = new Command();
  program
    .exitOverride()
    .configureOutput({ writeErr: () => {} })
    .argument('[value...]')
    .action(() => {});
  program.command('leaf').action(() => {});
  expect(() => program.parse(['-1'], { from: 'user' })).toThrow();
})",256,267,snuts
/tests/negatives.test.js,NonFunctionalStatement,"{'startLine':264,'endLine':264}","test('when program has subcommand and action handler then negative command-argument unsupported', () => {
  // Known limitation in parsing. Only allowed negative command-arguments in leaf commands
  // to minimise changes to parsing when added support for negative numbers.
  const program = new Command();
  program
    .exitOverride()
    .configureOutput({ writeErr: () => {} })
    .argument('[value...]')
    .action(() => {});
  program.command('leaf').action(() => {});
  expect(() => program.parse(['-1'], { from: 'user' })).toThrow();
})",256,267,snuts
/tests/negatives.test.js,NonFunctionalStatement,"{'startLine':265,'endLine':265}","test('when program has subcommand and action handler then negative command-argument unsupported', () => {
  // Known limitation in parsing. Only allowed negative command-arguments in leaf commands
  // to minimise changes to parsing when added support for negative numbers.
  const program = new Command();
  program
    .exitOverride()
    .configureOutput({ writeErr: () => {} })
    .argument('[value...]')
    .action(() => {});
  program.command('leaf').action(() => {});
  expect(() => program.parse(['-1'], { from: 'user' })).toThrow();
})",256,267,snuts
/tests/incrementNodeInspectorPort.test.js,GeneralFixture,"{'startLine':16,'endLine':16}","beforeAll(() => {
    spawnSpy = jest.spyOn(childProcess, 'spawn').mockImplementation(() => {
      return {
        on: () => {},
      };
    });
    signalSpy = jest.spyOn(process, 'on').mockImplementation(() => {});
  })",10,17,snuts
/tests/incrementNodeInspectorPort.test.js,NonFunctionalStatement,"{'startLine':13,'endLine':13}","beforeAll(() => {
    spawnSpy = jest.spyOn(childProcess, 'spawn').mockImplementation(() => {
      return {
        on: () => {},
      };
    });
    signalSpy = jest.spyOn(process, 'on').mockImplementation(() => {});
  })",10,17,snuts
/tests/incrementNodeInspectorPort.test.js,NonFunctionalStatement,"{'startLine':16,'endLine':16}","beforeAll(() => {
    spawnSpy = jest.spyOn(childProcess, 'spawn').mockImplementation(() => {
      return {
        on: () => {},
      };
    });
    signalSpy = jest.spyOn(process, 'on').mockImplementation(() => {});
  })",10,17,snuts
/tests/helpGroup.test.js,IdenticalTestDescription,"{'startLine':243,'endLine':251}","test('when set sortOptions then groups are in order added not sorted', () => {
    const program = new Command();
    program.configureHelp({ sortSubcommands: true });
    program.command('bbb').helpGroup('BBB:');
    program.command('ccc').helpGroup('CCC:');
    program.command('aaa').helpGroup('AAA:');
    const helpInfo = program.helpInformation();
    expect(helpInfo).toMatch(/BBB:\n *bbb.*\n\nCCC:\n *ccc.*\n\nAAA:\n *aaa/);
  })",243,251,snuts
/tests/help.suggestion.test.js,NonFunctionalStatement,"{'startLine':131,'endLine':131}","test('when command:* listener and unknown command then no suggestion', () => {
  // Because one use for command:* was to handle unknown commands.
  // Listener actually stops error being thrown, but we just care about affect on suggestion in this test.
  const program = new Command();
  program.on('command:*', () => {});
  program.command('rat');
  const suggestion = getSuggestion(program, 'cat');
  expect(suggestion).toBe(null);
})",127,135,snuts
/tests/help.suggestion.test.js,SubOptimalAssert,"{'startLine':80,'endLine':80}","test('when similar hidden alias then not suggested', () => {
  const program = new Command();
  program.command('xyz').alias('visible').alias('silent');
  const suggestion = getSuggestion(program, 'slent');
  expect(suggestion).toBe(null);
})",76,81,snuts
/tests/help.suggestion.test.js,SubOptimalAssert,"{'startLine':104,'endLine':104}","test('when help command disabled then not candidate for suggestion', () => {
  const program = new Command();
  program.addHelpCommand(false);
  program.command('sub');
  const suggestion = getSuggestion(program, 'hepl');
  expect(suggestion).toBe(null);
})",99,105,snuts
/tests/help.suggestion.test.js,SubOptimalAssert,"{'startLine':124,'endLine':124}","test('when help option disabled then not candidate for suggestion', () => {
  const program = new Command();
  program.helpOption(false);
  const suggestion = getSuggestion(program, '--hepl');
  expect(suggestion).toBe(null);
})",120,125,snuts
/tests/help.suggestion.test.js,SubOptimalAssert,"{'startLine':134,'endLine':134}","test('when command:* listener and unknown command then no suggestion', () => {
  // Because one use for command:* was to handle unknown commands.
  // Listener actually stops error being thrown, but we just care about affect on suggestion in this test.
  const program = new Command();
  program.on('command:*', () => {});
  program.command('rat');
  const suggestion = getSuggestion(program, 'cat');
  expect(suggestion).toBe(null);
})",127,135,snuts
/tests/help.suggestion.test.js,SubOptimalAssert,"{'startLine':186,'endLine':186}","test('when no options then no suggestion', () => {
  // Checking nothing blows up as much as no suggestion!
  const program = new Command();
  program.helpOption(false);
  const suggestion = getSuggestion(program, '--option');
  expect(suggestion).toBe(null);
})",181,187,snuts
/tests/help.suggestion.test.js,SubOptimalAssert,"{'startLine':210,'endLine':210}","test('when global option but positionalOptions then not candidate for subcommand suggestion', () => {
  const program = new Command();
  program.enablePositionalOptions();
  program.option('-g, --global');
  program.command('sub');
  const suggestion = getSuggestion(program, ['sub', '--globla']);
  expect(suggestion).toBe(null);
})",204,211,snuts
/tests/help.suggestion.test.js,SubOptimalAssert,"{'startLine':225,'endLine':225}","test('when command hidden then not suggested as candidate', () => {
  const program = new Command();
  program.command('secret', { hidden: true });
  const suggestion = getSuggestion(program, 'secrt');
  expect(suggestion).toBe(null);
})",221,226,snuts
/tests/help.suggestion.test.js,SubOptimalAssert,"{'startLine':232,'endLine':232}","test('when option hidden then not suggested as candidate', () => {
  const program = new Command();
  program.addOption(new Option('--secret').hideHelp());
  const suggestion = getSuggestion(program, '--secrt');
  expect(suggestion).toBe(null);
})",228,233,snuts
/tests/help.style.test.js,AnonymousTest,"{'startLine':34,'endLine':45}","test('styleTitle', () => {
    const program = makeProgram();
    program.configureHelp({ styleTitle: (str) => red(str) }, displayWidth);
    const helpText = program.helpInformation();
    expect(helpText).toEqual(
      plainHelpInformation
        .replace('Usage:', red('Usage:'))
        .replace('Arguments:', red('Arguments:'))
        .replace('Options:', red('Options:'))
        .replace('Commands:', red('Commands:')),
    );
  })",34,45,snuts
/tests/help.style.test.js,AnonymousTest,"{'startLine':47,'endLine':55}","test('styleUsage', () => {
    const program = makeProgram();
    program.configureHelp({ styleUsage: (str) => red(str), displayWidth });
    const helpText = program.helpInformation();
    const usageString = program.createHelp().commandUsage(program);
    expect(helpText).toEqual(
      plainHelpInformation.replace(usageString, red(usageString)),
    );
  })",47,55,snuts
/tests/help.style.test.js,AnonymousTest,"{'startLine':57,'endLine':70}","test('styleCommandDescription', () => {
    const program = makeProgram();
    program.configureHelp({
      styleCommandDescription: (str) => red(str),
      displayWidth,
    });
    const helpText = program.helpInformation();
    expect(helpText).toEqual(
      plainHelpInformation.replace(
        'program description',
        red('program description'),
      ),
    );
  })",57,70,snuts
/tests/help.style.test.js,AnonymousTest,"{'startLine':72,'endLine':85}","test('styleOptionDescription', () => {
    const program = makeProgram();
    program.configureHelp({
      styleOptionDescription: (str) => red(str),
      displayWidth,
    });
    const helpText = program.helpInformation();
    expect(helpText).toEqual(
      plainHelpInformation.replace(
        /(-h, --help *)(display help for command)/,
        (match, p1, p2) => p1 + red(p2),
      ),
    );
  })",72,85,snuts
/tests/help.style.test.js,AnonymousTest,"{'startLine':87,'endLine':105}","test('styleSubcommandDescription', () => {
    const program = makeProgram();
    program.configureHelp({
      styleSubcommandDescription: (str) => red(str),
      displayWidth,
    });
    const helpText = program.helpInformation();
    expect(helpText).toEqual(
      plainHelpInformation
        .replace(
          /(\[subarg\] *)(sub description)/,
          (match, p1, p2) => p1 + red(p2),
        )
        .replace(
          /(help \[command\] *)(display help for command)/,
          (match, p1, p2) => p1 + red(p2),
        ),
    );
  })",87,105,snuts
/tests/help.style.test.js,AnonymousTest,"{'startLine':107,'endLine':117}","test('styleArgumentDescription', () => {
    const program = makeProgram();
    program.configureHelp({
      styleArgumentDescription: (str) => red(str),
      displayWidth,
    });
    const helpText = program.helpInformation();
    expect(helpText).toEqual(
      plainHelpInformation.replace('arg description', red('arg description')),
    );
  })",107,117,snuts
/tests/help.style.test.js,AnonymousTest,"{'startLine':119,'endLine':133}","test('styleDescriptionText', () => {
    const program = makeProgram();
    program.configureHelp({
      styleDescriptionText: (str) => red(str),
      displayWidth,
    });
    const helpText = program.helpInformation();
    expect(helpText).toEqual(
      plainHelpInformation
        .replace('program description', red('program description'))
        .replace('arg description', red('arg description'))
        .replace('sub description', red('sub description'))
        .replace(/display help for command/g, red('display help for command')),
    );
  })",119,133,snuts
/tests/help.style.test.js,AnonymousTest,"{'startLine':135,'endLine':142}","test('styleOptionTerm', () => {
    const program = makeProgram();
    program.configureHelp({ styleOptionTerm: (str) => red(str), displayWidth });
    const helpText = program.helpInformation();
    expect(helpText).toEqual(
      plainHelpInformation.replace('-h, --help', red('-h, --help')),
    );
  })",135,142,snuts
/tests/help.style.test.js,AnonymousTest,"{'startLine':144,'endLine':159}","test('styleSubcommandTerm', () => {
    const program = makeProgram();
    program.configureHelp({
      styleSubcommandTerm: (str) => red(str),
      displayWidth,
    });
    const helpText = program.helpInformation();
    expect(helpText).toEqual(
      plainHelpInformation
        .replace('help [command]', red('help [command]'))
        .replace(
          'subcommand [options] [subarg]',
          red('subcommand [options] [subarg]'),
        ),
    );
  })",144,159,snuts
/tests/help.style.test.js,AnonymousTest,"{'startLine':161,'endLine':171}","test('styleArgumentTerm', () => {
    const program = makeProgram();
    program.configureHelp({
      styleArgumentTerm: (str) => red(str),
      displayWidth,
    });
    const helpText = program.helpInformation();
    expect(helpText).toEqual(
      plainHelpInformation.replace(' file ', ` ${red('file')} `),
    );
  })",161,171,snuts
/tests/help.style.test.js,AnonymousTest,"{'startLine':173,'endLine':185}","test('styleOptionText', () => {
    const program = makeProgram();
    program.configureHelp({
      styleOptionText: (str) => red(str),
      displayWidth,
    });
    const helpText = program.helpInformation();
    expect(helpText).toEqual(
      plainHelpInformation
        .replace(/\[options\]/g, red('[options]'))
        .replace('-h, --help', red('-h, --help')),
    );
  })",173,185,snuts
/tests/help.style.test.js,AnonymousTest,"{'startLine':187,'endLine':201}","test('styleArgumentText', () => {
    const program = makeProgram();
    program.configureHelp({
      styleArgumentText: (str) => red(str),
      displayWidth,
    });
    const helpText = program.helpInformation();
    expect(helpText).toEqual(
      plainHelpInformation
        .replace('<file>', red('<file>'))
        .replace(' file ', ` ${red('file')} `)
        .replace('[subarg]', red('[subarg]'))
        .replace('help [command]', `help ${red('[command]')}`),
    );
  })",187,201,snuts
/tests/help.style.test.js,AnonymousTest,"{'startLine':203,'endLine':216}","test('styleSubcommandText', () => {
    const program = makeProgram();
    program.configureHelp({
      styleSubcommandText: (str) => red(str),
      displayWidth,
    });
    const helpText = program.helpInformation();
    expect(helpText).toEqual(
      plainHelpInformation
        .replace('[command] <file>', `${red('[command]')} <file>`)
        .replace('help [command]', `${red('help')} [command]`)
        .replace('subcommand', red('subcommand')),
    );
  })",203,216,snuts
/tests/help.style.test.js,AnonymousTest,"{'startLine':218,'endLine':228}","test('styleCommandText', () => {
    const program = makeProgram();
    program.configureHelp({
      styleCommandText: (str) => red(str),
      displayWidth,
    });
    const helpText = program.helpInformation();
    expect(helpText).toEqual(
      plainHelpInformation.replace('program', red('program')),
    );
  })",218,228,snuts
/tests/help.stripAnsi.test.js,AnonymousTest,"{'startLine':10,'endLine':13}","test('SGR only', () => {
  const str = `${CSI}4m`;
  expect(stripColor(str)).toEqual('');
})",10,13,snuts
/tests/help.stripAnsi.test.js,AnonymousTest,"{'startLine':30,'endLine':34}","test('SGR pair', () => {
  // underline and not underlined
  const str = `${CSI}4mABC${CSI}24m`;
  expect(stripColor(str)).toEqual('ABC');
})",30,34,snuts
/tests/createCommand.test.js,SubOptimalAssert,"{'startLine':6,'endLine':6}","test('when createCommand then unattached', () => {
  const program = new commander.Command();
  const cmd = program.createCommand();
  expect(program.commands.length).toBe(0);
  expect(cmd.parent).toBeFalsy(); // (actually null, but use weaker test for unattached)
})",3,8,snuts
/tests/command.unknownOption.test.js,GeneralFixture,"{'startLine':10,'endLine':12}","beforeAll(() => {
    writeErrorSpy = jest
      .spyOn(process.stderr, 'write')
      .mockImplementation(() => {});
  })",9,13,snuts
/tests/command.unknownOption.test.js,NonFunctionalStatement,"{'startLine':12,'endLine':12}","beforeAll(() => {
    writeErrorSpy = jest
      .spyOn(process.stderr, 'write')
      .mockImplementation(() => {});
  })",9,13,snuts
/tests/command.unknownOption.test.js,NonFunctionalStatement,"{'startLine':28,'endLine':28}","test('when specify unknown option with subcommand and action handler then error', () => {
    const program = new commander.Command();
    program
      .exitOverride()
      .command('info')
      .action(() => {});

    let caughtErr;
    try {
      program.parse(['node', 'test', 'info', '--NONSENSE']);
    } catch (err) {
      caughtErr = err;
    }
    expect(caughtErr.code).toBe('commander.unknownOption');
  })",23,37,snuts
/tests/command.unknownOption.test.js,NonFunctionalStatement,"{'startLine':44,'endLine':44}","test('when specify unknown option with subcommand argument and action handler then error', () => {
    const program = new commander.Command();
    program
      .exitOverride()
      .command('info <file>')
      .action(() => {});

    let caughtErr;
    try {
      program.parse(['node', 'test', 'info', 'a', '--NONSENSE']);
    } catch (err) {
      caughtErr = err;
    }
    expect(caughtErr.code).toBe('commander.unknownOption');
  })",39,53,snuts
/tests/command.unknownOption.test.js,NonFunctionalStatement,"{'startLine':60,'endLine':60}","test('when specify unknown option with program and action handler then error', () => {
    const program = new commander.Command();
    program
      .exitOverride()
      .argument('[file]')
      .action(() => {});

    let caughtErr;
    try {
      program.parse(['node', 'test', '--NONSENSE']);
    } catch (err) {
      caughtErr = err;
    }
    expect(caughtErr.code).toBe('commander.unknownOption');
  })",55,69,snuts
/tests/command.unknownOption.test.js,NonFunctionalStatement,"{'startLine':77,'endLine':77}","test('when specify unknown option with program argument and action handler then error', () => {
    // Regression test from #965
    const program = new commander.Command();
    program
      .exitOverride()
      .argument('[file]')
      .action(() => {});

    let caughtErr;
    try {
      program.parse(['node', 'test', 'info', 'a', '--NONSENSE']);
    } catch (err) {
      caughtErr = err;
    }
    expect(caughtErr.code).toBe('commander.unknownOption');
  })",71,86,snuts
/tests/command.unknownCommand.test.js,GeneralFixture,"{'startLine':8,'endLine':10}","beforeAll(() => {
    writeErrorSpy = jest
      .spyOn(process.stderr, 'write')
      .mockImplementation(() => {});
  })",7,11,snuts
/tests/command.unknownCommand.test.js,NonFunctionalStatement,"{'startLine':10,'endLine':10}","beforeAll(() => {
    writeErrorSpy = jest
      .spyOn(process.stderr, 'write')
      .mockImplementation(() => {});
  })",7,11,snuts
/tests/command.unknownCommand.test.js,NonFunctionalStatement,"{'startLine':32,'endLine':32}","test('when unknown command but action handler taking arg then no error', () => {
    const program = new commander.Command();
    program.exitOverride().command('sub');
    program.argument('[args...]').action(() => {});
    expect(() => {
      program.parse('node test.js unknown'.split(' '));
    }).not.toThrow();
  })",29,36,snuts
/tests/command.unknownCommand.test.js,NonFunctionalStatement,"{'startLine':41,'endLine':41}","test('when unknown command but listener then no error', () => {
    const program = new commander.Command();
    program.exitOverride().command('sub');
    program.on('command:*', () => {});
    expect(() => {
      program.parse('node test.js unknown'.split(' '));
    }).not.toThrow();
  })",38,45,snuts
/tests/command.showSuggestionAfterError.test.js,SubOptimalAssert,"{'startLine':34,'endLine':34}","test('when unknown command and showSuggestionAfterError(false) then do not show suggestion', () => {
  const program = new Command();
  program.showSuggestionAfterError(false);
  program.command('example');
  const suggestion = getSuggestion(program, 'exampel');
  expect(suggestion).toBe(null);
})",29,35,snuts
/tests/command.showSuggestionAfterError.test.js,SubOptimalAssert,"{'startLine':50,'endLine':50}","test('when unknown option and showSuggestionAfterError(false) then do not show suggestion', () => {
  const program = new Command();
  program.showSuggestionAfterError(false);
  program.option('--example');
  const suggestion = getSuggestion(program, '--exampel');
  expect(suggestion).toBe(null);
})",45,51,snuts
/tests/command.positionalOptions.test.js,IdenticalTestDescription,"{'startLine':235,'endLine':240}","test('when option before command-argument then option parsed', () => {
    const { program, sub } = makeProgram();
    program.parse(['sub', '--debug', 'arg'], { from: 'user' });
    expect(sub.args).toEqual(['arg']);
    expect(sub.opts().debug).toBe(true);
  })",235,240,snuts
/tests/command.positionalOptions.test.js,IdenticalTestDescription,"{'startLine':242,'endLine':247}","test('when known option after command-argument then option passed through', () => {
    const { program, sub } = makeProgram();
    program.parse(['sub', 'arg', '--debug'], { from: 'user' });
    expect(sub.args).toEqual(['arg', '--debug']);
    expect(sub.opts().debug).toBeUndefined();
  })",242,247,snuts
/tests/command.positionalOptions.test.js,IdenticalTestDescription,"{'startLine':249,'endLine':253}","test('when unknown option after command-argument then option passed through', () => {
    const { program, sub } = makeProgram();
    program.parse(['sub', 'arg', '--pass'], { from: 'user' });
    expect(sub.args).toEqual(['arg', '--pass']);
  })",249,253,snuts
/tests/command.positionalOptions.test.js,IdenticalTestDescription,"{'startLine':255,'endLine':261}","test('when action handler and unknown option after command-argument then option passed through', () => {
    const { program, sub } = makeProgram();
    const mockAction = jest.fn();
    sub.action(mockAction);
    program.parse(['sub', 'arg', '--pass'], { from: 'user' });
    expect(mockAction).toHaveBeenCalledWith(['arg', '--pass'], sub.opts(), sub);
  })",255,261,snuts
/tests/command.positionalOptions.test.js,IdenticalTestDescription,"{'startLine':263,'endLine':267}","test('when help option after command-argument then option passed through', () => {
    const { program, sub } = makeProgram();
    program.parse(['sub', 'arg', '--help'], { from: 'user' });
    expect(sub.args).toEqual(['arg', '--help']);
  })",263,267,snuts
/tests/command.positionalOptions.test.js,IdenticalTestDescription,"{'startLine':269,'endLine':274}","test('when version option after command-argument then option passed through', () => {
    const { program, sub } = makeProgram();
    program.version('1.2.3');
    program.parse(['sub', 'arg', '--version'], { from: 'user' });
    expect(sub.args).toEqual(['arg', '--version']);
  })",269,274,snuts
/tests/command.positionalOptions.test.js,IdenticalTestDescription,"{'startLine':303,'endLine':308}","test('when option before command-argument then option parsed', () => {
    const { program, sub } = makeProgram();
    program.parse(['--debug', 'arg'], { from: 'user' });
    expect(sub.args).toEqual(['arg']);
    expect(sub.opts().debug).toBe(true);
  })",303,308,snuts
/tests/command.positionalOptions.test.js,IdenticalTestDescription,"{'startLine':310,'endLine':315}","test('when known option after command-argument then option passed through', () => {
    const { program, sub } = makeProgram();
    program.parse(['arg', '--debug'], { from: 'user' });
    expect(sub.args).toEqual(['arg', '--debug']);
    expect(sub.opts().debug).toBeUndefined();
  })",310,315,snuts
/tests/command.positionalOptions.test.js,IdenticalTestDescription,"{'startLine':317,'endLine':321}","test('when unknown option after command-argument then option passed through', () => {
    const { program, sub } = makeProgram();
    program.parse(['arg', '--pass'], { from: 'user' });
    expect(sub.args).toEqual(['arg', '--pass']);
  })",317,321,snuts
/tests/command.positionalOptions.test.js,IdenticalTestDescription,"{'startLine':323,'endLine':329}","test('when action handler and unknown option after command-argument then option passed through', () => {
    const { program, sub } = makeProgram();
    const mockAction = jest.fn();
    sub.action(mockAction);
    program.parse(['arg', '--pass'], { from: 'user' });
    expect(mockAction).toHaveBeenCalledWith(['arg', '--pass'], sub.opts(), sub);
  })",323,329,snuts
/tests/command.positionalOptions.test.js,IdenticalTestDescription,"{'startLine':409,'endLine':413}","test('when global option before parameter then global option parsed', () => {
    const { program } = makeProgram();
    program.parse(['--global', 'foo'], { from: 'user' });
    expect(program.opts().global).toBe(true);
  })",409,413,snuts
/tests/command.positionalOptions.test.js,IdenticalTestDescription,"{'startLine':428,'endLine':433}","test('when shared option after subcommand then parsed by subcommand', () => {
    const { program, sub } = makeProgram();
    program.parse(['sub', '-g'], { from: 'user' });
    expect(sub.opts().group).toBe(true);
    expect(program.opts().global).toBeUndefined();
  })",428,433,snuts
/tests/command.positionalOptions.test.js,NonFunctionalStatement,"{'startLine':86,'endLine':86}","describe('program with positionalOptions and subcommand', () => {
  function makeProgram() {
    const program = new commander.Command();
    program
      .enablePositionalOptions()
      .option('-s, --shared <value>')
      .argument('<args...>');
    const sub = program
      .command('sub')
      .argument('[arg]')
      .option('-s, --shared <value>')
      .action(() => {}); // Not used, but normal to have action handler on subcommand.
    return { program, sub };
  }

  test('when global option before subcommand then global option parsed', () => {
    const { program } = makeProgram();
    program.parse(['--shared', 'program', 'sub'], { from: 'user' });
    expect(program.opts().shared).toEqual('program');
  });

  test('when shared option after subcommand then parsed by subcommand', () => {
    const { program, sub } = makeProgram();
    program.parse(['sub', '--shared', 'local'], { from: 'user' });
    expect(sub.opts().shared).toEqual('local');
    expect(program.opts().shared).toBeUndefined();
  });

  test('when shared option after subcommand argument then parsed by subcommand', () => {
    const { program, sub } = makeProgram();
    program.parse(['sub', 'arg', '--shared', 'local'], { from: 'user' });
    expect(sub.opts().shared).toEqual('local');
    expect(sub.args).toEqual(['arg']);
    expect(program.opts().shared).toBeUndefined();
  });

  test('when shared option before and after subcommand then both parsed', () => {
    const { program, sub } = makeProgram();
    program.parse(['--shared', 'program', 'sub', '--shared', 'local'], {
      from: 'user',
    });
    expect(program.opts().shared).toEqual('program');
    expect(sub.opts().shared).toEqual('local');
  });

  test.each([
    [[], 1, 0],
    [['sub'], 0, 0],
    [['--help'], 1, 0],
    [['sub', '--help'], 0, 1],
    [['sub', 'foo', '--help'], 0, 1],
    [['help'], 1, 0],
    [['help', 'sub'], 0, 1],
  ])(
    'help: when user args %p then program/sub help called %p/%p',
    (userArgs, expectProgramHelpCount, expectSubHelpCount) => {
      const { program, sub } = makeProgram();
      const mockProgramHelp = jest.fn();
      program.exitOverride().configureHelp({ formatHelp: mockProgramHelp });
      const mockSubHelp = jest.fn();
      sub.exitOverride().configureHelp({ formatHelp: mockSubHelp });

      try {
        program.parse(userArgs, { from: 'user' });
      } catch (err) {
        /* empty */
      }
      expect(mockProgramHelp).toHaveBeenCalledTimes(expectProgramHelpCount);
      expect(mockSubHelp).toHaveBeenCalledTimes(expectSubHelpCount);
    },
  );
})",75,146,snuts
/tests/command.positionalOptions.test.js,NonFunctionalStatement,"{'startLine':163,'endLine':163}","describe('program with positionalOptions and default subcommand (called sub)', () => {
  function makeProgram() {
    const program = new commander.Command();
    program
      .enablePositionalOptions()
      .option('-s, --shared')
      .option('-g, --global')
      .argument('<args...>');
    const sub = program
      .command('sub', { isDefault: true })
      .argument('[args...]')
      .option('-s, --shared')
      .option('-d, --default')
      .action(() => {}); // Not used, but normal to have action handler on subcommand.
    program.command('another'); // Not used, but normal to have more than one subcommand if have a default.
    return { program, sub };
  }

  test('when program option before sub option then program option read by program', () => {
    const { program } = makeProgram();
    program.parse(['--global', '--default'], { from: 'user' });
    expect(program.opts().global).toBe(true);
  });

  test('when program option before sub option then sub option read by sub', () => {
    const { program, sub } = makeProgram();
    program.parse(['--global', '--default'], { from: 'user' });
    expect(sub.opts().default).toBe(true);
  });

  test('when shared option before sub argument then option read by program', () => {
    const { program } = makeProgram();
    program.parse(['--shared', 'foo'], { from: 'user' });
    expect(program.opts().shared).toBe(true);
  });

  test('when shared option after sub argument then option read by sub', () => {
    const { program, sub } = makeProgram();
    program.parse(['foo', '--shared'], { from: 'user' });
    expect(sub.opts().shared).toBe(true);
  });

  test.each([
    [[], 0, 0],
    [['--help'], 1, 0],
    [['help'], 1, 0],
  ])(
    'help: when user args %p then program/sub help called %p/%p',
    (userArgs, expectProgramHelpCount, expectSubHelpCount) => {
      const { program, sub } = makeProgram();
      const mockProgramHelp = jest.fn();
      program.exitOverride().configureHelp({ formatHelp: mockProgramHelp });
      const mockSubHelp = jest.fn();
      sub.exitOverride().configureHelp({ formatHelp: mockSubHelp });

      try {
        program.parse(userArgs, { from: 'user' });
      } catch (err) {
        /* empty */
      }
      expect(mockProgramHelp).toHaveBeenCalledTimes(expectProgramHelpCount);
      expect(mockSubHelp).toHaveBeenCalledTimes(expectSubHelpCount);
    },
  );
})",150,214,snuts
/tests/command.positionalOptions.test.js,NonFunctionalStatement,"{'startLine':231,'endLine':231}","describe('subcommand with passThrough', () => {
  function makeProgram() {
    const program = new commander.Command();
    program
      .enablePositionalOptions()
      .option('-s, --shared <value>')
      .argument('<args...>');
    const sub = program
      .command('sub')
      .passThroughOptions()
      .argument('[args...]')
      .option('-s, --shared <value>')
      .option('-d, --debug')
      .action(() => {}); // Not used, but normal to have action handler on subcommand.
    return { program, sub };
  }

  test('when option before command-argument then option parsed', () => {
    const { program, sub } = makeProgram();
    program.parse(['sub', '--debug', 'arg'], { from: 'user' });
    expect(sub.args).toEqual(['arg']);
    expect(sub.opts().debug).toBe(true);
  });

  test('when known option after command-argument then option passed through', () => {
    const { program, sub } = makeProgram();
    program.parse(['sub', 'arg', '--debug'], { from: 'user' });
    expect(sub.args).toEqual(['arg', '--debug']);
    expect(sub.opts().debug).toBeUndefined();
  });

  test('when unknown option after command-argument then option passed through', () => {
    const { program, sub } = makeProgram();
    program.parse(['sub', 'arg', '--pass'], { from: 'user' });
    expect(sub.args).toEqual(['arg', '--pass']);
  });

  test('when action handler and unknown option after command-argument then option passed through', () => {
    const { program, sub } = makeProgram();
    const mockAction = jest.fn();
    sub.action(mockAction);
    program.parse(['sub', 'arg', '--pass'], { from: 'user' });
    expect(mockAction).toHaveBeenCalledWith(['arg', '--pass'], sub.opts(), sub);
  });

  test('when help option after command-argument then option passed through', () => {
    const { program, sub } = makeProgram();
    program.parse(['sub', 'arg', '--help'], { from: 'user' });
    expect(sub.args).toEqual(['arg', '--help']);
  });

  test('when version option after command-argument then option passed through', () => {
    const { program, sub } = makeProgram();
    program.version('1.2.3');
    program.parse(['sub', 'arg', '--version'], { from: 'user' });
    expect(sub.args).toEqual(['arg', '--version']);
  });

  test('when shared option before sub and after sub and after sub parameter then all three parsed', () => {
    const { program, sub } = makeProgram();
    program.parse(
      ['--shared=global', 'sub', '--shared=local', 'arg', '--shared'],
      { from: 'user' },
    );
    expect(program.opts().shared).toEqual('global');
    expect(sub.opts().shared).toEqual('local');
    expect(sub.args).toEqual(['arg', '--shared']);
  });
})",218,286,snuts
/tests/command.positionalOptions.test.js,NonFunctionalStatement,"{'startLine':299,'endLine':299}","describe('default command with passThrough', () => {
  function makeProgram() {
    const program = new commander.Command();
    program.enablePositionalOptions();
    const sub = program
      .command('sub', { isDefault: true })
      .passThroughOptions()
      .argument('[args...]')
      .option('-d, --debug')
      .action(() => {}); // Not used, but normal to have action handler on subcommand.
    return { program, sub };
  }

  test('when option before command-argument then option parsed', () => {
    const { program, sub } = makeProgram();
    program.parse(['--debug', 'arg'], { from: 'user' });
    expect(sub.args).toEqual(['arg']);
    expect(sub.opts().debug).toBe(true);
  });

  test('when known option after command-argument then option passed through', () => {
    const { program, sub } = makeProgram();
    program.parse(['arg', '--debug'], { from: 'user' });
    expect(sub.args).toEqual(['arg', '--debug']);
    expect(sub.opts().debug).toBeUndefined();
  });

  test('when unknown option after command-argument then option passed through', () => {
    const { program, sub } = makeProgram();
    program.parse(['arg', '--pass'], { from: 'user' });
    expect(sub.args).toEqual(['arg', '--pass']);
  });

  test('when action handler and unknown option after command-argument then option passed through', () => {
    const { program, sub } = makeProgram();
    const mockAction = jest.fn();
    sub.action(mockAction);
    program.parse(['arg', '--pass'], { from: 'user' });
    expect(mockAction).toHaveBeenCalledWith(['arg', '--pass'], sub.opts(), sub);
  });
})",290,330,snuts
/tests/command.positionalOptions.test.js,NonFunctionalStatement,"{'startLine':341,'endLine':341}","describe('program with action handler and positionalOptions and subcommand', () => {
  function makeProgram() {
    const program = new commander.Command();
    program
      .enablePositionalOptions()
      .option('-g, --global')
      .argument('<args...>')
      .action(() => {});
    const sub = program
      .command('sub')
      .argument('[arg]')
      .action(() => {});
    return { program, sub };
  }

  test('when global option before parameter then global option parsed', () => {
    const { program } = makeProgram();
    program.parse(['--global', 'foo'], { from: 'user' });
    expect(program.opts().global).toBe(true);
  });

  test('when global option after parameter then global option parsed', () => {
    const { program } = makeProgram();
    program.parse(['foo', '--global'], { from: 'user' });
    expect(program.opts().global).toBe(true);
  });

  test('when global option after parameter with same name as subcommand then global option parsed', () => {
    const { program } = makeProgram();
    program.parse(['foo', 'sub', '--global'], { from: 'user' });
    expect(program.opts().global).toBe(true);
  });
})",334,366,snuts
/tests/command.positionalOptions.test.js,NonFunctionalStatement,"{'startLine':345,'endLine':345}","describe('program with action handler and positionalOptions and subcommand', () => {
  function makeProgram() {
    const program = new commander.Command();
    program
      .enablePositionalOptions()
      .option('-g, --global')
      .argument('<args...>')
      .action(() => {});
    const sub = program
      .command('sub')
      .argument('[arg]')
      .action(() => {});
    return { program, sub };
  }

  test('when global option before parameter then global option parsed', () => {
    const { program } = makeProgram();
    program.parse(['--global', 'foo'], { from: 'user' });
    expect(program.opts().global).toBe(true);
  });

  test('when global option after parameter then global option parsed', () => {
    const { program } = makeProgram();
    program.parse(['foo', '--global'], { from: 'user' });
    expect(program.opts().global).toBe(true);
  });

  test('when global option after parameter with same name as subcommand then global option parsed', () => {
    const { program } = makeProgram();
    program.parse(['foo', 'sub', '--global'], { from: 'user' });
    expect(program.opts().global).toBe(true);
  });
})",334,366,snuts
/tests/command.positionalOptions.test.js,NonFunctionalStatement,"{'startLine':399,'endLine':399}","describe('program with action handler and passThrough and subcommand', () => {
  function makeProgram() {
    const program = new commander.Command();
    program
      .passThroughOptions()
      .option('-g, --global')
      .argument('<args...>')
      .action(() => {});
    const sub = program
      .command('sub')
      .argument('[arg]')
      .option('-g, --group')
      .option('-d, --debug')
      .action(() => {});
    return { program, sub };
  }

  test('when global option before parameter then global option parsed', () => {
    const { program } = makeProgram();
    program.parse(['--global', 'foo'], { from: 'user' });
    expect(program.opts().global).toBe(true);
  });

  test('when global option after parameter then passed through', () => {
    const { program } = makeProgram();
    program.parse(['foo', '--global'], { from: 'user' });
    expect(program.args).toEqual(['foo', '--global']);
  });

  test('when subcommand option after subcommand then option parsed', () => {
    const { program, sub } = makeProgram();
    program.parse(['sub', '--debug'], { from: 'user' });
    expect(sub.opts().debug).toBe(true);
  });

  // This is somewhat of a side-effect of supporting previous test.
  test('when shared option after subcommand then parsed by subcommand', () => {
    const { program, sub } = makeProgram();
    program.parse(['sub', '-g'], { from: 'user' });
    expect(sub.opts().group).toBe(true);
    expect(program.opts().global).toBeUndefined();
  });
})",392,434,snuts
/tests/command.positionalOptions.test.js,NonFunctionalStatement,"{'startLine':405,'endLine':405}","describe('program with action handler and passThrough and subcommand', () => {
  function makeProgram() {
    const program = new commander.Command();
    program
      .passThroughOptions()
      .option('-g, --global')
      .argument('<args...>')
      .action(() => {});
    const sub = program
      .command('sub')
      .argument('[arg]')
      .option('-g, --group')
      .option('-d, --debug')
      .action(() => {});
    return { program, sub };
  }

  test('when global option before parameter then global option parsed', () => {
    const { program } = makeProgram();
    program.parse(['--global', 'foo'], { from: 'user' });
    expect(program.opts().global).toBe(true);
  });

  test('when global option after parameter then passed through', () => {
    const { program } = makeProgram();
    program.parse(['foo', '--global'], { from: 'user' });
    expect(program.args).toEqual(['foo', '--global']);
  });

  test('when subcommand option after subcommand then option parsed', () => {
    const { program, sub } = makeProgram();
    program.parse(['sub', '--debug'], { from: 'user' });
    expect(sub.opts().debug).toBe(true);
  });

  // This is somewhat of a side-effect of supporting previous test.
  test('when shared option after subcommand then parsed by subcommand', () => {
    const { program, sub } = makeProgram();
    program.parse(['sub', '-g'], { from: 'user' });
    expect(sub.opts().group).toBe(true);
    expect(program.opts().global).toBeUndefined();
  });
})",392,434,snuts
/tests/command.parseOptions.test.js,NonFunctionalStatement,"{'startLine':19,'endLine':19}","describe('regression tests', () => {
  // https://github.com/tj/commander.js/issues/1032
  function createProgram1032() {
    const program = new commander.Command();
    program
      .command('doit [id]')
      .option('--better', 'do it better')
      .action((id, cmd) => {});
    return program;
  }

  // https://github.com/tj/commander.js/issues/1032
  test('when specify subcommand and argument then program.args not empty', () => {
    const program = createProgram1032();
    program.parse(['node', 'test.js', 'doit', 'myid']);
    expect(program.args.length).toBeGreaterThan(0);
  });

  // https://github.com/tj/commander.js/issues/1032
  test('when specify subcommand and option and argument then program.args not empty', () => {
    const program = createProgram1032();
    program.parse(['node', 'test.js', 'doit', '--better', 'myid']);
    expect(program.args.length).toBeGreaterThan(0);
  });

  // https://github.com/tj/commander.js/issues/508
  test('when arguments to executable include option flags then argument order preserved', async () => {
    const pm = path.join(__dirname, 'fixtures/pm');
    const { stdout } = await execFileAsync('node', [
      pm,
      'echo',
      '1',
      '2',
      '--dry-run',
      '3',
      '4',
      '5',
      '6',
    ]);
    expect(stdout).toBe(""[ '1', '2', '--dry-run', '3', '4', '5', '6' ]\n"");
  });
})",12,53,snuts
/tests/command.parseOptions.test.js,NonFunctionalStatement,"{'startLine':63,'endLine':63}","describe('parseOptions', () => {
  function createProgram() {
    const program = new commander.Command();
    program
      .option('--global-flag')
      .option('--global-value <value>')
      .command('sub [args...]')
      .option('--sub-flag');
    program.action(() => {});
    return program;
  }

  // Subcommands are just another potential operand as far as parseOptions is concerned, so limited testing of subcommand as such.

  test('when empty args then empty results', () => {
    const program = createProgram();
    const result = program.parseOptions([]);
    expect(result).toEqual({ operands: [], unknown: [] });
  });

  test('when only operands then results has all operands', () => {
    const program = createProgram();
    const result = program.parseOptions('one two three'.split(' '));
    expect(result).toEqual({ operands: ['one', 'two', 'three'], unknown: [] });
  });

  test('when subcommand and operand then results has subcommand and operand', () => {
    const program = createProgram();
    const result = program.parseOptions('sub one'.split(' '));
    expect(result).toEqual({ operands: ['sub', 'one'], unknown: [] });
  });

  test('when program has flag then option removed', () => {
    const program = createProgram();
    const result = program.parseOptions('--global-flag'.split(' '));
    expect(result).toEqual({ operands: [], unknown: [] });
  });

  test('when program has option with value then option removed', () => {
    const program = createProgram();
    const result = program.parseOptions('--global-value foo'.split(' '));
    expect(result).toEqual({ operands: [], unknown: [] });
  });

  test('when program has flag before operand then option removed', () => {
    const program = createProgram();
    const result = program.parseOptions('--global-flag arg'.split(' '));
    expect(result).toEqual({ operands: ['arg'], unknown: [] });
  });

  test('when program has flag after operand then option removed', () => {
    const program = createProgram();
    const result = program.parseOptions('arg --global-flag'.split(' '));
    expect(result).toEqual({ operands: ['arg'], unknown: [] });
  });

  test('when program has flag after subcommand then option removed', () => {
    const program = createProgram();
    const result = program.parseOptions('sub --global-flag'.split(' '));
    expect(result).toEqual({ operands: ['sub'], unknown: [] });
  });

  test('when program has unknown option then option returned in unknown', () => {
    const program = createProgram();
    const result = program.parseOptions('--unknown'.split(' '));
    expect(result).toEqual({ operands: [], unknown: ['--unknown'] });
  });

  test('when program has unknown option before operands then all unknown in same order', () => {
    const program = createProgram();
    const result = program.parseOptions('--unknown arg'.split(' '));
    expect(result).toEqual({ operands: [], unknown: ['--unknown', 'arg'] });
  });

  test('when program has unknown option after operand then option returned in unknown', () => {
    const program = createProgram();
    const result = program.parseOptions('arg --unknown'.split(' '));
    expect(result).toEqual({ operands: ['arg'], unknown: ['--unknown'] });
  });

  test('when program has flag after unknown option then flag removed', () => {
    const program = createProgram();
    const result = program.parseOptions('--unknown --global-flag'.split(' '));
    expect(result).toEqual({ operands: [], unknown: ['--unknown'] });
  });

  test('when subcommand has flag then flag returned as unknown', () => {
    const program = createProgram();
    const result = program.parseOptions('sub --sub-flag'.split(' '));
    expect(result).toEqual({ operands: ['sub'], unknown: ['--sub-flag'] });
  });

  test('when program has literal before known flag then option returned as operand', () => {
    const program = createProgram();
    const result = program.parseOptions('-- --global-flag'.split(' '));
    expect(result).toEqual({ operands: ['--global-flag'], unknown: [] });
  });

  test('when program has literal before unknown option then option returned as operand', () => {
    const program = createProgram();
    const result = program.parseOptions('-- --unknown uuu'.split(' '));
    expect(result).toEqual({ operands: ['--unknown', 'uuu'], unknown: [] });
  });

  test('when program has literal after unknown option then literal preserved too', () => {
    const program = createProgram();
    const result = program.parseOptions('--unknown1 -- --unknown2'.split(' '));
    expect(result).toEqual({
      operands: [],
      unknown: ['--unknown1', '--', '--unknown2'],
    });
  });
})",55,167,snuts
/tests/command.parseOptions.test.js,NonFunctionalStatement,"{'startLine':250,'endLine':250}","describe('Utility Conventions', () => {
  function createProgram() {
    const program = new commander.Command();
    program
      .option('-a,--aaa')
      .option('-b,--bbb')
      .option('-c,--ccc <value>')
      .option('-d,--ddd [value]');
    program.action(() => {});
    return program;
  }

  test('when program has combo known boolean short flags then arg removed', () => {
    const program = createProgram();
    const result = program.parseOptions(['-ab']);
    expect(result).toEqual({ operands: [], unknown: [] });
    expect(program.opts()).toEqual({ aaa: true, bbb: true });
  });

  test('when program has combo unknown short flags then arg preserved', () => {
    const program = createProgram();
    const result = program.parseOptions(['-pq']);
    expect(result).toEqual({ operands: [], unknown: ['-pq'] });
    expect(program.opts()).toEqual({});
  });

  test('when program has combo known short option and required value then arg removed', () => {
    const program = createProgram();
    const result = program.parseOptions(['-cvalue']);
    expect(result).toEqual({ operands: [], unknown: [] });
    expect(program.opts()).toEqual({ ccc: 'value' });
  });

  test('when program has combo known short option and optional value then arg removed', () => {
    const program = createProgram();
    const result = program.parseOptions(['-dvalue']);
    expect(result).toEqual({ operands: [], unknown: [] });
    expect(program.opts()).toEqual({ ddd: 'value' });
  });

  test('when program has known combo short boolean flags and required value then arg removed', () => {
    const program = createProgram();
    const result = program.parseOptions(['-abcvalue']);
    expect(result).toEqual({ operands: [], unknown: [] });
    expect(program.opts()).toEqual({ aaa: true, bbb: true, ccc: 'value' });
  });

  test('when program has known combo short boolean flags and optional value then arg removed', () => {
    const program = createProgram();
    const result = program.parseOptions(['-abdvalue']);
    expect(result).toEqual({ operands: [], unknown: [] });
    expect(program.opts()).toEqual({ aaa: true, bbb: true, ddd: 'value' });
  });

  test('when program has known long flag=value then arg removed', () => {
    const program = createProgram();
    const result = program.parseOptions(['--ccc=value']);
    expect(result).toEqual({ operands: [], unknown: [] });
    expect(program.opts()).toEqual({ ccc: 'value' });
  });

  test('when program has unknown long flag=value then arg preserved', () => {
    const program = createProgram();
    const result = program.parseOptions(['--rrr=value']);
    expect(result).toEqual({ operands: [], unknown: ['--rrr=value'] });
    expect(program.opts()).toEqual({});
  });

  test('when program has combo optional and combineFlagAndOptionalValue() then treat as value', () => {
    const program = createProgram();
    program.combineFlagAndOptionalValue();
    program.parseOptions(['-db']);
    expect(program.opts()).toEqual({ ddd: 'b' });
  });

  test('when program has combo optional and combineFlagAndOptionalValue(true) then treat as value', () => {
    const program = createProgram();
    program.combineFlagAndOptionalValue(true);
    program.parseOptions(['-db']);
    expect(program.opts()).toEqual({ ddd: 'b' });
  });

  test('when program has combo optional and combineFlagAndOptionalValue(false) then treat as boolean', () => {
    const program = createProgram();
    program.combineFlagAndOptionalValue(false);
    program.parseOptions(['-db']);
    expect(program.opts()).toEqual({ ddd: true, bbb: true });
  });
})",242,330,snuts
/tests/command.parse.test.js,IdenticalTestDescription,"{'startLine':167,'endLine':175}","test('when parse called then parameter does not change', async () => {
    const program = new commander.Command();
    program.argument('[args...]');
    program.option('--debug');
    const original = ['node', '--debug', 'arg'];
    const param = original.slice();
    await program.parseAsync(param);
    expect(param).toEqual(original);
  })",167,175,snuts
/tests/command.parse.test.js,NonFunctionalStatement,"{'startLine':104,'endLine':104}","test('when call .parse then returns program', () => {
    const program = new commander.Command();
    program.argument('[args...]');
    program.action(() => {});

    const result = program.parse(['node', 'test']);
    expect(result).toBe(program);
  })",101,108,snuts
/tests/command.parse.test.js,NonFunctionalStatement,"{'startLine':113,'endLine':113}","test('when await .parseAsync then returns program', async () => {
    const program = new commander.Command();
    program.argument('[args...]');
    program.action(() => {});

    const result = await program.parseAsync(['node', 'test']);
    expect(result).toBe(program);
  })",110,117,snuts
/tests/command.onCommand.test.js,NonFunctionalStatement,"{'startLine':10,'endLine':10}","test('when action handler for subcommand then emit command:subcommand', () => {
    const mockListener = jest.fn();
    const program = new commander.Command();
    program.command('sub').action(() => {});
    program.on('command:sub', mockListener);
    program.parse(['sub'], { from: 'user' });
    expect(mockListener).toHaveBeenCalled();
  })",7,14,snuts
/tests/command.onCommand.test.js,NonFunctionalStatement,"{'startLine':28,'endLine':28}","test('when subcommand has argument then emit command:subcommand with argument', () => {
    const mockListener = jest.fn();
    const program = new commander.Command();
    program.command('sub <file>').action(() => {});
    program.on('command:sub', mockListener);
    program.parse(['sub', 'file'], { from: 'user' });
    expect(mockListener).toHaveBeenCalledWith(['file'], []);
  })",25,32,snuts
/tests/command.hook.test.js,NonFunctionalStatement,"{'startLine':6,'endLine':6}","test('when hook event wrong then throw', () => {
  const program = new commander.Command();
  expect(() => {
    program.hook('silly', () => {});
  }).toThrow();
})",3,8,snuts
/tests/command.hook.test.js,NonFunctionalStatement,"{'startLine':108,'endLine':108}","test('when hook on program then passed program/program', () => {
    const hook = jest.fn();
    const program = new commander.Command();
    program.hook('preAction', hook).action(() => {});
    program.parse([], { from: 'user' });
    expect(hook).toHaveBeenCalledWith(program, program);
  })",105,111,snuts
/tests/command.hook.test.js,NonFunctionalStatement,"{'startLine':117,'endLine':117}","test('when hook on program and call sub then passed program/sub', () => {
    const hook = jest.fn();
    const program = new commander.Command();
    program.hook('preAction', hook);
    const sub = program.command('sub').action(() => {});
    program.parse(['sub'], { from: 'user' });
    expect(hook).toHaveBeenCalledWith(program, sub);
  })",113,120,snuts
/tests/command.hook.test.js,NonFunctionalStatement,"{'startLine':128,'endLine':128}","test('when hook on sub and call sub then passed sub/sub', () => {
    const hook = jest.fn();
    const program = new commander.Command();
    const sub = program
      .command('sub')
      .hook('preAction', hook)
      .action(() => {});
    program.parse(['sub'], { from: 'user' });
    expect(hook).toHaveBeenCalledWith(sub, sub);
  })",122,131,snuts
/tests/command.hook.test.js,NonFunctionalStatement,"{'startLine':141,'endLine':141}","test('when hook program on preAction then thisCommand has options set', () => {
    expect.assertions(1);
    const program = new commander.Command();
    program
      .option('--debug')
      .hook('preAction', (thisCommand) => {
        expect(thisCommand.opts().debug).toEqual(true);
      })
      .action(() => {});
    program.parse(['--debug'], { from: 'user' });
  })",133,143,snuts
/tests/command.hook.test.js,NonFunctionalStatement,"{'startLine':151,'endLine':151}","test('when hook program on preAction and call sub then thisCommand has program options set', () => {
    expect.assertions(1);
    const program = new commander.Command();
    program.option('--debug').hook('preAction', (thisCommand) => {
      expect(thisCommand.opts().debug).toEqual(true);
    });
    program.command('sub').action(() => {});
    program.parse(['sub', '--debug'], { from: 'user' });
  })",145,153,snuts
/tests/command.hook.test.js,NonFunctionalStatement,"{'startLine':164,'endLine':164}","test('when hook program on preAction and call sub then actionCommand has sub options set', () => {
    expect.assertions(1);
    const program = new commander.Command();
    program.hook('preAction', (thisCommand, actionCommand) => {
      expect(actionCommand.opts().debug).toEqual(true);
    });
    program
      .command('sub')
      .option('--debug')
      .action(() => {});
    program.parse(['sub', '--debug'], { from: 'user' });
  })",155,166,snuts
/tests/command.hook.test.js,NonFunctionalStatement,"{'startLine':176,'endLine':176}","test('when hook program on preAction then actionCommand has args set', () => {
    expect.assertions(1);
    const program = new commander.Command();
    program
      .argument('[arg]')
      .hook('preAction', (thisCommand, actionCommand) => {
        expect(actionCommand.args).toEqual(['value']);
      })
      .action(() => {});
    program.parse(['value'], { from: 'user' });
  })",168,178,snuts
/tests/command.hook.test.js,NonFunctionalStatement,"{'startLine':189,'endLine':189}","test('when hook program on preAction then actionCommand has args set with options removed', () => {
    expect.assertions(1);
    const program = new commander.Command();
    program
      .argument('[arg]')
      .option('--debug')
      .hook('preAction', (thisCommand, actionCommand) => {
        expect(actionCommand.args).toEqual(['value']);
      })
      .action(() => {});
    program.parse(['value', '--debug'], { from: 'user' });
  })",180,191,snuts
/tests/command.hook.test.js,NonFunctionalStatement,"{'startLine':202,'endLine':202}","test('when hook program on preAction and call sub then thisCommand has program args set', () => {
    expect.assertions(1);
    const program = new commander.Command();
    program.argument('[arg]').hook('preAction', (thisCommand) => {
      expect(thisCommand.args).toEqual(['sub', 'value']);
    });
    program
      .command('sub')
      .argument('<arg>')
      .action(() => {});
    program.parse(['sub', 'value'], { from: 'user' });
  })",193,204,snuts
/tests/command.hook.test.js,NonFunctionalStatement,"{'startLine':215,'endLine':215}","test('when hook program on preAction and call sub then actionCommand has sub args set', () => {
    expect.assertions(1);
    const program = new commander.Command();
    program.hook('preAction', (thisCommand, actionCommand) => {
      expect(actionCommand.args).toEqual(['value']);
    });
    program
      .command('sub')
      .argument('<arg>')
      .action(() => {});
    program.parse(['sub', 'value'], { from: 'user' });
  })",206,217,snuts
/tests/command.helpOption.test.js,GeneralFixture,"{'startLine':9,'endLine':9}","beforeAll(() => {
    // Optional. Suppress expected output to keep test output clean.
    writeSpy = jest.spyOn(process.stdout, 'write').mockImplementation(() => {});
    writeErrorSpy = jest
      .spyOn(process.stderr, 'write')
      .mockImplementation(() => {});
  })",7,13,snuts
/tests/command.helpOption.test.js,GeneralFixture,"{'startLine':10,'endLine':12}","beforeAll(() => {
    // Optional. Suppress expected output to keep test output clean.
    writeSpy = jest.spyOn(process.stdout, 'write').mockImplementation(() => {});
    writeErrorSpy = jest
      .spyOn(process.stderr, 'write')
      .mockImplementation(() => {});
  })",7,13,snuts
/tests/command.helpOption.test.js,NonFunctionalStatement,"{'startLine':9,'endLine':9}","beforeAll(() => {
    // Optional. Suppress expected output to keep test output clean.
    writeSpy = jest.spyOn(process.stdout, 'write').mockImplementation(() => {});
    writeErrorSpy = jest
      .spyOn(process.stderr, 'write')
      .mockImplementation(() => {});
  })",7,13,snuts
/tests/command.helpOption.test.js,NonFunctionalStatement,"{'startLine':12,'endLine':12}","beforeAll(() => {
    // Optional. Suppress expected output to keep test output clean.
    writeSpy = jest.spyOn(process.stdout, 'write').mockImplementation(() => {});
    writeErrorSpy = jest
      .spyOn(process.stderr, 'write')
      .mockImplementation(() => {});
  })",7,13,snuts
/tests/command.helpCommand.test.js,GeneralFixture,"{'startLine':62,'endLine':64}","beforeAll(() => {
    writeErrorSpy = jest
      .spyOn(process.stderr, 'write')
      .mockImplementation(() => {});
    writeSpy = jest.spyOn(process.stdout, 'write').mockImplementation(() => {});
  })",61,66,snuts
/tests/command.helpCommand.test.js,GeneralFixture,"{'startLine':65,'endLine':65}","beforeAll(() => {
    writeErrorSpy = jest
      .spyOn(process.stderr, 'write')
      .mockImplementation(() => {});
    writeSpy = jest.spyOn(process.stdout, 'write').mockImplementation(() => {});
  })",61,66,snuts
/tests/command.helpCommand.test.js,NonFunctionalStatement,"{'startLine':64,'endLine':64}","beforeAll(() => {
    writeErrorSpy = jest
      .spyOn(process.stderr, 'write')
      .mockImplementation(() => {});
    writeSpy = jest.spyOn(process.stdout, 'write').mockImplementation(() => {});
  })",61,66,snuts
/tests/command.helpCommand.test.js,NonFunctionalStatement,"{'startLine':65,'endLine':65}","beforeAll(() => {
    writeErrorSpy = jest
      .spyOn(process.stderr, 'write')
      .mockImplementation(() => {});
    writeSpy = jest.spyOn(process.stdout, 'write').mockImplementation(() => {});
  })",61,66,snuts
/tests/command.help.test.js,NonFunctionalStatement,"{'startLine':39,'endLine':39}","test('when call .help then exit', () => {
  // Optional. Suppress normal output to keep test output clean.
  const writeSpy = jest
    .spyOn(process.stdout, 'write')
    .mockImplementation(() => {});
  const program = new commander.Command();
  program.exitOverride();
  expect(() => {
    program.help();
  }).toThrow('(outputHelp)');
  writeSpy.mockClear();
})",35,46,snuts
/tests/command.help.test.js,NonFunctionalStatement,"{'startLine':52,'endLine':52}","test('when specify --help then exit', () => {
  // Optional. Suppress normal output to keep test output clean.
  const writeSpy = jest
    .spyOn(process.stdout, 'write')
    .mockImplementation(() => {});
  const program = new commander.Command();
  program.exitOverride();
  expect(() => {
    program.parse(['node', 'test', '--help']);
  }).toThrow('(outputHelp)');
  writeSpy.mockClear();
})",48,59,snuts
/tests/command.help.test.js,NonFunctionalStatement,"{'startLine':65,'endLine':65}","test('when call help(cb) then display cb output and exit', () => {
  // Using spy to detect custom output
  const writeSpy = jest
    .spyOn(process.stdout, 'write')
    .mockImplementation(() => {});
  const helpReplacement = 'reformatted help';
  const program = new commander.Command();
  program.exitOverride();
  expect(() => {
    program.help((helpInformation) => {
      return helpReplacement;
    });
  }).toThrow('(outputHelp)');
  expect(writeSpy).toHaveBeenCalledWith(helpReplacement);
  writeSpy.mockClear();
})",61,76,snuts
/tests/command.help.test.js,NonFunctionalStatement,"{'startLine':82,'endLine':82}","test('when call outputHelp(cb) then display cb output', () => {
  // Using spy to detect custom output
  const writeSpy = jest
    .spyOn(process.stdout, 'write')
    .mockImplementation(() => {});
  const helpReplacement = 'reformatted help';
  const program = new commander.Command();
  program.outputHelp((helpInformation) => {
    return helpReplacement;
  });
  expect(writeSpy).toHaveBeenCalledWith(helpReplacement);
  writeSpy.mockClear();
})",78,90,snuts
/tests/command.help.test.js,NonFunctionalStatement,"{'startLine':139,'endLine':139}","test('when call .help then output on stdout', () => {
  const writeSpy = jest
    .spyOn(process.stdout, 'write')
    .mockImplementation(() => {});
  const program = new commander.Command();
  program.exitOverride();
  expect(() => {
    program.help();
  }).toThrow('(outputHelp)');
  expect(writeSpy).toHaveBeenCalledWith(program.helpInformation());
  writeSpy.mockClear();
})",136,147,snuts
/tests/command.help.test.js,NonFunctionalStatement,"{'startLine':152,'endLine':152}","test('when call .help with { error: true } then output on stderr', () => {
  const writeSpy = jest
    .spyOn(process.stderr, 'write')
    .mockImplementation(() => {});
  const program = new commander.Command();
  program.exitOverride();
  expect(() => {
    program.help({ error: true });
  }).toThrow('(outputHelp)');
  expect(writeSpy).toHaveBeenCalledWith(program.helpInformation());
  writeSpy.mockClear();
})",149,160,snuts
/tests/command.exitOverride.test.js,NonFunctionalStatement,"{'startLine':25,'endLine':25}","beforeAll(() => {
    stderrSpy = jest
      .spyOn(process.stderr, 'write')
      .mockImplementation(() => {});
  })",22,26,snuts
/tests/command.exitOverride.test.js,NonFunctionalStatement,"{'startLine':129,'endLine':129}","test('when specify command without required argument then throw CommanderError', () => {
    const program = new commander.Command();
    program
      .exitOverride()
      .command('compress <arg-name>')
      .action(() => {});

    let caughtErr;
    try {
      program.parse(['node', 'test', 'compress']);
    } catch (err) {
      caughtErr = err;
    }

    expect(stderrSpy).toHaveBeenCalled();
    expectCommanderError(
      caughtErr,
      1,
      'commander.missingArgument',
      ""error: missing required argument 'arg-name'"",
    );
  })",124,145,snuts
/tests/command.exitOverride.test.js,NonFunctionalStatement,"{'startLine':172,'endLine':172}","test('when specify excess argument then throw CommanderError', () => {
    const program = new commander.Command();
    program
      .exitOverride()
      .allowExcessArguments(false)
      .action(() => {});

    let caughtErr;
    try {
      program.parse(['node', 'test', 'excess']);
    } catch (err) {
      caughtErr = err;
    }

    expect(stderrSpy).toHaveBeenCalled();
    expectCommanderError(
      caughtErr,
      1,
      'commander.excessArguments',
      'error: too many arguments. Expected 0 arguments but got 1.',
    );
  })",167,188,snuts
/tests/command.exitOverride.test.js,NonFunctionalStatement,"{'startLine':196,'endLine':196}","test('when specify command with excess argument then throw CommanderError', () => {
    const program = new commander.Command();
    program
      .exitOverride()
      .command('speak')
      .allowExcessArguments(false)
      .action(() => {});

    let caughtErr;
    try {
      program.parse(['node', 'test', 'speak', 'excess']);
    } catch (err) {
      caughtErr = err;
    }

    expect(stderrSpy).toHaveBeenCalled();
    expectCommanderError(
      caughtErr,
      1,
      'commander.excessArguments',
      ""error: too many arguments for 'speak'. Expected 0 arguments but got 1."",
    );
  })",190,212,snuts
/tests/command.exitOverride.test.js,NonFunctionalStatement,"{'startLine':217,'endLine':217}","test('when specify --help then throw CommanderError', () => {
    const writeSpy = jest
      .spyOn(process.stdout, 'write')
      .mockImplementation(() => {});
    const program = new commander.Command();
    program.exitOverride();

    let caughtErr;
    try {
      program.parse(['node', 'test', '--help']);
    } catch (err) {
      caughtErr = err;
    }

    expectCommanderError(
      caughtErr,
      0,
      'commander.helpDisplayed',
      '(outputHelp)',
    );
    writeSpy.mockRestore();
  })",214,235,snuts
/tests/command.exitOverride.test.js,NonFunctionalStatement,"{'startLine':254,'endLine':254}","test('when specify --version then throw CommanderError', () => {
    const stdoutSpy = jest
      .spyOn(process.stdout, 'write')
      .mockImplementation(() => {});
    const myVersion = '1.2.3';
    const program = new commander.Command();
    program.exitOverride().version(myVersion);

    let caughtErr;
    try {
      program.parse(['node', 'test', '--version']);
    } catch (err) {
      caughtErr = err;
    }

    expectCommanderError(caughtErr, 0, 'commander.version', myVersion);
    stdoutSpy.mockRestore();
  })",251,268,snuts
/tests/command.exitOverride.test.js,NonFunctionalStatement,"{'startLine':337,'endLine':337}","test('when command argument not in choices then throw CommanderError', () => {
    const program = new commander.Command();
    program
      .exitOverride()
      .addArgument(new commander.Argument('<shade>').choices(['red', 'blue']))
      .action(() => {});

    let caughtErr;
    try {
      program.parse(['green'], { from: 'user' });
    } catch (err) {
      caughtErr = err;
    }

    expectCommanderError(
      caughtErr,
      1,
      'commander.invalidArgument',
      ""error: command-argument value 'green' is invalid for argument 'shade'. Allowed choices are red, blue."",
    );
  })",332,352,snuts
/tests/command.exitOverride.test.js,NonFunctionalStatement,"{'startLine':385,'endLine':385}","test('when custom processing for argument throws InvalidArgumentError then catch CommanderError', () => {
    function justSayNo(value) {
      throw new commander.InvalidArgumentError('NO');
    }
    const program = new commander.Command();
    program
      .exitOverride()
      .argument('[n]', 'number', justSayNo)
      .action(() => {});

    let caughtErr;
    try {
      program.parse(['green'], { from: 'user' });
    } catch (err) {
      caughtErr = err;
    }

    expectCommanderError(
      caughtErr,
      1,
      'commander.invalidArgument',
      ""error: command-argument value 'green' is invalid for argument 'n'. NO"",
    );
  })",377,400,snuts
/tests/command.exitOverride.test.js,NonFunctionalStatement,"{'startLine':440,'endLine':440}","test('when no override and error then exit(1)', () => {
  const exitSpy = jest.spyOn(process, 'exit').mockImplementation(() => {});
  const program = new commander.Command();
  program.configureOutput({ outputError: () => {} });
  program.parse(['--unknownOption'], { from: 'user' });
  expect(exitSpy).toHaveBeenCalledWith(1);
  exitSpy.mockRestore();
})",439,446,snuts
/tests/command.exitOverride.test.js,NonFunctionalStatement,"{'startLine':442,'endLine':442}","test('when no override and error then exit(1)', () => {
  const exitSpy = jest.spyOn(process, 'exit').mockImplementation(() => {});
  const program = new commander.Command();
  program.configureOutput({ outputError: () => {} });
  program.parse(['--unknownOption'], { from: 'user' });
  expect(exitSpy).toHaveBeenCalledWith(1);
  exitSpy.mockRestore();
})",439,446,snuts
/tests/command.executableSubcommand.test.js,NonFunctionalStatement,"{'startLine':10,'endLine':10}","test('when no command specified and executable then display help', () => {
  // Optional. Suppress normal output to keep test output clean.
  const writeSpy = jest
    .spyOn(process.stderr, 'write')
    .mockImplementation(() => {});
  const program = new commander.Command();
  program
    .exitOverride((err) => {
      throw err;
    })
    .command('install', 'install description');
  expect(() => {
    program.parse(['node', 'test']);
  }).toThrow('(outputHelp)');
  writeSpy.mockClear();
})",6,21,snuts
/tests/command.executableSubcommand.search.test.js,NonFunctionalStatement,"{'startLine':34,'endLine':34}","beforeAll(() => {
    spawnSpy = jest.spyOn(childProcess, 'spawn').mockImplementation(() => {
      return {
        on: () => {},
        killed: true,
      };
    });
  })",31,38,snuts
/tests/command.executableSubcommand.search.test.js,NonFunctionalStatement,"{'startLine':61,'endLine':61}","test('when no script arg or executableDir then no search for local file', () => {
      const program = new commander.Command();
      program._checkForMissingExecutable = () => {}; // suppress error, call mocked spawn
      program.name('pm');
      program.command('sub', 'executable description');
      program.parse(['sub'], { from: 'user' });

      expect(existsSpy).not.toHaveBeenCalled();
    })",59,67,snuts
/tests/command.executableSubcommand.search.test.js,NonFunctionalStatement,"{'startLine':71,'endLine':71}","test('when script arg then search for local files', () => {
      const program = new commander.Command();
      program._checkForMissingExecutable = () => {}; // suppress error, call mocked spawn
      program.name('pm');
      program.command('sub', 'executable description');
      program.parse(['node', 'script-name', 'sub']);

      expect(existsSpy).toHaveBeenCalled();
    })",69,77,snuts
/tests/command.executableSubcommand.search.test.js,NonFunctionalStatement,"{'startLine':81,'endLine':81}","test('when executableDir then search for local files)', () => {
      const program = new commander.Command();
      program._checkForMissingExecutable = () => {}; // suppress error, call mocked spawn
      program.name('pm');
      program.executableDir(__dirname);
      program.command('sub', 'executable description');
      program.parse(['sub'], { from: 'user' });

      expect(existsSpy).toHaveBeenCalled();
    })",79,88,snuts
/tests/command.executableSubcommand.search.test.js,NonFunctionalStatement,"{'startLine':308,'endLine':308}","test('when script arg then search for local script-sub.js, .ts, .tsx, .mpjs, .cjs', () => {
      existsSpy.mockImplementation((path) => false);
      const program = new commander.Command();
      program._checkForMissingExecutable = () => {}; // suppress error, call mocked spawn
      program.command('sub', 'executable description');
      const scriptPath = path.resolve(gLocalDirectory, 'script');
      program.parse(['node', scriptPath, 'sub']);
      const sourceExt = ['.js', '.ts', '.tsx', '.mjs', '.cjs'];
      sourceExt.forEach((ext) => {
        expect(existsSpy).toHaveBeenCalledWith(
          path.resolve(gLocalDirectory, `script-sub${ext}`),
        );
      });
    })",305,318,snuts
/tests/command.executableSubcommand.mock.test.js,NonFunctionalStatement,"{'startLine':70,'endLine':70}","test('when subcommand executable fails with other error and exitOverride then return in custom wrapper', () => {
  // The existing behaviour is to just silently fail for unexpected errors, as it is happening
  // asynchronously in spawned process and client can not catch errors.
  const mockProcess = new EventEmitter();
  const spawnSpy = jest.spyOn(childProcess, 'spawn').mockImplementation(() => {
    return mockProcess;
  });
  const program = new commander.Command();
  program._checkForMissingExecutable = () => {}; // suppress error, call mocked spawn
  program.exitOverride((err) => {
    throw err;
  });
  program.command('executable', 'executable description');
  program.parse(['executable'], { from: 'user' });
  let caughtErr;
  try {
    mockProcess.emit('error', makeSystemError('OTHER'));
  } catch (err) {
    caughtErr = err;
  }
  expect(caughtErr.code).toEqual('commander.executeSubCommandAsync');
  expect(caughtErr.nestedError.code).toEqual('OTHER');
  spawnSpy.mockRestore();
})",62,85,snuts
/tests/command.executableSubcommand.mock.test.js,NonFunctionalStatement,"{'startLine':94,'endLine':94}","test('when subcommand executable fails with other error then exit', () => {
  // The existing behaviour is to just silently fail for unexpected errors, as it is happening
  // asynchronously in spawned process and client can not catch errors.
  const mockProcess = new EventEmitter();
  const spawnSpy = jest.spyOn(childProcess, 'spawn').mockImplementation(() => {
    return mockProcess;
  });
  const exitSpy = jest.spyOn(process, 'exit').mockImplementation(() => {});
  const program = new commander.Command();
  program._checkForMissingExecutable = () => {}; // suppress error, call mocked spawn
  program.command('executable', 'executable description');
  program.parse(['executable'], { from: 'user' });
  mockProcess.emit('error', makeSystemError('OTHER'));
  expect(exitSpy).toHaveBeenCalledWith(1);
  exitSpy.mockRestore();
  spawnSpy.mockRestore();
})",87,103,snuts
/tests/command.executableSubcommand.mock.test.js,NonFunctionalStatement,"{'startLine':96,'endLine':96}","test('when subcommand executable fails with other error then exit', () => {
  // The existing behaviour is to just silently fail for unexpected errors, as it is happening
  // asynchronously in spawned process and client can not catch errors.
  const mockProcess = new EventEmitter();
  const spawnSpy = jest.spyOn(childProcess, 'spawn').mockImplementation(() => {
    return mockProcess;
  });
  const exitSpy = jest.spyOn(process, 'exit').mockImplementation(() => {});
  const program = new commander.Command();
  program._checkForMissingExecutable = () => {}; // suppress error, call mocked spawn
  program.command('executable', 'executable description');
  program.parse(['executable'], { from: 'user' });
  mockProcess.emit('error', makeSystemError('OTHER'));
  expect(exitSpy).toHaveBeenCalledWith(1);
  exitSpy.mockRestore();
  spawnSpy.mockRestore();
})",87,103,snuts
/tests/command.executableSubcommand.lookup.test.js,ConditionalTestLogic,"{'startLine':19,'endLine':26}","test('when subcommand file missing then error', () => {
  expect.assertions(1);
  return execFileAsync('node', [pm, 'list']).catch((err) => {
    if (process.platform === 'win32') {
      // Get uncaught thrown error on Windows
      // eslint-disable-next-line jest/no-conditional-expect
      expect(err.stderr).toBeDefined();
    } else {
      // eslint-disable-next-line jest/no-conditional-expect
      expect(err.stderr).toMatch(/Error: 'pm-list' does not exist/);
    }
  });
})",16,28,snuts
/tests/command.executableSubcommand.lookup.test.js,ConditionalTestLogic,"{'startLine':33,'endLine':40}","test('when alias subcommand file missing then error', () => {
  expect.assertions(1);
  return execFileAsync('node', [pm, 'lst']).catch((err) => {
    if (process.platform === 'win32') {
      // Get uncaught thrown error on Windows
      // eslint-disable-next-line jest/no-conditional-expect
      expect(err.stderr).toBeDefined();
    } else {
      // eslint-disable-next-line jest/no-conditional-expect
      expect(err.stderr).toMatch(/Error: 'pm-list' does not exist/);
    }
  });
})",30,42,snuts
/tests/command.error.test.js,NonFunctionalStatement,"{'startLine':4,'endLine':4}","test('when error called with message then message displayed on stderr', () => {
  const exitSpy = jest.spyOn(process, 'exit').mockImplementation(() => {});
  const stderrSpy = jest
    .spyOn(process.stderr, 'write')
    .mockImplementation(() => {});

  const program = new commander.Command();
  const message = 'Goodbye';
  program.error(message);

  expect(stderrSpy).toHaveBeenCalledWith(`${message}\n`);
  stderrSpy.mockRestore();
  exitSpy.mockRestore();
})",3,16,snuts
/tests/command.error.test.js,NonFunctionalStatement,"{'startLine':7,'endLine':7}","test('when error called with message then message displayed on stderr', () => {
  const exitSpy = jest.spyOn(process, 'exit').mockImplementation(() => {});
  const stderrSpy = jest
    .spyOn(process.stderr, 'write')
    .mockImplementation(() => {});

  const program = new commander.Command();
  const message = 'Goodbye';
  program.error(message);

  expect(stderrSpy).toHaveBeenCalledWith(`${message}\n`);
  stderrSpy.mockRestore();
  exitSpy.mockRestore();
})",3,16,snuts
/tests/command.error.test.js,NonFunctionalStatement,"{'startLine':19,'endLine':19}","test('when error called with no exitCode then process.exit(1)', () => {
  const exitSpy = jest.spyOn(process, 'exit').mockImplementation(() => {});

  const program = new commander.Command();
  program.configureOutput({
    writeErr: () => {},
  });

  program.error('Goodbye');

  expect(exitSpy).toHaveBeenCalledWith(1);
  exitSpy.mockRestore();
})",18,30,snuts
/tests/command.error.test.js,NonFunctionalStatement,"{'startLine':23,'endLine':23}","test('when error called with no exitCode then process.exit(1)', () => {
  const exitSpy = jest.spyOn(process, 'exit').mockImplementation(() => {});

  const program = new commander.Command();
  program.configureOutput({
    writeErr: () => {},
  });

  program.error('Goodbye');

  expect(exitSpy).toHaveBeenCalledWith(1);
  exitSpy.mockRestore();
})",18,30,snuts
/tests/command.error.test.js,NonFunctionalStatement,"{'startLine':33,'endLine':33}","test('when error called with exitCode 2 then process.exit(2)', () => {
  const exitSpy = jest.spyOn(process, 'exit').mockImplementation(() => {});

  const program = new commander.Command();
  program.configureOutput({
    writeErr: () => {},
  });
  program.error('Goodbye', { exitCode: 2 });

  expect(exitSpy).toHaveBeenCalledWith(2);
  exitSpy.mockRestore();
})",32,43,snuts
/tests/command.error.test.js,NonFunctionalStatement,"{'startLine':37,'endLine':37}","test('when error called with exitCode 2 then process.exit(2)', () => {
  const exitSpy = jest.spyOn(process, 'exit').mockImplementation(() => {});

  const program = new commander.Command();
  program.configureOutput({
    writeErr: () => {},
  });
  program.error('Goodbye', { exitCode: 2 });

  expect(exitSpy).toHaveBeenCalledWith(2);
  exitSpy.mockRestore();
})",32,43,snuts
/tests/command.error.test.js,NonFunctionalStatement,"{'startLine':54,'endLine':54}","test('when error called with code and exitOverride then throws with code', () => {
  const program = new commander.Command();
  let errorThrown;
  program
    .exitOverride((err) => {
      errorThrown = err;
      throw err;
    })
    .configureOutput({
      writeErr: () => {},
    });

  const code = 'commander.test';
  expect(() => {
    program.error('Goodbye', { code });
  }).toThrow();
  expect(errorThrown.code).toEqual(code);
})",45,62,snuts
/tests/command.default.test.js,IdenticalTestDescription,"{'startLine':41,'endLine':45}","test('when default subcommand and no command then call default', () => {
    const { program, actionMock } = makeProgram();
    program.parse('node test.js'.split(' '));
    expect(actionMock).toHaveBeenCalled();
  })",41,45,snuts
/tests/command.default.test.js,IdenticalTestDescription,"{'startLine':74,'endLine':78}","test('when default subcommand and no command then call default', () => {
    const { program, actionMock } = makeProgram();
    program.parse('node test.js'.split(' '));
    expect(actionMock).toHaveBeenCalled();
  })",74,78,snuts
/tests/command.default.test.js,IdenticalTestDescription,"{'startLine':80,'endLine':84}","test('when default subcommand and unrecognised argument then call default', () => {
    const { program, actionMock } = makeProgram();
    program.parse('node test.js an-argument'.split(' '));
    expect(actionMock).toHaveBeenCalled();
  })",80,84,snuts
/tests/command.default.test.js,IdenticalTestDescription,"{'startLine':86,'endLine':90}","test('when default subcommand and unrecognised option then call default', () => {
    const { program, actionMock } = makeProgram();
    program.parse('node test.js --an-option'.split(' '));
    expect(actionMock).toHaveBeenCalled();
  })",86,90,snuts
/tests/command.copySettings.test.js,SubOptimalAssert,"{'startLine':37,'endLine':37}","test('when copyInheritedSettings then copies helpOption(false)', () => {
    const source = new commander.Command();
    const cmd = new commander.Command();

    source.helpOption(false);
    cmd.copyInheritedSettings(source);
    expect(cmd._getHelpOption()).toBe(null);
  })",31,38,snuts
/tests/command.configureOutput.test.js,NonFunctionalStatement,"{'startLine':7,'endLine':7}","test('when default writeErr() then error on stderr', () => {
  const writeSpy = jest
    .spyOn(process.stderr, 'write')
    .mockImplementation(() => {});
  const program = new commander.Command();
  program.exitOverride();

  try {
    program.parse(['--unknown'], { from: 'user' });
  } catch (err) {
    /* empty */
  }

  expect(writeSpy).toHaveBeenCalledTimes(1);
  writeSpy.mockRestore();
})",4,19,snuts
/tests/command.configureOutput.test.js,NonFunctionalStatement,"{'startLine':24,'endLine':24}","test('when custom writeErr() then error on custom output', () => {
  const writeSpy = jest
    .spyOn(process.stderr, 'write')
    .mockImplementation(() => {});
  const customWrite = jest.fn();
  const program = new commander.Command();
  program.exitOverride().configureOutput({ writeErr: customWrite });

  try {
    program.parse(['--unknown'], { from: 'user' });
  } catch (err) {
    /* empty */
  }

  expect(writeSpy).toHaveBeenCalledTimes(0);
  expect(customWrite).toHaveBeenCalledTimes(1);
  writeSpy.mockRestore();
})",21,38,snuts
/tests/command.configureOutput.test.js,NonFunctionalStatement,"{'startLine':43,'endLine':43}","test('when default write() then version on stdout', () => {
  const writeSpy = jest
    .spyOn(process.stdout, 'write')
    .mockImplementation(() => {});
  const program = new commander.Command();
  program.exitOverride().version('1.2.3');

  expect(() => {
    program.parse(['--version'], { from: 'user' });
  }).toThrow();

  expect(writeSpy).toHaveBeenCalledTimes(1);
  writeSpy.mockRestore();
})",40,53,snuts
/tests/command.configureOutput.test.js,NonFunctionalStatement,"{'startLine':58,'endLine':58}","test('when custom write() then version on custom output', () => {
  const writeSpy = jest
    .spyOn(process.stdout, 'write')
    .mockImplementation(() => {});
  const customWrite = jest.fn();
  const program = new commander.Command();
  program
    .exitOverride()
    .version('1.2.3')
    .configureOutput({ writeOut: customWrite });

  expect(() => {
    program.parse(['--version'], { from: 'user' });
  }).toThrow();

  expect(writeSpy).toHaveBeenCalledTimes(0);
  expect(customWrite).toHaveBeenCalledTimes(1);
  writeSpy.mockRestore();
})",55,73,snuts
/tests/command.configureOutput.test.js,NonFunctionalStatement,"{'startLine':78,'endLine':78}","test('when default write() then help on stdout', () => {
  const writeSpy = jest
    .spyOn(process.stdout, 'write')
    .mockImplementation(() => {});
  const program = new commander.Command();
  program.outputHelp();

  expect(writeSpy).toHaveBeenCalledTimes(1);
  writeSpy.mockRestore();
})",75,84,snuts
/tests/command.configureOutput.test.js,NonFunctionalStatement,"{'startLine':89,'endLine':89}","test('when custom write() then help error on custom output', () => {
  const writeSpy = jest
    .spyOn(process.stdout, 'write')
    .mockImplementation(() => {});
  const customWrite = jest.fn();
  const program = new commander.Command();
  program.configureOutput({ writeOut: customWrite });
  program.outputHelp();

  expect(writeSpy).toHaveBeenCalledTimes(0);
  expect(customWrite).toHaveBeenCalledTimes(1);
  writeSpy.mockRestore();
})",86,98,snuts
/tests/command.configureOutput.test.js,NonFunctionalStatement,"{'startLine':103,'endLine':103}","test('when default writeErr then help error on stderr', () => {
  const writeSpy = jest
    .spyOn(process.stderr, 'write')
    .mockImplementation(() => {});
  const program = new commander.Command();
  program.outputHelp({ error: true });

  expect(writeSpy).toHaveBeenCalledTimes(1);
  writeSpy.mockRestore();
})",100,109,snuts
/tests/command.configureOutput.test.js,NonFunctionalStatement,"{'startLine':114,'endLine':114}","test('when custom writeErr then help error on custom output', () => {
  const writeSpy = jest
    .spyOn(process.stderr, 'write')
    .mockImplementation(() => {});
  const customWrite = jest.fn();
  const program = new commander.Command();
  program.configureOutput({ writeErr: customWrite });
  program.outputHelp({ error: true });

  expect(writeSpy).toHaveBeenCalledTimes(0);
  expect(customWrite).toHaveBeenCalledTimes(1);
  writeSpy.mockRestore();
})",111,123,snuts
/tests/command.chain.test.js,NonFunctionalStatement,"{'startLine':87,'endLine':87}","test('when call .exitOverride() then returns this', () => {
    const program = new Command();
    const result = program.exitOverride(() => {});
    expect(result).toBe(program);
  })",85,89,snuts
/tests/command.chain.test.js,NonFunctionalStatement,"{'startLine':93,'endLine':93}","test('when call .action() then returns this', () => {
    const program = new Command();
    const result = program.action(() => {});
    expect(result).toBe(program);
  })",91,95,snuts
/tests/command.chain.test.js,NonFunctionalStatement,"{'startLine':220,'endLine':220}","test('when call .hook() then returns this', () => {
    const program = new Command();
    const result = program.hook('preAction', () => {});
    expect(result).toBe(program);
  })",218,222,snuts
/tests/command.asterisk.test.js,NonFunctionalStatement,"{'startLine':17,'endLine':17}","test('when no arguments then asterisk action not called', () => {
    const writeMock = jest
      .spyOn(process.stderr, 'write')
      .mockImplementation(() => {});
    const mockAction = jest.fn();
    const program = new commander.Command();
    program
      .exitOverride() // to catch help
      .command('*')
      .action(mockAction);
    try {
      program.parse(['node', 'test']);
    } catch (err) {
      /* empty */
    }
    expect(mockAction).not.toHaveBeenCalled();
    writeMock.mockRestore();
  })",14,31,snuts
/tests/command.asterisk.test.js,NonFunctionalStatement,"{'startLine':44,'endLine':44}","test('when recognised command then asterisk action not called', () => {
    const mockAction = jest.fn();
    const program = new commander.Command();
    program.command('install').action(() => {});
    program.command('*').action(mockAction);
    program.parse(['node', 'test', 'install']);
    expect(mockAction).not.toHaveBeenCalled();
  })",41,48,snuts
/tests/command.asterisk.test.js,NonFunctionalStatement,"{'startLine':81,'endLine':81}","test('when non-command argument and unknown option then error for unknown option', () => {
    // This is a change in behaviour from v2 which did not error, but is consistent with modern better detection of invalid options
    const mockAction = jest.fn();
    const program = new commander.Command();
    program
      .exitOverride()
      .configureOutput({
        writeErr: () => {},
      })
      .command('install');
    program.command('*').argument('[args...]').action(mockAction);
    let caughtErr;
    try {
      program.parse(['node', 'test', 'some-argument', '--unknown']);
    } catch (err) {
      caughtErr = err;
    }
    expect(caughtErr.code).toEqual('commander.unknownOption');
  })",74,92,snuts
/tests/command.asterisk.test.js,NonFunctionalStatement,"{'startLine':116,'endLine':116}","test('when recognised command then listener not called', () => {
    const mockAction = jest.fn();
    const program = new commander.Command();
    program.command('install').action(() => {});
    program.on('command:*', mockAction);
    program.parse(['node', 'test', 'install']);
    expect(mockAction).not.toHaveBeenCalled();
  })",113,120,snuts
/tests/command.allowUnknownOption.test.js,GeneralFixture,"{'startLine':10,'endLine':12}","beforeAll(() => {
    writeErrorSpy = jest
      .spyOn(process.stderr, 'write')
      .mockImplementation(() => {});
  })",9,13,snuts
/tests/command.allowUnknownOption.test.js,NonFunctionalStatement,"{'startLine':12,'endLine':12}","beforeAll(() => {
    writeErrorSpy = jest
      .spyOn(process.stderr, 'write')
      .mockImplementation(() => {});
  })",9,13,snuts
/tests/command.allowUnknownOption.test.js,NonFunctionalStatement,"{'startLine':76,'endLine':76}","test('when specify unknown command option then error', () => {
    const program = new commander.Command();
    program
      .exitOverride()
      .command('sub')
      .option('-p, --pepper', 'add pepper')
      .action(() => {});

    expect(() => {
      program.parse(['node', 'test', 'sub', '-m']);
    }).toThrow();
  })",70,81,snuts
/tests/command.allowUnknownOption.test.js,NonFunctionalStatement,"{'startLine':91,'endLine':91}","test('when specify unknown command option and allowUnknownOption then no error', () => {
    const program = new commander.Command();
    program
      .exitOverride()
      .command('sub')
      .argument('[args...]') // unknown option will be passed as an argument
      .allowUnknownOption()
      .option('-p, --pepper', 'add pepper')
      .action(() => {});

    expect(() => {
      program.parse(['node', 'test', 'sub', '-m']);
    }).not.toThrow();
  })",83,96,snuts
/tests/command.allowExcessArguments.test.js,NonFunctionalStatement,"{'startLine':10,'endLine':10}",Unknown,,,snuts
/tests/command.allowExcessArguments.test.js,NonFunctionalStatement,"{'startLine':13,'endLine':13}",Unknown,,,snuts
/tests/command.addHelpText.test.js,NonFunctionalStatement,"{'startLine':9,'endLine':9}","beforeAll(() => {
    writeSpy = jest.spyOn(process.stdout, 'write').mockImplementation(() => {});
  })",8,10,snuts
/tests/command.addHelpText.test.js,NonFunctionalStatement,"{'startLine':38,'endLine':38}","test('when ""before"" function returns nothing then no effect', () => {
    const program = new commander.Command();
    program.addHelpText('before', () => {});
    program.outputHelp();
    expect(writeSpy).toHaveBeenNthCalledWith(1, program.helpInformation());
  })",36,41,snuts
/tests/command.addHelpText.test.js,NonFunctionalStatement,"{'startLine':93,'endLine':93}","beforeAll(() => {
    writeSpy = jest.spyOn(process.stdout, 'write').mockImplementation(() => {});
  })",92,94,snuts
/tests/command.addHelpText.test.js,NonFunctionalStatement,"{'startLine':148,'endLine':148}","beforeAll(() => {
    stdoutSpy = jest
      .spyOn(process.stdout, 'write')
      .mockImplementation(() => {});
    stderrSpy = jest
      .spyOn(process.stderr, 'write')
      .mockImplementation(() => {});
  })",145,152,snuts
/tests/command.addHelpText.test.js,NonFunctionalStatement,"{'startLine':151,'endLine':151}","beforeAll(() => {
    stdoutSpy = jest
      .spyOn(process.stdout, 'write')
      .mockImplementation(() => {});
    stderrSpy = jest
      .spyOn(process.stderr, 'write')
      .mockImplementation(() => {});
  })",145,152,snuts
/tests/command.addHelpOption.test.js,GeneralFixture,"{'startLine':11,'endLine':11}","beforeAll(() => {
    // Optional. Suppress expected output to keep test output clean.
    writeSpy = jest.spyOn(process.stdout, 'write').mockImplementation(() => {});
    writeErrorSpy = jest
      .spyOn(process.stderr, 'write')
      .mockImplementation(() => {});
  })",9,15,snuts
/tests/command.addHelpOption.test.js,GeneralFixture,"{'startLine':12,'endLine':14}","beforeAll(() => {
    // Optional. Suppress expected output to keep test output clean.
    writeSpy = jest.spyOn(process.stdout, 'write').mockImplementation(() => {});
    writeErrorSpy = jest
      .spyOn(process.stderr, 'write')
      .mockImplementation(() => {});
  })",9,15,snuts
/tests/command.addHelpOption.test.js,NonFunctionalStatement,"{'startLine':11,'endLine':11}","beforeAll(() => {
    // Optional. Suppress expected output to keep test output clean.
    writeSpy = jest.spyOn(process.stdout, 'write').mockImplementation(() => {});
    writeErrorSpy = jest
      .spyOn(process.stderr, 'write')
      .mockImplementation(() => {});
  })",9,15,snuts
/tests/command.addHelpOption.test.js,NonFunctionalStatement,"{'startLine':14,'endLine':14}","beforeAll(() => {
    // Optional. Suppress expected output to keep test output clean.
    writeSpy = jest.spyOn(process.stdout, 'write').mockImplementation(() => {});
    writeErrorSpy = jest
      .spyOn(process.stderr, 'write')
      .mockImplementation(() => {});
  })",9,15,snuts
/tests/command.action.test.js,NonFunctionalStatement,"{'startLine':27,'endLine':27}","test('when .action called then program.args only contains args', () => {
  // At one time program.args was being modified to contain the same args as the call to .action
  // and so included the command as an extra and unexpected complex item in array.
  const program = new commander.Command();
  program.command('info <file>').action(() => {});
  program.parse(['node', 'test', 'info', 'my-file']);
  expect(program.args).toEqual(['info', 'my-file']);
})",23,30,snuts
/tests/command.action.test.js,NonFunctionalStatement,"{'startLine':48,'endLine':48}",Unknown,,,snuts
/tests/argument.custom-processing.test.js,NonFunctionalStatement,"{'startLine':9,'endLine':9}","test('when argument not specified then callback not called', () => {
  const mockCoercion = jest.fn();
  const program = new commander.Command();
  program.argument('[n]', 'number', mockCoercion).action(() => {});
  program.parse([], { from: 'user' });
  expect(mockCoercion).not.toHaveBeenCalled();
})",6,12,snuts
/tests/argument.custom-processing.test.js,NonFunctionalStatement,"{'startLine':27,'endLine':27}","test('when custom with starting value and argument not specified then callback not called', () => {
  const mockCoercion = jest.fn();
  const program = new commander.Command();
  program.argument('[n]', 'number', parseFloat, 1).action(() => {});
  program.parse([], { from: 'user' });
  expect(mockCoercion).not.toHaveBeenCalled();
})",24,30,snuts
/tests/argument.custom-processing.test.js,NonFunctionalStatement,"{'startLine':76,'endLine':76}","test('when argument specified then callback called with value', () => {
  const mockCoercion = jest.fn();
  const value = '1';
  const program = new commander.Command();
  program.argument('[n]', 'number', mockCoercion).action(() => {});
  program.parse([value], { from: 'user' });
  expect(mockCoercion).toHaveBeenCalledWith(value, undefined);
})",72,79,snuts
/tests/argument.custom-processing.test.js,NonFunctionalStatement,"{'startLine':115,'endLine':115}","test('when argument specified then program.args has original rather than custom', () => {
  // This is as intended, so check behaviour.
  const callbackResult = 2;
  const program = new commander.Command();
  program
    .argument('[n]', 'number', () => {
      return callbackResult;
    })
    .action(() => {});
  program.parse(['node', 'test', 'alpha']);
  expect(program.args).toEqual(['alpha']);
})",107,118,snuts
/tests/argument.custom-processing.test.js,NonFunctionalStatement,"{'startLine':126,'endLine':126}","test('when custom with starting value and argument specified then callback called with value and starting value', () => {
  const mockCoercion = jest.fn();
  const startingValue = 1;
  const value = '2';
  const program = new commander.Command()
    .argument('[n]', 'number', mockCoercion, startingValue)
    .action(() => {});
  program.parse(['node', 'test', value]);
  expect(mockCoercion).toHaveBeenCalledWith(value, startingValue);
})",120,129,snuts
/tests/argument.custom-processing.test.js,NonFunctionalStatement,"{'startLine':136,'endLine':136}","test('when variadic argument specified multiple times then callback called with value and previousValue', () => {
  const mockCoercion = jest.fn().mockImplementation(() => {
    return 'callback';
  });
  const program = new commander.Command();
  program.argument('<n...>', 'number', mockCoercion).action(() => {});
  program.parse(['1', '2'], { from: 'user' });
  expect(mockCoercion).toHaveBeenCalledTimes(2);
  expect(mockCoercion).toHaveBeenNthCalledWith(1, '1', undefined);
  expect(mockCoercion).toHaveBeenNthCalledWith(2, '2', 'callback');
})",131,141,snuts
/tests/argument.custom-processing.test.js,NonFunctionalStatement,"{'startLine':176,'endLine':176}","test('when custom processing for argument throws plain error then not CommanderError caught', () => {
  function justSayNo(value) {
    throw new Error('no no no');
  }
  const program = new commander.Command();
  program
    .exitOverride()
    .argument('[n]', 'number', justSayNo)
    .action(() => {});

  let caughtErr;
  try {
    program.parse(['green'], { from: 'user' });
  } catch (err) {
    caughtErr = err;
  }

  expect(caughtErr).toBeInstanceOf(Error);
  expect(caughtErr).not.toBeInstanceOf(commander.CommanderError);
})",168,187,snuts
/tests/argument.choices.test.js,NonFunctionalStatement,"{'startLine':22,'endLine':22}","test('when command argument is not in choices then error', () => {
  // Lightweight check, more detailed testing of behaviour in command.exitOverride.test.js
  const program = new commander.Command();
  program
    .exitOverride()
    .configureOutput({
      writeErr: () => {},
    })
    .addArgument(new commander.Argument('<shade>').choices(['red', 'blue']));
  expect(() => {
    program.parse(['orange'], { from: 'user' });
  }).toThrow();
})",16,28,snuts
/tests/argument.choices.test.js,NonFunctionalStatement,"{'startLine':53,'endLine':53}","test('when choices called and parameter changed the choices does not change', () => {
    const program = new commander.Command();
    const param = ['red', 'blue'];
    program
      .exitOverride()
      .configureOutput({
        writeErr: () => {},
      })
      .addArgument(new commander.Argument('<shade>').choices(param));
    param.push('orange');
    expect(() => {
      program.parse(['orange'], { from: 'user' });
    }).toThrow();
  })",47,60,snuts
/tests/argument.chain.test.js,NonFunctionalStatement,"{'startLine':12,'endLine':12}","test('when call .argParser() then returns this', () => {
    const argument = new Argument('<value>');
    const result = argument.argParser(() => {});
    expect(result).toBe(argument);
  })",10,14,snuts
/tests/useColor.test.js,Conditional Test Logic,"{'line': 15, 'column': 4, 'index': 423}","afterAll(() => {
    if (holdNoColor === undefined) delete process.env.NO_COLOR;
    else process.env.NO_COLOR = holdNoColor;

    if (holdForceColor === undefined) delete process.env.FORCE_COLOR;
    else process.env.FORCE_COLOR = holdForceColor;

    if (holdCliColorForce === undefined) delete process.env.CLICOLOR_FORCE;
    else process.env.CLICOLOR_FORCE = holdCliColorForce;
  })",14,23,steel
/tests/useColor.test.js,Conditional Test Logic,"{'line': 18, 'column': 4, 'index': 533}","afterAll(() => {
    if (holdNoColor === undefined) delete process.env.NO_COLOR;
    else process.env.NO_COLOR = holdNoColor;

    if (holdForceColor === undefined) delete process.env.FORCE_COLOR;
    else process.env.FORCE_COLOR = holdForceColor;

    if (holdCliColorForce === undefined) delete process.env.CLICOLOR_FORCE;
    else process.env.CLICOLOR_FORCE = holdCliColorForce;
  })",14,23,steel
/tests/useColor.test.js,Conditional Test Logic,"{'line': 21, 'column': 4, 'index': 655}","afterAll(() => {
    if (holdNoColor === undefined) delete process.env.NO_COLOR;
    else process.env.NO_COLOR = holdNoColor;

    if (holdForceColor === undefined) delete process.env.FORCE_COLOR;
    else process.env.FORCE_COLOR = holdForceColor;

    if (holdCliColorForce === undefined) delete process.env.CLICOLOR_FORCE;
    else process.env.CLICOLOR_FORCE = holdCliColorForce;
  })",14,23,steel
/tests/options.version.test.js,Exception Handling,"{'line': 11, 'column': 6, 'index': 476}","test('when no .version and specify --version then unknown option error', () => {
    const errorMessage = 'unknownOption';
    const program = new commander.Command();
    // Override unknownOption as convenient way to check fails as expected.
    jest.spyOn(program, 'unknownOption').mockImplementation(() => {
      throw new Error(errorMessage);
    });

    expect(() => {
      program.parse(['node', 'test', '--version']);
    }).toThrow(errorMessage);
  })",6,17,steel
/tests/options.variadic.test.js,Magic Number,"{'line': 111, 'column': 44, 'index': 3856}","test('when variadic with coercion then coercion sets value', () => {
    const program = new commander.Command();
    program.option(
      '-r,--required <value...>',
      'variadic description',
      parseFloat,
    );

    // variadic processing reads the multiple values, but up to custom coercion what it does.
    program.parse(['--required', '1e2', '1e3'], { from: 'user' });
    expect(program.opts().required).toEqual(1000);
  })",101,112,steel
/tests/options.required.test.js,Exception Handling,"{'line': 23, 'column': 6, 'index': 894}","test('when option value not specified then error', () => {
    // Arrange. Mock error routine to allow interception.
    const mockOptionMissingArgument = jest.fn(() => {
      throw new Error('optionMissingArgument');
    });
    const program = new commander.Command();
    program.optionMissingArgument = mockOptionMissingArgument;
    program.option('--cheese <type>', 'cheese type');

    // Act. The throw is due to the above mock, and not default behaviour.
    expect(() => {
      program.parse(['node', 'test', '--cheese']);
    }).toThrow();

    // Assert
    expect(mockOptionMissingArgument).toHaveBeenCalled();
  })",20,36,steel
/tests/options.required.test.js,Exception Handling,"{'line': 61, 'column': 6, 'index': 2318}","test('when option value not specified then error', () => {
    // Arrange. Mock error routine to allow interception.
    const mockOptionMissingArgument = jest.fn(() => {
      throw new Error('optionMissingArgument');
    });
    const defaultValue = 'default';
    const program = new commander.Command();
    program.optionMissingArgument = mockOptionMissingArgument;
    program.option('--cheese <type>', 'cheese type', defaultValue);

    // Act. The throw is due to the above mock, and not default behaviour.
    expect(() => {
      program.parse(['node', 'test', '--cheese']);
    }).toThrow();

    // Assert
    expect(mockOptionMissingArgument).toHaveBeenCalled();
  })",58,75,steel
/tests/options.mandatory.test.js,Exception Handling,"{'line': 264, 'column': 4, 'index': 8340}","test('when program has required option not specified and --help then help', () => {
    const program = new commander.Command();
    program.exitOverride().requiredOption('--cheese <type>', 'cheese type');

    let caughtErr;
    try {
      program.parse(['node', 'test', '--help']);
    } catch (err) {
      caughtErr = err;
    }

    expect(caughtErr.code).toEqual('commander.helpDisplayed');
  })",259,271,steel
/tests/options.mandatory.test.js,Exception Handling,"{'line': 282, 'column': 4, 'index': 8818}","test('when program has required option not specified and subcommand --help then help', () => {
    const program = new commander.Command();
    program
      .exitOverride()
      .requiredOption('--cheese <type>', 'cheese type')
      .command('sub')
      .action(() => {});

    let caughtErr;
    try {
      program.parse(['node', 'test', 'sub', '--help']);
    } catch (err) {
      caughtErr = err;
    }

    expect(caughtErr.code).toEqual('commander.helpDisplayed');
  })",273,289,steel
/tests/options.getset.test.js,Duplicate Assert,"{'line': 65, 'column': 2, 'index': 2485}","test('when setOptionValue then clears previous source', () => {
  const program = new commander.Command();
  program.option('--foo', 'description', 'default value');
  expect(program.getOptionValueSource('foo')).toBe('default');
  program.setOptionValue('foo', 'bar');
  expect(program.getOptionValueSource('foo')).toBeUndefined();
})",62,68,steel
/tests/options.getset.test.js,Duplicate Assert,"{'line': 67, 'column': 2, 'index': 2588}","test('when setOptionValue then clears previous source', () => {
  const program = new commander.Command();
  program.option('--foo', 'description', 'default value');
  expect(program.getOptionValueSource('foo')).toBe('default');
  program.setOptionValue('foo', 'bar');
  expect(program.getOptionValueSource('foo')).toBeUndefined();
})",62,68,steel
/tests/options.env.test.js,Duplicate Assert,"{'line': 275, 'column': 4, 'index': 10019}","test('when env and cli defined then only emit option event for cli', () => {
    const program = new commander.Command();
    const optionEventMock = jest.fn();
    const optionEnvEventMock = jest.fn();
    program.on('option:foo', optionEventMock);
    program.on('optionEnv:foo', optionEnvEventMock);
    process.env.BAR = 'env';
    program.addOption(
      new commander.Option('-f, --foo <required...>').env('BAR'),
    );
    program.parse(['--foo', 'cli'], { from: 'user' });
    expect(optionEventMock).toHaveBeenCalledWith('cli');
    expect(optionEventMock).toHaveBeenCalledTimes(1);
    expect(optionEnvEventMock).toHaveBeenCalledTimes(0);
    delete process.env.BAR;
  })",264,279,steel
/tests/options.env.test.js,Duplicate Assert,"{'line': 276, 'column': 4, 'index': 10076}","test('when env and cli defined then only emit option event for cli', () => {
    const program = new commander.Command();
    const optionEventMock = jest.fn();
    const optionEnvEventMock = jest.fn();
    program.on('option:foo', optionEventMock);
    program.on('optionEnv:foo', optionEnvEventMock);
    process.env.BAR = 'env';
    program.addOption(
      new commander.Option('-f, --foo <required...>').env('BAR'),
    );
    program.parse(['--foo', 'cli'], { from: 'user' });
    expect(optionEventMock).toHaveBeenCalledWith('cli');
    expect(optionEventMock).toHaveBeenCalledTimes(1);
    expect(optionEnvEventMock).toHaveBeenCalledTimes(0);
    delete process.env.BAR;
  })",264,279,steel
/tests/options.env.test.js,Duplicate Assert,"{'line': 291, 'column': 4, 'index': 10592}","test('when env and cli defined then only parse value for cli', () => {
    const program = new commander.Command();
    const parseMock = jest.fn();
    process.env.BAR = 'env';
    program.addOption(
      new commander.Option('-f, --foo <required...>')
        .env('BAR')
        .argParser(parseMock),
    );
    program.parse(['--foo', 'cli'], { from: 'user' });
    expect(parseMock).toHaveBeenCalledWith('cli', undefined);
    expect(parseMock).toHaveBeenCalledTimes(1);
    delete process.env.BAR;
  })",281,294,steel
/tests/options.env.test.js,Duplicate Assert,"{'line': 292, 'column': 4, 'index': 10654}","test('when env and cli defined then only parse value for cli', () => {
    const program = new commander.Command();
    const parseMock = jest.fn();
    process.env.BAR = 'env';
    program.addOption(
      new commander.Option('-f, --foo <required...>')
        .env('BAR')
        .argParser(parseMock),
    );
    program.parse(['--foo', 'cli'], { from: 'user' });
    expect(parseMock).toHaveBeenCalledWith('cli', undefined);
    expect(parseMock).toHaveBeenCalledTimes(1);
    delete process.env.BAR;
  })",281,294,steel
/tests/options.dual-options.test.js,Magic Number,"{'line': 10, 'column': 46, 'index': 410}","test('when positive option then stored in positiveOptions', () => {
  const program = new Command();
  program.option('--one');
  const helper = new DualOptions(program.options);
  expect(helper.positiveOptions.size).toEqual(1);
  expect(helper.negativeOptions.size).toEqual(0);
  expect(helper.dualOptions.size).toEqual(0);
})",6,13,steel
/tests/options.dual-options.test.js,Magic Number,"{'line': 11, 'column': 46, 'index': 460}","test('when positive option then stored in positiveOptions', () => {
  const program = new Command();
  program.option('--one');
  const helper = new DualOptions(program.options);
  expect(helper.positiveOptions.size).toEqual(1);
  expect(helper.negativeOptions.size).toEqual(0);
  expect(helper.dualOptions.size).toEqual(0);
})",6,13,steel
/tests/options.dual-options.test.js,Magic Number,"{'line': 12, 'column': 42, 'index': 506}","test('when positive option then stored in positiveOptions', () => {
  const program = new Command();
  program.option('--one');
  const helper = new DualOptions(program.options);
  expect(helper.positiveOptions.size).toEqual(1);
  expect(helper.negativeOptions.size).toEqual(0);
  expect(helper.dualOptions.size).toEqual(0);
})",6,13,steel
/tests/options.dual-options.test.js,Magic Number,"{'line': 19, 'column': 46, 'index': 743}","test('when negative option then stored in negativeOptions', () => {
  const program = new Command();
  program.option('--no-one');
  const helper = new DualOptions(program.options);
  expect(helper.positiveOptions.size).toEqual(0);
  expect(helper.negativeOptions.size).toEqual(1);
  expect(helper.dualOptions.size).toEqual(0);
})",15,22,steel
/tests/options.dual-options.test.js,Magic Number,"{'line': 20, 'column': 46, 'index': 793}","test('when negative option then stored in negativeOptions', () => {
  const program = new Command();
  program.option('--no-one');
  const helper = new DualOptions(program.options);
  expect(helper.positiveOptions.size).toEqual(0);
  expect(helper.negativeOptions.size).toEqual(1);
  expect(helper.dualOptions.size).toEqual(0);
})",15,22,steel
/tests/options.dual-options.test.js,Magic Number,"{'line': 21, 'column': 42, 'index': 839}","test('when negative option then stored in negativeOptions', () => {
  const program = new Command();
  program.option('--no-one');
  const helper = new DualOptions(program.options);
  expect(helper.positiveOptions.size).toEqual(0);
  expect(helper.negativeOptions.size).toEqual(1);
  expect(helper.dualOptions.size).toEqual(0);
})",15,22,steel
/tests/options.dual-options.test.js,Magic Number,"{'line': 28, 'column': 42, 'index': 1102}","test('when unrelated positive and negative options then no dual options', () => {
  const program = new Command();
  program.option('--one').option('--no-two');
  const helper = new DualOptions(program.options);
  expect(helper.dualOptions.size).toEqual(0);
})",24,29,steel
/tests/options.dual-options.test.js,Magic Number,"{'line': 35, 'column': 42, 'index': 1369}","test('when related positive and negative options then stored as dual option', () => {
  const program = new Command();
  program.option('--one').option('--no-one');
  const helper = new DualOptions(program.options);
  expect(helper.dualOptions.size).toEqual(1);
})",31,36,steel
/tests/options.dual-options.test.js,Magic Number,"{'line': 42, 'column': 42, 'index': 1636}","test('when related negative and positive options then stored as dual option', () => {
  const program = new Command();
  program.option('--no-one').option('--one');
  const helper = new DualOptions(program.options);
  expect(helper.dualOptions.size).toEqual(1);
})",38,43,steel
/tests/options.default.test.js,Magic Number,"{'line': 15, 'column': 38, 'index': 638}","test('when boolean option with number zero default then value is zero', () => {
    const program = new Command();
    program.option('-d, --debug', 'description', 0);
    program.parse([], { from: 'user' });
    expect(program.opts().debug).toBe(0);
  })",11,16,steel
/tests/options.default.test.js,Magic Number,"{'line': 29, 'column': 37, 'index': 1192}","test('when required option-argument and default number then value is default', () => {
    const program = new Command();
    program.option('-p, --port <port-number>', 'description', 80);
    program.parse([], { from: 'user' });
    expect(program.opts().port).toBe(80);
  })",25,30,steel
/tests/options.default.test.js,Magic Number,"{'line': 43, 'column': 37, 'index': 1760}","test('when optional option-argument and default number then value is default', () => {
    const program = new Command();
    program.option('-p, --port [port-number]', 'description', 80);
    program.parse([], { from: 'user' });
    expect(program.opts().port).toBe(80);
  })",39,44,steel
/tests/options.default.test.js,Magic Number,"{'line': 74, 'column': 38, 'index': 3035}","test('when boolean option with number zero default then value is zero', () => {
    const program = new Command();
    program.addOption(new Option('-d, --debug').default(0));
    program.parse([], { from: 'user' });
    expect(program.opts().debug).toBe(0);
  })",70,75,steel
/tests/options.default.test.js,Magic Number,"{'line': 88, 'column': 37, 'index': 3605}","test('when required option-argument and default number then value is default', () => {
    const program = new Command();
    program.addOption(new Option('-p, --port <port-number>').default(80));
    program.parse([], { from: 'user' });
    expect(program.opts().port).toBe(80);
  })",84,89,steel
/tests/options.default.test.js,Magic Number,"{'line': 102, 'column': 37, 'index': 4189}","test('when optional option-argument and default number then value is default', () => {
    const program = new Command();
    program.addOption(new Option('-p, --port [port-number]').default(80));
    program.parse([], { from: 'user' });
    expect(program.opts().port).toBe(80);
  })",98,103,steel
/tests/options.conflicts.test.js,Duplicate Assert,"{'line': 40, 'column': 4, 'index': 1068}","test('should call action if there are no explicit conflicting options set', () => {
    const { program, actionMock } = makeProgram();
    program.parse('node test.js foo --json'.split(' '));
    expect(actionMock).toHaveBeenCalledTimes(1);
    expect(actionMock).toHaveBeenCalledWith({ json: true }, expect.any(Object));
  })",37,42,steel
/tests/options.conflicts.test.js,Duplicate Assert,"{'line': 41, 'column': 4, 'index': 1117}","test('should call action if there are no explicit conflicting options set', () => {
    const { program, actionMock } = makeProgram();
    program.parse('node test.js foo --json'.split(' '));
    expect(actionMock).toHaveBeenCalledTimes(1);
    expect(actionMock).toHaveBeenCalledWith({ json: true }, expect.any(Object));
  })",37,42,steel
/tests/options.conflicts.test.js,Duplicate Assert,"{'line': 47, 'column': 4, 'index': 1403}","test('should call action when there are no implicit conflicting options set', () => {
    const { program, actionMock } = makeProgram();
    program.parse('node test.js foo --silent'.split(' '));
    expect(actionMock).toHaveBeenCalledTimes(1);
    expect(actionMock).toHaveBeenCalledWith(
      { silent: true },
      expect.any(Object),
    );
  })",44,52,steel
/tests/options.conflicts.test.js,Duplicate Assert,"{'line': 48, 'column': 4, 'index': 1452}","test('should call action when there are no implicit conflicting options set', () => {
    const { program, actionMock } = makeProgram();
    program.parse('node test.js foo --silent'.split(' '));
    expect(actionMock).toHaveBeenCalledTimes(1);
    expect(actionMock).toHaveBeenCalledWith(
      { silent: true },
      expect.any(Object),
    );
  })",44,52,steel
/tests/options.conflicts.test.js,Duplicate Assert,"{'line': 112, 'column': 4, 'index': 3383}","test('should allow default value with a conflicting option', () => {
    const { program, actionMock } = makeProgram();

    program.commands[0].addOption(
      new commander.Option('-d, --debug', 'print debug logs')
        .default(true)
        .conflicts(['silent']),
    );

    program.parse('node test.js foo --silent'.split(' '));

    expect(actionMock).toHaveBeenCalledTimes(1);
    expect(actionMock).toHaveBeenCalledWith(
      { debug: true, silent: true },
      expect.any(Object),
    );
  })",101,117,steel
/tests/options.conflicts.test.js,Duplicate Assert,"{'line': 113, 'column': 4, 'index': 3432}","test('should allow default value with a conflicting option', () => {
    const { program, actionMock } = makeProgram();

    program.commands[0].addOption(
      new commander.Option('-d, --debug', 'print debug logs')
        .default(true)
        .conflicts(['silent']),
    );

    program.parse('node test.js foo --silent'.split(' '));

    expect(actionMock).toHaveBeenCalledTimes(1);
    expect(actionMock).toHaveBeenCalledWith(
      { debug: true, silent: true },
      expect.any(Object),
    );
  })",101,117,steel
/tests/options.conflicts.test.js,Duplicate Assert,"{'line': 273, 'column': 4, 'index': 8866}","test('should not throw error when conflicts is invoked with a single string that includes another option', () => {
    const { program } = makeProgram();

    const actionMock = jest.fn();

    program
      .command('bar')
      .addOption(new commander.Option('--a'))
      .addOption(new commander.Option('--b').conflicts('aa'))
      .action(actionMock);

    program.parse('node test.js bar --a --b'.split(' '));

    expect(actionMock).toHaveBeenCalledTimes(1);
    expect(actionMock).toHaveBeenCalledWith(
      { a: true, b: true },
      expect.any(Object),
    );
  })",260,278,steel
/tests/options.conflicts.test.js,Duplicate Assert,"{'line': 274, 'column': 4, 'index': 8915}","test('should not throw error when conflicts is invoked with a single string that includes another option', () => {
    const { program } = makeProgram();

    const actionMock = jest.fn();

    program
      .command('bar')
      .addOption(new commander.Option('--a'))
      .addOption(new commander.Option('--b').conflicts('aa'))
      .action(actionMock);

    program.parse('node test.js bar --a --b'.split(' '));

    expect(actionMock).toHaveBeenCalledTimes(1);
    expect(actionMock).toHaveBeenCalledWith(
      { a: true, b: true },
      expect.any(Object),
    );
  })",260,278,steel
/tests/options.conflicts.test.js,Exception Handling,"{'line': 301, 'column': 4, 'index': 9761}","test('when conflict on program calling action subcommand then throw conflict', () => {
    const { program } = makeProgram();
    let exception;

    program
      .addOption(new commander.Option('--black'))
      .addOption(new commander.Option('--white').conflicts('black'));

    try {
      program.parse('--white --black foo'.split(' '), { from: 'user' });
    } catch (err) {
      exception = err;
    }
    expect(exception).not.toBeUndefined();
    expect(exception.code).toBe('commander.conflictingOption');
  })",293,308,steel
/tests/options.conflicts.test.js,Exception Handling,"{'line': 318, 'column': 4, 'index': 10293}","test('when conflict on program calling action subcommand with help then show help', () => {
    const { program } = makeProgram();
    let exception;

    program
      .addOption(new commander.Option('--black'))
      .addOption(new commander.Option('--white').conflicts('black'));

    try {
      program.parse('--white --black foo --help'.split(' '), { from: 'user' });
    } catch (err) {
      exception = err;
    }
    expect(exception).not.toBeUndefined();
    expect(exception.code).toBe('commander.helpDisplayed');
  })",310,325,steel
/tests/options.conflicts.test.js,Exception Handling,"{'line': 337, 'column': 4, 'index': 10951}","test('when conflict on program calling external subcommand then throw conflict', () => {
    const { program } = makeProgram();
    let exception;

    program
      .addOption(new commander.Option('--black'))
      .addOption(new commander.Option('--white').conflicts('black'));
    const pm = path.join(__dirname, './fixtures/pm');
    program.command('ext', 'external command', { executableFile: pm });

    try {
      program.parse('--white --black ext'.split(' '), { from: 'user' });
    } catch (err) {
      exception = err;
    }
    expect(exception).not.toBeUndefined();
    expect(exception.code).toBe('commander.conflictingOption');
  })",327,344,steel
/tests/helpGroup.test.js,Duplicate Assert,"{'line': 65, 'column': 4, 'index': 2438}","test('when add options with different groups then help contains two groups', () => {
    const program = new Command();
    program.optionsGroup('Greek:');
    program.option('--alpha');
    program.optionsGroup('Latin:');
    program.option('--unus');
    const helpInfo = program.helpInformation();
    expect(helpInfo).toMatch(/Greek:\n *--alpha/);
    expect(helpInfo).toMatch(/Latin:\n *--unus/);
  })",58,67,steel
/tests/helpGroup.test.js,Duplicate Assert,"{'line': 66, 'column': 4, 'index': 2489}","test('when add options with different groups then help contains two groups', () => {
    const program = new Command();
    program.optionsGroup('Greek:');
    program.option('--alpha');
    program.optionsGroup('Latin:');
    program.option('--unus');
    const helpInfo = program.helpInformation();
    expect(helpInfo).toMatch(/Greek:\n *--alpha/);
    expect(helpInfo).toMatch(/Latin:\n *--unus/);
  })",58,67,steel
/tests/helpGroup.test.js,Duplicate Assert,"{'line': 134, 'column': 4, 'index': 4942}","test('when set sortOptions then options are sorted within groups', () => {
    const program = new Command();
    program.configureHelp({ sortOptions: true });
    program.optionsGroup('Latin:');
    program.option('--unus');
    program.option('--duo');
    program.optionsGroup('Greek:');
    program.option('--beta');
    program.option('--alpha');
    const helpInfo = program.helpInformation();
    expect(helpInfo).toMatch(/Latin:\n *--duo\n *--unus/);
    expect(helpInfo).toMatch(/Greek:\n *--alpha\n *--beta/);
  })",124,136,steel
/tests/helpGroup.test.js,Duplicate Assert,"{'line': 135, 'column': 4, 'index': 5001}","test('when set sortOptions then options are sorted within groups', () => {
    const program = new Command();
    program.configureHelp({ sortOptions: true });
    program.optionsGroup('Latin:');
    program.option('--unus');
    program.option('--duo');
    program.optionsGroup('Greek:');
    program.option('--beta');
    program.option('--alpha');
    const helpInfo = program.helpInformation();
    expect(helpInfo).toMatch(/Latin:\n *--duo\n *--unus/);
    expect(helpInfo).toMatch(/Greek:\n *--alpha\n *--beta/);
  })",124,136,steel
/tests/helpGroup.test.js,Duplicate Assert,"{'line': 176, 'column': 4, 'index': 6513}","test('when add commands with different groups then help contains two groups', () => {
    const program = new Command();
    program.commandsGroup('Greek:');
    program.command('alpha');
    program.commandsGroup('Latin:');
    program.command('unus');
    const helpInfo = program.helpInformation();
    expect(helpInfo).toMatch(/Greek:\n *alpha/);
    expect(helpInfo).toMatch(/Latin:\n *unus/);
  })",169,178,steel
/tests/helpGroup.test.js,Duplicate Assert,"{'line': 177, 'column': 4, 'index': 6562}","test('when add commands with different groups then help contains two groups', () => {
    const program = new Command();
    program.commandsGroup('Greek:');
    program.command('alpha');
    program.commandsGroup('Latin:');
    program.command('unus');
    const helpInfo = program.helpInformation();
    expect(helpInfo).toMatch(/Greek:\n *alpha/);
    expect(helpInfo).toMatch(/Latin:\n *unus/);
  })",169,178,steel
/tests/helpGroup.test.js,Duplicate Assert,"{'line': 239, 'column': 4, 'index': 8773}","test('when set sortCommands then commands are sorted within groups', () => {
    const program = new Command();
    program.configureHelp({ sortSubcommands: true });
    program.commandsGroup('Latin:');
    program.command('unus');
    program.command('duo');
    program.commandsGroup('Greek:');
    program.command('beta');
    program.command('alpha');
    const helpInfo = program.helpInformation();
    expect(helpInfo).toMatch(/Latin:\n *duo\n *unus/);
    expect(helpInfo).toMatch(/Greek:\n *alpha\n *beta/);
  })",229,241,steel
/tests/helpGroup.test.js,Duplicate Assert,"{'line': 240, 'column': 4, 'index': 8828}","test('when set sortCommands then commands are sorted within groups', () => {
    const program = new Command();
    program.configureHelp({ sortSubcommands: true });
    program.commandsGroup('Latin:');
    program.command('unus');
    program.command('duo');
    program.commandsGroup('Greek:');
    program.command('beta');
    program.command('alpha');
    const helpInfo = program.helpInformation();
    expect(helpInfo).toMatch(/Latin:\n *duo\n *unus/);
    expect(helpInfo).toMatch(/Greek:\n *alpha\n *beta/);
  })",229,241,steel
/tests/help.visibleArguments.test.js,Magic Number,"{'line': 25, 'column': 44, 'index': 999}","test('when argument and argument description then returned', () => {
    const program = new commander.Command();
    program.argument('<file>', 'file description');
    const helper = new commander.Help();
    const visibleArguments = helper.visibleArguments(program);
    expect(visibleArguments.length).toEqual(1);
    expect(visibleArguments[0]).toEqual(
      new commander.Argument('<file>', 'file description'),
    );
  })",20,29,steel
/tests/help.visibleArguments.test.js,Magic Number,"{'line': 39, 'column': 44, 'index': 1491}","test('when argument and legacy argument description then returned', () => {
    const program = new commander.Command();
    program.argument('<file>');
    program.description('', {
      file: 'file description',
    });
    const helper = new commander.Help();
    const visibleArguments = helper.visibleArguments(program);
    expect(visibleArguments.length).toEqual(1);
    expect(visibleArguments[0]).toEqual(
      new commander.Argument('<file>', 'file description'),
    );
  })",31,43,steel
/tests/help.visibleArguments.test.js,Magic Number,"{'line': 51, 'column': 44, 'index': 1960}","test('when arguments and some described then all returned', () => {
    const program = new commander.Command();
    program.argument('<file1>', 'file1 description');
    program.argument('<file2>');
    const helper = new commander.Help();
    const visibleArguments = helper.visibleArguments(program);
    expect(visibleArguments.length).toEqual(2);
    expect(visibleArguments[0]).toEqual(
      new commander.Argument('<file1>', 'file1 description'),
    );
    expect(visibleArguments[1]).toEqual(new commander.Argument('<file2>'));
  })",45,56,steel
/tests/help.visibleArguments.test.js,Magic Number,"{'line': 67, 'column': 44, 'index': 2565}","test('when arguments and some legacy described then all returned', () => {
    const program = new commander.Command();
    program.argument('<file1>');
    program.argument('<file2>');
    program.description('', {
      file1: 'file1 description',
    });
    const helper = new commander.Help();
    const visibleArguments = helper.visibleArguments(program);
    expect(visibleArguments.length).toEqual(2);
    expect(visibleArguments[0]).toEqual(
      new commander.Argument('<file1>', 'file1 description'),
    );
    expect(visibleArguments[1]).toEqual(new commander.Argument('<file2>'));
  })",58,72,steel
/tests/help.longestOptionTermLength.test.js,Magic Number,"{'line': 11, 'column': 68, 'index': 462}","test('when no option then returns zero', () => {
    const program = new commander.Command();
    program.helpOption(false);
    const helper = new commander.Help();
    expect(helper.longestOptionTermLength(program, helper)).toEqual(0);
  })",7,12,steel
/tests/help.longestCommandTermLength.test.js,Magic Number,"{'line': 10, 'column': 72, 'index': 441}","test('when no commands then returns zero', () => {
    const program = new commander.Command();
    const helper = new commander.Help();
    expect(helper.longestSubcommandTermLength(program, helper)).toEqual(0);
  })",7,11,steel
/tests/help.longestArgumentTermLength.test.js,Magic Number,"{'line': 10, 'column': 70, 'index': 438}","test('when no arguments then returns zero', () => {
    const program = new commander.Command();
    const helper = new commander.Help();
    expect(helper.longestArgumentTermLength(program, helper)).toEqual(0);
  })",7,11,steel
/tests/command.unknownOption.test.js,Exception Handling,"{'line': 31, 'column': 4, 'index': 758}","test('when specify unknown option with subcommand and action handler then error', () => {
    const program = new commander.Command();
    program
      .exitOverride()
      .command('info')
      .action(() => {});

    let caughtErr;
    try {
      program.parse(['node', 'test', 'info', '--NONSENSE']);
    } catch (err) {
      caughtErr = err;
    }
    expect(caughtErr.code).toBe('commander.unknownOption');
  })",23,37,steel
/tests/command.unknownOption.test.js,Exception Handling,"{'line': 47, 'column': 4, 'index': 1200}","test('when specify unknown option with subcommand argument and action handler then error', () => {
    const program = new commander.Command();
    program
      .exitOverride()
      .command('info <file>')
      .action(() => {});

    let caughtErr;
    try {
      program.parse(['node', 'test', 'info', 'a', '--NONSENSE']);
    } catch (err) {
      caughtErr = err;
    }
    expect(caughtErr.code).toBe('commander.unknownOption');
  })",39,53,steel
/tests/command.unknownOption.test.js,Exception Handling,"{'line': 63, 'column': 4, 'index': 1631}","test('when specify unknown option with program and action handler then error', () => {
    const program = new commander.Command();
    program
      .exitOverride()
      .argument('[file]')
      .action(() => {});

    let caughtErr;
    try {
      program.parse(['node', 'test', '--NONSENSE']);
    } catch (err) {
      caughtErr = err;
    }
    expect(caughtErr.code).toBe('commander.unknownOption');
  })",55,69,steel
/tests/command.unknownOption.test.js,Exception Handling,"{'line': 80, 'column': 4, 'index': 2091}","test('when specify unknown option with program argument and action handler then error', () => {
    // Regression test from #965
    const program = new commander.Command();
    program
      .exitOverride()
      .argument('[file]')
      .action(() => {});

    let caughtErr;
    try {
      program.parse(['node', 'test', 'info', 'a', '--NONSENSE']);
    } catch (err) {
      caughtErr = err;
    }
    expect(caughtErr.code).toBe('commander.unknownOption');
  })",71,86,steel
/tests/command.unknownOption.test.js,Exception Handling,"{'line': 92, 'column': 4, 'index': 2452}","test('when specify unknown option with simple program then error', () => {
    const program = new commander.Command();
    program.exitOverride();
    let caughtErr;
    try {
      program.parse(['node', 'test', '--NONSENSE']);
    } catch (err) {
      caughtErr = err;
    }
    expect(caughtErr.code).toBe('commander.unknownOption');
  })",88,98,steel
/tests/command.unknownOption.test.js,Exception Handling,"{'line': 106, 'column': 4, 'index': 2834}","test('when specify unknown global option before subcommand then error', () => {
    const program = new commander.Command();
    program.exitOverride();
    program.command('sub');

    let caughtErr;
    try {
      program.parse(['--NONSENSE', 'sub'], { from: 'user' });
    } catch (err) {
      caughtErr = err;
    }
    expect(caughtErr.code).toBe('commander.unknownOption');
  })",100,112,steel
/tests/command.unknownCommand.test.js,Exception Handling,"{'line': 51, 'column': 4, 'index': 1447}","test('when unknown command then error', () => {
    const program = new commander.Command();
    program.exitOverride().command('sub');
    let caughtErr;
    try {
      program.parse('node test.js unknown'.split(' '));
    } catch (err) {
      caughtErr = err;
    }
    expect(caughtErr.code).toBe('commander.unknownCommand');
  })",47,57,steel
/tests/command.unknownCommand.test.js,Exception Handling,"{'line': 65, 'column': 4, 'index': 1988}","test('when unknown command and unknown option then error is for unknown command', () => {
    //  The unknown command is more useful since the option is for an unknown command (and might be
    // ok if the command had been correctly spelled, say).
    const program = new commander.Command();
    program.exitOverride().command('sub');
    let caughtErr;
    try {
      program.parse('node test.js sbu --silly'.split(' '));
    } catch (err) {
      caughtErr = err;
    }
    expect(caughtErr.code).toBe('commander.unknownCommand');
  })",59,71,steel
/tests/command.showHelpAfterError.test.js,Exception Handling,"{'line': 21, 'column': 4, 'index': 573}","test('when missing command-argument then shows help', () => {
    const { program, writeMock } = makeProgram();
    program.argument('<file>');
    let caughtErr;
    try {
      program.parse([], { from: 'user' });
    } catch (err) {
      caughtErr = err;
    }
    expect(caughtErr.code).toBe('commander.missingArgument');
    expect(writeMock).toHaveBeenLastCalledWith(`${customHelpMessage}\n`);
  })",17,28,steel
/tests/command.showHelpAfterError.test.js,Exception Handling,"{'line': 34, 'column': 4, 'index': 989}","test('when missing option-argument then shows help', () => {
    const { program, writeMock } = makeProgram();
    program.option('--output <file>');
    let caughtErr;
    try {
      program.parse(['--output'], { from: 'user' });
    } catch (err) {
      caughtErr = err;
    }
    expect(caughtErr.code).toBe('commander.optionMissingArgument');
    expect(writeMock).toHaveBeenLastCalledWith(`${customHelpMessage}\n`);
  })",30,41,steel
/tests/command.showHelpAfterError.test.js,Exception Handling,"{'line': 47, 'column': 4, 'index': 1434}","test('when missing mandatory option then shows help', () => {
    const { program, writeMock } = makeProgram();
    program.requiredOption('--password <cipher>');
    let caughtErr;
    try {
      program.parse([], { from: 'user' });
    } catch (err) {
      caughtErr = err;
    }
    expect(caughtErr.code).toBe('commander.missingMandatoryOptionValue');
    expect(writeMock).toHaveBeenLastCalledWith(`${customHelpMessage}\n`);
  })",43,54,steel
/tests/command.showHelpAfterError.test.js,Exception Handling,"{'line': 59, 'column': 4, 'index': 1814}","test('when unknown option then shows help', () => {
    const { program, writeMock } = makeProgram();
    let caughtErr;
    try {
      program.parse(['--unknown-option'], { from: 'user' });
    } catch (err) {
      caughtErr = err;
    }
    expect(caughtErr.code).toBe('commander.unknownOption');
    expect(writeMock).toHaveBeenLastCalledWith(`${customHelpMessage}\n`);
  })",56,66,steel
/tests/command.showHelpAfterError.test.js,Exception Handling,"{'line': 72, 'column': 4, 'index': 2251}","test('when too many command-arguments then shows help', () => {
    const { program, writeMock } = makeProgram();
    program.allowExcessArguments(false);
    let caughtErr;
    try {
      program.parse(['surprise'], { from: 'user' });
    } catch (err) {
      caughtErr = err;
    }
    expect(caughtErr.code).toBe('commander.excessArguments');
    expect(writeMock).toHaveBeenLastCalledWith(`${customHelpMessage}\n`);
  })",68,79,steel
/tests/command.showHelpAfterError.test.js,Exception Handling,"{'line': 85, 'column': 4, 'index': 2659}","test('when unknown command then shows help', () => {
    const { program, writeMock } = makeProgram();
    program.command('sub1');
    let caughtErr;
    try {
      program.parse(['sub2'], { from: 'user' });
    } catch (err) {
      caughtErr = err;
    }
    expect(caughtErr.code).toBe('commander.unknownCommand');
    expect(writeMock).toHaveBeenLastCalledWith(`${customHelpMessage}\n`);
  })",81,92,steel
/tests/command.showHelpAfterError.test.js,Exception Handling,"{'line': 98, 'column': 4, 'index': 3120}","test('when invalid option choice then shows help', () => {
    const { program, writeMock } = makeProgram();
    program.addOption(new commander.Option('--color').choices(['red', 'blue']));
    let caughtErr;
    try {
      program.parse(['--color', 'pink'], { from: 'user' });
    } catch (err) {
      caughtErr = err;
    }
    expect(caughtErr.code).toBe('commander.invalidArgument');
    expect(writeMock).toHaveBeenLastCalledWith(`${customHelpMessage}\n`);
  })",94,105,steel
/tests/command.showHelpAfterError.test.js,Exception Handling,"{'line': 116, 'column': 2, 'index': 3639}","test('when showHelpAfterError() and error and then shows full help', () => {
  const writeMock = jest.fn();
  const program = new commander.Command();
  program
    .exitOverride()
    .showHelpAfterError()
    .configureOutput({ writeErr: writeMock });

  try {
    program.parse(['--unknown-option'], { from: 'user' });
  } catch (err) {
    /* empty */
  }
  expect(writeMock).toHaveBeenLastCalledWith(program.helpInformation());
})",108,122,steel
/tests/command.positionalOptions.test.js,Exception Handling,"{'line': 51, 'column': 4, 'index': 1817}","test('when help option (without command-argument) then help called', () => {
    const program = makeProgram();
    const mockHelp = jest.fn(() => '');

    program.exitOverride().configureHelp({ formatHelp: mockHelp });
    try {
      program.parse(['--help'], { from: 'user' });
    } catch (err) {
      /* empty */
    }
    expect(mockHelp).toHaveBeenCalled();
  })",46,57,steel
/tests/command.parseOptions.test.js,Magic Number,"{'line': 27, 'column': 48, 'index': 961}","test('when specify subcommand and argument then program.args not empty', () => {
    const program = createProgram1032();
    program.parse(['node', 'test.js', 'doit', 'myid']);
    expect(program.args.length).toBeGreaterThan(0);
  })",24,28,steel
/tests/command.parseOptions.test.js,Magic Number,"{'line': 34, 'column': 48, 'index': 1275}","test('when specify subcommand and option and argument then program.args not empty', () => {
    const program = createProgram1032();
    program.parse(['node', 'test.js', 'doit', '--better', 'myid']);
    expect(program.args.length).toBeGreaterThan(0);
  })",31,35,steel
/tests/command.parse.test.js,Duplicate Assert,"{'line': 208, 'column': 4, 'index': 7402}","test('when use boolean options then option values reset', () => {
    const program = new commander.Command().option('--black').option('--white');

    program.parse(['--black'], { from: 'user' });
    expect(program.opts()).toEqual({ black: true });

    program.parse(['--white'], { from: 'user' });
    expect(program.opts()).toEqual({ white: true });
  })",204,212,steel
/tests/command.parse.test.js,Duplicate Assert,"{'line': 211, 'column': 4, 'index': 7506}","test('when use boolean options then option values reset', () => {
    const program = new commander.Command().option('--black').option('--white');

    program.parse(['--black'], { from: 'user' });
    expect(program.opts()).toEqual({ black: true });

    program.parse(['--white'], { from: 'user' });
    expect(program.opts()).toEqual({ white: true });
  })",204,212,steel
/tests/command.parse.test.js,Duplicate Assert,"{'line': 220, 'column': 4, 'index': 7830}","test('when use options with option-argument then option values and sources reset', () => {
    const program = new commander.Command()
      .option('-f, --foo <value>')
      .option('-b, --bar <value>');

    program.parse(['--foo', 'FOO'], { from: 'user' });
    expect(program.opts()).toEqual({ foo: 'FOO' });
    expect(program.getOptionValueSource('foo')).toEqual('cli');
    expect(program.getOptionValueSource('bar')).toBeUndefined();

    program.parse(['--bar', 'BAR'], { from: 'user' });
    expect(program.opts()).toEqual({ bar: 'BAR' });
    expect(program.getOptionValueSource('foo')).toBeUndefined();
    expect(program.getOptionValueSource('bar')).toEqual('cli');
  })",214,228,steel
/tests/command.parse.test.js,Duplicate Assert,"{'line': 221, 'column': 4, 'index': 7882}","test('when use options with option-argument then option values and sources reset', () => {
    const program = new commander.Command()
      .option('-f, --foo <value>')
      .option('-b, --bar <value>');

    program.parse(['--foo', 'FOO'], { from: 'user' });
    expect(program.opts()).toEqual({ foo: 'FOO' });
    expect(program.getOptionValueSource('foo')).toEqual('cli');
    expect(program.getOptionValueSource('bar')).toBeUndefined();

    program.parse(['--bar', 'BAR'], { from: 'user' });
    expect(program.opts()).toEqual({ bar: 'BAR' });
    expect(program.getOptionValueSource('foo')).toBeUndefined();
    expect(program.getOptionValueSource('bar')).toEqual('cli');
  })",214,228,steel
/tests/command.parse.test.js,Duplicate Assert,"{'line': 222, 'column': 4, 'index': 7946}","test('when use options with option-argument then option values and sources reset', () => {
    const program = new commander.Command()
      .option('-f, --foo <value>')
      .option('-b, --bar <value>');

    program.parse(['--foo', 'FOO'], { from: 'user' });
    expect(program.opts()).toEqual({ foo: 'FOO' });
    expect(program.getOptionValueSource('foo')).toEqual('cli');
    expect(program.getOptionValueSource('bar')).toBeUndefined();

    program.parse(['--bar', 'BAR'], { from: 'user' });
    expect(program.opts()).toEqual({ bar: 'BAR' });
    expect(program.getOptionValueSource('foo')).toBeUndefined();
    expect(program.getOptionValueSource('bar')).toEqual('cli');
  })",214,228,steel
/tests/command.parse.test.js,Duplicate Assert,"{'line': 225, 'column': 4, 'index': 8067}","test('when use options with option-argument then option values and sources reset', () => {
    const program = new commander.Command()
      .option('-f, --foo <value>')
      .option('-b, --bar <value>');

    program.parse(['--foo', 'FOO'], { from: 'user' });
    expect(program.opts()).toEqual({ foo: 'FOO' });
    expect(program.getOptionValueSource('foo')).toEqual('cli');
    expect(program.getOptionValueSource('bar')).toBeUndefined();

    program.parse(['--bar', 'BAR'], { from: 'user' });
    expect(program.opts()).toEqual({ bar: 'BAR' });
    expect(program.getOptionValueSource('foo')).toBeUndefined();
    expect(program.getOptionValueSource('bar')).toEqual('cli');
  })",214,228,steel
/tests/command.parse.test.js,Duplicate Assert,"{'line': 226, 'column': 4, 'index': 8119}","test('when use options with option-argument then option values and sources reset', () => {
    const program = new commander.Command()
      .option('-f, --foo <value>')
      .option('-b, --bar <value>');

    program.parse(['--foo', 'FOO'], { from: 'user' });
    expect(program.opts()).toEqual({ foo: 'FOO' });
    expect(program.getOptionValueSource('foo')).toEqual('cli');
    expect(program.getOptionValueSource('bar')).toBeUndefined();

    program.parse(['--bar', 'BAR'], { from: 'user' });
    expect(program.opts()).toEqual({ bar: 'BAR' });
    expect(program.getOptionValueSource('foo')).toBeUndefined();
    expect(program.getOptionValueSource('bar')).toEqual('cli');
  })",214,228,steel
/tests/command.parse.test.js,Duplicate Assert,"{'line': 227, 'column': 4, 'index': 8184}","test('when use options with option-argument then option values and sources reset', () => {
    const program = new commander.Command()
      .option('-f, --foo <value>')
      .option('-b, --bar <value>');

    program.parse(['--foo', 'FOO'], { from: 'user' });
    expect(program.opts()).toEqual({ foo: 'FOO' });
    expect(program.getOptionValueSource('foo')).toEqual('cli');
    expect(program.getOptionValueSource('bar')).toBeUndefined();

    program.parse(['--bar', 'BAR'], { from: 'user' });
    expect(program.opts()).toEqual({ bar: 'BAR' });
    expect(program.getOptionValueSource('foo')).toBeUndefined();
    expect(program.getOptionValueSource('bar')).toEqual('cli');
  })",214,228,steel
/tests/command.parse.test.js,Duplicate Assert,"{'line': 236, 'column': 4, 'index': 8591}","test('when use options with option-argument and default then option values and sources reset', () => {
    const program = new commander.Command()
      .option('-f, --foo <value>', 'description', 'default-FOO')
      .option('-b, --bar <value>', 'description', 'default-BAR');

    program.parse(['--foo', 'FOO'], { from: 'user' });
    expect(program.opts()).toEqual({ foo: 'FOO', bar: 'default-BAR' });
    expect(program.getOptionValueSource('foo')).toEqual('cli');
    expect(program.getOptionValueSource('bar')).toEqual('default');

    program.parse(['--bar', 'BAR'], { from: 'user' });
    expect(program.opts()).toEqual({ foo: 'default-FOO', bar: 'BAR' });
    expect(program.getOptionValueSource('foo')).toEqual('default');
    expect(program.getOptionValueSource('bar')).toEqual('cli');
  })",230,244,steel
/tests/command.parse.test.js,Duplicate Assert,"{'line': 237, 'column': 4, 'index': 8663}","test('when use options with option-argument and default then option values and sources reset', () => {
    const program = new commander.Command()
      .option('-f, --foo <value>', 'description', 'default-FOO')
      .option('-b, --bar <value>', 'description', 'default-BAR');

    program.parse(['--foo', 'FOO'], { from: 'user' });
    expect(program.opts()).toEqual({ foo: 'FOO', bar: 'default-BAR' });
    expect(program.getOptionValueSource('foo')).toEqual('cli');
    expect(program.getOptionValueSource('bar')).toEqual('default');

    program.parse(['--bar', 'BAR'], { from: 'user' });
    expect(program.opts()).toEqual({ foo: 'default-FOO', bar: 'BAR' });
    expect(program.getOptionValueSource('foo')).toEqual('default');
    expect(program.getOptionValueSource('bar')).toEqual('cli');
  })",230,244,steel
/tests/command.parse.test.js,Duplicate Assert,"{'line': 238, 'column': 4, 'index': 8727}","test('when use options with option-argument and default then option values and sources reset', () => {
    const program = new commander.Command()
      .option('-f, --foo <value>', 'description', 'default-FOO')
      .option('-b, --bar <value>', 'description', 'default-BAR');

    program.parse(['--foo', 'FOO'], { from: 'user' });
    expect(program.opts()).toEqual({ foo: 'FOO', bar: 'default-BAR' });
    expect(program.getOptionValueSource('foo')).toEqual('cli');
    expect(program.getOptionValueSource('bar')).toEqual('default');

    program.parse(['--bar', 'BAR'], { from: 'user' });
    expect(program.opts()).toEqual({ foo: 'default-FOO', bar: 'BAR' });
    expect(program.getOptionValueSource('foo')).toEqual('default');
    expect(program.getOptionValueSource('bar')).toEqual('cli');
  })",230,244,steel
/tests/command.parse.test.js,Duplicate Assert,"{'line': 241, 'column': 4, 'index': 8851}","test('when use options with option-argument and default then option values and sources reset', () => {
    const program = new commander.Command()
      .option('-f, --foo <value>', 'description', 'default-FOO')
      .option('-b, --bar <value>', 'description', 'default-BAR');

    program.parse(['--foo', 'FOO'], { from: 'user' });
    expect(program.opts()).toEqual({ foo: 'FOO', bar: 'default-BAR' });
    expect(program.getOptionValueSource('foo')).toEqual('cli');
    expect(program.getOptionValueSource('bar')).toEqual('default');

    program.parse(['--bar', 'BAR'], { from: 'user' });
    expect(program.opts()).toEqual({ foo: 'default-FOO', bar: 'BAR' });
    expect(program.getOptionValueSource('foo')).toEqual('default');
    expect(program.getOptionValueSource('bar')).toEqual('cli');
  })",230,244,steel
/tests/command.parse.test.js,Duplicate Assert,"{'line': 242, 'column': 4, 'index': 8923}","test('when use options with option-argument and default then option values and sources reset', () => {
    const program = new commander.Command()
      .option('-f, --foo <value>', 'description', 'default-FOO')
      .option('-b, --bar <value>', 'description', 'default-BAR');

    program.parse(['--foo', 'FOO'], { from: 'user' });
    expect(program.opts()).toEqual({ foo: 'FOO', bar: 'default-BAR' });
    expect(program.getOptionValueSource('foo')).toEqual('cli');
    expect(program.getOptionValueSource('bar')).toEqual('default');

    program.parse(['--bar', 'BAR'], { from: 'user' });
    expect(program.opts()).toEqual({ foo: 'default-FOO', bar: 'BAR' });
    expect(program.getOptionValueSource('foo')).toEqual('default');
    expect(program.getOptionValueSource('bar')).toEqual('cli');
  })",230,244,steel
/tests/command.parse.test.js,Duplicate Assert,"{'line': 243, 'column': 4, 'index': 8991}","test('when use options with option-argument and default then option values and sources reset', () => {
    const program = new commander.Command()
      .option('-f, --foo <value>', 'description', 'default-FOO')
      .option('-b, --bar <value>', 'description', 'default-BAR');

    program.parse(['--foo', 'FOO'], { from: 'user' });
    expect(program.opts()).toEqual({ foo: 'FOO', bar: 'default-BAR' });
    expect(program.getOptionValueSource('foo')).toEqual('cli');
    expect(program.getOptionValueSource('bar')).toEqual('default');

    program.parse(['--bar', 'BAR'], { from: 'user' });
    expect(program.opts()).toEqual({ foo: 'default-FOO', bar: 'BAR' });
    expect(program.getOptionValueSource('foo')).toEqual('default');
    expect(program.getOptionValueSource('bar')).toEqual('cli');
  })",230,244,steel
/tests/command.parse.test.js,Duplicate Assert,"{'line': 252, 'column': 4, 'index': 9279}","test('when use negated options then option values reset', () => {
    const program = new commander.Command()
      .option('--no-foo')
      .option('--no-bar');

    program.parse(['--no-foo'], { from: 'user' });
    expect(program.opts()).toEqual({ foo: false, bar: true });

    program.parse(['--no-bar'], { from: 'user' });
    expect(program.opts()).toEqual({ foo: true, bar: false });
  })",246,256,steel
/tests/command.parse.test.js,Duplicate Assert,"{'line': 255, 'column': 4, 'index': 9394}","test('when use negated options then option values reset', () => {
    const program = new commander.Command()
      .option('--no-foo')
      .option('--no-bar');

    program.parse(['--no-foo'], { from: 'user' });
    expect(program.opts()).toEqual({ foo: false, bar: true });

    program.parse(['--no-bar'], { from: 'user' });
    expect(program.opts()).toEqual({ foo: true, bar: false });
  })",246,256,steel
/tests/command.parse.test.js,Duplicate Assert,"{'line': 262, 'column': 4, 'index': 9663}","test('when use variadic option then option values reset', () => {
    const program = new commander.Command().option('--var <items...>');

    program.parse(['--var', 'a', 'b'], { from: 'user' });
    expect(program.opts()).toEqual({ var: ['a', 'b'] });

    program.parse(['--var', 'c'], { from: 'user' });
    expect(program.opts()).toEqual({ var: ['c'] });
  })",258,266,steel
/tests/command.parse.test.js,Duplicate Assert,"{'line': 265, 'column': 4, 'index': 9774}","test('when use variadic option then option values reset', () => {
    const program = new commander.Command().option('--var <items...>');

    program.parse(['--var', 'a', 'b'], { from: 'user' });
    expect(program.opts()).toEqual({ var: ['a', 'b'] });

    program.parse(['--var', 'c'], { from: 'user' });
    expect(program.opts()).toEqual({ var: ['c'] });
  })",258,266,steel
/tests/command.parse.test.js,Duplicate Assert,"{'line': 276, 'column': 4, 'index': 10171}","test('when use collect example then option value resets', () => {
    function collect(value, previous) {
      return previous.concat([value]);
    }
    const program = new commander.Command();
    program.option('-c, --collect <value>', 'repeatable value', collect, []);

    program.parse(['-c', 'a', '-c', 'b'], { from: 'user' });
    expect(program.opts()).toEqual({ collect: ['a', 'b'] });

    program.parse(['-c', 'c'], { from: 'user' });
    expect(program.opts()).toEqual({ collect: ['c'] });
  })",268,280,steel
/tests/command.parse.test.js,Duplicate Assert,"{'line': 279, 'column': 4, 'index': 10283}","test('when use collect example then option value resets', () => {
    function collect(value, previous) {
      return previous.concat([value]);
    }
    const program = new commander.Command();
    program.option('-c, --collect <value>', 'repeatable value', collect, []);

    program.parse(['-c', 'a', '-c', 'b'], { from: 'user' });
    expect(program.opts()).toEqual({ collect: ['a', 'b'] });

    program.parse(['-c', 'c'], { from: 'user' });
    expect(program.opts()).toEqual({ collect: ['c'] });
  })",268,280,steel
/tests/command.parse.test.js,Duplicate Assert,"{'line': 295, 'column': 4, 'index': 10730}","test('when use increaseVerbosity example then option value resets', () => {
    function increaseVerbosity(dummyValue, previous) {
      return previous + 1;
    }
    const program = new commander.Command();
    program.option(
      '-v, --verbose',
      'verbosity that can be increased',
      increaseVerbosity,
      0,
    );

    program.parse(['-vvv'], { from: 'user' });
    expect(program.opts()).toEqual({ verbose: 3 });
    program.parse(['-vv'], { from: 'user' });

    expect(program.opts()).toEqual({ verbose: 2 });
    program.parse([], { from: 'user' });
    expect(program.opts()).toEqual({ verbose: 0 });
  })",282,301,steel
/tests/command.parse.test.js,Duplicate Assert,"{'line': 298, 'column': 4, 'index': 10829}","test('when use increaseVerbosity example then option value resets', () => {
    function increaseVerbosity(dummyValue, previous) {
      return previous + 1;
    }
    const program = new commander.Command();
    program.option(
      '-v, --verbose',
      'verbosity that can be increased',
      increaseVerbosity,
      0,
    );

    program.parse(['-vvv'], { from: 'user' });
    expect(program.opts()).toEqual({ verbose: 3 });
    program.parse(['-vv'], { from: 'user' });

    expect(program.opts()).toEqual({ verbose: 2 });
    program.parse([], { from: 'user' });
    expect(program.opts()).toEqual({ verbose: 0 });
  })",282,301,steel
/tests/command.parse.test.js,Duplicate Assert,"{'line': 300, 'column': 4, 'index': 10922}","test('when use increaseVerbosity example then option value resets', () => {
    function increaseVerbosity(dummyValue, previous) {
      return previous + 1;
    }
    const program = new commander.Command();
    program.option(
      '-v, --verbose',
      'verbosity that can be increased',
      increaseVerbosity,
      0,
    );

    program.parse(['-vvv'], { from: 'user' });
    expect(program.opts()).toEqual({ verbose: 3 });
    program.parse(['-vv'], { from: 'user' });

    expect(program.opts()).toEqual({ verbose: 2 });
    program.parse([], { from: 'user' });
    expect(program.opts()).toEqual({ verbose: 0 });
  })",282,301,steel
/tests/command.parse.test.js,Duplicate Assert,"{'line': 307, 'column': 4, 'index': 11192}","test('when use parse and parseAsync then option values reset', async () => {
    const program = new commander.Command().option('--black').option('--white');

    program.parse(['--black'], { from: 'user' });
    expect(program.opts()).toEqual({ black: true });
    await program.parseAsync(['--white'], { from: 'user' });
    expect(program.opts()).toEqual({ white: true });
  })",303,310,steel
/tests/command.parse.test.js,Duplicate Assert,"{'line': 309, 'column': 4, 'index': 11306}","test('when use parse and parseAsync then option values reset', async () => {
    const program = new commander.Command().option('--black').option('--white');

    program.parse(['--black'], { from: 'user' });
    expect(program.opts()).toEqual({ black: true });
    await program.parseAsync(['--white'], { from: 'user' });
    expect(program.opts()).toEqual({ white: true });
  })",303,310,steel
/tests/command.parse.test.js,Duplicate Assert,"{'line': 317, 'column': 4, 'index': 11684}","test('when call subcommand then option values reset (program and subcommand)', () => {
    const program = new commander.Command().option('--black').option('--white');
    const subcommand = program.command('sub').option('--red').option('--green');

    program.parse(['--black', 'sub', '--red'], { from: 'user' });
    expect(subcommand.optsWithGlobals()).toEqual({ black: true, red: true });

    program.parse(['--white', 'sub', '--green'], { from: 'user' });
    expect(subcommand.optsWithGlobals()).toEqual({ white: true, green: true });
  })",312,321,steel
/tests/command.parse.test.js,Duplicate Assert,"{'line': 320, 'column': 4, 'index': 11831}","test('when call subcommand then option values reset (program and subcommand)', () => {
    const program = new commander.Command().option('--black').option('--white');
    const subcommand = program.command('sub').option('--red').option('--green');

    program.parse(['--black', 'sub', '--red'], { from: 'user' });
    expect(subcommand.optsWithGlobals()).toEqual({ black: true, red: true });

    program.parse(['--white', 'sub', '--green'], { from: 'user' });
    expect(subcommand.optsWithGlobals()).toEqual({ white: true, green: true });
  })",312,321,steel
/tests/command.parse.test.js,Duplicate Assert,"{'line': 330, 'column': 4, 'index': 12286}","test('when call different subcommand then no reset because lazy', () => {
    // This is not a required behaviour, but is the intended behaviour.
    const program = new commander.Command();
    const sub1 = program.command('sub1').option('--red');
    const sub2 = program.command('sub2').option('--green');

    program.parse(['sub1', '--red'], { from: 'user' });
    expect(sub1.opts()).toEqual({ red: true });
    expect(sub2.opts()).toEqual({});

    program.parse(['sub2', '--green'], { from: 'user' });
    expect(sub1.opts()).toEqual({ red: true });
    expect(sub2.opts()).toEqual({ green: true });
  })",323,336,steel
/tests/command.parse.test.js,Duplicate Assert,"{'line': 330, 'column': 4, 'index': 12286}","test('when call different subcommand then no reset because lazy', () => {
    // This is not a required behaviour, but is the intended behaviour.
    const program = new commander.Command();
    const sub1 = program.command('sub1').option('--red');
    const sub2 = program.command('sub2').option('--green');

    program.parse(['sub1', '--red'], { from: 'user' });
    expect(sub1.opts()).toEqual({ red: true });
    expect(sub2.opts()).toEqual({});

    program.parse(['sub2', '--green'], { from: 'user' });
    expect(sub1.opts()).toEqual({ red: true });
    expect(sub2.opts()).toEqual({ green: true });
  })",323,336,steel
/tests/command.parse.test.js,Duplicate Assert,"{'line': 331, 'column': 4, 'index': 12334}","test('when call different subcommand then no reset because lazy', () => {
    // This is not a required behaviour, but is the intended behaviour.
    const program = new commander.Command();
    const sub1 = program.command('sub1').option('--red');
    const sub2 = program.command('sub2').option('--green');

    program.parse(['sub1', '--red'], { from: 'user' });
    expect(sub1.opts()).toEqual({ red: true });
    expect(sub2.opts()).toEqual({});

    program.parse(['sub2', '--green'], { from: 'user' });
    expect(sub1.opts()).toEqual({ red: true });
    expect(sub2.opts()).toEqual({ green: true });
  })",323,336,steel
/tests/command.parse.test.js,Duplicate Assert,"{'line': 334, 'column': 4, 'index': 12430}","test('when call different subcommand then no reset because lazy', () => {
    // This is not a required behaviour, but is the intended behaviour.
    const program = new commander.Command();
    const sub1 = program.command('sub1').option('--red');
    const sub2 = program.command('sub2').option('--green');

    program.parse(['sub1', '--red'], { from: 'user' });
    expect(sub1.opts()).toEqual({ red: true });
    expect(sub2.opts()).toEqual({});

    program.parse(['sub2', '--green'], { from: 'user' });
    expect(sub1.opts()).toEqual({ red: true });
    expect(sub2.opts()).toEqual({ green: true });
  })",323,336,steel
/tests/command.parse.test.js,Duplicate Assert,"{'line': 334, 'column': 4, 'index': 12430}","test('when call different subcommand then no reset because lazy', () => {
    // This is not a required behaviour, but is the intended behaviour.
    const program = new commander.Command();
    const sub1 = program.command('sub1').option('--red');
    const sub2 = program.command('sub2').option('--green');

    program.parse(['sub1', '--red'], { from: 'user' });
    expect(sub1.opts()).toEqual({ red: true });
    expect(sub2.opts()).toEqual({});

    program.parse(['sub2', '--green'], { from: 'user' });
    expect(sub1.opts()).toEqual({ red: true });
    expect(sub2.opts()).toEqual({ green: true });
  })",323,336,steel
/tests/command.parse.test.js,Duplicate Assert,"{'line': 335, 'column': 4, 'index': 12478}","test('when call different subcommand then no reset because lazy', () => {
    // This is not a required behaviour, but is the intended behaviour.
    const program = new commander.Command();
    const sub1 = program.command('sub1').option('--red');
    const sub2 = program.command('sub2').option('--green');

    program.parse(['sub1', '--red'], { from: 'user' });
    expect(sub1.opts()).toEqual({ red: true });
    expect(sub2.opts()).toEqual({});

    program.parse(['sub2', '--green'], { from: 'user' });
    expect(sub1.opts()).toEqual({ red: true });
    expect(sub2.opts()).toEqual({ green: true });
  })",323,336,steel
/tests/command.parse.test.js,Duplicate Assert,"{'line': 342, 'column': 4, 'index': 12707}","test('when parse with different implied program name then name changes', () => {
    const program = new commander.Command();

    program.parse(['node', 'script1.js']);
    expect(program.name()).toEqual('script1');

    program.parse(['electron', 'script2.js']);
    expect(program.name()).toEqual('script2');
  })",338,346,steel
/tests/command.parse.test.js,Duplicate Assert,"{'line': 345, 'column': 4, 'index': 12802}","test('when parse with different implied program name then name changes', () => {
    const program = new commander.Command();

    program.parse(['node', 'script1.js']);
    expect(program.name()).toEqual('script1');

    program.parse(['electron', 'script2.js']);
    expect(program.name()).toEqual('script2');
  })",338,346,steel
/tests/command.parse.test.js,Duplicate Assert,"{'line': 355, 'column': 4, 'index': 13131}","test('when parse with different arguments then args change', () => {
    // weak test, would work without store/reset!
    const program = new commander.Command()
      .argument('<first>')
      .argument('[second]');

    program.parse(['one', 'two'], { from: 'user' });
    expect(program.args).toEqual(['one', 'two']);

    program.parse(['alpha'], { from: 'user' });
    expect(program.args).toEqual(['alpha']);
  })",348,359,steel
/tests/command.parse.test.js,Duplicate Assert,"{'line': 358, 'column': 4, 'index': 13230}","test('when parse with different arguments then args change', () => {
    // weak test, would work without store/reset!
    const program = new commander.Command()
      .argument('<first>')
      .argument('[second]');

    program.parse(['one', 'two'], { from: 'user' });
    expect(program.args).toEqual(['one', 'two']);

    program.parse(['alpha'], { from: 'user' });
    expect(program.args).toEqual(['alpha']);
  })",348,359,steel
/tests/command.parse.test.js,Duplicate Assert,"{'line': 369, 'column': 4, 'index': 13586}","test('when parse with different arguments then rawArgs change', () => {
    // weak test, would work without store/reset!
    const program = new commander.Command()
      .argument('<first>')
      .option('--white')
      .option('--black');

    program.parse(['--white', 'one'], { from: 'user' });
    expect(program.rawArgs).toEqual(['--white', 'one']);

    program.parse(['--black', 'two'], { from: 'user' });
    expect(program.rawArgs).toEqual(['--black', 'two']);
  })",361,373,steel
/tests/command.parse.test.js,Duplicate Assert,"{'line': 372, 'column': 4, 'index': 13701}","test('when parse with different arguments then rawArgs change', () => {
    // weak test, would work without store/reset!
    const program = new commander.Command()
      .argument('<first>')
      .option('--white')
      .option('--black');

    program.parse(['--white', 'one'], { from: 'user' });
    expect(program.rawArgs).toEqual(['--white', 'one']);

    program.parse(['--black', 'two'], { from: 'user' });
    expect(program.rawArgs).toEqual(['--black', 'two']);
  })",361,373,steel
/tests/command.parse.test.js,Duplicate Assert,"{'line': 384, 'column': 4, 'index': 14055}","test('when parse with different arguments then processedArgs change', () => {
    // weak test, would work without store/reset!
    const program = new commander.Command().argument(
      '<first>',
      'first arg',
      parseFloat,
    );

    program.parse([123], { from: 'user' });
    expect(program.processedArgs).toEqual([123]);

    program.parse([456], { from: 'user' });
    expect(program.processedArgs).toEqual([456]);
  })",375,388,steel
/tests/command.parse.test.js,Duplicate Assert,"{'line': 387, 'column': 4, 'index': 14150}","test('when parse with different arguments then processedArgs change', () => {
    // weak test, would work without store/reset!
    const program = new commander.Command().argument(
      '<first>',
      'first arg',
      parseFloat,
    );

    program.parse([123], { from: 'user' });
    expect(program.processedArgs).toEqual([123]);

    program.parse([456], { from: 'user' });
    expect(program.processedArgs).toEqual([456]);
  })",375,388,steel
/tests/command.parse.test.js,Duplicate Assert,"{'line': 396, 'column': 8, 'index': 14466}","test('when parse subcommand then reset state before preSubcommand hook called', () => {
    let hookCalled = false;
    const program = new commander.Command().hook(
      'preSubcommand',
      (thisCommand, subcommand) => {
        hookCalled = true;
        expect(subcommand.opts()).toEqual({});
      },
    );
    const subcommand = program.command('sub').option('--red').option('--green');

    hookCalled = false;
    program.parse(['sub', '--red'], { from: 'user' });
    expect(hookCalled).toBe(true);
    expect(subcommand.opts()).toEqual({ red: true });

    hookCalled = false;
    program.parse(['sub', '--green'], { from: 'user' });
    expect(hookCalled).toBe(true);
    expect(subcommand.opts()).toEqual({ green: true });
  })",390,410,steel
/tests/command.parse.test.js,Duplicate Assert,"{'line': 403, 'column': 4, 'index': 14686}","test('when parse subcommand then reset state before preSubcommand hook called', () => {
    let hookCalled = false;
    const program = new commander.Command().hook(
      'preSubcommand',
      (thisCommand, subcommand) => {
        hookCalled = true;
        expect(subcommand.opts()).toEqual({});
      },
    );
    const subcommand = program.command('sub').option('--red').option('--green');

    hookCalled = false;
    program.parse(['sub', '--red'], { from: 'user' });
    expect(hookCalled).toBe(true);
    expect(subcommand.opts()).toEqual({ red: true });

    hookCalled = false;
    program.parse(['sub', '--green'], { from: 'user' });
    expect(hookCalled).toBe(true);
    expect(subcommand.opts()).toEqual({ green: true });
  })",390,410,steel
/tests/command.parse.test.js,Duplicate Assert,"{'line': 403, 'column': 4, 'index': 14686}","test('when parse subcommand then reset state before preSubcommand hook called', () => {
    let hookCalled = false;
    const program = new commander.Command().hook(
      'preSubcommand',
      (thisCommand, subcommand) => {
        hookCalled = true;
        expect(subcommand.opts()).toEqual({});
      },
    );
    const subcommand = program.command('sub').option('--red').option('--green');

    hookCalled = false;
    program.parse(['sub', '--red'], { from: 'user' });
    expect(hookCalled).toBe(true);
    expect(subcommand.opts()).toEqual({ red: true });

    hookCalled = false;
    program.parse(['sub', '--green'], { from: 'user' });
    expect(hookCalled).toBe(true);
    expect(subcommand.opts()).toEqual({ green: true });
  })",390,410,steel
/tests/command.parse.test.js,Duplicate Assert,"{'line': 404, 'column': 4, 'index': 14721}","test('when parse subcommand then reset state before preSubcommand hook called', () => {
    let hookCalled = false;
    const program = new commander.Command().hook(
      'preSubcommand',
      (thisCommand, subcommand) => {
        hookCalled = true;
        expect(subcommand.opts()).toEqual({});
      },
    );
    const subcommand = program.command('sub').option('--red').option('--green');

    hookCalled = false;
    program.parse(['sub', '--red'], { from: 'user' });
    expect(hookCalled).toBe(true);
    expect(subcommand.opts()).toEqual({ red: true });

    hookCalled = false;
    program.parse(['sub', '--green'], { from: 'user' });
    expect(hookCalled).toBe(true);
    expect(subcommand.opts()).toEqual({ green: true });
  })",390,410,steel
/tests/command.parse.test.js,Duplicate Assert,"{'line': 408, 'column': 4, 'index': 14857}","test('when parse subcommand then reset state before preSubcommand hook called', () => {
    let hookCalled = false;
    const program = new commander.Command().hook(
      'preSubcommand',
      (thisCommand, subcommand) => {
        hookCalled = true;
        expect(subcommand.opts()).toEqual({});
      },
    );
    const subcommand = program.command('sub').option('--red').option('--green');

    hookCalled = false;
    program.parse(['sub', '--red'], { from: 'user' });
    expect(hookCalled).toBe(true);
    expect(subcommand.opts()).toEqual({ red: true });

    hookCalled = false;
    program.parse(['sub', '--green'], { from: 'user' });
    expect(hookCalled).toBe(true);
    expect(subcommand.opts()).toEqual({ green: true });
  })",390,410,steel
/tests/command.parse.test.js,Duplicate Assert,"{'line': 408, 'column': 4, 'index': 14857}","test('when parse subcommand then reset state before preSubcommand hook called', () => {
    let hookCalled = false;
    const program = new commander.Command().hook(
      'preSubcommand',
      (thisCommand, subcommand) => {
        hookCalled = true;
        expect(subcommand.opts()).toEqual({});
      },
    );
    const subcommand = program.command('sub').option('--red').option('--green');

    hookCalled = false;
    program.parse(['sub', '--red'], { from: 'user' });
    expect(hookCalled).toBe(true);
    expect(subcommand.opts()).toEqual({ red: true });

    hookCalled = false;
    program.parse(['sub', '--green'], { from: 'user' });
    expect(hookCalled).toBe(true);
    expect(subcommand.opts()).toEqual({ green: true });
  })",390,410,steel
/tests/command.parse.test.js,Duplicate Assert,"{'line': 409, 'column': 4, 'index': 14892}","test('when parse subcommand then reset state before preSubcommand hook called', () => {
    let hookCalled = false;
    const program = new commander.Command().hook(
      'preSubcommand',
      (thisCommand, subcommand) => {
        hookCalled = true;
        expect(subcommand.opts()).toEqual({});
      },
    );
    const subcommand = program.command('sub').option('--red').option('--green');

    hookCalled = false;
    program.parse(['sub', '--red'], { from: 'user' });
    expect(hookCalled).toBe(true);
    expect(subcommand.opts()).toEqual({ red: true });

    hookCalled = false;
    program.parse(['sub', '--green'], { from: 'user' });
    expect(hookCalled).toBe(true);
    expect(subcommand.opts()).toEqual({ green: true });
  })",390,410,steel
/tests/command.hook.test.js,Duplicate Assert,"{'line': 231, 'column': 4, 'index': 7973}","test('when async preAction then async from preAction', async () => {
    const calls = [];
    const program = new commander.Command();
    program
      .hook('preAction', async () => {
        await 0;
        calls.push('before');
      })
      .action(() => calls.push('action'));
    const result = program.parseAsync([], { from: 'user' });
    expect(calls).toEqual([]);
    await result;
    expect(calls).toEqual(['before', 'action']);
  })",221,234,steel
/tests/command.hook.test.js,Duplicate Assert,"{'line': 233, 'column': 4, 'index': 8022}","test('when async preAction then async from preAction', async () => {
    const calls = [];
    const program = new commander.Command();
    program
      .hook('preAction', async () => {
        await 0;
        calls.push('before');
      })
      .action(() => calls.push('action'));
    const result = program.parseAsync([], { from: 'user' });
    expect(calls).toEqual([]);
    await result;
    expect(calls).toEqual(['before', 'action']);
  })",221,234,steel
/tests/command.hook.test.js,Duplicate Assert,"{'line': 246, 'column': 4, 'index': 8429}","test('when async postAction then async from postAction', async () => {
    const calls = [];
    const program = new commander.Command();
    program
      .hook('postAction', async () => {
        await 0;
        calls.push('after');
      })
      .action(() => calls.push('action'));
    const result = program.parseAsync([], { from: 'user' });
    expect(calls).toEqual(['action']);
    await result;
    expect(calls).toEqual(['action', 'after']);
  })",236,249,steel
/tests/command.hook.test.js,Duplicate Assert,"{'line': 248, 'column': 4, 'index': 8486}","test('when async postAction then async from postAction', async () => {
    const calls = [];
    const program = new commander.Command();
    program
      .hook('postAction', async () => {
        await 0;
        calls.push('after');
      })
      .action(() => calls.push('action'));
    const result = program.parseAsync([], { from: 'user' });
    expect(calls).toEqual(['action']);
    await result;
    expect(calls).toEqual(['action', 'after']);
  })",236,249,steel
/tests/command.hook.test.js,Duplicate Assert,"{'line': 262, 'column': 4, 'index': 8937}","test('when async action then async from action', async () => {
    const calls = [];
    const program = new commander.Command();
    program
      .hook('preAction', () => calls.push('before'))
      .hook('postAction', () => calls.push('after'))
      .action(async () => {
        await 0;
        calls.push('action');
      });
    const result = program.parseAsync([], { from: 'user' });
    expect(calls).toEqual(['before']);
    await result;
    expect(calls).toEqual(['before', 'action', 'after']);
  })",251,265,steel
/tests/command.hook.test.js,Duplicate Assert,"{'line': 264, 'column': 4, 'index': 8994}","test('when async action then async from action', async () => {
    const calls = [];
    const program = new commander.Command();
    program
      .hook('preAction', () => calls.push('before'))
      .hook('postAction', () => calls.push('after'))
      .action(async () => {
        await 0;
        calls.push('action');
      });
    const result = program.parseAsync([], { from: 'user' });
    expect(calls).toEqual(['before']);
    await result;
    expect(calls).toEqual(['before', 'action', 'after']);
  })",251,265,steel
/tests/command.hook.test.js,Duplicate Assert,"{'line': 278, 'column': 4, 'index': 9463}","test('when async first preAction then async from first preAction', async () => {
    const calls = [];
    const program = new commander.Command();
    program
      .hook('preAction', async () => {
        await 0;
        calls.push('1');
      })
      .hook('preAction', () => calls.push('2'))
      .action(() => calls.push('action'));
    const result = program.parseAsync([], { from: 'user' });
    expect(calls).toEqual([]);
    await result;
    expect(calls).toEqual(['1', '2', 'action']);
  })",267,281,steel
/tests/command.hook.test.js,Duplicate Assert,"{'line': 280, 'column': 4, 'index': 9512}","test('when async first preAction then async from first preAction', async () => {
    const calls = [];
    const program = new commander.Command();
    program
      .hook('preAction', async () => {
        await 0;
        calls.push('1');
      })
      .hook('preAction', () => calls.push('2'))
      .action(() => calls.push('action'));
    const result = program.parseAsync([], { from: 'user' });
    expect(calls).toEqual([]);
    await result;
    expect(calls).toEqual(['1', '2', 'action']);
  })",267,281,steel
/tests/command.hook.test.js,Duplicate Assert,"{'line': 294, 'column': 4, 'index': 9974}","test('when async second preAction then async from second preAction', async () => {
    const calls = [];
    const program = new commander.Command();
    program
      .hook('preAction', () => calls.push('1'))
      .hook('preAction', async () => {
        await 0;
        calls.push('2');
      })
      .action(() => calls.push('action'));
    const result = program.parseAsync([], { from: 'user' });
    expect(calls).toEqual(['1']);
    await result;
    expect(calls).toEqual(['1', '2', 'action']);
  })",283,297,steel
/tests/command.hook.test.js,Duplicate Assert,"{'line': 296, 'column': 4, 'index': 10026}","test('when async second preAction then async from second preAction', async () => {
    const calls = [];
    const program = new commander.Command();
    program
      .hook('preAction', () => calls.push('1'))
      .hook('preAction', async () => {
        await 0;
        calls.push('2');
      })
      .action(() => calls.push('action'));
    const result = program.parseAsync([], { from: 'user' });
    expect(calls).toEqual(['1']);
    await result;
    expect(calls).toEqual(['1', '2', 'action']);
  })",283,297,steel
/tests/command.hook.test.js,Duplicate Assert,"{'line': 335, 'column': 4, 'index': 10989}","test('when async hook everything then hooks called nested', async () => {
    const calls = [];
    const program = new commander.Command();
    program
      .hook('preAction', async () => {
        await 0;
        calls.push('pb1');
      })
      .hook('postAction', async () => {
        await 0;
        calls.push('pa1');
      });
    program
      .hook('preAction', async () => {
        await 0;
        calls.push('pb2');
      })
      .hook('postAction', async () => {
        await 0;
        calls.push('pa2');
      });
    program
      .command('sub')
      .hook('preAction', async () => {
        await 0;
        calls.push('sb');
      })
      .hook('postAction', async () => {
        await 0;
        calls.push('sa');
      })
      .action(async () => {
        await 0;
        calls.push('action');
      });
    const result = program.parseAsync(['sub'], { from: 'user' });
    expect(calls).toEqual([]);
    await result;
    expect(calls).toEqual(['pb1', 'pb2', 'sb', 'action', 'sa', 'pa2', 'pa1']);
  })",299,338,steel
/tests/command.hook.test.js,Duplicate Assert,"{'line': 337, 'column': 4, 'index': 11038}","test('when async hook everything then hooks called nested', async () => {
    const calls = [];
    const program = new commander.Command();
    program
      .hook('preAction', async () => {
        await 0;
        calls.push('pb1');
      })
      .hook('postAction', async () => {
        await 0;
        calls.push('pa1');
      });
    program
      .hook('preAction', async () => {
        await 0;
        calls.push('pb2');
      })
      .hook('postAction', async () => {
        await 0;
        calls.push('pa2');
      });
    program
      .command('sub')
      .hook('preAction', async () => {
        await 0;
        calls.push('sb');
      })
      .hook('postAction', async () => {
        await 0;
        calls.push('sa');
      })
      .action(async () => {
        await 0;
        calls.push('action');
      });
    const result = program.parseAsync(['sub'], { from: 'user' });
    expect(calls).toEqual([]);
    await result;
    expect(calls).toEqual(['pb1', 'pb2', 'sb', 'action', 'sa', 'pa2', 'pa1']);
  })",299,338,steel
/tests/command.hook.test.js,Duplicate Assert,"{'line': 356, 'column': 4, 'index': 11573}","test('preSubcommand hook should work', async () => {
    const calls = [];
    const program = new commander.Command();
    program.hook('preSubcommand', async () => {
      await 0;
      calls.push(0);
    });
    program.command('sub').action(async () => {
      await 1;
      calls.push(1);
    });
    program.action(async () => {
      await 2;
      calls.push(2);
    });
    const result = program.parseAsync(['sub'], { from: 'user' });
    expect(calls).toEqual([]);
    await result;
    expect(calls).toEqual([0, 1]);
  })",340,359,steel
/tests/command.hook.test.js,Duplicate Assert,"{'line': 358, 'column': 4, 'index': 11622}","test('preSubcommand hook should work', async () => {
    const calls = [];
    const program = new commander.Command();
    program.hook('preSubcommand', async () => {
      await 0;
      calls.push(0);
    });
    program.command('sub').action(async () => {
      await 1;
      calls.push(1);
    });
    program.action(async () => {
      await 2;
      calls.push(2);
    });
    const result = program.parseAsync(['sub'], { from: 'user' });
    expect(calls).toEqual([]);
    await result;
    expect(calls).toEqual([0, 1]);
  })",340,359,steel
/tests/command.hook.test.js,Duplicate Assert,"{'line': 391, 'column': 4, 'index': 12523}","test('preSubcommand hook should effective for direct subcommands', async () => {
    const calls = [];
    const program = new commander.Command();
    program.hook('preSubcommand', async (thisCommand, subCommand) => {
      await 'preSubcommand';
      calls.push('preSubcommand');
      calls.push(subCommand.name());
    });
    program
      .command('first')
      .action(async () => {
        await 'first';
        calls.push('first');
      })
      .command('second')
      .action(async () => {
        await 'second';
        calls.push('second');
      })
      .command('third')
      .action(async () => {
        await 'third';
        calls.push('third');
      });
    program.action(async () => {
      await 2;
      calls.push(2);
    });
    const result = program.parseAsync(['first', 'second', 'third'], {
      from: 'user',
    });
    expect(calls).toEqual([]);
    await result;
    expect(calls).toEqual(['preSubcommand', 'first', 'third']);
  })",360,394,steel
/tests/command.hook.test.js,Duplicate Assert,"{'line': 393, 'column': 4, 'index': 12572}","test('preSubcommand hook should effective for direct subcommands', async () => {
    const calls = [];
    const program = new commander.Command();
    program.hook('preSubcommand', async (thisCommand, subCommand) => {
      await 'preSubcommand';
      calls.push('preSubcommand');
      calls.push(subCommand.name());
    });
    program
      .command('first')
      .action(async () => {
        await 'first';
        calls.push('first');
      })
      .command('second')
      .action(async () => {
        await 'second';
        calls.push('second');
      })
      .command('third')
      .action(async () => {
        await 'third';
        calls.push('third');
      });
    program.action(async () => {
      await 2;
      calls.push(2);
    });
    const result = program.parseAsync(['first', 'second', 'third'], {
      from: 'user',
    });
    expect(calls).toEqual([]);
    await result;
    expect(calls).toEqual(['preSubcommand', 'first', 'third']);
  })",360,394,steel
/tests/command.helpOption.test.js,Exception Handling,"{'line': 91, 'column': 4, 'index': 3344}","test('when helpOption(false) then --help is an unknown option', () => {
    const program = new commander.Command();
    program.exitOverride().helpOption(false);
    let caughtErr;
    try {
      program.parse(['--help'], { from: 'user' });
    } catch (err) {
      caughtErr = err;
    }
    expect(caughtErr.code).toBe('commander.unknownOption');
  })",87,97,steel
/tests/command.helpOption.test.js,Exception Handling,"{'line': 103, 'column': 4, 'index': 3701}","test('when helpOption(false) then -h is an unknown option', () => {
    const program = new commander.Command();
    program.exitOverride().helpOption(false);
    let caughtErr;
    try {
      program.parse(['-h'], { from: 'user' });
    } catch (err) {
      caughtErr = err;
    }
    expect(caughtErr.code).toBe('commander.unknownOption');
  })",99,109,steel
/tests/command.helpCommand.test.js,Exception Handling,"{'line': 32, 'column': 4, 'index': 1202}","test('when program has subcommands and specify only unknown option then display help', () => {
    const program = new commander.Command();
    program
      .configureHelp({ formatHelp: () => '' })
      .exitOverride()
      .allowUnknownOption()
      .command('foo');
    let caughtErr;
    try {
      program.parse(['--unknown'], { from: 'user' });
    } catch (err) {
      caughtErr = err;
    }
    expect(caughtErr.code).toEqual('commander.help');
  })",24,38,steel
/tests/command.helpCommand.test.js,Exception Handling,"{'line': 83, 'column': 6, 'index': 2748}","test('when ""program help"" then program', () => {
    const program = new commander.Command();
    program.exitOverride();
    program.command('sub1');
    program.exitOverride(() => {
      throw new Error('program');
    });
    expect(() => {
      program.parse('node test.js help'.split(' '));
    }).toThrow('program');
  })",78,88,steel
/tests/command.helpCommand.test.js,Exception Handling,"{'line': 95, 'column': 6, 'index': 3090}","test('when ""program help unknown"" then program', () => {
    const program = new commander.Command();
    program.exitOverride();
    program.command('sub1');
    program.exitOverride(() => {
      throw new Error('program');
    });
    expect(() => {
      program.parse('node test.js help unknown'.split(' '));
    }).toThrow('program');
  })",90,100,steel
/tests/command.helpCommand.test.js,Exception Handling,"{'line': 107, 'column': 6, 'index': 3444}","test('when ""program help sub1"" then sub1', () => {
    const program = new commander.Command();
    program.exitOverride();
    const sub1 = program.command('sub1');
    sub1.exitOverride(() => {
      throw new Error('sub1');
    });
    expect(() => {
      program.parse('node test.js help sub1'.split(' '));
    }).toThrow('sub1');
  })",102,112,steel
/tests/command.helpCommand.test.js,Exception Handling,"{'line': 120, 'column': 6, 'index': 3833}","test('when ""program sub1 help sub2"" then sub2', () => {
    const program = new commander.Command();
    program.exitOverride();
    const sub1 = program.command('sub1');
    const sub2 = sub1.command('sub2');
    sub2.exitOverride(() => {
      throw new Error('sub2');
    });
    expect(() => {
      program.parse('node test.js sub1 help sub2'.split(' '));
    }).toThrow('sub2');
  })",114,125,steel
/tests/command.helpCommand.test.js,Exception Handling,"{'line': 132, 'column': 6, 'index': 4212}","test('when default command and ""program help"" then program', () => {
    const program = new commander.Command();
    program.exitOverride();
    program.command('sub1', { isDefault: true });
    program.exitOverride(() => {
      throw new Error('program');
    });
    expect(() => {
      program.parse('node test.js help'.split(' '));
    }).toThrow('program');
  })",127,137,steel
/tests/command.helpCommand.test.js,Exception Handling,"{'line': 146, 'column': 6, 'index': 4637}","test('when no long help flag then ""help sub"" works', () => {
    const program = new commander.Command();
    program.exitOverride();
    program.helpOption('-H');
    const sub = program.command('sub');
    // Patch help for easy way to check called.
    sub.help = () => {
      throw new Error('sub help');
    };
    expect(() => {
      program.parse(['help', 'sub'], { from: 'user' });
    }).toThrow('sub help');
  })",139,151,steel
/tests/command.helpCommand.test.js,Exception Handling,"{'line': 159, 'column': 6, 'index': 5059}","test('when no help options in sub then ""help sub"" works', () => {
    const program = new commander.Command();
    program.exitOverride();
    const sub = program.command('sub').helpOption(false);
    // Patch help for easy way to check called.
    sub.help = () => {
      throw new Error('sub help');
    };
    expect(() => {
      program.parse(['help', 'sub'], { from: 'user' });
    }).toThrow('sub help');
  })",153,164,steel
/tests/command.helpCommand.test.js,Exception Handling,"{'line': 174, 'column': 6, 'index': 5544}","test('when different help options in sub then ""help sub"" works', () => {
    const program = new commander.Command();
    program.exitOverride();
    const sub = program.command('sub');
    program.helpOption('-h, --help');
    sub.helpOption('-a, --assist');
    // Patch help for easy way to check called.
    sub.help = () => {
      throw new Error('sub help');
    };
    expect(() => {
      program.parse(['help', 'sub'], { from: 'user' });
    }).toThrow('sub help');
  })",166,179,steel
/tests/command.exitOverride.test.js,Exception Handling,"{'line': 41, 'column': 4, 'index': 1221}","test('when specify unknown program option then throw CommanderError', () => {
    const program = new commander.Command();
    program.exitOverride();

    let caughtErr;
    try {
      program.parse(['node', 'test', '-m']);
    } catch (err) {
      caughtErr = err;
    }

    expect(stderrSpy).toHaveBeenCalled();
    expectCommanderError(
      caughtErr,
      1,
      'commander.unknownOption',
      ""error: unknown option '-m'"",
    );
  })",36,54,steel
/tests/command.exitOverride.test.js,Exception Handling,"{'line': 61, 'column': 4, 'index': 1697}","test('when specify unknown command then throw CommanderError', () => {
    const program = new commander.Command();
    program.name('prog').exitOverride().command('sub');

    let caughtErr;
    try {
      program.parse(['node', 'test', 'oops']);
    } catch (err) {
      caughtErr = err;
    }

    expect(stderrSpy).toHaveBeenCalled();
    expectCommanderError(
      caughtErr,
      1,
      'commander.unknownCommand',
      ""error: unknown command 'oops'"",
    );
  })",56,74,steel
/tests/command.exitOverride.test.js,Exception Handling,"{'line': 85, 'column': 6, 'index': 2306}","test('when supply custom handler then throw custom error', () => {
    const customError = new commander.CommanderError(
      123,
      'custom-code',
      'custom-message',
    );
    const program = new commander.Command();
    program.exitOverride((_err) => {
      throw customError;
    });

    let caughtErr;
    try {
      program.parse(['node', 'test', '-m']);
    } catch (err) {
      caughtErr = err;
    }

    expectCommanderError(
      caughtErr,
      customError.exitCode,
      customError.code,
      customError.message,
    );
  })",77,101,steel
/tests/command.exitOverride.test.js,Exception Handling,"{'line': 89, 'column': 4, 'index': 2357}","test('when supply custom handler then throw custom error', () => {
    const customError = new commander.CommanderError(
      123,
      'custom-code',
      'custom-message',
    );
    const program = new commander.Command();
    program.exitOverride((_err) => {
      throw customError;
    });

    let caughtErr;
    try {
      program.parse(['node', 'test', '-m']);
    } catch (err) {
      caughtErr = err;
    }

    expectCommanderError(
      caughtErr,
      customError.exitCode,
      customError.code,
      customError.message,
    );
  })",77,101,steel
/tests/command.exitOverride.test.js,Exception Handling,"{'line': 109, 'column': 4, 'index': 2859}","test('when specify option without required value then throw CommanderError', () => {
    const optionFlags = '-p, --pepper <type>';
    const program = new commander.Command();
    program.exitOverride().option(optionFlags, 'add pepper');

    let caughtErr;
    try {
      program.parse(['node', 'test', '--pepper']);
    } catch (err) {
      caughtErr = err;
    }

    expect(stderrSpy).toHaveBeenCalled();
    expectCommanderError(
      caughtErr,
      1,
      'commander.optionMissingArgument',
      `error: option '${optionFlags}' argument missing`,
    );
  })",103,122,steel
/tests/command.exitOverride.test.js,Exception Handling,"{'line': 132, 'column': 4, 'index': 3429}","test('when specify command without required argument then throw CommanderError', () => {
    const program = new commander.Command();
    program
      .exitOverride()
      .command('compress <arg-name>')
      .action(() => {});

    let caughtErr;
    try {
      program.parse(['node', 'test', 'compress']);
    } catch (err) {
      caughtErr = err;
    }

    expect(stderrSpy).toHaveBeenCalled();
    expectCommanderError(
      caughtErr,
      1,
      'commander.missingArgument',
      ""error: missing required argument 'arg-name'"",
    );
  })",124,145,steel
/tests/command.exitOverride.test.js,Exception Handling,"{'line': 152, 'column': 4, 'index': 3965}","test('when specify program without required argument and no action handler then throw CommanderError', () => {
    const program = new commander.Command();
    program.exitOverride().argument('<arg-name>');

    let caughtErr;
    try {
      program.parse(['node', 'test']);
    } catch (err) {
      caughtErr = err;
    }

    expect(stderrSpy).toHaveBeenCalled();
    expectCommanderError(
      caughtErr,
      1,
      'commander.missingArgument',
      ""error: missing required argument 'arg-name'"",
    );
  })",147,165,steel
/tests/command.exitOverride.test.js,Exception Handling,"{'line': 175, 'column': 4, 'index': 4492}","test('when specify excess argument then throw CommanderError', () => {
    const program = new commander.Command();
    program
      .exitOverride()
      .allowExcessArguments(false)
      .action(() => {});

    let caughtErr;
    try {
      program.parse(['node', 'test', 'excess']);
    } catch (err) {
      caughtErr = err;
    }

    expect(stderrSpy).toHaveBeenCalled();
    expectCommanderError(
      caughtErr,
      1,
      'commander.excessArguments',
      'error: too many arguments. Expected 0 arguments but got 1.',
    );
  })",167,188,steel
/tests/command.exitOverride.test.js,Exception Handling,"{'line': 199, 'column': 4, 'index': 5081}","test('when specify command with excess argument then throw CommanderError', () => {
    const program = new commander.Command();
    program
      .exitOverride()
      .command('speak')
      .allowExcessArguments(false)
      .action(() => {});

    let caughtErr;
    try {
      program.parse(['node', 'test', 'speak', 'excess']);
    } catch (err) {
      caughtErr = err;
    }

    expect(stderrSpy).toHaveBeenCalled();
    expectCommanderError(
      caughtErr,
      1,
      'commander.excessArguments',
      ""error: too many arguments for 'speak'. Expected 0 arguments but got 1."",
    );
  })",190,212,steel
/tests/command.exitOverride.test.js,Exception Handling,"{'line': 222, 'column': 4, 'index': 5680}","test('when specify --help then throw CommanderError', () => {
    const writeSpy = jest
      .spyOn(process.stdout, 'write')
      .mockImplementation(() => {});
    const program = new commander.Command();
    program.exitOverride();

    let caughtErr;
    try {
      program.parse(['node', 'test', '--help']);
    } catch (err) {
      caughtErr = err;
    }

    expectCommanderError(
      caughtErr,
      0,
      'commander.helpDisplayed',
      '(outputHelp)',
    );
    writeSpy.mockRestore();
  })",214,235,steel
/tests/command.exitOverride.test.js,Exception Handling,"{'line': 242, 'column': 4, 'index': 6171}","test('when executable subcommand and no command specified then throw CommanderError', () => {
    const program = new commander.Command();
    program.exitOverride().command('compress', 'compress description');

    let caughtErr;
    try {
      program.parse(['node', 'test']);
    } catch (err) {
      caughtErr = err;
    }

    expectCommanderError(caughtErr, 1, 'commander.help', '(outputHelp)');
  })",237,249,steel
/tests/command.exitOverride.test.js,Exception Handling,"{'line': 260, 'column': 4, 'index': 6663}","test('when specify --version then throw CommanderError', () => {
    const stdoutSpy = jest
      .spyOn(process.stdout, 'write')
      .mockImplementation(() => {});
    const myVersion = '1.2.3';
    const program = new commander.Command();
    program.exitOverride().version(myVersion);

    let caughtErr;
    try {
      program.parse(['node', 'test', '--version']);
    } catch (err) {
      caughtErr = err;
    }

    expectCommanderError(caughtErr, 0, 'commander.version', myVersion);
    stdoutSpy.mockRestore();
  })",251,268,steel
/tests/command.exitOverride.test.js,Exception Handling,"{'line': 296, 'column': 4, 'index': 7721}","test('when mandatory program option missing then throw CommanderError', () => {
    const optionFlags = '-p, --pepper <type>';
    const program = new commander.Command();
    program.exitOverride().requiredOption(optionFlags, 'add pepper');

    let caughtErr;
    try {
      program.parse(['node', 'test']);
    } catch (err) {
      caughtErr = err;
    }

    expectCommanderError(
      caughtErr,
      1,
      'commander.missingMandatoryOptionValue',
      `error: required option '${optionFlags}' not specified`,
    );
  })",290,308,steel
/tests/command.exitOverride.test.js,Exception Handling,"{'line': 318, 'column': 4, 'index': 8297}","test('when option argument not in choices then throw CommanderError', () => {
    const optionFlags = '--colour <shade>';
    const program = new commander.Command();
    program
      .exitOverride()
      .addOption(new commander.Option(optionFlags).choices(['red', 'blue']));

    let caughtErr;
    try {
      program.parse(['--colour', 'green'], { from: 'user' });
    } catch (err) {
      caughtErr = err;
    }

    expectCommanderError(
      caughtErr,
      1,
      'commander.invalidArgument',
      ""error: option '--colour <shade>' argument 'green' is invalid. Allowed choices are red, blue."",
    );
  })",310,330,steel
/tests/command.exitOverride.test.js,Exception Handling,"{'line': 340, 'column': 4, 'index': 8906}","test('when command argument not in choices then throw CommanderError', () => {
    const program = new commander.Command();
    program
      .exitOverride()
      .addArgument(new commander.Argument('<shade>').choices(['red', 'blue']))
      .action(() => {});

    let caughtErr;
    try {
      program.parse(['green'], { from: 'user' });
    } catch (err) {
      caughtErr = err;
    }

    expectCommanderError(
      caughtErr,
      1,
      'commander.invalidArgument',
      ""error: command-argument value 'green' is invalid for argument 'shade'. Allowed choices are red, blue."",
    );
  })",332,352,steel
/tests/command.exitOverride.test.js,Exception Handling,"{'line': 356, 'column': 6, 'index': 9368}","test('when custom processing for option throws InvalidArgumentError then catch CommanderError', () => {
    function justSayNo(value) {
      throw new commander.InvalidArgumentError('NO');
    }
    const optionFlags = '--colour <shade>';
    const program = new commander.Command();
    program.exitOverride().option(optionFlags, 'specify shade', justSayNo);

    let caughtErr;
    try {
      program.parse(['--colour', 'green'], { from: 'user' });
    } catch (err) {
      caughtErr = err;
    }

    expectCommanderError(
      caughtErr,
      1,
      'commander.invalidArgument',
      ""error: option '--colour <shade>' argument 'green' is invalid. NO"",
    );
  })",354,375,steel
/tests/command.exitOverride.test.js,Exception Handling,"{'line': 363, 'column': 4, 'index': 9611}","test('when custom processing for option throws InvalidArgumentError then catch CommanderError', () => {
    function justSayNo(value) {
      throw new commander.InvalidArgumentError('NO');
    }
    const optionFlags = '--colour <shade>';
    const program = new commander.Command();
    program.exitOverride().option(optionFlags, 'specify shade', justSayNo);

    let caughtErr;
    try {
      program.parse(['--colour', 'green'], { from: 'user' });
    } catch (err) {
      caughtErr = err;
    }

    expectCommanderError(
      caughtErr,
      1,
      'commander.invalidArgument',
      ""error: option '--colour <shade>' argument 'green' is invalid. NO"",
    );
  })",354,375,steel
/tests/command.exitOverride.test.js,Exception Handling,"{'line': 379, 'column': 6, 'index': 10050}","test('when custom processing for argument throws InvalidArgumentError then catch CommanderError', () => {
    function justSayNo(value) {
      throw new commander.InvalidArgumentError('NO');
    }
    const program = new commander.Command();
    program
      .exitOverride()
      .argument('[n]', 'number', justSayNo)
      .action(() => {});

    let caughtErr;
    try {
      program.parse(['green'], { from: 'user' });
    } catch (err) {
      caughtErr = err;
    }

    expectCommanderError(
      caughtErr,
      1,
      'commander.invalidArgument',
      ""error: command-argument value 'green' is invalid for argument 'n'. NO"",
    );
  })",377,400,steel
/tests/command.exitOverride.test.js,Exception Handling,"{'line': 388, 'column': 4, 'index': 10276}","test('when custom processing for argument throws InvalidArgumentError then catch CommanderError', () => {
    function justSayNo(value) {
      throw new commander.InvalidArgumentError('NO');
    }
    const program = new commander.Command();
    program
      .exitOverride()
      .argument('[n]', 'number', justSayNo)
      .action(() => {});

    let caughtErr;
    try {
      program.parse(['green'], { from: 'user' });
    } catch (err) {
      caughtErr = err;
    }

    expectCommanderError(
      caughtErr,
      1,
      'commander.invalidArgument',
      ""error: command-argument value 'green' is invalid for argument 'n'. NO"",
    );
  })",377,400,steel
/tests/command.exitOverride.test.js,Exception Handling,"{'line': 410, 'column': 4, 'index': 10861}","test('when has conflicting option then throw CommanderError', () => {
    const program = new commander.Command();
    program
      .exitOverride()
      .addOption(new commander.Option('--silent'))
      .addOption(new commander.Option('--debug').conflicts(['silent']));

    let caughtErr;
    try {
      program.parse(['--debug', '--silent'], { from: 'user' });
    } catch (err) {
      caughtErr = err;
    }

    expectCommanderError(
      caughtErr,
      1,
      'commander.conflictingOption',
      ""error: option '--debug' cannot be used with option '--silent'"",
    );
  })",402,422,steel
/tests/command.exitOverride.test.js,Exception Handling,"{'line': 429, 'column': 4, 'index': 11314}","test('when call error() then throw CommanderError', () => {
    const program = new commander.Command();
    program.exitOverride();

    let caughtErr;
    try {
      program.error('message');
    } catch (err) {
      caughtErr = err;
    }

    expectCommanderError(caughtErr, 1, 'commander.error', 'message');
  })",424,436,steel
/tests/command.exitOverride.test.js,Exception Handling,"{'line': 450, 'column': 4, 'index': 11958}","test('when custom processing throws custom error then throw custom error', () => {
  function justSayNo(value) {
    throw new Error('custom');
  }
  const program = new commander.Command();
  program
    .exitOverride()
    .option('-s, --shade <value>', 'specify shade', justSayNo);

  expect(() => {
    program.parse(['--shade', 'green'], { from: 'user' });
  }).toThrow('custom');
})",448,460,steel
/tests/command.exitOverride.test.js,Magic Number,"{'line': 444, 'column': 39, 'index': 11807}","test('when no override and error then exit(1)', () => {
  const exitSpy = jest.spyOn(process, 'exit').mockImplementation(() => {});
  const program = new commander.Command();
  program.configureOutput({ outputError: () => {} });
  program.parse(['--unknownOption'], { from: 'user' });
  expect(exitSpy).toHaveBeenCalledWith(1);
  exitSpy.mockRestore();
})",439,446,steel
/tests/command.exitOverride.test.js,Unknown Test,"{'column': 2, 'line': 77}","test('when supply custom handler then throw custom error', () => {
    const customError = new commander.CommanderError(
      123,
      'custom-code',
      'custom-message',
    );
    const program = new commander.Command();
    program.exitOverride((_err) => {
      throw customError;
    });

    let caughtErr;
    try {
      program.parse(['node', 'test', '-m']);
    } catch (err) {
      caughtErr = err;
    }

    expectCommanderError(
      caughtErr,
      customError.exitCode,
      customError.code,
      customError.message,
    );
  })",77,101,steel
/tests/command.exitOverride.test.js,Unknown Test,"{'column': 2, 'line': 214}","test('when specify --help then throw CommanderError', () => {
    const writeSpy = jest
      .spyOn(process.stdout, 'write')
      .mockImplementation(() => {});
    const program = new commander.Command();
    program.exitOverride();

    let caughtErr;
    try {
      program.parse(['node', 'test', '--help']);
    } catch (err) {
      caughtErr = err;
    }

    expectCommanderError(
      caughtErr,
      0,
      'commander.helpDisplayed',
      '(outputHelp)',
    );
    writeSpy.mockRestore();
  })",214,235,steel
/tests/command.exitOverride.test.js,Unknown Test,"{'column': 2, 'line': 237}","test('when executable subcommand and no command specified then throw CommanderError', () => {
    const program = new commander.Command();
    program.exitOverride().command('compress', 'compress description');

    let caughtErr;
    try {
      program.parse(['node', 'test']);
    } catch (err) {
      caughtErr = err;
    }

    expectCommanderError(caughtErr, 1, 'commander.help', '(outputHelp)');
  })",237,249,steel
/tests/command.exitOverride.test.js,Unknown Test,"{'column': 2, 'line': 251}","test('when specify --version then throw CommanderError', () => {
    const stdoutSpy = jest
      .spyOn(process.stdout, 'write')
      .mockImplementation(() => {});
    const myVersion = '1.2.3';
    const program = new commander.Command();
    program.exitOverride().version(myVersion);

    let caughtErr;
    try {
      program.parse(['node', 'test', '--version']);
    } catch (err) {
      caughtErr = err;
    }

    expectCommanderError(caughtErr, 0, 'commander.version', myVersion);
    stdoutSpy.mockRestore();
  })",251,268,steel
/tests/command.exitOverride.test.js,Unknown Test,"{'column': 2, 'line': 270}","test('when executableSubcommand succeeds then call exitOverride', async () => {
    expect.hasAssertions();
    const pm = path.join(__dirname, 'fixtures/pm');
    const program = new commander.Command();
    await new Promise((resolve) => {
      program
        .exitOverride((err) => {
          expectCommanderError(
            err,
            0,
            'commander.executeSubCommandAsync',
            '(close)',
          );
          resolve();
        })
        .command('silent', 'description');
      program.parse(['node', pm, 'silent']);
    });
  })",270,288,steel
/tests/command.exitOverride.test.js,Unknown Test,"{'column': 2, 'line': 290}","test('when mandatory program option missing then throw CommanderError', () => {
    const optionFlags = '-p, --pepper <type>';
    const program = new commander.Command();
    program.exitOverride().requiredOption(optionFlags, 'add pepper');

    let caughtErr;
    try {
      program.parse(['node', 'test']);
    } catch (err) {
      caughtErr = err;
    }

    expectCommanderError(
      caughtErr,
      1,
      'commander.missingMandatoryOptionValue',
      `error: required option '${optionFlags}' not specified`,
    );
  })",290,308,steel
/tests/command.exitOverride.test.js,Unknown Test,"{'column': 2, 'line': 310}","test('when option argument not in choices then throw CommanderError', () => {
    const optionFlags = '--colour <shade>';
    const program = new commander.Command();
    program
      .exitOverride()
      .addOption(new commander.Option(optionFlags).choices(['red', 'blue']));

    let caughtErr;
    try {
      program.parse(['--colour', 'green'], { from: 'user' });
    } catch (err) {
      caughtErr = err;
    }

    expectCommanderError(
      caughtErr,
      1,
      'commander.invalidArgument',
      ""error: option '--colour <shade>' argument 'green' is invalid. Allowed choices are red, blue."",
    );
  })",310,330,steel
/tests/command.exitOverride.test.js,Unknown Test,"{'column': 2, 'line': 332}","test('when command argument not in choices then throw CommanderError', () => {
    const program = new commander.Command();
    program
      .exitOverride()
      .addArgument(new commander.Argument('<shade>').choices(['red', 'blue']))
      .action(() => {});

    let caughtErr;
    try {
      program.parse(['green'], { from: 'user' });
    } catch (err) {
      caughtErr = err;
    }

    expectCommanderError(
      caughtErr,
      1,
      'commander.invalidArgument',
      ""error: command-argument value 'green' is invalid for argument 'shade'. Allowed choices are red, blue."",
    );
  })",332,352,steel
/tests/command.exitOverride.test.js,Unknown Test,"{'column': 2, 'line': 354}","test('when custom processing for option throws InvalidArgumentError then catch CommanderError', () => {
    function justSayNo(value) {
      throw new commander.InvalidArgumentError('NO');
    }
    const optionFlags = '--colour <shade>';
    const program = new commander.Command();
    program.exitOverride().option(optionFlags, 'specify shade', justSayNo);

    let caughtErr;
    try {
      program.parse(['--colour', 'green'], { from: 'user' });
    } catch (err) {
      caughtErr = err;
    }

    expectCommanderError(
      caughtErr,
      1,
      'commander.invalidArgument',
      ""error: option '--colour <shade>' argument 'green' is invalid. NO"",
    );
  })",354,375,steel
/tests/command.exitOverride.test.js,Unknown Test,"{'column': 2, 'line': 377}","test('when custom processing for argument throws InvalidArgumentError then catch CommanderError', () => {
    function justSayNo(value) {
      throw new commander.InvalidArgumentError('NO');
    }
    const program = new commander.Command();
    program
      .exitOverride()
      .argument('[n]', 'number', justSayNo)
      .action(() => {});

    let caughtErr;
    try {
      program.parse(['green'], { from: 'user' });
    } catch (err) {
      caughtErr = err;
    }

    expectCommanderError(
      caughtErr,
      1,
      'commander.invalidArgument',
      ""error: command-argument value 'green' is invalid for argument 'n'. NO"",
    );
  })",377,400,steel
/tests/command.exitOverride.test.js,Unknown Test,"{'column': 2, 'line': 402}","test('when has conflicting option then throw CommanderError', () => {
    const program = new commander.Command();
    program
      .exitOverride()
      .addOption(new commander.Option('--silent'))
      .addOption(new commander.Option('--debug').conflicts(['silent']));

    let caughtErr;
    try {
      program.parse(['--debug', '--silent'], { from: 'user' });
    } catch (err) {
      caughtErr = err;
    }

    expectCommanderError(
      caughtErr,
      1,
      'commander.conflictingOption',
      ""error: option '--debug' cannot be used with option '--silent'"",
    );
  })",402,422,steel
/tests/command.exitOverride.test.js,Unknown Test,"{'column': 2, 'line': 424}","test('when call error() then throw CommanderError', () => {
    const program = new commander.Command();
    program.exitOverride();

    let caughtErr;
    try {
      program.error('message');
    } catch (err) {
      caughtErr = err;
    }

    expectCommanderError(caughtErr, 1, 'commander.error', 'message');
  })",424,436,steel
/tests/command.executableSubcommand.signals.test.js,Conditional Test Logic,"{'line': 21, 'column': 8, 'index': 831}",Unknown,,,steel
/tests/command.executableSubcommand.signals.test.js,Magic Number,"{'line': 37, 'column': 35, 'index': 1408}","test('when executable subcommand sent signal then program exit code is non-zero', () => {
    const { status } = childProcess.spawnSync(pmPath, ['terminate'], {});
    expect(status).toBeGreaterThan(0);
  })",35,38,steel
/tests/command.executableSubcommand.signals.test.js,Magic Number,"{'line': 46, 'column': 35, 'index': 1683}","test('when command has exitOverride and executable subcommand sent signal then exit code is non-zero', () => {
    const { status } = childProcess.spawnSync(
      pmPath,
      ['exit-override', 'terminate'],
      {},
    );
    expect(status).toBeGreaterThan(0);
  })",40,47,steel
/tests/command.executableSubcommand.signals.test.js,Magic Number,"{'line': 56, 'column': 27, 'index': 2024}","test('when command has exitOverride and executable subcommand fails then program exit code is subcommand exit code', () => {
    const { status } = childProcess.spawnSync(
      pmPath,
      ['exit-override', 'fail'],
      {},
    );
    expect(status).toEqual(42);
  })",50,57,steel
/tests/command.copySettings.test.js,Duplicate Assert,"{'line': 92, 'column': 4, 'index': 3452}","test('when copyInheritedSettings then copies exitOverride()', () => {
    const source = new commander.Command();
    const cmd = new commander.Command();

    expect(cmd._exitCallback).toBeFalsy();
    source.exitOverride();
    cmd.copyInheritedSettings(source);
    expect(cmd._exitCallback).toBeTruthy(); // actually a function
  })",88,96,steel
/tests/command.copySettings.test.js,Duplicate Assert,"{'line': 95, 'column': 4, 'index': 3561}","test('when copyInheritedSettings then copies exitOverride()', () => {
    const source = new commander.Command();
    const cmd = new commander.Command();

    expect(cmd._exitCallback).toBeFalsy();
    source.exitOverride();
    cmd.copyInheritedSettings(source);
    expect(cmd._exitCallback).toBeTruthy(); // actually a function
  })",88,96,steel
/tests/command.copySettings.test.js,Duplicate Assert,"{'line': 102, 'column': 4, 'index': 3805}","test('when copyInheritedSettings then copies storeOptionsAsProperties()', () => {
    const source = new commander.Command();
    const cmd = new commander.Command();

    expect(cmd._storeOptionsAsProperties).toBeFalsy();
    source.storeOptionsAsProperties();
    cmd.copyInheritedSettings(source);
    expect(cmd._storeOptionsAsProperties).toBeTruthy();
  })",98,106,steel
/tests/command.copySettings.test.js,Duplicate Assert,"{'line': 105, 'column': 4, 'index': 3938}","test('when copyInheritedSettings then copies storeOptionsAsProperties()', () => {
    const source = new commander.Command();
    const cmd = new commander.Command();

    expect(cmd._storeOptionsAsProperties).toBeFalsy();
    source.storeOptionsAsProperties();
    cmd.copyInheritedSettings(source);
    expect(cmd._storeOptionsAsProperties).toBeTruthy();
  })",98,106,steel
/tests/command.copySettings.test.js,Duplicate Assert,"{'line': 112, 'column': 4, 'index': 4174}","test('when copyInheritedSettings then copies combineFlagAndOptionalValue()', () => {
    const source = new commander.Command();
    const cmd = new commander.Command();

    expect(cmd._combineFlagAndOptionalValue).toBeTruthy();
    source.combineFlagAndOptionalValue(false);
    cmd.copyInheritedSettings(source);
    expect(cmd._combineFlagAndOptionalValue).toBeFalsy();
  })",108,116,steel
/tests/command.copySettings.test.js,Duplicate Assert,"{'line': 115, 'column': 4, 'index': 4319}","test('when copyInheritedSettings then copies combineFlagAndOptionalValue()', () => {
    const source = new commander.Command();
    const cmd = new commander.Command();

    expect(cmd._combineFlagAndOptionalValue).toBeTruthy();
    source.combineFlagAndOptionalValue(false);
    cmd.copyInheritedSettings(source);
    expect(cmd._combineFlagAndOptionalValue).toBeFalsy();
  })",108,116,steel
/tests/command.copySettings.test.js,Duplicate Assert,"{'line': 122, 'column': 4, 'index': 4550}","test('when copyInheritedSettings then copies allowExcessArguments()', () => {
    const source = new commander.Command();
    const cmd = new commander.Command();

    expect(cmd._allowExcessArguments).toBeFalsy();
    source.allowExcessArguments();
    cmd.copyInheritedSettings(source);
    expect(cmd._allowExcessArguments).toBeTruthy();
  })",118,126,steel
/tests/command.copySettings.test.js,Duplicate Assert,"{'line': 125, 'column': 4, 'index': 4675}","test('when copyInheritedSettings then copies allowExcessArguments()', () => {
    const source = new commander.Command();
    const cmd = new commander.Command();

    expect(cmd._allowExcessArguments).toBeFalsy();
    source.allowExcessArguments();
    cmd.copyInheritedSettings(source);
    expect(cmd._allowExcessArguments).toBeTruthy();
  })",118,126,steel
/tests/command.copySettings.test.js,Duplicate Assert,"{'line': 132, 'column': 4, 'index': 4903}","test('when copyInheritedSettings then copies enablePositionalOptions()', () => {
    const source = new commander.Command();
    const cmd = new commander.Command();

    expect(cmd._enablePositionalOptions).toBeFalsy();
    source.enablePositionalOptions();
    cmd.copyInheritedSettings(source);
    expect(cmd._enablePositionalOptions).toBeTruthy();
  })",128,136,steel
/tests/command.copySettings.test.js,Duplicate Assert,"{'line': 135, 'column': 4, 'index': 5034}","test('when copyInheritedSettings then copies enablePositionalOptions()', () => {
    const source = new commander.Command();
    const cmd = new commander.Command();

    expect(cmd._enablePositionalOptions).toBeFalsy();
    source.enablePositionalOptions();
    cmd.copyInheritedSettings(source);
    expect(cmd._enablePositionalOptions).toBeTruthy();
  })",128,136,steel
/tests/command.copySettings.test.js,Duplicate Assert,"{'line': 142, 'column': 4, 'index': 5260}","test('when copyInheritedSettings then copies showHelpAfterError()', () => {
    const source = new commander.Command();
    const cmd = new commander.Command();

    expect(cmd._showHelpAfterError).toBeFalsy();
    source.showHelpAfterError();
    cmd.copyInheritedSettings(source);
    expect(cmd._showHelpAfterError).toBeTruthy();
  })",138,146,steel
/tests/command.copySettings.test.js,Duplicate Assert,"{'line': 145, 'column': 4, 'index': 5381}","test('when copyInheritedSettings then copies showHelpAfterError()', () => {
    const source = new commander.Command();
    const cmd = new commander.Command();

    expect(cmd._showHelpAfterError).toBeFalsy();
    source.showHelpAfterError();
    cmd.copyInheritedSettings(source);
    expect(cmd._showHelpAfterError).toBeTruthy();
  })",138,146,steel
/tests/command.configureOutput.test.js,Conditional Test Logic,"{'line': 361, 'column': 6, 'index': 10401}",Unknown,,,steel
/tests/command.configureOutput.test.js,Duplicate Assert,"{'line': 337, 'column': 2, 'index': 9501}","test('when configureOutput after copyInheritedSettings then original unchanged', () => {
  const program = new commander.Command();
  program.configureOutput({ getOutHelpWidth: () => 80 });
  const copy = program.createCommand('copy');
  copy.copyInheritedSettings(program);
  expect(copy.configureOutput().getOutHelpWidth()).toBe(80);
  copy.configureOutput({ getOutHelpWidth: () => 40 });
  expect(copy.configureOutput().getOutHelpWidth()).toBe(40);
  expect(program.configureOutput().getOutHelpWidth()).toBe(80);
})",332,341,steel
/tests/command.configureOutput.test.js,Duplicate Assert,"{'line': 339, 'column': 2, 'index': 9617}","test('when configureOutput after copyInheritedSettings then original unchanged', () => {
  const program = new commander.Command();
  program.configureOutput({ getOutHelpWidth: () => 80 });
  const copy = program.createCommand('copy');
  copy.copyInheritedSettings(program);
  expect(copy.configureOutput().getOutHelpWidth()).toBe(80);
  copy.configureOutput({ getOutHelpWidth: () => 40 });
  expect(copy.configureOutput().getOutHelpWidth()).toBe(40);
  expect(program.configureOutput().getOutHelpWidth()).toBe(80);
})",332,341,steel
/tests/command.configureOutput.test.js,Exception Handling,"{'line': 11, 'column': 2, 'index': 304}","test('when default writeErr() then error on stderr', () => {
  const writeSpy = jest
    .spyOn(process.stderr, 'write')
    .mockImplementation(() => {});
  const program = new commander.Command();
  program.exitOverride();

  try {
    program.parse(['--unknown'], { from: 'user' });
  } catch (err) {
    /* empty */
  }

  expect(writeSpy).toHaveBeenCalledTimes(1);
  writeSpy.mockRestore();
})",4,19,steel
/tests/command.configureOutput.test.js,Exception Handling,"{'line': 29, 'column': 2, 'index': 787}","test('when custom writeErr() then error on custom output', () => {
  const writeSpy = jest
    .spyOn(process.stderr, 'write')
    .mockImplementation(() => {});
  const customWrite = jest.fn();
  const program = new commander.Command();
  program.exitOverride().configureOutput({ writeErr: customWrite });

  try {
    program.parse(['--unknown'], { from: 'user' });
  } catch (err) {
    /* empty */
  }

  expect(writeSpy).toHaveBeenCalledTimes(0);
  expect(customWrite).toHaveBeenCalledTimes(1);
  writeSpy.mockRestore();
})",21,38,steel
/tests/command.configureOutput.test.js,Magic Number,"{'line': 264, 'column': 25, 'index': 7203}","test('when no custom setup and call formatHelp direct then effective helpWidth is fallback 80', () => {
  // Not an important case, but filling out testing coverage.
  const helper = new commander.Help();
  let wrapWidth;
  helper.boxWrap = (str, width) => {
    wrapWidth = wrapWidth ?? width;
    return '';
  };
  const program = new commander.Command()
    .description('description')
    .helpOption(false);
  helper.formatHelp(program, helper);
  expect(wrapWidth).toBe(80);
})",252,265,steel
/tests/command.configureOutput.test.js,Magic Number,"{'line': 337, 'column': 56, 'index': 9555}","test('when configureOutput after copyInheritedSettings then original unchanged', () => {
  const program = new commander.Command();
  program.configureOutput({ getOutHelpWidth: () => 80 });
  const copy = program.createCommand('copy');
  copy.copyInheritedSettings(program);
  expect(copy.configureOutput().getOutHelpWidth()).toBe(80);
  copy.configureOutput({ getOutHelpWidth: () => 40 });
  expect(copy.configureOutput().getOutHelpWidth()).toBe(40);
  expect(program.configureOutput().getOutHelpWidth()).toBe(80);
})",332,341,steel
/tests/command.configureOutput.test.js,Magic Number,"{'line': 339, 'column': 56, 'index': 9671}","test('when configureOutput after copyInheritedSettings then original unchanged', () => {
  const program = new commander.Command();
  program.configureOutput({ getOutHelpWidth: () => 80 });
  const copy = program.createCommand('copy');
  copy.copyInheritedSettings(program);
  expect(copy.configureOutput().getOutHelpWidth()).toBe(80);
  copy.configureOutput({ getOutHelpWidth: () => 40 });
  expect(copy.configureOutput().getOutHelpWidth()).toBe(40);
  expect(program.configureOutput().getOutHelpWidth()).toBe(80);
})",332,341,steel
/tests/command.configureOutput.test.js,Magic Number,"{'line': 340, 'column': 59, 'index': 9735}","test('when configureOutput after copyInheritedSettings then original unchanged', () => {
  const program = new commander.Command();
  program.configureOutput({ getOutHelpWidth: () => 80 });
  const copy = program.createCommand('copy');
  copy.copyInheritedSettings(program);
  expect(copy.configureOutput().getOutHelpWidth()).toBe(80);
  copy.configureOutput({ getOutHelpWidth: () => 40 });
  expect(copy.configureOutput().getOutHelpWidth()).toBe(40);
  expect(program.configureOutput().getOutHelpWidth()).toBe(80);
})",332,341,steel
/tests/command.asterisk.test.js,Exception Handling,"{'line': 24, 'column': 4, 'index': 993}","test('when no arguments then asterisk action not called', () => {
    const writeMock = jest
      .spyOn(process.stderr, 'write')
      .mockImplementation(() => {});
    const mockAction = jest.fn();
    const program = new commander.Command();
    program
      .exitOverride() // to catch help
      .command('*')
      .action(mockAction);
    try {
      program.parse(['node', 'test']);
    } catch (err) {
      /* empty */
    }
    expect(mockAction).not.toHaveBeenCalled();
    writeMock.mockRestore();
  })",14,31,steel
/tests/command.asterisk.test.js,Exception Handling,"{'line': 86, 'column': 4, 'index': 3339}","test('when non-command argument and unknown option then error for unknown option', () => {
    // This is a change in behaviour from v2 which did not error, but is consistent with modern better detection of invalid options
    const mockAction = jest.fn();
    const program = new commander.Command();
    program
      .exitOverride()
      .configureOutput({
        writeErr: () => {},
      })
      .command('install');
    program.command('*').argument('[args...]').action(mockAction);
    let caughtErr;
    try {
      program.parse(['node', 'test', 'some-argument', '--unknown']);
    } catch (err) {
      caughtErr = err;
    }
    expect(caughtErr.code).toEqual('commander.unknownOption');
  })",74,92,steel
/tests/command.allowExcessArguments.test.js,Conditional Test Logic,"{'line': 12, 'column': 6, 'index': 332}",Unknown,,,steel
/tests/command.addHelpText.test.js,Duplicate Assert,"{'line': 24, 'column': 4, 'index': 548}","test('when ""before"" string then string before built-in help', () => {
    const program = new commander.Command();
    program.addHelpText('before', 'text');
    program.outputHelp();
    expect(writeSpy).toHaveBeenNthCalledWith(1, 'text\n');
    expect(writeSpy).toHaveBeenNthCalledWith(2, program.helpInformation());
  })",20,26,steel
/tests/command.addHelpText.test.js,Duplicate Assert,"{'line': 25, 'column': 4, 'index': 607}","test('when ""before"" string then string before built-in help', () => {
    const program = new commander.Command();
    program.addHelpText('before', 'text');
    program.outputHelp();
    expect(writeSpy).toHaveBeenNthCalledWith(1, 'text\n');
    expect(writeSpy).toHaveBeenNthCalledWith(2, program.helpInformation());
  })",20,26,steel
/tests/command.addHelpText.test.js,Duplicate Assert,"{'line': 32, 'column': 4, 'index': 893}","test('when ""before"" function then function result before built-in help', () => {
    const program = new commander.Command();
    program.addHelpText('before', () => 'text');
    program.outputHelp();
    expect(writeSpy).toHaveBeenNthCalledWith(1, 'text\n');
    expect(writeSpy).toHaveBeenNthCalledWith(2, program.helpInformation());
  })",28,34,steel
/tests/command.addHelpText.test.js,Duplicate Assert,"{'line': 33, 'column': 4, 'index': 952}","test('when ""before"" function then function result before built-in help', () => {
    const program = new commander.Command();
    program.addHelpText('before', () => 'text');
    program.outputHelp();
    expect(writeSpy).toHaveBeenNthCalledWith(1, 'text\n');
    expect(writeSpy).toHaveBeenNthCalledWith(2, program.helpInformation());
  })",28,34,steel
/tests/command.addHelpText.test.js,Duplicate Assert,"{'line': 47, 'column': 4, 'index': 1498}","test('when ""beforeAll"" string then string before built-in help', () => {
    const program = new commander.Command();
    program.addHelpText('beforeAll', 'text');
    program.outputHelp();
    expect(writeSpy).toHaveBeenNthCalledWith(1, 'text\n');
    expect(writeSpy).toHaveBeenNthCalledWith(2, program.helpInformation());
  })",43,49,steel
/tests/command.addHelpText.test.js,Duplicate Assert,"{'line': 48, 'column': 4, 'index': 1557}","test('when ""beforeAll"" string then string before built-in help', () => {
    const program = new commander.Command();
    program.addHelpText('beforeAll', 'text');
    program.outputHelp();
    expect(writeSpy).toHaveBeenNthCalledWith(1, 'text\n');
    expect(writeSpy).toHaveBeenNthCalledWith(2, program.helpInformation());
  })",43,49,steel
/tests/command.addHelpText.test.js,Duplicate Assert,"{'line': 55, 'column': 4, 'index': 1823}","test('when ""after"" string then string after built-in help', () => {
    const program = new commander.Command();
    program.addHelpText('after', 'text');
    program.outputHelp();
    expect(writeSpy).toHaveBeenNthCalledWith(1, program.helpInformation());
    expect(writeSpy).toHaveBeenNthCalledWith(2, 'text\n');
  })",51,57,steel
/tests/command.addHelpText.test.js,Duplicate Assert,"{'line': 56, 'column': 4, 'index': 1899}","test('when ""after"" string then string after built-in help', () => {
    const program = new commander.Command();
    program.addHelpText('after', 'text');
    program.outputHelp();
    expect(writeSpy).toHaveBeenNthCalledWith(1, program.helpInformation());
    expect(writeSpy).toHaveBeenNthCalledWith(2, 'text\n');
  })",51,57,steel
/tests/command.addHelpText.test.js,Duplicate Assert,"{'line': 63, 'column': 4, 'index': 2154}","test('when ""afterAll"" string then string after built-in help', () => {
    const program = new commander.Command();
    program.addHelpText('afterAll', 'text');
    program.outputHelp();
    expect(writeSpy).toHaveBeenNthCalledWith(1, program.helpInformation());
    expect(writeSpy).toHaveBeenNthCalledWith(2, 'text\n');
  })",59,65,steel
/tests/command.addHelpText.test.js,Duplicate Assert,"{'line': 64, 'column': 4, 'index': 2230}","test('when ""afterAll"" string then string after built-in help', () => {
    const program = new commander.Command();
    program.addHelpText('afterAll', 'text');
    program.outputHelp();
    expect(writeSpy).toHaveBeenNthCalledWith(1, program.helpInformation());
    expect(writeSpy).toHaveBeenNthCalledWith(2, 'text\n');
  })",59,65,steel
/tests/command.addHelpText.test.js,Duplicate Assert,"{'line': 74, 'column': 4, 'index': 2625}","test('when all the simple positions then strings in order', () => {
    const program = new commander.Command();
    program.addHelpText('before', 'before');
    program.addHelpText('after', 'after');
    program.addHelpText('beforeAll', 'beforeAll');
    program.addHelpText('afterAll', 'afterAll');
    program.outputHelp();
    expect(writeSpy).toHaveBeenNthCalledWith(1, 'beforeAll\n');
    expect(writeSpy).toHaveBeenNthCalledWith(2, 'before\n');
    expect(writeSpy).toHaveBeenNthCalledWith(3, program.helpInformation());
    expect(writeSpy).toHaveBeenNthCalledWith(4, 'after\n');
    expect(writeSpy).toHaveBeenNthCalledWith(5, 'afterAll\n');
  })",67,79,steel
/tests/command.addHelpText.test.js,Duplicate Assert,"{'line': 75, 'column': 4, 'index': 2689}","test('when all the simple positions then strings in order', () => {
    const program = new commander.Command();
    program.addHelpText('before', 'before');
    program.addHelpText('after', 'after');
    program.addHelpText('beforeAll', 'beforeAll');
    program.addHelpText('afterAll', 'afterAll');
    program.outputHelp();
    expect(writeSpy).toHaveBeenNthCalledWith(1, 'beforeAll\n');
    expect(writeSpy).toHaveBeenNthCalledWith(2, 'before\n');
    expect(writeSpy).toHaveBeenNthCalledWith(3, program.helpInformation());
    expect(writeSpy).toHaveBeenNthCalledWith(4, 'after\n');
    expect(writeSpy).toHaveBeenNthCalledWith(5, 'afterAll\n');
  })",67,79,steel
/tests/command.addHelpText.test.js,Duplicate Assert,"{'line': 76, 'column': 4, 'index': 2750}","test('when all the simple positions then strings in order', () => {
    const program = new commander.Command();
    program.addHelpText('before', 'before');
    program.addHelpText('after', 'after');
    program.addHelpText('beforeAll', 'beforeAll');
    program.addHelpText('afterAll', 'afterAll');
    program.outputHelp();
    expect(writeSpy).toHaveBeenNthCalledWith(1, 'beforeAll\n');
    expect(writeSpy).toHaveBeenNthCalledWith(2, 'before\n');
    expect(writeSpy).toHaveBeenNthCalledWith(3, program.helpInformation());
    expect(writeSpy).toHaveBeenNthCalledWith(4, 'after\n');
    expect(writeSpy).toHaveBeenNthCalledWith(5, 'afterAll\n');
  })",67,79,steel
/tests/command.addHelpText.test.js,Duplicate Assert,"{'line': 77, 'column': 4, 'index': 2826}","test('when all the simple positions then strings in order', () => {
    const program = new commander.Command();
    program.addHelpText('before', 'before');
    program.addHelpText('after', 'after');
    program.addHelpText('beforeAll', 'beforeAll');
    program.addHelpText('afterAll', 'afterAll');
    program.outputHelp();
    expect(writeSpy).toHaveBeenNthCalledWith(1, 'beforeAll\n');
    expect(writeSpy).toHaveBeenNthCalledWith(2, 'before\n');
    expect(writeSpy).toHaveBeenNthCalledWith(3, program.helpInformation());
    expect(writeSpy).toHaveBeenNthCalledWith(4, 'after\n');
    expect(writeSpy).toHaveBeenNthCalledWith(5, 'afterAll\n');
  })",67,79,steel
/tests/command.addHelpText.test.js,Duplicate Assert,"{'line': 78, 'column': 4, 'index': 2886}","test('when all the simple positions then strings in order', () => {
    const program = new commander.Command();
    program.addHelpText('before', 'before');
    program.addHelpText('after', 'after');
    program.addHelpText('beforeAll', 'beforeAll');
    program.addHelpText('afterAll', 'afterAll');
    program.outputHelp();
    expect(writeSpy).toHaveBeenNthCalledWith(1, 'beforeAll\n');
    expect(writeSpy).toHaveBeenNthCalledWith(2, 'before\n');
    expect(writeSpy).toHaveBeenNthCalledWith(3, program.helpInformation());
    expect(writeSpy).toHaveBeenNthCalledWith(4, 'after\n');
    expect(writeSpy).toHaveBeenNthCalledWith(5, 'afterAll\n');
  })",67,79,steel
