file,type,line,frame
/home/gabriel/Disk/Research/research-javascript-test-smells/repositories/inferno/packages/inferno-redux/__tests__/components/connect.spec.js,Conditional Test Logic,"{'line': 17, 'column': 4, 'index': 630}","  15 |     _render(vNode, container, cb);
  16 |
> 17 |     if (vNode && vNode.flags & VNodeFlags.Component) {
     |    ^ Conditional Test Logic
  18 |       return vNode.children;
  19 |     }
  20 |   }"
/home/gabriel/Disk/Research/research-javascript-test-smells/repositories/inferno/packages/inferno-redux/__tests__/components/connect.spec.js,Conditional Test Logic,"{'line': 69, 'column': 10, 'index': 1690}","  67 |         let live = true;
  68 |         const call = (...args) => {
> 69 |           if (live) {
     |          ^ Conditional Test Logic
  70 |             listener(...args);
  71 |           }
  72 |         };"
/home/gabriel/Disk/Research/research-javascript-test-smells/repositories/inferno/packages/inferno-redux/__tests__/components/connect.spec.js,Conditional Test Logic,"{'line': 82, 'column': 8, 'index': 2015}","  80 |       dispatch(action) {
  81 |         this.state = this.reducer(this.state, action);
> 82 |         for (const l of this.listeners) {
     |        ^ Conditional Test Logic
  83 |           l();
  84 |         }
  85 |         return action;"
/home/gabriel/Disk/Research/research-javascript-test-smells/repositories/inferno/packages/inferno-redux/__tests__/components/connect.spec.js,Conditional Test Logic,"{'line': 298, 'column': 10, 'index': 7927}","  296 |           const newBar = {};
  297 |
> 298 |           for (const key in this.state.bar) {
      |          ^ Conditional Test Logic
  299 |             newBar[key] = this.state.bar[key];
  300 |           }
  301 |           newBar.baz = 'through';"
/home/gabriel/Disk/Research/research-javascript-test-smells/repositories/inferno/packages/inferno-redux/__tests__/components/connect.spec.js,Conditional Test Logic,"{'line': 1089, 'column': 12, 'index': 27699}","  1087 |
  1088 |           componentWillReceiveProps(nextProps) {
> 1089 |             if (nextProps.state === 'A') {
       |            ^ Conditional Test Logic
  1090 |               store.dispatch({ type: 'APPEND', payload: 'B' });
  1091 |             }
  1092 |           }"
/home/gabriel/Disk/Research/research-javascript-test-smells/repositories/inferno/packages/inferno-redux/__tests__/components/connect.spec.js,Conditional Test Logic,"{'line': 1172, 'column': 10, 'index': 29639}","  1170 |
  1171 |         getChildComponent(location) {
> 1172 |           switch (location) {
       |          ^ Conditional Test Logic
  1173 |             case 'a':
  1174 |               return <A />;
  1175 |             case 'b':"
/home/gabriel/Disk/Research/research-javascript-test-smells/repositories/inferno/packages/inferno-redux/__tests__/components/connect.spec.js,Conditional Test Logic,"{'line': 1544, 'column': 8, 'index': 41607}","  1542 |         );
  1543 |
> 1544 |         for (const key of fns) {
       |        ^ Conditional Test Logic
  1545 |           if (key !== 'render' && key !== 'constructor') {
  1546 |             TargetClass.prototype[key] = SourceClass.prototype[key];
  1547 |           }"
/home/gabriel/Disk/Research/research-javascript-test-smells/repositories/inferno/packages/inferno-redux/__tests__/components/connect.spec.js,Conditional Test Logic,"{'line': 1545, 'column': 10, 'index': 41642}","  1543 |
  1544 |         for (const key of fns) {
> 1545 |           if (key !== 'render' && key !== 'constructor') {
       |          ^ Conditional Test Logic
  1546 |             TargetClass.prototype[key] = SourceClass.prototype[key];
  1547 |           }
  1548 |         }"
/home/gabriel/Disk/Research/research-javascript-test-smells/repositories/inferno/packages/inferno-redux/__tests__/components/connect.spec.js,Conditional Test Logic,"{'line': 1985, 'column': 8, 'index': 54235}","  1983 |       const Container = connect((state) => {
  1984 |         mapStateCalls++;
> 1985 |         if (state === 'a') {
       |        ^ Conditional Test Logic
  1986 |           throw new Error('Oops');
  1987 |         } else {
  1988 |           return {};"
/home/gabriel/Disk/Research/research-javascript-test-smells/repositories/inferno/packages/inferno-redux/__tests__/components/connect.spec.js,Conditional Test Logic,"{'line': 2022, 'column': 10, 'index': 55189}","  2020 |         let lastResult;
  2021 |         return (state, props) => {
> 2022 |           if (props.name === lastProp && lastVal === state.value) {
       |          ^ Conditional Test Logic
  2023 |             memoizedReturnCount++;
  2024 |             return lastResult;
  2025 |           }"
/home/gabriel/Disk/Research/research-javascript-test-smells/repositories/inferno/packages/inferno-redux/__tests__/components/connect.spec.js,Conditional Test Logic,"{'line': 2111, 'column': 10, 'index': 57663}","  2109 |         let lastResult;
  2110 |         return (dispatch, props) => {
> 2111 |           if (props.name === lastProp) {
       |          ^ Conditional Test Logic
  2112 |             memoizedReturnCount++;
  2113 |             return lastResult;
  2114 |           }"
/home/gabriel/Disk/Research/research-javascript-test-smells/repositories/inferno/packages/inferno-redux/__tests__/components/connect.spec.js,Conditional Test Logic,"{'line': 2258, 'column': 8, 'index': 61184}","  2256 |     it('should allow to clean up child state in parent componentWillUnmount', () => {
  2257 |       const reducer = (state = { data: null }, action) => {
> 2258 |         switch (action.type) {
       |        ^ Conditional Test Logic
  2259 |           case 'fetch':
  2260 |             return { data: { profile: { name: 'April' } } };
  2261 |           case 'clean':"
/home/gabriel/Disk/Research/research-javascript-test-smells/repositories/inferno/packages/inferno-redux/__tests__/components/connect.spec.js,Conditional Test Logic,"{'line': 2358, 'column': 6, 'index': 63819}","  2356 |       expect(error).toContain('string');
  2357 |       expect(error).toContain('mapStateToProps');
> 2358 |       if (supportFnName) {
       |      ^ Conditional Test Logic
  2359 |         expect(error).toContain('InvalidMapState');
  2360 |       }
  2361 |     });"
/home/gabriel/Disk/Research/research-javascript-test-smells/repositories/inferno/packages/inferno-redux/__tests__/components/connect.spec.js,Conditional Test Logic,"{'line': 2378, 'column': 6, 'index': 64378}","  2376 |       expect(error).toContain('string');
  2377 |       expect(error).toContain('mapDispatchToProps');
> 2378 |       if (supportFnName) {
       |      ^ Conditional Test Logic
  2379 |         expect(error).toContain('InvalidMapDispatch');
  2380 |       }
  2381 |     });"
/home/gabriel/Disk/Research/research-javascript-test-smells/repositories/inferno/packages/inferno-redux/__tests__/components/connect.spec.js,Duplicate Assert,"{'line': 177, 'column': 6, 'index': 4583}","  175 |
  176 |       const stub = findRenderedVNodeWithType(tree, Passthrough).children;
> 177 |       expect(stub.props.string).toBe('');
      |      ^ Duplicate Assert
  178 |
  179 |       store.dispatch({ type: 'APPEND', payload: 'a' });
  180 |       renderToContainer(vNode);"
/home/gabriel/Disk/Research/research-javascript-test-smells/repositories/inferno/packages/inferno-redux/__tests__/components/connect.spec.js,Duplicate Assert,"{'line': 181, 'column': 6, 'index': 4714}","  179 |       store.dispatch({ type: 'APPEND', payload: 'a' });
  180 |       renderToContainer(vNode);
> 181 |       expect(stub.props.string).toBe('a');
      |      ^ Duplicate Assert
  182 |
  183 |       store.dispatch({ type: 'APPEND', payload: 'b' });
  184 |       renderToContainer(vNode);"
/home/gabriel/Disk/Research/research-javascript-test-smells/repositories/inferno/packages/inferno-redux/__tests__/components/connect.spec.js,Duplicate Assert,"{'line': 185, 'column': 6, 'index': 4846}","  183 |       store.dispatch({ type: 'APPEND', payload: 'b' });
  184 |       renderToContainer(vNode);
> 185 |       expect(stub.props.string).toBe('ab');
      |      ^ Duplicate Assert
  186 |     });
  187 |
  188 |     it('should subscribe pure function components to the store changes', () => {"
/home/gabriel/Disk/Research/research-javascript-test-smells/repositories/inferno/packages/inferno-redux/__tests__/components/connect.spec.js,Duplicate Assert,"{'line': 205, 'column': 6, 'index': 5426}","  203 |
  204 |       const stub = findRenderedVNodeWithType(tree, Passthrough).children;
> 205 |       expect(stub.props.string).toBe('');
      |      ^ Duplicate Assert
  206 |
  207 |       store.dispatch({ type: 'APPEND', payload: 'a' });
  208 |       renderToContainer(vNode);"
/home/gabriel/Disk/Research/research-javascript-test-smells/repositories/inferno/packages/inferno-redux/__tests__/components/connect.spec.js,Duplicate Assert,"{'line': 209, 'column': 6, 'index': 5557}","  207 |       store.dispatch({ type: 'APPEND', payload: 'a' });
  208 |       renderToContainer(vNode);
> 209 |       expect(stub.props.string).toBe('a');
      |      ^ Duplicate Assert
  210 |
  211 |       store.dispatch({ type: 'APPEND', payload: 'b' });
  212 |       renderToContainer(vNode);"
/home/gabriel/Disk/Research/research-javascript-test-smells/repositories/inferno/packages/inferno-redux/__tests__/components/connect.spec.js,Duplicate Assert,"{'line': 213, 'column': 6, 'index': 5689}","  211 |       store.dispatch({ type: 'APPEND', payload: 'b' });
  212 |       renderToContainer(vNode);
> 213 |       expect(stub.props.string).toBe('ab');
      |      ^ Duplicate Assert
  214 |     });
  215 |
  216 |     it(""should retain the store's context"", () => {"
/home/gabriel/Disk/Research/research-javascript-test-smells/repositories/inferno/packages/inferno-redux/__tests__/components/connect.spec.js,Duplicate Assert,"{'line': 237, 'column': 6, 'index': 6336}","  235 |
  236 |       const stub = findRenderedVNodeWithType(tree, Passthrough).children;
> 237 |       expect(stub.props.string).toBe('');
      |      ^ Duplicate Assert
  238 |
  239 |       store.dispatch({ type: 'APPEND', payload: 'a' });
  240 |       renderToContainer(vNode);"
/home/gabriel/Disk/Research/research-javascript-test-smells/repositories/inferno/packages/inferno-redux/__tests__/components/connect.spec.js,Duplicate Assert,"{'line': 241, 'column': 6, 'index': 6467}","  239 |       store.dispatch({ type: 'APPEND', payload: 'a' });
  240 |       renderToContainer(vNode);
> 241 |       expect(stub.props.string).toBe('a');
      |      ^ Duplicate Assert
  242 |     });
  243 |
  244 |     it('should handle dispatches before componentDidMount', (done) => {"
/home/gabriel/Disk/Research/research-javascript-test-smells/repositories/inferno/packages/inferno-redux/__tests__/components/connect.spec.js,Duplicate Assert,"{'line': 561, 'column': 6, 'index': 14601}","  559 |       );
  560 |       const stub = findRenderedVNodeWithType(outerStub, Passthrough).children;
> 561 |       expect(stub.props.stateThing).toBe('');
      |      ^ Duplicate Assert
  562 |       stub.props.mergedDoSomething('a');
  563 |       outerStub.setState({}, () => {
  564 |         expect(stub.props.stateThing).toBe('HELLO az');"
/home/gabriel/Disk/Research/research-javascript-test-smells/repositories/inferno/packages/inferno-redux/__tests__/components/connect.spec.js,Duplicate Assert,"{'line': 564, 'column': 8, 'index': 14727}","  562 |       stub.props.mergedDoSomething('a');
  563 |       outerStub.setState({}, () => {
> 564 |         expect(stub.props.stateThing).toBe('HELLO az');
      |        ^ Duplicate Assert
  565 |
  566 |         stub.props.mergedDoSomething('b');
  567 |         outerStub.setState({}, () => {"
/home/gabriel/Disk/Research/research-javascript-test-smells/repositories/inferno/packages/inferno-redux/__tests__/components/connect.spec.js,Duplicate Assert,"{'line': 568, 'column': 10, 'index': 14868}","  566 |         stub.props.mergedDoSomething('b');
  567 |         outerStub.setState({}, () => {
> 568 |           expect(stub.props.stateThing).toBe('HELLO azbz');
      |          ^ Duplicate Assert
  569 |
  570 |           outerStub.setState({ extra: 'Z' });
  571 |           outerStub.setState({}, () => {"
/home/gabriel/Disk/Research/research-javascript-test-smells/repositories/inferno/packages/inferno-redux/__tests__/components/connect.spec.js,Duplicate Assert,"{'line': 574, 'column': 14, 'index': 15110}","  572 |             stub.props.mergedDoSomething('c');
  573 |             outerStub.setState({}, () => {
> 574 |               expect(stub.props.stateThing).toBe('HELLO azbzcZ');
      |              ^ Duplicate Assert
  575 |
  576 |               done();
  577 |             });"
/home/gabriel/Disk/Research/research-javascript-test-smells/repositories/inferno/packages/inferno-redux/__tests__/components/connect.spec.js,Duplicate Assert,"{'line': 1018, 'column': 6, 'index': 25826}","  1016 |       );
  1017 |
> 1018 |       expect(unsubscribeCalls).toBe(0);
       |      ^ Duplicate Assert
  1019 |       unmountDOM(div);
  1020 |       expect(unsubscribeCalls).toBe(1);
  1021 |     });"
/home/gabriel/Disk/Research/research-javascript-test-smells/repositories/inferno/packages/inferno-redux/__tests__/components/connect.spec.js,Duplicate Assert,"{'line': 1020, 'column': 6, 'index': 25889}","  1018 |       expect(unsubscribeCalls).toBe(0);
  1019 |       unmountDOM(div);
> 1020 |       expect(unsubscribeCalls).toBe(1);
       |      ^ Duplicate Assert
  1021 |     });
  1022 |
  1023 |     it('should not attempt to set state after unmounting', () => {"
/home/gabriel/Disk/Research/research-javascript-test-smells/repositories/inferno/packages/inferno-redux/__tests__/components/connect.spec.js,Duplicate Assert,"{'line': 1049, 'column': 6, 'index': 26608}","  1047 |       );
  1048 |
> 1049 |       expect(mapStateToPropsCalls).toBe(1);
       |      ^ Duplicate Assert
  1050 |       const spy = spyOn(console, 'error');
  1051 |
  1052 |       store.dispatch({ type: 'APPEND', payload: 'a' });"
/home/gabriel/Disk/Research/research-javascript-test-smells/repositories/inferno/packages/inferno-redux/__tests__/components/connect.spec.js,Duplicate Assert,"{'line': 1049, 'column': 6, 'index': 26608}","  1047 |       );
  1048 |
> 1049 |       expect(mapStateToPropsCalls).toBe(1);
       |      ^ Duplicate Assert
  1050 |       const spy = spyOn(console, 'error');
  1051 |
  1052 |       store.dispatch({ type: 'APPEND', payload: 'a' });"
/home/gabriel/Disk/Research/research-javascript-test-smells/repositories/inferno/packages/inferno-redux/__tests__/components/connect.spec.js,Duplicate Assert,"{'line': 1054, 'column': 6, 'index': 26793}","  1052 |       store.dispatch({ type: 'APPEND', payload: 'a' });
  1053 |       expect(spy.calls.count()).toBe(0);
> 1054 |       expect(mapStateToPropsCalls).toBe(1);
       |      ^ Duplicate Assert
  1055 |     });
  1056 |
  1057 |     it('should not attempt to notify unmounted child of state change', () => {"
/home/gabriel/Disk/Research/research-javascript-test-smells/repositories/inferno/packages/inferno-redux/__tests__/components/connect.spec.js,Duplicate Assert,"{'line': 1054, 'column': 6, 'index': 26793}","  1052 |       store.dispatch({ type: 'APPEND', payload: 'a' });
  1053 |       expect(spy.calls.count()).toBe(0);
> 1054 |       expect(mapStateToPropsCalls).toBe(1);
       |      ^ Duplicate Assert
  1055 |     });
  1056 |
  1057 |     it('should not attempt to notify unmounted child of state change', () => {"
/home/gabriel/Disk/Research/research-javascript-test-smells/repositories/inferno/packages/inferno-redux/__tests__/components/connect.spec.js,Duplicate Assert,"{'line': 1208, 'column': 6, 'index': 30487}","  1206 |
  1207 |       const spy = spyOn(console, 'error');
> 1208 |       expect(mapStateToPropsCalls).toBe(1);
       |      ^ Duplicate Assert
  1209 |       linkA.click();
  1210 |       render(vNode, div);
  1211 |       expect(mapStateToPropsCalls).toBe(2);"
/home/gabriel/Disk/Research/research-javascript-test-smells/repositories/inferno/packages/inferno-redux/__tests__/components/connect.spec.js,Duplicate Assert,"{'line': 1211, 'column': 6, 'index': 30578}","  1209 |       linkA.click();
  1210 |       render(vNode, div);
> 1211 |       expect(mapStateToPropsCalls).toBe(2);
       |      ^ Duplicate Assert
  1212 |       linkB.click();
  1213 |       render(vNode, div);
  1214 |"
/home/gabriel/Disk/Research/research-javascript-test-smells/repositories/inferno/packages/inferno-redux/__tests__/components/connect.spec.js,Duplicate Assert,"{'line': 1215, 'column': 6, 'index': 30670}","  1213 |       render(vNode, div);
  1214 |
> 1215 |       expect(mapStateToPropsCalls).toBe(3);
       |      ^ Duplicate Assert
  1216 |       linkB.click();
  1217 |       render(vNode, div);
  1218 |"
/home/gabriel/Disk/Research/research-javascript-test-smells/repositories/inferno/packages/inferno-redux/__tests__/components/connect.spec.js,Duplicate Assert,"{'line': 1215, 'column': 6, 'index': 30670}","  1213 |       render(vNode, div);
  1214 |
> 1215 |       expect(mapStateToPropsCalls).toBe(3);
       |      ^ Duplicate Assert
  1216 |       linkB.click();
  1217 |       render(vNode, div);
  1218 |"
/home/gabriel/Disk/Research/research-javascript-test-smells/repositories/inferno/packages/inferno-redux/__tests__/components/connect.spec.js,Duplicate Assert,"{'line': 1223, 'column': 6, 'index': 30865}","  1221 |       unmountDOM(div);
  1222 |       document.body.removeChild(div);
> 1223 |       expect(mapStateToPropsCalls).toBe(3);
       |      ^ Duplicate Assert
  1224 |     });
  1225 |
  1226 |     it('should not attempt to set state when dispatching in componentWillUnmount', () => {"
/home/gabriel/Disk/Research/research-javascript-test-smells/repositories/inferno/packages/inferno-redux/__tests__/components/connect.spec.js,Duplicate Assert,"{'line': 1223, 'column': 6, 'index': 30865}","  1221 |       unmountDOM(div);
  1222 |       document.body.removeChild(div);
> 1223 |       expect(mapStateToPropsCalls).toBe(3);
       |      ^ Duplicate Assert
  1224 |     });
  1225 |
  1226 |     it('should not attempt to set state when dispatching in componentWillUnmount', () => {"
/home/gabriel/Disk/Research/research-javascript-test-smells/repositories/inferno/packages/inferno-redux/__tests__/components/connect.spec.js,Duplicate Assert,"{'line': 1253, 'column': 6, 'index': 31667}","  1251 |       );
  1252 |
> 1253 |       expect(mapStateToPropsCalls).toBe(1);
       |      ^ Duplicate Assert
  1254 |
  1255 |       const spy = spyOn(console, 'error');
  1256 |"
/home/gabriel/Disk/Research/research-javascript-test-smells/repositories/inferno/packages/inferno-redux/__tests__/components/connect.spec.js,Duplicate Assert,"{'line': 1253, 'column': 6, 'index': 31667}","  1251 |       );
  1252 |
> 1253 |       expect(mapStateToPropsCalls).toBe(1);
       |      ^ Duplicate Assert
  1254 |
  1255 |       const spy = spyOn(console, 'error');
  1256 |"
/home/gabriel/Disk/Research/research-javascript-test-smells/repositories/inferno/packages/inferno-redux/__tests__/components/connect.spec.js,Duplicate Assert,"{'line': 1261, 'column': 6, 'index': 31822}","  1259 |       expect(spy.calls.count()).toBe(0);
  1260 |
> 1261 |       expect(mapStateToPropsCalls).toBe(1);
       |      ^ Duplicate Assert
  1262 |     });
  1263 |
  1264 |     it('should shallowly compare the selected state to prevent unnecessary updates', () => {"
/home/gabriel/Disk/Research/research-javascript-test-smells/repositories/inferno/packages/inferno-redux/__tests__/components/connect.spec.js,Duplicate Assert,"{'line': 1261, 'column': 6, 'index': 31822}","  1259 |       expect(spy.calls.count()).toBe(0);
  1260 |
> 1261 |       expect(mapStateToPropsCalls).toBe(1);
       |      ^ Duplicate Assert
  1262 |     });
  1263 |
  1264 |     it('should shallowly compare the selected state to prevent unnecessary updates', () => {"
/home/gabriel/Disk/Research/research-javascript-test-smells/repositories/inferno/packages/inferno-redux/__tests__/components/connect.spec.js,Duplicate Assert,"{'line': 1290, 'column': 6, 'index': 32629}","  1288 |
  1289 |       const stub = findRenderedVNodeWithType(tree, Passthrough).children;
> 1290 |       expect(renderCallCount).toBe(1);
       |      ^ Duplicate Assert
  1291 |       expect(stub.props.string).toBe('');
  1292 |       store.dispatch({ type: 'APPEND', payload: 'a' });
  1293 |       renderToContainer(vNode);"
/home/gabriel/Disk/Research/research-javascript-test-smells/repositories/inferno/packages/inferno-redux/__tests__/components/connect.spec.js,Duplicate Assert,"{'line': 1294, 'column': 6, 'index': 32798}","  1292 |       store.dispatch({ type: 'APPEND', payload: 'a' });
  1293 |       renderToContainer(vNode);
> 1294 |       expect(renderCallCount).toBe(2);
       |      ^ Duplicate Assert
  1295 |       store.dispatch({ type: 'APPEND', payload: 'b' });
  1296 |       renderToContainer(vNode);
  1297 |       expect(renderCallCount).toBe(3);"
/home/gabriel/Disk/Research/research-javascript-test-smells/repositories/inferno/packages/inferno-redux/__tests__/components/connect.spec.js,Duplicate Assert,"{'line': 1297, 'column': 6, 'index': 32925}","  1295 |       store.dispatch({ type: 'APPEND', payload: 'b' });
  1296 |       renderToContainer(vNode);
> 1297 |       expect(renderCallCount).toBe(3);
       |      ^ Duplicate Assert
  1298 |       store.dispatch({ type: 'APPEND', payload: '' });
  1299 |       renderToContainer(vNode);
  1300 |       expect(renderCallCount).toBe(3);"
/home/gabriel/Disk/Research/research-javascript-test-smells/repositories/inferno/packages/inferno-redux/__tests__/components/connect.spec.js,Duplicate Assert,"{'line': 1297, 'column': 6, 'index': 32925}","  1295 |       store.dispatch({ type: 'APPEND', payload: 'b' });
  1296 |       renderToContainer(vNode);
> 1297 |       expect(renderCallCount).toBe(3);
       |      ^ Duplicate Assert
  1298 |       store.dispatch({ type: 'APPEND', payload: '' });
  1299 |       renderToContainer(vNode);
  1300 |       expect(renderCallCount).toBe(3);"
/home/gabriel/Disk/Research/research-javascript-test-smells/repositories/inferno/packages/inferno-redux/__tests__/components/connect.spec.js,Duplicate Assert,"{'line': 1300, 'column': 6, 'index': 33051}","  1298 |       store.dispatch({ type: 'APPEND', payload: '' });
  1299 |       renderToContainer(vNode);
> 1300 |       expect(renderCallCount).toBe(3);
       |      ^ Duplicate Assert
  1301 |     });
  1302 |
  1303 |     it('should shallowly compare the merged state to prevent unnecessary updates', () => {"
/home/gabriel/Disk/Research/research-javascript-test-smells/repositories/inferno/packages/inferno-redux/__tests__/components/connect.spec.js,Duplicate Assert,"{'line': 1300, 'column': 6, 'index': 33051}","  1298 |       store.dispatch({ type: 'APPEND', payload: '' });
  1299 |       renderToContainer(vNode);
> 1300 |       expect(renderCallCount).toBe(3);
       |      ^ Duplicate Assert
  1301 |     });
  1302 |
  1303 |     it('should shallowly compare the merged state to prevent unnecessary updates', () => {"
/home/gabriel/Disk/Research/research-javascript-test-smells/repositories/inferno/packages/inferno-redux/__tests__/components/connect.spec.js,Duplicate Assert,"{'line': 1347, 'column': 6, 'index': 34314}","  1345 |       const stub = findRenderedVNodeWithType(rootStub, Passthrough).children;
  1346 |
> 1347 |       expect(renderCallCount).toBe(1);
       |      ^ Duplicate Assert
  1348 |       expect(stub.props.string).toBe('');
  1349 |       expect(stub.props.pass).toBe('');
  1350 |"
/home/gabriel/Disk/Research/research-javascript-test-smells/repositories/inferno/packages/inferno-redux/__tests__/components/connect.spec.js,Duplicate Assert,"{'line': 1348, 'column': 6, 'index': 34353}","  1346 |
  1347 |       expect(renderCallCount).toBe(1);
> 1348 |       expect(stub.props.string).toBe('');
       |      ^ Duplicate Assert
  1349 |       expect(stub.props.pass).toBe('');
  1350 |
  1351 |       store.dispatch({ type: 'APPEND', payload: 'a' });"
/home/gabriel/Disk/Research/research-javascript-test-smells/repositories/inferno/packages/inferno-redux/__tests__/components/connect.spec.js,Duplicate Assert,"{'line': 1349, 'column': 6, 'index': 34395}","  1347 |       expect(renderCallCount).toBe(1);
  1348 |       expect(stub.props.string).toBe('');
> 1349 |       expect(stub.props.pass).toBe('');
       |      ^ Duplicate Assert
  1350 |
  1351 |       store.dispatch({ type: 'APPEND', payload: 'a' });
  1352 |       renderToContainer(vNode);"
/home/gabriel/Disk/Research/research-javascript-test-smells/repositories/inferno/packages/inferno-redux/__tests__/components/connect.spec.js,Duplicate Assert,"{'line': 1349, 'column': 6, 'index': 34395}","  1347 |       expect(renderCallCount).toBe(1);
  1348 |       expect(stub.props.string).toBe('');
> 1349 |       expect(stub.props.pass).toBe('');
       |      ^ Duplicate Assert
  1350 |
  1351 |       store.dispatch({ type: 'APPEND', payload: 'a' });
  1352 |       renderToContainer(vNode);"
/home/gabriel/Disk/Research/research-javascript-test-smells/repositories/inferno/packages/inferno-redux/__tests__/components/connect.spec.js,Duplicate Assert,"{'line': 1353, 'column': 6, 'index': 34524}","  1351 |       store.dispatch({ type: 'APPEND', payload: 'a' });
  1352 |       renderToContainer(vNode);
> 1353 |       expect(renderCallCount).toBe(2);
       |      ^ Duplicate Assert
  1354 |       expect(stub.props.string).toBe('a');
  1355 |       expect(stub.props.pass).toBe('');
  1356 |"
/home/gabriel/Disk/Research/research-javascript-test-smells/repositories/inferno/packages/inferno-redux/__tests__/components/connect.spec.js,Duplicate Assert,"{'line': 1353, 'column': 6, 'index': 34524}","  1351 |       store.dispatch({ type: 'APPEND', payload: 'a' });
  1352 |       renderToContainer(vNode);
> 1353 |       expect(renderCallCount).toBe(2);
       |      ^ Duplicate Assert
  1354 |       expect(stub.props.string).toBe('a');
  1355 |       expect(stub.props.pass).toBe('');
  1356 |"
/home/gabriel/Disk/Research/research-javascript-test-smells/repositories/inferno/packages/inferno-redux/__tests__/components/connect.spec.js,Duplicate Assert,"{'line': 1354, 'column': 6, 'index': 34563}","  1352 |       renderToContainer(vNode);
  1353 |       expect(renderCallCount).toBe(2);
> 1354 |       expect(stub.props.string).toBe('a');
       |      ^ Duplicate Assert
  1355 |       expect(stub.props.pass).toBe('');
  1356 |
  1357 |       rootStub.setState({ pass: '' });"
/home/gabriel/Disk/Research/research-javascript-test-smells/repositories/inferno/packages/inferno-redux/__tests__/components/connect.spec.js,Duplicate Assert,"{'line': 1354, 'column': 6, 'index': 34563}","  1352 |       renderToContainer(vNode);
  1353 |       expect(renderCallCount).toBe(2);
> 1354 |       expect(stub.props.string).toBe('a');
       |      ^ Duplicate Assert
  1355 |       expect(stub.props.pass).toBe('');
  1356 |
  1357 |       rootStub.setState({ pass: '' });"
/home/gabriel/Disk/Research/research-javascript-test-smells/repositories/inferno/packages/inferno-redux/__tests__/components/connect.spec.js,Duplicate Assert,"{'line': 1355, 'column': 6, 'index': 34606}","  1353 |       expect(renderCallCount).toBe(2);
  1354 |       expect(stub.props.string).toBe('a');
> 1355 |       expect(stub.props.pass).toBe('');
       |      ^ Duplicate Assert
  1356 |
  1357 |       rootStub.setState({ pass: '' });
  1358 |       renderToContainer(vNode);"
/home/gabriel/Disk/Research/research-javascript-test-smells/repositories/inferno/packages/inferno-redux/__tests__/components/connect.spec.js,Duplicate Assert,"{'line': 1355, 'column': 6, 'index': 34606}","  1353 |       expect(renderCallCount).toBe(2);
  1354 |       expect(stub.props.string).toBe('a');
> 1355 |       expect(stub.props.pass).toBe('');
       |      ^ Duplicate Assert
  1356 |
  1357 |       rootStub.setState({ pass: '' });
  1358 |       renderToContainer(vNode);"
/home/gabriel/Disk/Research/research-javascript-test-smells/repositories/inferno/packages/inferno-redux/__tests__/components/connect.spec.js,Duplicate Assert,"{'line': 1359, 'column': 6, 'index': 34718}","  1357 |       rootStub.setState({ pass: '' });
  1358 |       renderToContainer(vNode);
> 1359 |       expect(renderCallCount).toBe(2);
       |      ^ Duplicate Assert
  1360 |       expect(stub.props.string).toBe('a');
  1361 |       expect(stub.props.pass).toBe('');
  1362 |"
/home/gabriel/Disk/Research/research-javascript-test-smells/repositories/inferno/packages/inferno-redux/__tests__/components/connect.spec.js,Duplicate Assert,"{'line': 1359, 'column': 6, 'index': 34718}","  1357 |       rootStub.setState({ pass: '' });
  1358 |       renderToContainer(vNode);
> 1359 |       expect(renderCallCount).toBe(2);
       |      ^ Duplicate Assert
  1360 |       expect(stub.props.string).toBe('a');
  1361 |       expect(stub.props.pass).toBe('');
  1362 |"
/home/gabriel/Disk/Research/research-javascript-test-smells/repositories/inferno/packages/inferno-redux/__tests__/components/connect.spec.js,Duplicate Assert,"{'line': 1360, 'column': 6, 'index': 34757}","  1358 |       renderToContainer(vNode);
  1359 |       expect(renderCallCount).toBe(2);
> 1360 |       expect(stub.props.string).toBe('a');
       |      ^ Duplicate Assert
  1361 |       expect(stub.props.pass).toBe('');
  1362 |
  1363 |       rootStub.setState({ pass: 'through' });"
/home/gabriel/Disk/Research/research-javascript-test-smells/repositories/inferno/packages/inferno-redux/__tests__/components/connect.spec.js,Duplicate Assert,"{'line': 1360, 'column': 6, 'index': 34757}","  1358 |       renderToContainer(vNode);
  1359 |       expect(renderCallCount).toBe(2);
> 1360 |       expect(stub.props.string).toBe('a');
       |      ^ Duplicate Assert
  1361 |       expect(stub.props.pass).toBe('');
  1362 |
  1363 |       rootStub.setState({ pass: 'through' });"
/home/gabriel/Disk/Research/research-javascript-test-smells/repositories/inferno/packages/inferno-redux/__tests__/components/connect.spec.js,Duplicate Assert,"{'line': 1361, 'column': 6, 'index': 34800}","  1359 |       expect(renderCallCount).toBe(2);
  1360 |       expect(stub.props.string).toBe('a');
> 1361 |       expect(stub.props.pass).toBe('');
       |      ^ Duplicate Assert
  1362 |
  1363 |       rootStub.setState({ pass: 'through' });
  1364 |       renderToContainer(vNode);"
/home/gabriel/Disk/Research/research-javascript-test-smells/repositories/inferno/packages/inferno-redux/__tests__/components/connect.spec.js,Duplicate Assert,"{'line': 1361, 'column': 6, 'index': 34800}","  1359 |       expect(renderCallCount).toBe(2);
  1360 |       expect(stub.props.string).toBe('a');
> 1361 |       expect(stub.props.pass).toBe('');
       |      ^ Duplicate Assert
  1362 |
  1363 |       rootStub.setState({ pass: 'through' });
  1364 |       renderToContainer(vNode);"
/home/gabriel/Disk/Research/research-javascript-test-smells/repositories/inferno/packages/inferno-redux/__tests__/components/connect.spec.js,Duplicate Assert,"{'line': 1365, 'column': 6, 'index': 34919}","  1363 |       rootStub.setState({ pass: 'through' });
  1364 |       renderToContainer(vNode);
> 1365 |       expect(renderCallCount).toBe(3);
       |      ^ Duplicate Assert
  1366 |       expect(stub.props.string).toBe('a');
  1367 |       expect(stub.props.pass).toBe('through');
  1368 |"
/home/gabriel/Disk/Research/research-javascript-test-smells/repositories/inferno/packages/inferno-redux/__tests__/components/connect.spec.js,Duplicate Assert,"{'line': 1365, 'column': 6, 'index': 34919}","  1363 |       rootStub.setState({ pass: 'through' });
  1364 |       renderToContainer(vNode);
> 1365 |       expect(renderCallCount).toBe(3);
       |      ^ Duplicate Assert
  1366 |       expect(stub.props.string).toBe('a');
  1367 |       expect(stub.props.pass).toBe('through');
  1368 |"
/home/gabriel/Disk/Research/research-javascript-test-smells/repositories/inferno/packages/inferno-redux/__tests__/components/connect.spec.js,Duplicate Assert,"{'line': 1366, 'column': 6, 'index': 34958}","  1364 |       renderToContainer(vNode);
  1365 |       expect(renderCallCount).toBe(3);
> 1366 |       expect(stub.props.string).toBe('a');
       |      ^ Duplicate Assert
  1367 |       expect(stub.props.pass).toBe('through');
  1368 |
  1369 |       rootStub.setState({ pass: 'through' });"
/home/gabriel/Disk/Research/research-javascript-test-smells/repositories/inferno/packages/inferno-redux/__tests__/components/connect.spec.js,Duplicate Assert,"{'line': 1366, 'column': 6, 'index': 34958}","  1364 |       renderToContainer(vNode);
  1365 |       expect(renderCallCount).toBe(3);
> 1366 |       expect(stub.props.string).toBe('a');
       |      ^ Duplicate Assert
  1367 |       expect(stub.props.pass).toBe('through');
  1368 |
  1369 |       rootStub.setState({ pass: 'through' });"
/home/gabriel/Disk/Research/research-javascript-test-smells/repositories/inferno/packages/inferno-redux/__tests__/components/connect.spec.js,Duplicate Assert,"{'line': 1367, 'column': 6, 'index': 35001}","  1365 |       expect(renderCallCount).toBe(3);
  1366 |       expect(stub.props.string).toBe('a');
> 1367 |       expect(stub.props.pass).toBe('through');
       |      ^ Duplicate Assert
  1368 |
  1369 |       rootStub.setState({ pass: 'through' });
  1370 |       renderToContainer(vNode);"
/home/gabriel/Disk/Research/research-javascript-test-smells/repositories/inferno/packages/inferno-redux/__tests__/components/connect.spec.js,Duplicate Assert,"{'line': 1367, 'column': 6, 'index': 35001}","  1365 |       expect(renderCallCount).toBe(3);
  1366 |       expect(stub.props.string).toBe('a');
> 1367 |       expect(stub.props.pass).toBe('through');
       |      ^ Duplicate Assert
  1368 |
  1369 |       rootStub.setState({ pass: 'through' });
  1370 |       renderToContainer(vNode);"
/home/gabriel/Disk/Research/research-javascript-test-smells/repositories/inferno/packages/inferno-redux/__tests__/components/connect.spec.js,Duplicate Assert,"{'line': 1371, 'column': 6, 'index': 35127}","  1369 |       rootStub.setState({ pass: 'through' });
  1370 |       renderToContainer(vNode);
> 1371 |       expect(renderCallCount).toBe(3);
       |      ^ Duplicate Assert
  1372 |       expect(stub.props.string).toBe('a');
  1373 |       expect(stub.props.pass).toBe('through');
  1374 |"
/home/gabriel/Disk/Research/research-javascript-test-smells/repositories/inferno/packages/inferno-redux/__tests__/components/connect.spec.js,Duplicate Assert,"{'line': 1371, 'column': 6, 'index': 35127}","  1369 |       rootStub.setState({ pass: 'through' });
  1370 |       renderToContainer(vNode);
> 1371 |       expect(renderCallCount).toBe(3);
       |      ^ Duplicate Assert
  1372 |       expect(stub.props.string).toBe('a');
  1373 |       expect(stub.props.pass).toBe('through');
  1374 |"
/home/gabriel/Disk/Research/research-javascript-test-smells/repositories/inferno/packages/inferno-redux/__tests__/components/connect.spec.js,Duplicate Assert,"{'line': 1372, 'column': 6, 'index': 35166}","  1370 |       renderToContainer(vNode);
  1371 |       expect(renderCallCount).toBe(3);
> 1372 |       expect(stub.props.string).toBe('a');
       |      ^ Duplicate Assert
  1373 |       expect(stub.props.pass).toBe('through');
  1374 |
  1375 |       const obj = { prop: 'val' };"
/home/gabriel/Disk/Research/research-javascript-test-smells/repositories/inferno/packages/inferno-redux/__tests__/components/connect.spec.js,Duplicate Assert,"{'line': 1372, 'column': 6, 'index': 35166}","  1370 |       renderToContainer(vNode);
  1371 |       expect(renderCallCount).toBe(3);
> 1372 |       expect(stub.props.string).toBe('a');
       |      ^ Duplicate Assert
  1373 |       expect(stub.props.pass).toBe('through');
  1374 |
  1375 |       const obj = { prop: 'val' };"
/home/gabriel/Disk/Research/research-javascript-test-smells/repositories/inferno/packages/inferno-redux/__tests__/components/connect.spec.js,Duplicate Assert,"{'line': 1373, 'column': 6, 'index': 35209}","  1371 |       expect(renderCallCount).toBe(3);
  1372 |       expect(stub.props.string).toBe('a');
> 1373 |       expect(stub.props.pass).toBe('through');
       |      ^ Duplicate Assert
  1374 |
  1375 |       const obj = { prop: 'val' };
  1376 |       rootStub.setState({ pass: obj });"
/home/gabriel/Disk/Research/research-javascript-test-smells/repositories/inferno/packages/inferno-redux/__tests__/components/connect.spec.js,Duplicate Assert,"{'line': 1373, 'column': 6, 'index': 35209}","  1371 |       expect(renderCallCount).toBe(3);
  1372 |       expect(stub.props.string).toBe('a');
> 1373 |       expect(stub.props.pass).toBe('through');
       |      ^ Duplicate Assert
  1374 |
  1375 |       const obj = { prop: 'val' };
  1376 |       rootStub.setState({ pass: obj });"
/home/gabriel/Disk/Research/research-javascript-test-smells/repositories/inferno/packages/inferno-redux/__tests__/components/connect.spec.js,Duplicate Assert,"{'line': 1378, 'column': 6, 'index': 35364}","  1376 |       rootStub.setState({ pass: obj });
  1377 |       renderToContainer(vNode);
> 1378 |       expect(renderCallCount).toBe(4);
       |      ^ Duplicate Assert
  1379 |       expect(stub.props.string).toBe('a');
  1380 |       expect(stub.props.pass).toBe(obj);
  1381 |"
/home/gabriel/Disk/Research/research-javascript-test-smells/repositories/inferno/packages/inferno-redux/__tests__/components/connect.spec.js,Duplicate Assert,"{'line': 1378, 'column': 6, 'index': 35364}","  1376 |       rootStub.setState({ pass: obj });
  1377 |       renderToContainer(vNode);
> 1378 |       expect(renderCallCount).toBe(4);
       |      ^ Duplicate Assert
  1379 |       expect(stub.props.string).toBe('a');
  1380 |       expect(stub.props.pass).toBe(obj);
  1381 |"
/home/gabriel/Disk/Research/research-javascript-test-smells/repositories/inferno/packages/inferno-redux/__tests__/components/connect.spec.js,Duplicate Assert,"{'line': 1379, 'column': 6, 'index': 35403}","  1377 |       renderToContainer(vNode);
  1378 |       expect(renderCallCount).toBe(4);
> 1379 |       expect(stub.props.string).toBe('a');
       |      ^ Duplicate Assert
  1380 |       expect(stub.props.pass).toBe(obj);
  1381 |
  1382 |       rootStub.setState({ pass: obj });"
/home/gabriel/Disk/Research/research-javascript-test-smells/repositories/inferno/packages/inferno-redux/__tests__/components/connect.spec.js,Duplicate Assert,"{'line': 1379, 'column': 6, 'index': 35403}","  1377 |       renderToContainer(vNode);
  1378 |       expect(renderCallCount).toBe(4);
> 1379 |       expect(stub.props.string).toBe('a');
       |      ^ Duplicate Assert
  1380 |       expect(stub.props.pass).toBe(obj);
  1381 |
  1382 |       rootStub.setState({ pass: obj });"
/home/gabriel/Disk/Research/research-javascript-test-smells/repositories/inferno/packages/inferno-redux/__tests__/components/connect.spec.js,Duplicate Assert,"{'line': 1380, 'column': 6, 'index': 35446}","  1378 |       expect(renderCallCount).toBe(4);
  1379 |       expect(stub.props.string).toBe('a');
> 1380 |       expect(stub.props.pass).toBe(obj);
       |      ^ Duplicate Assert
  1381 |
  1382 |       rootStub.setState({ pass: obj });
  1383 |       renderToContainer(vNode);"
/home/gabriel/Disk/Research/research-javascript-test-smells/repositories/inferno/packages/inferno-redux/__tests__/components/connect.spec.js,Duplicate Assert,"{'line': 1380, 'column': 6, 'index': 35446}","  1378 |       expect(renderCallCount).toBe(4);
  1379 |       expect(stub.props.string).toBe('a');
> 1380 |       expect(stub.props.pass).toBe(obj);
       |      ^ Duplicate Assert
  1381 |
  1382 |       rootStub.setState({ pass: obj });
  1383 |       renderToContainer(vNode);"
/home/gabriel/Disk/Research/research-javascript-test-smells/repositories/inferno/packages/inferno-redux/__tests__/components/connect.spec.js,Duplicate Assert,"{'line': 1384, 'column': 6, 'index': 35560}","  1382 |       rootStub.setState({ pass: obj });
  1383 |       renderToContainer(vNode);
> 1384 |       expect(renderCallCount).toBe(4);
       |      ^ Duplicate Assert
  1385 |       expect(stub.props.string).toBe('a');
  1386 |       expect(stub.props.pass).toBe(obj);
  1387 |"
/home/gabriel/Disk/Research/research-javascript-test-smells/repositories/inferno/packages/inferno-redux/__tests__/components/connect.spec.js,Duplicate Assert,"{'line': 1384, 'column': 6, 'index': 35560}","  1382 |       rootStub.setState({ pass: obj });
  1383 |       renderToContainer(vNode);
> 1384 |       expect(renderCallCount).toBe(4);
       |      ^ Duplicate Assert
  1385 |       expect(stub.props.string).toBe('a');
  1386 |       expect(stub.props.pass).toBe(obj);
  1387 |"
/home/gabriel/Disk/Research/research-javascript-test-smells/repositories/inferno/packages/inferno-redux/__tests__/components/connect.spec.js,Duplicate Assert,"{'line': 1385, 'column': 6, 'index': 35599}","  1383 |       renderToContainer(vNode);
  1384 |       expect(renderCallCount).toBe(4);
> 1385 |       expect(stub.props.string).toBe('a');
       |      ^ Duplicate Assert
  1386 |       expect(stub.props.pass).toBe(obj);
  1387 |
  1388 |       const obj2 = { ...obj, val: 'otherval' };"
/home/gabriel/Disk/Research/research-javascript-test-smells/repositories/inferno/packages/inferno-redux/__tests__/components/connect.spec.js,Duplicate Assert,"{'line': 1385, 'column': 6, 'index': 35599}","  1383 |       renderToContainer(vNode);
  1384 |       expect(renderCallCount).toBe(4);
> 1385 |       expect(stub.props.string).toBe('a');
       |      ^ Duplicate Assert
  1386 |       expect(stub.props.pass).toBe(obj);
  1387 |
  1388 |       const obj2 = { ...obj, val: 'otherval' };"
/home/gabriel/Disk/Research/research-javascript-test-smells/repositories/inferno/packages/inferno-redux/__tests__/components/connect.spec.js,Duplicate Assert,"{'line': 1386, 'column': 6, 'index': 35642}","  1384 |       expect(renderCallCount).toBe(4);
  1385 |       expect(stub.props.string).toBe('a');
> 1386 |       expect(stub.props.pass).toBe(obj);
       |      ^ Duplicate Assert
  1387 |
  1388 |       const obj2 = { ...obj, val: 'otherval' };
  1389 |       rootStub.setState({ pass: obj2 });"
/home/gabriel/Disk/Research/research-javascript-test-smells/repositories/inferno/packages/inferno-redux/__tests__/components/connect.spec.js,Duplicate Assert,"{'line': 1386, 'column': 6, 'index': 35642}","  1384 |       expect(renderCallCount).toBe(4);
  1385 |       expect(stub.props.string).toBe('a');
> 1386 |       expect(stub.props.pass).toBe(obj);
       |      ^ Duplicate Assert
  1387 |
  1388 |       const obj2 = { ...obj, val: 'otherval' };
  1389 |       rootStub.setState({ pass: obj2 });"
/home/gabriel/Disk/Research/research-javascript-test-smells/repositories/inferno/packages/inferno-redux/__tests__/components/connect.spec.js,Duplicate Assert,"{'line': 1391, 'column': 6, 'index': 35805}","  1389 |       rootStub.setState({ pass: obj2 });
  1390 |       renderToContainer(vNode);
> 1391 |       expect(renderCallCount).toBe(5);
       |      ^ Duplicate Assert
  1392 |       expect(stub.props.string).toBe('a');
  1393 |       expect(stub.props.pass).toBe(obj2);
  1394 |"
/home/gabriel/Disk/Research/research-javascript-test-smells/repositories/inferno/packages/inferno-redux/__tests__/components/connect.spec.js,Duplicate Assert,"{'line': 1391, 'column': 6, 'index': 35805}","  1389 |       rootStub.setState({ pass: obj2 });
  1390 |       renderToContainer(vNode);
> 1391 |       expect(renderCallCount).toBe(5);
       |      ^ Duplicate Assert
  1392 |       expect(stub.props.string).toBe('a');
  1393 |       expect(stub.props.pass).toBe(obj2);
  1394 |"
/home/gabriel/Disk/Research/research-javascript-test-smells/repositories/inferno/packages/inferno-redux/__tests__/components/connect.spec.js,Duplicate Assert,"{'line': 1392, 'column': 6, 'index': 35844}","  1390 |       renderToContainer(vNode);
  1391 |       expect(renderCallCount).toBe(5);
> 1392 |       expect(stub.props.string).toBe('a');
       |      ^ Duplicate Assert
  1393 |       expect(stub.props.pass).toBe(obj2);
  1394 |
  1395 |       obj2.val = 'mutation';"
/home/gabriel/Disk/Research/research-javascript-test-smells/repositories/inferno/packages/inferno-redux/__tests__/components/connect.spec.js,Duplicate Assert,"{'line': 1392, 'column': 6, 'index': 35844}","  1390 |       renderToContainer(vNode);
  1391 |       expect(renderCallCount).toBe(5);
> 1392 |       expect(stub.props.string).toBe('a');
       |      ^ Duplicate Assert
  1393 |       expect(stub.props.pass).toBe(obj2);
  1394 |
  1395 |       obj2.val = 'mutation';"
/home/gabriel/Disk/Research/research-javascript-test-smells/repositories/inferno/packages/inferno-redux/__tests__/components/connect.spec.js,Duplicate Assert,"{'line': 1393, 'column': 6, 'index': 35887}","  1391 |       expect(renderCallCount).toBe(5);
  1392 |       expect(stub.props.string).toBe('a');
> 1393 |       expect(stub.props.pass).toBe(obj2);
       |      ^ Duplicate Assert
  1394 |
  1395 |       obj2.val = 'mutation';
  1396 |       rootStub.setState({ pass: obj2 });"
/home/gabriel/Disk/Research/research-javascript-test-smells/repositories/inferno/packages/inferno-redux/__tests__/components/connect.spec.js,Duplicate Assert,"{'line': 1398, 'column': 6, 'index': 36032}","  1396 |       rootStub.setState({ pass: obj2 });
  1397 |       renderToContainer(vNode);
> 1398 |       expect(renderCallCount).toBe(5);
       |      ^ Duplicate Assert
  1399 |       expect(stub.props.string).toBe('a');
  1400 |       expect(stub.props.passVal).toBe('otherval');
  1401 |     });"
/home/gabriel/Disk/Research/research-javascript-test-smells/repositories/inferno/packages/inferno-redux/__tests__/components/connect.spec.js,Duplicate Assert,"{'line': 1398, 'column': 6, 'index': 36032}","  1396 |       rootStub.setState({ pass: obj2 });
  1397 |       renderToContainer(vNode);
> 1398 |       expect(renderCallCount).toBe(5);
       |      ^ Duplicate Assert
  1399 |       expect(stub.props.string).toBe('a');
  1400 |       expect(stub.props.passVal).toBe('otherval');
  1401 |     });"
/home/gabriel/Disk/Research/research-javascript-test-smells/repositories/inferno/packages/inferno-redux/__tests__/components/connect.spec.js,Duplicate Assert,"{'line': 1399, 'column': 6, 'index': 36071}","  1397 |       renderToContainer(vNode);
  1398 |       expect(renderCallCount).toBe(5);
> 1399 |       expect(stub.props.string).toBe('a');
       |      ^ Duplicate Assert
  1400 |       expect(stub.props.passVal).toBe('otherval');
  1401 |     });
  1402 |"
/home/gabriel/Disk/Research/research-javascript-test-smells/repositories/inferno/packages/inferno-redux/__tests__/components/connect.spec.js,Duplicate Assert,"{'line': 1399, 'column': 6, 'index': 36071}","  1397 |       renderToContainer(vNode);
  1398 |       expect(renderCallCount).toBe(5);
> 1399 |       expect(stub.props.string).toBe('a');
       |      ^ Duplicate Assert
  1400 |       expect(stub.props.passVal).toBe('otherval');
  1401 |     });
  1402 |"
/home/gabriel/Disk/Research/research-javascript-test-smells/repositories/inferno/packages/inferno-redux/__tests__/components/connect.spec.js,Duplicate Assert,"{'line': 1535, 'column': 6, 'index': 41226}","  1533 |       ).children;
  1534 |       const stub = findRenderedVNodeWithType(tree, Passthrough).children;
> 1535 |       expect(stub.props.foo).toBeUndefined();
       |      ^ Duplicate Assert
  1536 |       expect(stub.props.scooby).toBe('doo');
  1537 |
  1538 |       const imitateHotReloading = (TargetClass, SourceClass) => {"
/home/gabriel/Disk/Research/research-javascript-test-smells/repositories/inferno/packages/inferno-redux/__tests__/components/connect.spec.js,Duplicate Assert,"{'line': 1536, 'column': 6, 'index': 41272}","  1534 |       const stub = findRenderedVNodeWithType(tree, Passthrough).children;
  1535 |       expect(stub.props.foo).toBeUndefined();
> 1536 |       expect(stub.props.scooby).toBe('doo');
       |      ^ Duplicate Assert
  1537 |
  1538 |       const imitateHotReloading = (TargetClass, SourceClass) => {
  1539 |         // Crude imitation of hot reloading that does the job"
/home/gabriel/Disk/Research/research-javascript-test-smells/repositories/inferno/packages/inferno-redux/__tests__/components/connect.spec.js,Duplicate Assert,"{'line': 1554, 'column': 6, 'index': 41892}","  1552 |
  1553 |       imitateHotReloading(ContainerBefore, ContainerAfter);
> 1554 |       expect(stub.props.foo).toBe('baz');
       |      ^ Duplicate Assert
  1555 |       expect(stub.props.scooby).toBe('foo');
  1556 |
  1557 |       imitateHotReloading(ContainerBefore, ContainerNext);"
/home/gabriel/Disk/Research/research-javascript-test-smells/repositories/inferno/packages/inferno-redux/__tests__/components/connect.spec.js,Duplicate Assert,"{'line': 1555, 'column': 6, 'index': 41934}","  1553 |       imitateHotReloading(ContainerBefore, ContainerAfter);
  1554 |       expect(stub.props.foo).toBe('baz');
> 1555 |       expect(stub.props.scooby).toBe('foo');
       |      ^ Duplicate Assert
  1556 |
  1557 |       imitateHotReloading(ContainerBefore, ContainerNext);
  1558 |       expect(stub.props.foo).toBe('bar');"
/home/gabriel/Disk/Research/research-javascript-test-smells/repositories/inferno/packages/inferno-redux/__tests__/components/connect.spec.js,Duplicate Assert,"{'line': 1558, 'column': 6, 'index': 42039}","  1556 |
  1557 |       imitateHotReloading(ContainerBefore, ContainerNext);
> 1558 |       expect(stub.props.foo).toBe('bar');
       |      ^ Duplicate Assert
  1559 |       expect(stub.props.scooby).toBe('boo');
  1560 |     });
  1561 |"
/home/gabriel/Disk/Research/research-javascript-test-smells/repositories/inferno/packages/inferno-redux/__tests__/components/connect.spec.js,Duplicate Assert,"{'line': 1559, 'column': 6, 'index': 42081}","  1557 |       imitateHotReloading(ContainerBefore, ContainerNext);
  1558 |       expect(stub.props.foo).toBe('bar');
> 1559 |       expect(stub.props.scooby).toBe('boo');
       |      ^ Duplicate Assert
  1560 |     });
  1561 |
  1562 |     it('should set the displayName correctly', () => {"
/home/gabriel/Disk/Research/research-javascript-test-smells/repositories/inferno/packages/inferno-redux/__tests__/components/connect.spec.js,Duplicate Assert,"{'line': 1748, 'column': 6, 'index': 47441}","  1746 |       const target = findRenderedVNodeWithType(tree, Passthrough).children;
  1747 |       const wrapper = findRenderedVNodeWithType(tree, StatefulWrapper).children;
> 1748 |       expect(target.props.statefulValue).toBe(0);
       |      ^ Duplicate Assert
  1749 |
  1750 |       wrapper.setState({ value: 1 });
  1751 |       renderToContainer(vNode);"
/home/gabriel/Disk/Research/research-javascript-test-smells/repositories/inferno/packages/inferno-redux/__tests__/components/connect.spec.js,Duplicate Assert,"{'line': 1752, 'column': 6, 'index': 47562}","  1750 |       wrapper.setState({ value: 1 });
  1751 |       renderToContainer(vNode);
> 1752 |       expect(target.props.statefulValue).toBe(1);
       |      ^ Duplicate Assert
  1753 |     });
  1754 |
  1755 |     it('calls mapState and mapDispatch for impure components', () => {"
/home/gabriel/Disk/Research/research-javascript-test-smells/repositories/inferno/packages/inferno-redux/__tests__/components/connect.spec.js,Duplicate Assert,"{'line': 1806, 'column': 6, 'index': 48964}","  1804 |       const wrapper = findRenderedVNodeWithType(tree, StatefulWrapper).children;
  1805 |
> 1806 |       expect(mapStateToPropsCalls).toBe(2);
       |      ^ Duplicate Assert
  1807 |       expect(mapDispatchToPropsCalls).toBe(2);
  1808 |       expect(target.props.statefulValue).toBe('foo');
  1809 |"
/home/gabriel/Disk/Research/research-javascript-test-smells/repositories/inferno/packages/inferno-redux/__tests__/components/connect.spec.js,Duplicate Assert,"{'line': 1807, 'column': 6, 'index': 49008}","  1805 |
  1806 |       expect(mapStateToPropsCalls).toBe(2);
> 1807 |       expect(mapDispatchToPropsCalls).toBe(2);
       |      ^ Duplicate Assert
  1808 |       expect(target.props.statefulValue).toBe('foo');
  1809 |
  1810 |       // Impure update"
/home/gabriel/Disk/Research/research-javascript-test-smells/repositories/inferno/packages/inferno-redux/__tests__/components/connect.spec.js,Duplicate Assert,"{'line': 1808, 'column': 6, 'index': 49055}","  1806 |       expect(mapStateToPropsCalls).toBe(2);
  1807 |       expect(mapDispatchToPropsCalls).toBe(2);
> 1808 |       expect(target.props.statefulValue).toBe('foo');
       |      ^ Duplicate Assert
  1809 |
  1810 |       // Impure update
  1811 |       const storeGetter = wrapper.state.storeGetter;"
/home/gabriel/Disk/Research/research-javascript-test-smells/repositories/inferno/packages/inferno-redux/__tests__/components/connect.spec.js,Duplicate Assert,"{'line': 1815, 'column': 6, 'index': 49264}","  1813 |       wrapper.setState({ storeGetter });
  1814 |
> 1815 |       expect(mapStateToPropsCalls).toBe(3);
       |      ^ Duplicate Assert
  1816 |       expect(mapDispatchToPropsCalls).toBe(3);
  1817 |       expect(target.props.statefulValue).toBe('bar');
  1818 |     });"
/home/gabriel/Disk/Research/research-javascript-test-smells/repositories/inferno/packages/inferno-redux/__tests__/components/connect.spec.js,Duplicate Assert,"{'line': 1816, 'column': 6, 'index': 49308}","  1814 |
  1815 |       expect(mapStateToPropsCalls).toBe(3);
> 1816 |       expect(mapDispatchToPropsCalls).toBe(3);
       |      ^ Duplicate Assert
  1817 |       expect(target.props.statefulValue).toBe('bar');
  1818 |     });
  1819 |"
/home/gabriel/Disk/Research/research-javascript-test-smells/repositories/inferno/packages/inferno-redux/__tests__/components/connect.spec.js,Duplicate Assert,"{'line': 1817, 'column': 6, 'index': 49355}","  1815 |       expect(mapStateToPropsCalls).toBe(3);
  1816 |       expect(mapDispatchToPropsCalls).toBe(3);
> 1817 |       expect(target.props.statefulValue).toBe('bar');
       |      ^ Duplicate Assert
  1818 |     });
  1819 |
  1820 |     it('should pass state consistently to mapState', () => {"
/home/gabriel/Disk/Research/research-javascript-test-smells/repositories/inferno/packages/inferno-redux/__tests__/components/connect.spec.js,Duplicate Assert,"{'line': 1873, 'column': 6, 'index': 50893}","  1871 |       const tree = renderToContainer(vNode);
  1872 |
> 1873 |       expect(childMapStateInvokes).toBe(1);
       |      ^ Duplicate Assert
  1874 |
  1875 |       store.dispatch({ type: 'APPEND', payload: 'c' });
  1876 |       renderToContainer(vNode);"
/home/gabriel/Disk/Research/research-javascript-test-smells/repositories/inferno/packages/inferno-redux/__tests__/components/connect.spec.js,Duplicate Assert,"{'line': 1877, 'column': 6, 'index': 51026}","  1875 |       store.dispatch({ type: 'APPEND', payload: 'c' });
  1876 |       renderToContainer(vNode);
> 1877 |       expect(childMapStateInvokes).toBe(2);
       |      ^ Duplicate Assert
  1878 |
  1879 |       const container = findRenderedVNodeWithType(tree, Container).children;
  1880 |       const button = container.getWrappedInstance().button;"
/home/gabriel/Disk/Research/research-javascript-test-smells/repositories/inferno/packages/inferno-redux/__tests__/components/connect.spec.js,Duplicate Assert,"{'line': 1883, 'column': 6, 'index': 51262}","  1881 |       button.click();
  1882 |       renderToContainer(vNode);
> 1883 |       expect(childMapStateInvokes).toBe(3);
       |      ^ Duplicate Assert
  1884 |
  1885 |       store.dispatch({ type: 'APPEND', payload: 'd' });
  1886 |       renderToContainer(vNode);"
/home/gabriel/Disk/Research/research-javascript-test-smells/repositories/inferno/packages/inferno-redux/__tests__/components/connect.spec.js,Duplicate Assert,"{'line': 1887, 'column': 6, 'index': 51395}","  1885 |       store.dispatch({ type: 'APPEND', payload: 'd' });
  1886 |       renderToContainer(vNode);
> 1887 |       expect(childMapStateInvokes).toBe(4);
       |      ^ Duplicate Assert
  1888 |     });
  1889 |
  1890 |     it('should not render the wrapped component when mapState does not produce change', () => {"
/home/gabriel/Disk/Research/research-javascript-test-smells/repositories/inferno/packages/inferno-redux/__tests__/components/connect.spec.js,Duplicate Assert,"{'line': 1914, 'column': 6, 'index': 52083}","  1912 |       renderToContainer(vNode);
  1913 |
> 1914 |       expect(renderCalls).toBe(1);
       |      ^ Duplicate Assert
  1915 |       expect(mapStateCalls).toBe(1);
  1916 |       store.dispatch({ type: 'APPEND', payload: 'a' });
  1917 |       renderToContainer(vNode);"
/home/gabriel/Disk/Research/research-javascript-test-smells/repositories/inferno/packages/inferno-redux/__tests__/components/connect.spec.js,Duplicate Assert,"{'line': 1914, 'column': 6, 'index': 52083}","  1912 |       renderToContainer(vNode);
  1913 |
> 1914 |       expect(renderCalls).toBe(1);
       |      ^ Duplicate Assert
  1915 |       expect(mapStateCalls).toBe(1);
  1916 |       store.dispatch({ type: 'APPEND', payload: 'a' });
  1917 |       renderToContainer(vNode);"
/home/gabriel/Disk/Research/research-javascript-test-smells/repositories/inferno/packages/inferno-redux/__tests__/components/connect.spec.js,Duplicate Assert,"{'line': 1915, 'column': 6, 'index': 52118}","  1913 |
  1914 |       expect(renderCalls).toBe(1);
> 1915 |       expect(mapStateCalls).toBe(1);
       |      ^ Duplicate Assert
  1916 |       store.dispatch({ type: 'APPEND', payload: 'a' });
  1917 |       renderToContainer(vNode);
  1918 |"
/home/gabriel/Disk/Research/research-javascript-test-smells/repositories/inferno/packages/inferno-redux/__tests__/components/connect.spec.js,Duplicate Assert,"{'line': 1920, 'column': 6, 'index': 52299}","  1918 |
  1919 |       // After store a change mapState has been called
> 1920 |       expect(mapStateCalls).toBe(2);
       |      ^ Duplicate Assert
  1921 |       // But render is not because it did not make any actual changes
  1922 |       expect(renderCalls).toBe(1);
  1923 |     });"
/home/gabriel/Disk/Research/research-javascript-test-smells/repositories/inferno/packages/inferno-redux/__tests__/components/connect.spec.js,Duplicate Assert,"{'line': 1922, 'column': 6, 'index': 52406}","  1920 |       expect(mapStateCalls).toBe(2);
  1921 |       // But render is not because it did not make any actual changes
> 1922 |       expect(renderCalls).toBe(1);
       |      ^ Duplicate Assert
  1923 |     });
  1924 |
  1925 |     it('should bail out early if mapState does not depend on props', () => {"
/home/gabriel/Disk/Research/research-javascript-test-smells/repositories/inferno/packages/inferno-redux/__tests__/components/connect.spec.js,Duplicate Assert,"{'line': 1922, 'column': 6, 'index': 52406}","  1920 |       expect(mapStateCalls).toBe(2);
  1921 |       // But render is not because it did not make any actual changes
> 1922 |       expect(renderCalls).toBe(1);
       |      ^ Duplicate Assert
  1923 |     });
  1924 |
  1925 |     it('should bail out early if mapState does not depend on props', () => {"
/home/gabriel/Disk/Research/research-javascript-test-smells/repositories/inferno/packages/inferno-redux/__tests__/components/connect.spec.js,Duplicate Assert,"{'line': 1956, 'column': 6, 'index': 53316}","  1954 |       renderToContainer(vNode);
  1955 |
> 1956 |       expect(renderCalls).toBe(1);
       |      ^ Duplicate Assert
  1957 |       expect(mapStateCalls).toBe(1);
  1958 |
  1959 |       store.dispatch({ type: 'APPEND', payload: 'a' });"
/home/gabriel/Disk/Research/research-javascript-test-smells/repositories/inferno/packages/inferno-redux/__tests__/components/connect.spec.js,Duplicate Assert,"{'line': 1956, 'column': 6, 'index': 53316}","  1954 |       renderToContainer(vNode);
  1955 |
> 1956 |       expect(renderCalls).toBe(1);
       |      ^ Duplicate Assert
  1957 |       expect(mapStateCalls).toBe(1);
  1958 |
  1959 |       store.dispatch({ type: 'APPEND', payload: 'a' });"
/home/gabriel/Disk/Research/research-javascript-test-smells/repositories/inferno/packages/inferno-redux/__tests__/components/connect.spec.js,Duplicate Assert,"{'line': 1957, 'column': 6, 'index': 53351}","  1955 |
  1956 |       expect(renderCalls).toBe(1);
> 1957 |       expect(mapStateCalls).toBe(1);
       |      ^ Duplicate Assert
  1958 |
  1959 |       store.dispatch({ type: 'APPEND', payload: 'a' });
  1960 |       renderToContainer(vNode);"
/home/gabriel/Disk/Research/research-javascript-test-smells/repositories/inferno/packages/inferno-redux/__tests__/components/connect.spec.js,Duplicate Assert,"{'line': 1961, 'column': 6, 'index': 53477}","  1959 |       store.dispatch({ type: 'APPEND', payload: 'a' });
  1960 |       renderToContainer(vNode);
> 1961 |       expect(mapStateCalls).toBe(2);
       |      ^ Duplicate Assert
  1962 |       expect(renderCalls).toBe(1);
  1963 |       expect(setStateCalls).toBe(0);
  1964 |"
/home/gabriel/Disk/Research/research-javascript-test-smells/repositories/inferno/packages/inferno-redux/__tests__/components/connect.spec.js,Duplicate Assert,"{'line': 1962, 'column': 6, 'index': 53514}","  1960 |       renderToContainer(vNode);
  1961 |       expect(mapStateCalls).toBe(2);
> 1962 |       expect(renderCalls).toBe(1);
       |      ^ Duplicate Assert
  1963 |       expect(setStateCalls).toBe(0);
  1964 |
  1965 |       store.dispatch({ type: 'APPEND', payload: 'a' });"
/home/gabriel/Disk/Research/research-javascript-test-smells/repositories/inferno/packages/inferno-redux/__tests__/components/connect.spec.js,Duplicate Assert,"{'line': 1962, 'column': 6, 'index': 53514}","  1960 |       renderToContainer(vNode);
  1961 |       expect(mapStateCalls).toBe(2);
> 1962 |       expect(renderCalls).toBe(1);
       |      ^ Duplicate Assert
  1963 |       expect(setStateCalls).toBe(0);
  1964 |
  1965 |       store.dispatch({ type: 'APPEND', payload: 'a' });"
/home/gabriel/Disk/Research/research-javascript-test-smells/repositories/inferno/packages/inferno-redux/__tests__/components/connect.spec.js,Duplicate Assert,"{'line': 1963, 'column': 6, 'index': 53549}","  1961 |       expect(mapStateCalls).toBe(2);
  1962 |       expect(renderCalls).toBe(1);
> 1963 |       expect(setStateCalls).toBe(0);
       |      ^ Duplicate Assert
  1964 |
  1965 |       store.dispatch({ type: 'APPEND', payload: 'a' });
  1966 |       renderToContainer(vNode);"
/home/gabriel/Disk/Research/research-javascript-test-smells/repositories/inferno/packages/inferno-redux/__tests__/components/connect.spec.js,Duplicate Assert,"{'line': 1963, 'column': 6, 'index': 53549}","  1961 |       expect(mapStateCalls).toBe(2);
  1962 |       expect(renderCalls).toBe(1);
> 1963 |       expect(setStateCalls).toBe(0);
       |      ^ Duplicate Assert
  1964 |
  1965 |       store.dispatch({ type: 'APPEND', payload: 'a' });
  1966 |       renderToContainer(vNode);"
/home/gabriel/Disk/Research/research-javascript-test-smells/repositories/inferno/packages/inferno-redux/__tests__/components/connect.spec.js,Duplicate Assert,"{'line': 1967, 'column': 6, 'index': 53675}","  1965 |       store.dispatch({ type: 'APPEND', payload: 'a' });
  1966 |       renderToContainer(vNode);
> 1967 |       expect(mapStateCalls).toBe(3);
       |      ^ Duplicate Assert
  1968 |       expect(renderCalls).toBe(1);
  1969 |       expect(setStateCalls).toBe(0);
  1970 |"
/home/gabriel/Disk/Research/research-javascript-test-smells/repositories/inferno/packages/inferno-redux/__tests__/components/connect.spec.js,Duplicate Assert,"{'line': 1968, 'column': 6, 'index': 53712}","  1966 |       renderToContainer(vNode);
  1967 |       expect(mapStateCalls).toBe(3);
> 1968 |       expect(renderCalls).toBe(1);
       |      ^ Duplicate Assert
  1969 |       expect(setStateCalls).toBe(0);
  1970 |
  1971 |       store.dispatch({ type: 'APPEND', payload: 'a' });"
/home/gabriel/Disk/Research/research-javascript-test-smells/repositories/inferno/packages/inferno-redux/__tests__/components/connect.spec.js,Duplicate Assert,"{'line': 1968, 'column': 6, 'index': 53712}","  1966 |       renderToContainer(vNode);
  1967 |       expect(mapStateCalls).toBe(3);
> 1968 |       expect(renderCalls).toBe(1);
       |      ^ Duplicate Assert
  1969 |       expect(setStateCalls).toBe(0);
  1970 |
  1971 |       store.dispatch({ type: 'APPEND', payload: 'a' });"
/home/gabriel/Disk/Research/research-javascript-test-smells/repositories/inferno/packages/inferno-redux/__tests__/components/connect.spec.js,Duplicate Assert,"{'line': 1969, 'column': 6, 'index': 53747}","  1967 |       expect(mapStateCalls).toBe(3);
  1968 |       expect(renderCalls).toBe(1);
> 1969 |       expect(setStateCalls).toBe(0);
       |      ^ Duplicate Assert
  1970 |
  1971 |       store.dispatch({ type: 'APPEND', payload: 'a' });
  1972 |       renderToContainer(vNode);"
/home/gabriel/Disk/Research/research-javascript-test-smells/repositories/inferno/packages/inferno-redux/__tests__/components/connect.spec.js,Duplicate Assert,"{'line': 1969, 'column': 6, 'index': 53747}","  1967 |       expect(mapStateCalls).toBe(3);
  1968 |       expect(renderCalls).toBe(1);
> 1969 |       expect(setStateCalls).toBe(0);
       |      ^ Duplicate Assert
  1970 |
  1971 |       store.dispatch({ type: 'APPEND', payload: 'a' });
  1972 |       renderToContainer(vNode);"
/home/gabriel/Disk/Research/research-javascript-test-smells/repositories/inferno/packages/inferno-redux/__tests__/components/connect.spec.js,Duplicate Assert,"{'line': 1973, 'column': 6, 'index': 53873}","  1971 |       store.dispatch({ type: 'APPEND', payload: 'a' });
  1972 |       renderToContainer(vNode);
> 1973 |       expect(mapStateCalls).toBe(4);
       |      ^ Duplicate Assert
  1974 |       expect(renderCalls).toBe(2);
  1975 |       expect(setStateCalls).toBe(1);
  1976 |     });"
/home/gabriel/Disk/Research/research-javascript-test-smells/repositories/inferno/packages/inferno-redux/__tests__/components/connect.spec.js,Duplicate Assert,"{'line': 1974, 'column': 6, 'index': 53910}","  1972 |       renderToContainer(vNode);
  1973 |       expect(mapStateCalls).toBe(4);
> 1974 |       expect(renderCalls).toBe(2);
       |      ^ Duplicate Assert
  1975 |       expect(setStateCalls).toBe(1);
  1976 |     });
  1977 |"
/home/gabriel/Disk/Research/research-javascript-test-smells/repositories/inferno/packages/inferno-redux/__tests__/components/connect.spec.js,Duplicate Assert,"{'line': 1975, 'column': 6, 'index': 53945}","  1973 |       expect(mapStateCalls).toBe(4);
  1974 |       expect(renderCalls).toBe(2);
> 1975 |       expect(setStateCalls).toBe(1);
       |      ^ Duplicate Assert
  1976 |     });
  1977 |
  1978 |     it('should not swallow errors when bailing out early', () => {"
/home/gabriel/Disk/Research/research-javascript-test-smells/repositories/inferno/packages/inferno-redux/__tests__/components/connect.spec.js,Duplicate Assert,"{'line': 2207, 'column': 6, 'index': 59931}","  2205 |       renderToContainer(vNode);
  2206 |
> 2207 |       expect(mapStateCalls).toBe(1);
       |      ^ Duplicate Assert
  2208 |       expect(renderCalls).toBe(1);
  2209 |
  2210 |       store.dispatch({ type: 'APPEND', payload: 'a' });"
/home/gabriel/Disk/Research/research-javascript-test-smells/repositories/inferno/packages/inferno-redux/__tests__/components/connect.spec.js,Duplicate Assert,"{'line': 2208, 'column': 6, 'index': 59968}","  2206 |
  2207 |       expect(mapStateCalls).toBe(1);
> 2208 |       expect(renderCalls).toBe(1);
       |      ^ Duplicate Assert
  2209 |
  2210 |       store.dispatch({ type: 'APPEND', payload: 'a' });
  2211 |       renderToContainer(vNode);"
/home/gabriel/Disk/Research/research-javascript-test-smells/repositories/inferno/packages/inferno-redux/__tests__/components/connect.spec.js,Duplicate Assert,"{'line': 2208, 'column': 6, 'index': 59968}","  2206 |
  2207 |       expect(mapStateCalls).toBe(1);
> 2208 |       expect(renderCalls).toBe(1);
       |      ^ Duplicate Assert
  2209 |
  2210 |       store.dispatch({ type: 'APPEND', payload: 'a' });
  2211 |       renderToContainer(vNode);"
/home/gabriel/Disk/Research/research-javascript-test-smells/repositories/inferno/packages/inferno-redux/__tests__/components/connect.spec.js,Duplicate Assert,"{'line': 2213, 'column': 6, 'index': 60093}","  2211 |       renderToContainer(vNode);
  2212 |
> 2213 |       expect(mapStateCalls).toBe(2);
       |      ^ Duplicate Assert
  2214 |       expect(renderCalls).toBe(1);
  2215 |     });
  2216 |"
/home/gabriel/Disk/Research/research-javascript-test-smells/repositories/inferno/packages/inferno-redux/__tests__/components/connect.spec.js,Duplicate Assert,"{'line': 2214, 'column': 6, 'index': 60130}","  2212 |
  2213 |       expect(mapStateCalls).toBe(2);
> 2214 |       expect(renderCalls).toBe(1);
       |      ^ Duplicate Assert
  2215 |     });
  2216 |
  2217 |     it('should update impure components with custom mergeProps', (done) => {"
/home/gabriel/Disk/Research/research-javascript-test-smells/repositories/inferno/packages/inferno-redux/__tests__/components/connect.spec.js,Duplicate Assert,"{'line': 2214, 'column': 6, 'index': 60130}","  2212 |
  2213 |       expect(mapStateCalls).toBe(2);
> 2214 |       expect(renderCalls).toBe(1);
       |      ^ Duplicate Assert
  2215 |     });
  2216 |
  2217 |     it('should update impure components with custom mergeProps', (done) => {"
/home/gabriel/Disk/Research/research-javascript-test-smells/repositories/inferno/packages/inferno-redux/__tests__/components/connect.spec.js,Duplicate Assert,"{'line': 2248, 'column': 6, 'index': 60899}","  2246 |       );
  2247 |
> 2248 |       expect(renderCount).toBe(1);
       |      ^ Duplicate Assert
  2249 |
  2250 |       setTimeout(() => {
  2251 |         expect(renderCount).toBe(2);"
/home/gabriel/Disk/Research/research-javascript-test-smells/repositories/inferno/packages/inferno-redux/__tests__/components/connect.spec.js,Duplicate Assert,"{'line': 2251, 'column': 8, 'index': 60962}","  2249 |
  2250 |       setTimeout(() => {
> 2251 |         expect(renderCount).toBe(2);
       |        ^ Duplicate Assert
  2252 |         done();
  2253 |       }, 20);
  2254 |     });"
/home/gabriel/Disk/Research/research-javascript-test-smells/repositories/inferno/packages/inferno-redux/__tests__/components/connect.spec.js,Duplicate Assert,"{'line': 2356, 'column': 6, 'index': 63728}","  2354 |
  2355 |       const error = renderWithBadConnect(InvalidMapState);
> 2356 |       expect(error).toContain('string');
       |      ^ Duplicate Assert
  2357 |       expect(error).toContain('mapStateToProps');
  2358 |       if (supportFnName) {
  2359 |         expect(error).toContain('InvalidMapState');"
/home/gabriel/Disk/Research/research-javascript-test-smells/repositories/inferno/packages/inferno-redux/__tests__/components/connect.spec.js,Duplicate Assert,"{'line': 2357, 'column': 6, 'index': 63769}","  2355 |       const error = renderWithBadConnect(InvalidMapState);
  2356 |       expect(error).toContain('string');
> 2357 |       expect(error).toContain('mapStateToProps');
       |      ^ Duplicate Assert
  2358 |       if (supportFnName) {
  2359 |         expect(error).toContain('InvalidMapState');
  2360 |       }"
/home/gabriel/Disk/Research/research-javascript-test-smells/repositories/inferno/packages/inferno-redux/__tests__/components/connect.spec.js,Duplicate Assert,"{'line': 2359, 'column': 8, 'index': 63848}","  2357 |       expect(error).toContain('mapStateToProps');
  2358 |       if (supportFnName) {
> 2359 |         expect(error).toContain('InvalidMapState');
       |        ^ Duplicate Assert
  2360 |       }
  2361 |     });
  2362 |"
/home/gabriel/Disk/Research/research-javascript-test-smells/repositories/inferno/packages/inferno-redux/__tests__/components/connect.spec.js,Duplicate Assert,"{'line': 2376, 'column': 6, 'index': 64284}","  2374 |
  2375 |       const error = renderWithBadConnect(InvalidMapDispatch);
> 2376 |       expect(error).toContain('string');
       |      ^ Duplicate Assert
  2377 |       expect(error).toContain('mapDispatchToProps');
  2378 |       if (supportFnName) {
  2379 |         expect(error).toContain('InvalidMapDispatch');"
/home/gabriel/Disk/Research/research-javascript-test-smells/repositories/inferno/packages/inferno-redux/__tests__/components/connect.spec.js,Duplicate Assert,"{'line': 2377, 'column': 6, 'index': 64325}","  2375 |       const error = renderWithBadConnect(InvalidMapDispatch);
  2376 |       expect(error).toContain('string');
> 2377 |       expect(error).toContain('mapDispatchToProps');
       |      ^ Duplicate Assert
  2378 |       if (supportFnName) {
  2379 |         expect(error).toContain('InvalidMapDispatch');
  2380 |       }"
/home/gabriel/Disk/Research/research-javascript-test-smells/repositories/inferno/packages/inferno-redux/__tests__/components/connect.spec.js,Duplicate Assert,"{'line': 2379, 'column': 8, 'index': 64407}","  2377 |       expect(error).toContain('mapDispatchToProps');
  2378 |       if (supportFnName) {
> 2379 |         expect(error).toContain('InvalidMapDispatch');
       |        ^ Duplicate Assert
  2380 |       }
  2381 |     });
  2382 |"
/home/gabriel/Disk/Research/research-javascript-test-smells/repositories/inferno/packages/inferno-redux/__tests__/components/connect.spec.js,Duplicate Assert,"{'line': 2397, 'column': 6, 'index': 64834}","  2395 |
  2396 |       const error = renderWithBadConnect(InvalidMerge);
> 2397 |       expect(error).toContain('string');
       |      ^ Duplicate Assert
  2398 |       expect(error).toContain('mergeProps');
  2399 |     });
  2400 |"
/home/gabriel/Disk/Research/research-javascript-test-smells/repositories/inferno/packages/inferno-redux/__tests__/components/connect.spec.js,Duplicate Assert,"{'line': 2398, 'column': 6, 'index': 64875}","  2396 |       const error = renderWithBadConnect(InvalidMerge);
  2397 |       expect(error).toContain('string');
> 2398 |       expect(error).toContain('mergeProps');
       |      ^ Duplicate Assert
  2399 |     });
  2400 |
  2401 |     it('should notify nested components through a blocking component', () => {"
/home/gabriel/Disk/Research/research-javascript-test-smells/repositories/inferno/packages/inferno-redux/__tests__/components/connect.spec.js,Duplicate Assert,"{'line': 2449, 'column': 6, 'index': 66067}","  2447 |       renderToContainer(vNode);
  2448 |
> 2449 |       expect(mapStateCalls).toBe(1);
       |      ^ Duplicate Assert
  2450 |       store.dispatch({ type: 'INC' });
  2451 |       renderToContainer(vNode);
  2452 |       expect(mapStateCalls).toBe(2);"
/home/gabriel/Disk/Research/research-javascript-test-smells/repositories/inferno/packages/inferno-redux/__tests__/components/connect.spec.js,Duplicate Assert,"{'line': 2452, 'column': 6, 'index': 66175}","  2450 |       store.dispatch({ type: 'INC' });
  2451 |       renderToContainer(vNode);
> 2452 |       expect(mapStateCalls).toBe(2);
       |      ^ Duplicate Assert
  2453 |     });
  2454 |
  2455 |     it('should subscribe properly when a middle connected component does not subscribe', () => {"
/home/gabriel/Disk/Research/research-javascript-test-smells/repositories/inferno/packages/inferno-redux/__tests__/components/connect.spec.js,Duplicate Assert,"{'line': 2547, 'column': 6, 'index': 68716}","  2545 |       renderToContainer(vNode);
  2546 |
> 2547 |       expect(mapStateToPropsB).toHaveBeenCalledTimes(1);
       |      ^ Duplicate Assert
  2548 |       expect(mapStateToPropsC).toHaveBeenCalledTimes(1);
  2549 |       expect(mapStateToPropsD).toHaveBeenCalledTimes(1);
  2550 |"
/home/gabriel/Disk/Research/research-javascript-test-smells/repositories/inferno/packages/inferno-redux/__tests__/components/connect.spec.js,Duplicate Assert,"{'line': 2548, 'column': 6, 'index': 68773}","  2546 |
  2547 |       expect(mapStateToPropsB).toHaveBeenCalledTimes(1);
> 2548 |       expect(mapStateToPropsC).toHaveBeenCalledTimes(1);
       |      ^ Duplicate Assert
  2549 |       expect(mapStateToPropsD).toHaveBeenCalledTimes(1);
  2550 |
  2551 |       store1.dispatch({ type: 'INC' });"
/home/gabriel/Disk/Research/research-javascript-test-smells/repositories/inferno/packages/inferno-redux/__tests__/components/connect.spec.js,Duplicate Assert,"{'line': 2549, 'column': 6, 'index': 68830}","  2547 |       expect(mapStateToPropsB).toHaveBeenCalledTimes(1);
  2548 |       expect(mapStateToPropsC).toHaveBeenCalledTimes(1);
> 2549 |       expect(mapStateToPropsD).toHaveBeenCalledTimes(1);
       |      ^ Duplicate Assert
  2550 |
  2551 |       store1.dispatch({ type: 'INC' });
  2552 |       renderToContainer(vNode);"
/home/gabriel/Disk/Research/research-javascript-test-smells/repositories/inferno/packages/inferno-redux/__tests__/components/connect.spec.js,Duplicate Assert,"{'line': 2553, 'column': 6, 'index': 68960}","  2551 |       store1.dispatch({ type: 'INC' });
  2552 |       renderToContainer(vNode);
> 2553 |       expect(mapStateToPropsB).toHaveBeenCalledTimes(1);
       |      ^ Duplicate Assert
  2554 |       expect(mapStateToPropsC).toHaveBeenCalledTimes(1);
  2555 |       expect(mapStateToPropsD).toHaveBeenCalledTimes(2);
  2556 |"
/home/gabriel/Disk/Research/research-javascript-test-smells/repositories/inferno/packages/inferno-redux/__tests__/components/connect.spec.js,Duplicate Assert,"{'line': 2554, 'column': 6, 'index': 69017}","  2552 |       renderToContainer(vNode);
  2553 |       expect(mapStateToPropsB).toHaveBeenCalledTimes(1);
> 2554 |       expect(mapStateToPropsC).toHaveBeenCalledTimes(1);
       |      ^ Duplicate Assert
  2555 |       expect(mapStateToPropsD).toHaveBeenCalledTimes(2);
  2556 |
  2557 |       store2.dispatch({ type: 'INC' });"
/home/gabriel/Disk/Research/research-javascript-test-smells/repositories/inferno/packages/inferno-redux/__tests__/components/connect.spec.js,Duplicate Assert,"{'line': 2555, 'column': 6, 'index': 69074}","  2553 |       expect(mapStateToPropsB).toHaveBeenCalledTimes(1);
  2554 |       expect(mapStateToPropsC).toHaveBeenCalledTimes(1);
> 2555 |       expect(mapStateToPropsD).toHaveBeenCalledTimes(2);
       |      ^ Duplicate Assert
  2556 |
  2557 |       store2.dispatch({ type: 'INC' });
  2558 |       renderToContainer(vNode);"
/home/gabriel/Disk/Research/research-javascript-test-smells/repositories/inferno/packages/inferno-redux/__tests__/components/connect.spec.js,Duplicate Assert,"{'line': 2559, 'column': 6, 'index': 69204}","  2557 |       store2.dispatch({ type: 'INC' });
  2558 |       renderToContainer(vNode);
> 2559 |       expect(mapStateToPropsB).toHaveBeenCalledTimes(2);
       |      ^ Duplicate Assert
  2560 |       expect(mapStateToPropsC).toHaveBeenCalledTimes(2);
  2561 |       expect(mapStateToPropsD).toHaveBeenCalledTimes(2);
  2562 |     });"
/home/gabriel/Disk/Research/research-javascript-test-smells/repositories/inferno/packages/inferno-redux/__tests__/components/connect.spec.js,Duplicate Assert,"{'line': 2560, 'column': 6, 'index': 69261}","  2558 |       renderToContainer(vNode);
  2559 |       expect(mapStateToPropsB).toHaveBeenCalledTimes(2);
> 2560 |       expect(mapStateToPropsC).toHaveBeenCalledTimes(2);
       |      ^ Duplicate Assert
  2561 |       expect(mapStateToPropsD).toHaveBeenCalledTimes(2);
  2562 |     });
  2563 |   });"
/home/gabriel/Disk/Research/research-javascript-test-smells/repositories/inferno/packages/inferno-redux/__tests__/components/connect.spec.js,Duplicate Assert,"{'line': 2561, 'column': 6, 'index': 69318}","  2559 |       expect(mapStateToPropsB).toHaveBeenCalledTimes(2);
  2560 |       expect(mapStateToPropsC).toHaveBeenCalledTimes(2);
> 2561 |       expect(mapStateToPropsD).toHaveBeenCalledTimes(2);
       |      ^ Duplicate Assert
  2562 |     });
  2563 |   });
  2564 | });"
/home/gabriel/Disk/Research/research-javascript-test-smells/repositories/inferno/packages/inferno-redux/__tests__/components/connect.spec.js,Exception Handling,"{'line': 1108, 'column': 6, 'index': 28080}","  1106 |       );
  1107 |
> 1108 |       try {
       |      ^ Exception Handling
  1109 |         store.dispatch({ type: 'APPEND', payload: 'A' });
  1110 |       } finally {
  1111 |         unmountDOM(div);"
/home/gabriel/Disk/Research/research-javascript-test-smells/repositories/inferno/packages/inferno-redux/__tests__/components/connect.spec.js,Exception Handling,"{'line': 1178, 'column': 14, 'index': 29794}","  1176 |               return <B />;
  1177 |             default:
> 1178 |               throw new Error('Unknown location: ' + location);
       |              ^ Exception Handling
  1179 |           }
  1180 |         }
  1181 |"
/home/gabriel/Disk/Research/research-javascript-test-smells/repositories/inferno/packages/inferno-redux/__tests__/components/connect.spec.js,Exception Handling,"{'line': 1986, 'column': 10, 'index': 54266}","  1984 |         mapStateCalls++;
  1985 |         if (state === 'a') {
> 1986 |           throw new Error('Oops');
       |          ^ Exception Handling
  1987 |         } else {
  1988 |           return {};
  1989 |         }"
/home/gabriel/Disk/Research/research-javascript-test-smells/repositories/inferno/packages/inferno-redux/__tests__/components/connect.spec.js,Magic Number,"{'line': 153, 'column': 34, 'index': 3892}","  151 |       expect(stub.props.pass).toBe('through');
  152 |       expect(stub.props.foo).toBe('bar');
> 153 |       expect(stub.props.baz).toBe(42);
      |                                  ^ Magic Number
  154 |       expect(stub.props.hello).toBe(undefined);
  155 |       findRenderedVNodeWithType(tree, Container);
  156 |     });"
/home/gabriel/Disk/Research/research-javascript-test-smells/repositories/inferno/packages/inferno-redux/__tests__/components/connect.spec.js,Magic Number,"{'line': 234, 'column': 37, 'index': 6251}","  232 |       const tree = renderToContainer(vNode);
  233 |
> 234 |       expect(spy.calls.count()).toBe(0);
      |                                     ^ Magic Number
  235 |
  236 |       const stub = findRenderedVNodeWithType(tree, Passthrough).children;
  237 |       expect(stub.props.string).toBe('');"
/home/gabriel/Disk/Research/research-javascript-test-smells/repositories/inferno/packages/inferno-redux/__tests__/components/connect.spec.js,Magic Number,"{'line': 664, 'column': 35, 'index': 17337}","  662 |       outerComponent.setFoo('DID');
  663 |
> 664 |       expect(invocationCount).toBe(1);
      |                                   ^ Magic Number
  665 |     });
  666 |
  667 |     it('should invoke mapState every time props are changed if it has zero arguments', () => {"
/home/gabriel/Disk/Research/research-javascript-test-smells/repositories/inferno/packages/inferno-redux/__tests__/components/connect.spec.js,Magic Number,"{'line': 718, 'column': 35, 'index': 18575}","  716 |       outerComponent.setFoo('DID');
  717 |       renderToContainer(vNode);
> 718 |       expect(invocationCount).toBe(3);
      |                                   ^ Magic Number
  719 |     });
  720 |
  721 |     it('should invoke mapState every time props are changed if it has a second argument', () => {"
/home/gabriel/Disk/Research/research-javascript-test-smells/repositories/inferno/packages/inferno-redux/__tests__/components/connect.spec.js,Magic Number,"{'line': 775, 'column': 35, 'index': 19886}","  773 |       renderToContainer(vNode);
  774 |
> 775 |       expect(invocationCount).toBe(3);
      |                                   ^ Magic Number
  776 |       expect(propsPassedIn).toEqual({
  777 |         foo: 'BAZ',
  778 |       });"
/home/gabriel/Disk/Research/research-javascript-test-smells/repositories/inferno/packages/inferno-redux/__tests__/components/connect.spec.js,Magic Number,"{'line': 830, 'column': 35, 'index': 21111}","  828 |       outerComponent.setFoo('DID');
  829 |
> 830 |       expect(invocationCount).toBe(1);
      |                                   ^ Magic Number
  831 |     });
  832 |
  833 |     it('should invoke mapDispatch every time props are changed if it has zero arguments', () => {"
/home/gabriel/Disk/Research/research-javascript-test-smells/repositories/inferno/packages/inferno-redux/__tests__/components/connect.spec.js,Magic Number,"{'line': 884, 'column': 35, 'index': 22358}","  882 |       outerComponent.setFoo('DID');
  883 |       renderToContainer(vNode);
> 884 |       expect(invocationCount).toBe(3);
      |                                   ^ Magic Number
  885 |     });
  886 |
  887 |     it('should invoke mapDispatch every time props are changed if it has a second argument', () => {"
/home/gabriel/Disk/Research/research-javascript-test-smells/repositories/inferno/packages/inferno-redux/__tests__/components/connect.spec.js,Magic Number,"{'line': 941, 'column': 35, 'index': 23678}","  939 |       renderToContainer(vNode);
  940 |
> 941 |       expect(invocationCount).toBe(3);
      |                                   ^ Magic Number
  942 |       expect(propsPassedIn).toEqual({
  943 |         foo: 'BAZ',
  944 |       });"
/home/gabriel/Disk/Research/research-javascript-test-smells/repositories/inferno/packages/inferno-redux/__tests__/components/connect.spec.js,Magic Number,"{'line': 1018, 'column': 36, 'index': 25856}","  1016 |       );
  1017 |
> 1018 |       expect(unsubscribeCalls).toBe(0);
       |                                    ^ Magic Number
  1019 |       unmountDOM(div);
  1020 |       expect(unsubscribeCalls).toBe(1);
  1021 |     });"
/home/gabriel/Disk/Research/research-javascript-test-smells/repositories/inferno/packages/inferno-redux/__tests__/components/connect.spec.js,Magic Number,"{'line': 1020, 'column': 36, 'index': 25919}","  1018 |       expect(unsubscribeCalls).toBe(0);
  1019 |       unmountDOM(div);
> 1020 |       expect(unsubscribeCalls).toBe(1);
       |                                    ^ Magic Number
  1021 |     });
  1022 |
  1023 |     it('should not attempt to set state after unmounting', () => {"
/home/gabriel/Disk/Research/research-javascript-test-smells/repositories/inferno/packages/inferno-redux/__tests__/components/connect.spec.js,Magic Number,"{'line': 1049, 'column': 40, 'index': 26642}","  1047 |       );
  1048 |
> 1049 |       expect(mapStateToPropsCalls).toBe(1);
       |                                        ^ Magic Number
  1050 |       const spy = spyOn(console, 'error');
  1051 |
  1052 |       store.dispatch({ type: 'APPEND', payload: 'a' });"
/home/gabriel/Disk/Research/research-javascript-test-smells/repositories/inferno/packages/inferno-redux/__tests__/components/connect.spec.js,Magic Number,"{'line': 1053, 'column': 37, 'index': 26783}","  1051 |
  1052 |       store.dispatch({ type: 'APPEND', payload: 'a' });
> 1053 |       expect(spy.calls.count()).toBe(0);
       |                                     ^ Magic Number
  1054 |       expect(mapStateToPropsCalls).toBe(1);
  1055 |     });
  1056 |"
/home/gabriel/Disk/Research/research-javascript-test-smells/repositories/inferno/packages/inferno-redux/__tests__/components/connect.spec.js,Magic Number,"{'line': 1054, 'column': 40, 'index': 26827}","  1052 |       store.dispatch({ type: 'APPEND', payload: 'a' });
  1053 |       expect(spy.calls.count()).toBe(0);
> 1054 |       expect(mapStateToPropsCalls).toBe(1);
       |                                        ^ Magic Number
  1055 |     });
  1056 |
  1057 |     it('should not attempt to notify unmounted child of state change', () => {"
/home/gabriel/Disk/Research/research-javascript-test-smells/repositories/inferno/packages/inferno-redux/__tests__/components/connect.spec.js,Magic Number,"{'line': 1208, 'column': 40, 'index': 30521}","  1206 |
  1207 |       const spy = spyOn(console, 'error');
> 1208 |       expect(mapStateToPropsCalls).toBe(1);
       |                                        ^ Magic Number
  1209 |       linkA.click();
  1210 |       render(vNode, div);
  1211 |       expect(mapStateToPropsCalls).toBe(2);"
/home/gabriel/Disk/Research/research-javascript-test-smells/repositories/inferno/packages/inferno-redux/__tests__/components/connect.spec.js,Magic Number,"{'line': 1211, 'column': 40, 'index': 30612}","  1209 |       linkA.click();
  1210 |       render(vNode, div);
> 1211 |       expect(mapStateToPropsCalls).toBe(2);
       |                                        ^ Magic Number
  1212 |       linkB.click();
  1213 |       render(vNode, div);
  1214 |"
/home/gabriel/Disk/Research/research-javascript-test-smells/repositories/inferno/packages/inferno-redux/__tests__/components/connect.spec.js,Magic Number,"{'line': 1215, 'column': 40, 'index': 30704}","  1213 |       render(vNode, div);
  1214 |
> 1215 |       expect(mapStateToPropsCalls).toBe(3);
       |                                        ^ Magic Number
  1216 |       linkB.click();
  1217 |       render(vNode, div);
  1218 |"
/home/gabriel/Disk/Research/research-javascript-test-smells/repositories/inferno/packages/inferno-redux/__tests__/components/connect.spec.js,Magic Number,"{'line': 1219, 'column': 37, 'index': 30793}","  1217 |       render(vNode, div);
  1218 |
> 1219 |       expect(spy.calls.count()).toBe(0);
       |                                     ^ Magic Number
  1220 |
  1221 |       unmountDOM(div);
  1222 |       document.body.removeChild(div);"
/home/gabriel/Disk/Research/research-javascript-test-smells/repositories/inferno/packages/inferno-redux/__tests__/components/connect.spec.js,Magic Number,"{'line': 1223, 'column': 40, 'index': 30899}","  1221 |       unmountDOM(div);
  1222 |       document.body.removeChild(div);
> 1223 |       expect(mapStateToPropsCalls).toBe(3);
       |                                        ^ Magic Number
  1224 |     });
  1225 |
  1226 |     it('should not attempt to set state when dispatching in componentWillUnmount', () => {"
/home/gabriel/Disk/Research/research-javascript-test-smells/repositories/inferno/packages/inferno-redux/__tests__/components/connect.spec.js,Magic Number,"{'line': 1253, 'column': 40, 'index': 31701}","  1251 |       );
  1252 |
> 1253 |       expect(mapStateToPropsCalls).toBe(1);
       |                                        ^ Magic Number
  1254 |
  1255 |       const spy = spyOn(console, 'error');
  1256 |"
/home/gabriel/Disk/Research/research-javascript-test-smells/repositories/inferno/packages/inferno-redux/__tests__/components/connect.spec.js,Magic Number,"{'line': 1259, 'column': 37, 'index': 31811}","  1257 |       unmountDOM(div);
  1258 |
> 1259 |       expect(spy.calls.count()).toBe(0);
       |                                     ^ Magic Number
  1260 |
  1261 |       expect(mapStateToPropsCalls).toBe(1);
  1262 |     });"
/home/gabriel/Disk/Research/research-javascript-test-smells/repositories/inferno/packages/inferno-redux/__tests__/components/connect.spec.js,Magic Number,"{'line': 1261, 'column': 40, 'index': 31856}","  1259 |       expect(spy.calls.count()).toBe(0);
  1260 |
> 1261 |       expect(mapStateToPropsCalls).toBe(1);
       |                                        ^ Magic Number
  1262 |     });
  1263 |
  1264 |     it('should shallowly compare the selected state to prevent unnecessary updates', () => {"
/home/gabriel/Disk/Research/research-javascript-test-smells/repositories/inferno/packages/inferno-redux/__tests__/components/connect.spec.js,Magic Number,"{'line': 1290, 'column': 35, 'index': 32658}","  1288 |
  1289 |       const stub = findRenderedVNodeWithType(tree, Passthrough).children;
> 1290 |       expect(renderCallCount).toBe(1);
       |                                   ^ Magic Number
  1291 |       expect(stub.props.string).toBe('');
  1292 |       store.dispatch({ type: 'APPEND', payload: 'a' });
  1293 |       renderToContainer(vNode);"
/home/gabriel/Disk/Research/research-javascript-test-smells/repositories/inferno/packages/inferno-redux/__tests__/components/connect.spec.js,Magic Number,"{'line': 1294, 'column': 35, 'index': 32827}","  1292 |       store.dispatch({ type: 'APPEND', payload: 'a' });
  1293 |       renderToContainer(vNode);
> 1294 |       expect(renderCallCount).toBe(2);
       |                                   ^ Magic Number
  1295 |       store.dispatch({ type: 'APPEND', payload: 'b' });
  1296 |       renderToContainer(vNode);
  1297 |       expect(renderCallCount).toBe(3);"
/home/gabriel/Disk/Research/research-javascript-test-smells/repositories/inferno/packages/inferno-redux/__tests__/components/connect.spec.js,Magic Number,"{'line': 1297, 'column': 35, 'index': 32954}","  1295 |       store.dispatch({ type: 'APPEND', payload: 'b' });
  1296 |       renderToContainer(vNode);
> 1297 |       expect(renderCallCount).toBe(3);
       |                                   ^ Magic Number
  1298 |       store.dispatch({ type: 'APPEND', payload: '' });
  1299 |       renderToContainer(vNode);
  1300 |       expect(renderCallCount).toBe(3);"
/home/gabriel/Disk/Research/research-javascript-test-smells/repositories/inferno/packages/inferno-redux/__tests__/components/connect.spec.js,Magic Number,"{'line': 1300, 'column': 35, 'index': 33080}","  1298 |       store.dispatch({ type: 'APPEND', payload: '' });
  1299 |       renderToContainer(vNode);
> 1300 |       expect(renderCallCount).toBe(3);
       |                                   ^ Magic Number
  1301 |     });
  1302 |
  1303 |     it('should shallowly compare the merged state to prevent unnecessary updates', () => {"
/home/gabriel/Disk/Research/research-javascript-test-smells/repositories/inferno/packages/inferno-redux/__tests__/components/connect.spec.js,Magic Number,"{'line': 1347, 'column': 35, 'index': 34343}","  1345 |       const stub = findRenderedVNodeWithType(rootStub, Passthrough).children;
  1346 |
> 1347 |       expect(renderCallCount).toBe(1);
       |                                   ^ Magic Number
  1348 |       expect(stub.props.string).toBe('');
  1349 |       expect(stub.props.pass).toBe('');
  1350 |"
/home/gabriel/Disk/Research/research-javascript-test-smells/repositories/inferno/packages/inferno-redux/__tests__/components/connect.spec.js,Magic Number,"{'line': 1353, 'column': 35, 'index': 34553}","  1351 |       store.dispatch({ type: 'APPEND', payload: 'a' });
  1352 |       renderToContainer(vNode);
> 1353 |       expect(renderCallCount).toBe(2);
       |                                   ^ Magic Number
  1354 |       expect(stub.props.string).toBe('a');
  1355 |       expect(stub.props.pass).toBe('');
  1356 |"
/home/gabriel/Disk/Research/research-javascript-test-smells/repositories/inferno/packages/inferno-redux/__tests__/components/connect.spec.js,Magic Number,"{'line': 1359, 'column': 35, 'index': 34747}","  1357 |       rootStub.setState({ pass: '' });
  1358 |       renderToContainer(vNode);
> 1359 |       expect(renderCallCount).toBe(2);
       |                                   ^ Magic Number
  1360 |       expect(stub.props.string).toBe('a');
  1361 |       expect(stub.props.pass).toBe('');
  1362 |"
/home/gabriel/Disk/Research/research-javascript-test-smells/repositories/inferno/packages/inferno-redux/__tests__/components/connect.spec.js,Magic Number,"{'line': 1365, 'column': 35, 'index': 34948}","  1363 |       rootStub.setState({ pass: 'through' });
  1364 |       renderToContainer(vNode);
> 1365 |       expect(renderCallCount).toBe(3);
       |                                   ^ Magic Number
  1366 |       expect(stub.props.string).toBe('a');
  1367 |       expect(stub.props.pass).toBe('through');
  1368 |"
/home/gabriel/Disk/Research/research-javascript-test-smells/repositories/inferno/packages/inferno-redux/__tests__/components/connect.spec.js,Magic Number,"{'line': 1371, 'column': 35, 'index': 35156}","  1369 |       rootStub.setState({ pass: 'through' });
  1370 |       renderToContainer(vNode);
> 1371 |       expect(renderCallCount).toBe(3);
       |                                   ^ Magic Number
  1372 |       expect(stub.props.string).toBe('a');
  1373 |       expect(stub.props.pass).toBe('through');
  1374 |"
/home/gabriel/Disk/Research/research-javascript-test-smells/repositories/inferno/packages/inferno-redux/__tests__/components/connect.spec.js,Magic Number,"{'line': 1378, 'column': 35, 'index': 35393}","  1376 |       rootStub.setState({ pass: obj });
  1377 |       renderToContainer(vNode);
> 1378 |       expect(renderCallCount).toBe(4);
       |                                   ^ Magic Number
  1379 |       expect(stub.props.string).toBe('a');
  1380 |       expect(stub.props.pass).toBe(obj);
  1381 |"
/home/gabriel/Disk/Research/research-javascript-test-smells/repositories/inferno/packages/inferno-redux/__tests__/components/connect.spec.js,Magic Number,"{'line': 1384, 'column': 35, 'index': 35589}","  1382 |       rootStub.setState({ pass: obj });
  1383 |       renderToContainer(vNode);
> 1384 |       expect(renderCallCount).toBe(4);
       |                                   ^ Magic Number
  1385 |       expect(stub.props.string).toBe('a');
  1386 |       expect(stub.props.pass).toBe(obj);
  1387 |"
/home/gabriel/Disk/Research/research-javascript-test-smells/repositories/inferno/packages/inferno-redux/__tests__/components/connect.spec.js,Magic Number,"{'line': 1391, 'column': 35, 'index': 35834}","  1389 |       rootStub.setState({ pass: obj2 });
  1390 |       renderToContainer(vNode);
> 1391 |       expect(renderCallCount).toBe(5);
       |                                   ^ Magic Number
  1392 |       expect(stub.props.string).toBe('a');
  1393 |       expect(stub.props.pass).toBe(obj2);
  1394 |"
/home/gabriel/Disk/Research/research-javascript-test-smells/repositories/inferno/packages/inferno-redux/__tests__/components/connect.spec.js,Magic Number,"{'line': 1398, 'column': 35, 'index': 36061}","  1396 |       rootStub.setState({ pass: obj2 });
  1397 |       renderToContainer(vNode);
> 1398 |       expect(renderCallCount).toBe(5);
       |                                   ^ Magic Number
  1399 |       expect(stub.props.string).toBe('a');
  1400 |       expect(stub.props.passVal).toBe('otherval');
  1401 |     });"
/home/gabriel/Disk/Research/research-javascript-test-smells/repositories/inferno/packages/inferno-redux/__tests__/components/connect.spec.js,Magic Number,"{'line': 1748, 'column': 46, 'index': 47481}","  1746 |       const target = findRenderedVNodeWithType(tree, Passthrough).children;
  1747 |       const wrapper = findRenderedVNodeWithType(tree, StatefulWrapper).children;
> 1748 |       expect(target.props.statefulValue).toBe(0);
       |                                              ^ Magic Number
  1749 |
  1750 |       wrapper.setState({ value: 1 });
  1751 |       renderToContainer(vNode);"
/home/gabriel/Disk/Research/research-javascript-test-smells/repositories/inferno/packages/inferno-redux/__tests__/components/connect.spec.js,Magic Number,"{'line': 1752, 'column': 46, 'index': 47602}","  1750 |       wrapper.setState({ value: 1 });
  1751 |       renderToContainer(vNode);
> 1752 |       expect(target.props.statefulValue).toBe(1);
       |                                              ^ Magic Number
  1753 |     });
  1754 |
  1755 |     it('calls mapState and mapDispatch for impure components', () => {"
/home/gabriel/Disk/Research/research-javascript-test-smells/repositories/inferno/packages/inferno-redux/__tests__/components/connect.spec.js,Magic Number,"{'line': 1806, 'column': 40, 'index': 48998}","  1804 |       const wrapper = findRenderedVNodeWithType(tree, StatefulWrapper).children;
  1805 |
> 1806 |       expect(mapStateToPropsCalls).toBe(2);
       |                                        ^ Magic Number
  1807 |       expect(mapDispatchToPropsCalls).toBe(2);
  1808 |       expect(target.props.statefulValue).toBe('foo');
  1809 |"
/home/gabriel/Disk/Research/research-javascript-test-smells/repositories/inferno/packages/inferno-redux/__tests__/components/connect.spec.js,Magic Number,"{'line': 1807, 'column': 43, 'index': 49045}","  1805 |
  1806 |       expect(mapStateToPropsCalls).toBe(2);
> 1807 |       expect(mapDispatchToPropsCalls).toBe(2);
       |                                           ^ Magic Number
  1808 |       expect(target.props.statefulValue).toBe('foo');
  1809 |
  1810 |       // Impure update"
/home/gabriel/Disk/Research/research-javascript-test-smells/repositories/inferno/packages/inferno-redux/__tests__/components/connect.spec.js,Magic Number,"{'line': 1815, 'column': 40, 'index': 49298}","  1813 |       wrapper.setState({ storeGetter });
  1814 |
> 1815 |       expect(mapStateToPropsCalls).toBe(3);
       |                                        ^ Magic Number
  1816 |       expect(mapDispatchToPropsCalls).toBe(3);
  1817 |       expect(target.props.statefulValue).toBe('bar');
  1818 |     });"
/home/gabriel/Disk/Research/research-javascript-test-smells/repositories/inferno/packages/inferno-redux/__tests__/components/connect.spec.js,Magic Number,"{'line': 1816, 'column': 43, 'index': 49345}","  1814 |
  1815 |       expect(mapStateToPropsCalls).toBe(3);
> 1816 |       expect(mapDispatchToPropsCalls).toBe(3);
       |                                           ^ Magic Number
  1817 |       expect(target.props.statefulValue).toBe('bar');
  1818 |     });
  1819 |"
/home/gabriel/Disk/Research/research-javascript-test-smells/repositories/inferno/packages/inferno-redux/__tests__/components/connect.spec.js,Magic Number,"{'line': 1873, 'column': 40, 'index': 50927}","  1871 |       const tree = renderToContainer(vNode);
  1872 |
> 1873 |       expect(childMapStateInvokes).toBe(1);
       |                                        ^ Magic Number
  1874 |
  1875 |       store.dispatch({ type: 'APPEND', payload: 'c' });
  1876 |       renderToContainer(vNode);"
/home/gabriel/Disk/Research/research-javascript-test-smells/repositories/inferno/packages/inferno-redux/__tests__/components/connect.spec.js,Magic Number,"{'line': 1877, 'column': 40, 'index': 51060}","  1875 |       store.dispatch({ type: 'APPEND', payload: 'c' });
  1876 |       renderToContainer(vNode);
> 1877 |       expect(childMapStateInvokes).toBe(2);
       |                                        ^ Magic Number
  1878 |
  1879 |       const container = findRenderedVNodeWithType(tree, Container).children;
  1880 |       const button = container.getWrappedInstance().button;"
/home/gabriel/Disk/Research/research-javascript-test-smells/repositories/inferno/packages/inferno-redux/__tests__/components/connect.spec.js,Magic Number,"{'line': 1883, 'column': 40, 'index': 51296}","  1881 |       button.click();
  1882 |       renderToContainer(vNode);
> 1883 |       expect(childMapStateInvokes).toBe(3);
       |                                        ^ Magic Number
  1884 |
  1885 |       store.dispatch({ type: 'APPEND', payload: 'd' });
  1886 |       renderToContainer(vNode);"
/home/gabriel/Disk/Research/research-javascript-test-smells/repositories/inferno/packages/inferno-redux/__tests__/components/connect.spec.js,Magic Number,"{'line': 1887, 'column': 40, 'index': 51429}","  1885 |       store.dispatch({ type: 'APPEND', payload: 'd' });
  1886 |       renderToContainer(vNode);
> 1887 |       expect(childMapStateInvokes).toBe(4);
       |                                        ^ Magic Number
  1888 |     });
  1889 |
  1890 |     it('should not render the wrapped component when mapState does not produce change', () => {"
/home/gabriel/Disk/Research/research-javascript-test-smells/repositories/inferno/packages/inferno-redux/__tests__/components/connect.spec.js,Magic Number,"{'line': 1914, 'column': 31, 'index': 52108}","  1912 |       renderToContainer(vNode);
  1913 |
> 1914 |       expect(renderCalls).toBe(1);
       |                               ^ Magic Number
  1915 |       expect(mapStateCalls).toBe(1);
  1916 |       store.dispatch({ type: 'APPEND', payload: 'a' });
  1917 |       renderToContainer(vNode);"
/home/gabriel/Disk/Research/research-javascript-test-smells/repositories/inferno/packages/inferno-redux/__tests__/components/connect.spec.js,Magic Number,"{'line': 1915, 'column': 33, 'index': 52145}","  1913 |
  1914 |       expect(renderCalls).toBe(1);
> 1915 |       expect(mapStateCalls).toBe(1);
       |                                 ^ Magic Number
  1916 |       store.dispatch({ type: 'APPEND', payload: 'a' });
  1917 |       renderToContainer(vNode);
  1918 |"
/home/gabriel/Disk/Research/research-javascript-test-smells/repositories/inferno/packages/inferno-redux/__tests__/components/connect.spec.js,Magic Number,"{'line': 1920, 'column': 33, 'index': 52326}","  1918 |
  1919 |       // After store a change mapState has been called
> 1920 |       expect(mapStateCalls).toBe(2);
       |                                 ^ Magic Number
  1921 |       // But render is not because it did not make any actual changes
  1922 |       expect(renderCalls).toBe(1);
  1923 |     });"
/home/gabriel/Disk/Research/research-javascript-test-smells/repositories/inferno/packages/inferno-redux/__tests__/components/connect.spec.js,Magic Number,"{'line': 1922, 'column': 31, 'index': 52431}","  1920 |       expect(mapStateCalls).toBe(2);
  1921 |       // But render is not because it did not make any actual changes
> 1922 |       expect(renderCalls).toBe(1);
       |                               ^ Magic Number
  1923 |     });
  1924 |
  1925 |     it('should bail out early if mapState does not depend on props', () => {"
/home/gabriel/Disk/Research/research-javascript-test-smells/repositories/inferno/packages/inferno-redux/__tests__/components/connect.spec.js,Magic Number,"{'line': 1956, 'column': 31, 'index': 53341}","  1954 |       renderToContainer(vNode);
  1955 |
> 1956 |       expect(renderCalls).toBe(1);
       |                               ^ Magic Number
  1957 |       expect(mapStateCalls).toBe(1);
  1958 |
  1959 |       store.dispatch({ type: 'APPEND', payload: 'a' });"
/home/gabriel/Disk/Research/research-javascript-test-smells/repositories/inferno/packages/inferno-redux/__tests__/components/connect.spec.js,Magic Number,"{'line': 1957, 'column': 33, 'index': 53378}","  1955 |
  1956 |       expect(renderCalls).toBe(1);
> 1957 |       expect(mapStateCalls).toBe(1);
       |                                 ^ Magic Number
  1958 |
  1959 |       store.dispatch({ type: 'APPEND', payload: 'a' });
  1960 |       renderToContainer(vNode);"
/home/gabriel/Disk/Research/research-javascript-test-smells/repositories/inferno/packages/inferno-redux/__tests__/components/connect.spec.js,Magic Number,"{'line': 1961, 'column': 33, 'index': 53504}","  1959 |       store.dispatch({ type: 'APPEND', payload: 'a' });
  1960 |       renderToContainer(vNode);
> 1961 |       expect(mapStateCalls).toBe(2);
       |                                 ^ Magic Number
  1962 |       expect(renderCalls).toBe(1);
  1963 |       expect(setStateCalls).toBe(0);
  1964 |"
/home/gabriel/Disk/Research/research-javascript-test-smells/repositories/inferno/packages/inferno-redux/__tests__/components/connect.spec.js,Magic Number,"{'line': 1962, 'column': 31, 'index': 53539}","  1960 |       renderToContainer(vNode);
  1961 |       expect(mapStateCalls).toBe(2);
> 1962 |       expect(renderCalls).toBe(1);
       |                               ^ Magic Number
  1963 |       expect(setStateCalls).toBe(0);
  1964 |
  1965 |       store.dispatch({ type: 'APPEND', payload: 'a' });"
/home/gabriel/Disk/Research/research-javascript-test-smells/repositories/inferno/packages/inferno-redux/__tests__/components/connect.spec.js,Magic Number,"{'line': 1963, 'column': 33, 'index': 53576}","  1961 |       expect(mapStateCalls).toBe(2);
  1962 |       expect(renderCalls).toBe(1);
> 1963 |       expect(setStateCalls).toBe(0);
       |                                 ^ Magic Number
  1964 |
  1965 |       store.dispatch({ type: 'APPEND', payload: 'a' });
  1966 |       renderToContainer(vNode);"
/home/gabriel/Disk/Research/research-javascript-test-smells/repositories/inferno/packages/inferno-redux/__tests__/components/connect.spec.js,Magic Number,"{'line': 1967, 'column': 33, 'index': 53702}","  1965 |       store.dispatch({ type: 'APPEND', payload: 'a' });
  1966 |       renderToContainer(vNode);
> 1967 |       expect(mapStateCalls).toBe(3);
       |                                 ^ Magic Number
  1968 |       expect(renderCalls).toBe(1);
  1969 |       expect(setStateCalls).toBe(0);
  1970 |"
/home/gabriel/Disk/Research/research-javascript-test-smells/repositories/inferno/packages/inferno-redux/__tests__/components/connect.spec.js,Magic Number,"{'line': 1968, 'column': 31, 'index': 53737}","  1966 |       renderToContainer(vNode);
  1967 |       expect(mapStateCalls).toBe(3);
> 1968 |       expect(renderCalls).toBe(1);
       |                               ^ Magic Number
  1969 |       expect(setStateCalls).toBe(0);
  1970 |
  1971 |       store.dispatch({ type: 'APPEND', payload: 'a' });"
/home/gabriel/Disk/Research/research-javascript-test-smells/repositories/inferno/packages/inferno-redux/__tests__/components/connect.spec.js,Magic Number,"{'line': 1969, 'column': 33, 'index': 53774}","  1967 |       expect(mapStateCalls).toBe(3);
  1968 |       expect(renderCalls).toBe(1);
> 1969 |       expect(setStateCalls).toBe(0);
       |                                 ^ Magic Number
  1970 |
  1971 |       store.dispatch({ type: 'APPEND', payload: 'a' });
  1972 |       renderToContainer(vNode);"
/home/gabriel/Disk/Research/research-javascript-test-smells/repositories/inferno/packages/inferno-redux/__tests__/components/connect.spec.js,Magic Number,"{'line': 1973, 'column': 33, 'index': 53900}","  1971 |       store.dispatch({ type: 'APPEND', payload: 'a' });
  1972 |       renderToContainer(vNode);
> 1973 |       expect(mapStateCalls).toBe(4);
       |                                 ^ Magic Number
  1974 |       expect(renderCalls).toBe(2);
  1975 |       expect(setStateCalls).toBe(1);
  1976 |     });"
/home/gabriel/Disk/Research/research-javascript-test-smells/repositories/inferno/packages/inferno-redux/__tests__/components/connect.spec.js,Magic Number,"{'line': 1974, 'column': 31, 'index': 53935}","  1972 |       renderToContainer(vNode);
  1973 |       expect(mapStateCalls).toBe(4);
> 1974 |       expect(renderCalls).toBe(2);
       |                               ^ Magic Number
  1975 |       expect(setStateCalls).toBe(1);
  1976 |     });
  1977 |"
/home/gabriel/Disk/Research/research-javascript-test-smells/repositories/inferno/packages/inferno-redux/__tests__/components/connect.spec.js,Magic Number,"{'line': 1975, 'column': 33, 'index': 53972}","  1973 |       expect(mapStateCalls).toBe(4);
  1974 |       expect(renderCalls).toBe(2);
> 1975 |       expect(setStateCalls).toBe(1);
       |                                 ^ Magic Number
  1976 |     });
  1977 |
  1978 |     it('should not swallow errors when bailing out early', () => {"
/home/gabriel/Disk/Research/research-javascript-test-smells/repositories/inferno/packages/inferno-redux/__tests__/components/connect.spec.js,Magic Number,"{'line': 2005, 'column': 31, 'index': 54678}","  2003 |       );
  2004 |
> 2005 |       expect(renderCalls).toBe(1);
       |                               ^ Magic Number
  2006 |       expect(mapStateCalls).toBe(1);
  2007 |       expect(() => store.dispatch({ type: 'APPEND', payload: 'a' })).toThrow(
  2008 |         new Error('Oops'),"
/home/gabriel/Disk/Research/research-javascript-test-smells/repositories/inferno/packages/inferno-redux/__tests__/components/connect.spec.js,Magic Number,"{'line': 2006, 'column': 33, 'index': 54715}","  2004 |
  2005 |       expect(renderCalls).toBe(1);
> 2006 |       expect(mapStateCalls).toBe(1);
       |                                 ^ Magic Number
  2007 |       expect(() => store.dispatch({ type: 'APPEND', payload: 'a' })).toThrow(
  2008 |         new Error('Oops'),
  2009 |       );"
/home/gabriel/Disk/Research/research-javascript-test-smells/repositories/inferno/packages/inferno-redux/__tests__/components/connect.spec.js,Magic Number,"{'line': 2058, 'column': 31, 'index': 56094}","  2056 |
  2057 |       store.dispatch({ type: 'test' });
> 2058 |       expect(updateCount).toBe(0);
       |                               ^ Magic Number
  2059 |       expect(memoizedReturnCount).toBe(2);
  2060 |     });
  2061 |"
/home/gabriel/Disk/Research/research-javascript-test-smells/repositories/inferno/packages/inferno-redux/__tests__/components/connect.spec.js,Magic Number,"{'line': 2059, 'column': 39, 'index': 56137}","  2057 |       store.dispatch({ type: 'test' });
  2058 |       expect(updateCount).toBe(0);
> 2059 |       expect(memoizedReturnCount).toBe(2);
       |                                       ^ Magic Number
  2060 |     });
  2061 |
  2062 |     it('should allow a mapStateToProps factory consuming just state to return a function that gets ownProps', () => {"
/home/gabriel/Disk/Research/research-javascript-test-smells/repositories/inferno/packages/inferno-redux/__tests__/components/connect.spec.js,Magic Number,"{'line': 2174, 'column': 34, 'index': 59171}","  2172 |         store.dispatch({ type: 'test' });
  2173 |         renderToContainer(vNode);
> 2174 |         expect(updatedCount).toBe(0);
       |                                  ^ Magic Number
  2175 |         expect(memoizedReturnCount).toBe(2);
  2176 |         done();
  2177 |       }, 20);"
/home/gabriel/Disk/Research/research-javascript-test-smells/repositories/inferno/packages/inferno-redux/__tests__/components/connect.spec.js,Magic Number,"{'line': 2175, 'column': 41, 'index': 59216}","  2173 |         renderToContainer(vNode);
  2174 |         expect(updatedCount).toBe(0);
> 2175 |         expect(memoizedReturnCount).toBe(2);
       |                                         ^ Magic Number
  2176 |         done();
  2177 |       }, 20);
  2178 |     });"
/home/gabriel/Disk/Research/research-javascript-test-smells/repositories/inferno/packages/inferno-redux/__tests__/components/connect.spec.js,Magic Number,"{'line': 2207, 'column': 33, 'index': 59958}","  2205 |       renderToContainer(vNode);
  2206 |
> 2207 |       expect(mapStateCalls).toBe(1);
       |                                 ^ Magic Number
  2208 |       expect(renderCalls).toBe(1);
  2209 |
  2210 |       store.dispatch({ type: 'APPEND', payload: 'a' });"
/home/gabriel/Disk/Research/research-javascript-test-smells/repositories/inferno/packages/inferno-redux/__tests__/components/connect.spec.js,Magic Number,"{'line': 2208, 'column': 31, 'index': 59993}","  2206 |
  2207 |       expect(mapStateCalls).toBe(1);
> 2208 |       expect(renderCalls).toBe(1);
       |                               ^ Magic Number
  2209 |
  2210 |       store.dispatch({ type: 'APPEND', payload: 'a' });
  2211 |       renderToContainer(vNode);"
/home/gabriel/Disk/Research/research-javascript-test-smells/repositories/inferno/packages/inferno-redux/__tests__/components/connect.spec.js,Magic Number,"{'line': 2213, 'column': 33, 'index': 60120}","  2211 |       renderToContainer(vNode);
  2212 |
> 2213 |       expect(mapStateCalls).toBe(2);
       |                                 ^ Magic Number
  2214 |       expect(renderCalls).toBe(1);
  2215 |     });
  2216 |"
/home/gabriel/Disk/Research/research-javascript-test-smells/repositories/inferno/packages/inferno-redux/__tests__/components/connect.spec.js,Magic Number,"{'line': 2214, 'column': 31, 'index': 60155}","  2212 |
  2213 |       expect(mapStateCalls).toBe(2);
> 2214 |       expect(renderCalls).toBe(1);
       |                               ^ Magic Number
  2215 |     });
  2216 |
  2217 |     it('should update impure components with custom mergeProps', (done) => {"
/home/gabriel/Disk/Research/research-javascript-test-smells/repositories/inferno/packages/inferno-redux/__tests__/components/connect.spec.js,Magic Number,"{'line': 2248, 'column': 31, 'index': 60924}","  2246 |       );
  2247 |
> 2248 |       expect(renderCount).toBe(1);
       |                               ^ Magic Number
  2249 |
  2250 |       setTimeout(() => {
  2251 |         expect(renderCount).toBe(2);"
/home/gabriel/Disk/Research/research-javascript-test-smells/repositories/inferno/packages/inferno-redux/__tests__/components/connect.spec.js,Magic Number,"{'line': 2251, 'column': 33, 'index': 60987}","  2249 |
  2250 |       setTimeout(() => {
> 2251 |         expect(renderCount).toBe(2);
       |                                 ^ Magic Number
  2252 |         done();
  2253 |       }, 20);
  2254 |     });"
/home/gabriel/Disk/Research/research-javascript-test-smells/repositories/inferno/packages/inferno-redux/__tests__/components/connect.spec.js,Magic Number,"{'line': 2449, 'column': 33, 'index': 66094}","  2447 |       renderToContainer(vNode);
  2448 |
> 2449 |       expect(mapStateCalls).toBe(1);
       |                                 ^ Magic Number
  2450 |       store.dispatch({ type: 'INC' });
  2451 |       renderToContainer(vNode);
  2452 |       expect(mapStateCalls).toBe(2);"
/home/gabriel/Disk/Research/research-javascript-test-smells/repositories/inferno/packages/inferno-redux/__tests__/components/connect.spec.js,Magic Number,"{'line': 2452, 'column': 33, 'index': 66202}","  2450 |       store.dispatch({ type: 'INC' });
  2451 |       renderToContainer(vNode);
> 2452 |       expect(mapStateCalls).toBe(2);
       |                                 ^ Magic Number
  2453 |     });
  2454 |
  2455 |     it('should subscribe properly when a middle connected component does not subscribe', () => {"
/home/gabriel/Disk/Research/research-javascript-test-smells/repositories/inferno/packages/inferno-redux/__tests__/components/connect.spec.js,Sleepy Test,"{'line': 265, 'column': 6, 'index': 7096}","  263 |       );
  264 |
> 265 |       setTimeout(() => {
      |      ^ Sleepy Test
  266 |         const stub = findRenderedVNodeWithType(tree, Passthrough).children;
  267 |         expect(stub.props.string).toBe('a');
  268 |         done();"
/home/gabriel/Disk/Research/research-javascript-test-smells/repositories/inferno/packages/inferno-redux/__tests__/components/connect.spec.js,Sleepy Test,"{'line': 367, 'column': 6, 'index': 9607}","  365 |       const tree = renderToContainer(<Container />);
  366 |
> 367 |       setTimeout(() => {
      |      ^ Sleepy Test
  368 |         const stub = findRenderedVNodeWithType(tree, Passthrough).children;
  369 |         expect(stub.props.bar).toBe('foo');
  370 |         done();"
/home/gabriel/Disk/Research/research-javascript-test-smells/repositories/inferno/packages/inferno-redux/__tests__/components/connect.spec.js,Sleepy Test,"{'line': 2171, 'column': 6, 'index': 59042}","  2169 |       renderToContainer(vNode);
  2170 |
> 2171 |       setTimeout(() => {
       |      ^ Sleepy Test
  2172 |         store.dispatch({ type: 'test' });
  2173 |         renderToContainer(vNode);
  2174 |         expect(updatedCount).toBe(0);"
/home/gabriel/Disk/Research/research-javascript-test-smells/repositories/inferno/packages/inferno-redux/__tests__/components/connect.spec.js,Sleepy Test,"{'line': 2250, 'column': 6, 'index': 60935}","  2248 |       expect(renderCount).toBe(1);
  2249 |
> 2250 |       setTimeout(() => {
       |      ^ Sleepy Test
  2251 |         expect(renderCount).toBe(2);
  2252 |         done();
  2253 |       }, 20);"
/home/gabriel/Disk/Research/research-javascript-test-smells/repositories/inferno/packages/inferno-redux/__tests__/components/connect.spec.js,Unknown Test,"{'column': 4, 'line': 1057}","  1055 |     });
  1056 |
> 1057 |     it('should not attempt to notify unmounted child of state change', () => {
       |    ^ Unknown Test
  1058 |       class ProviderMockTest extends Component {
  1059 |         getChildContext() {
  1060 |           return { store: this.props.store };"
/home/gabriel/Disk/Research/research-javascript-test-smells/repositories/inferno/packages/inferno-redux/__tests__/components/Provider.spec.js,Conditional Test Logic,"{'line': 24, 'column': 4, 'index': 638}","  22 |     render(vNode, container);
  23 |
> 24 |     if (vNode && vNode.flags & VNodeFlags.Component) {
     |    ^ Conditional Test Logic
  25 |       return vNode.children;
  26 |     }
  27 |   }"
/home/gabriel/Disk/Research/research-javascript-test-smells/repositories/inferno/packages/inferno-redux/__tests__/components/Provider.spec.js,Duplicate Assert,"{'line': 45, 'column': 6, 'index': 1185}","  43 |         createElement(Provider, { store: store1 }, createElement(Child, {})),
  44 |       );
> 45 |       expect(console.error).toHaveBeenCalledTimes(0);
     |      ^ Duplicate Assert
  46 |
  47 |       let child = findRenderedVNodeWithType(tree, Child).children;
  48 |       expect(child.context.store).toBe(store1);"
/home/gabriel/Disk/Research/research-javascript-test-smells/repositories/inferno/packages/inferno-redux/__tests__/components/Provider.spec.js,Duplicate Assert,"{'line': 48, 'column': 6, 'index': 1307}","  46 |
  47 |       let child = findRenderedVNodeWithType(tree, Child).children;
> 48 |       expect(child.context.store).toBe(store1);
     |      ^ Duplicate Assert
  49 |
  50 |       tree = renderIntoContainer(
  51 |         createElement("
/home/gabriel/Disk/Research/research-javascript-test-smells/repositories/inferno/packages/inferno-redux/__tests__/components/Provider.spec.js,Duplicate Assert,"{'line': 58, 'column': 6, 'index': 1563}","  56 |       );
  57 |
> 58 |       expect(console.error).toHaveBeenCalledTimes(0);
     |      ^ Duplicate Assert
  59 |
  60 |       child = findRenderedVNodeWithType(tree, Child).children;
  61 |       expect(child.context.store).toBe(store2);"
/home/gabriel/Disk/Research/research-javascript-test-smells/repositories/inferno/packages/inferno-redux/__tests__/components/Provider.spec.js,Duplicate Assert,"{'line': 61, 'column': 6, 'index': 1681}","  59 |
  60 |       child = findRenderedVNodeWithType(tree, Child).children;
> 61 |       expect(child.context.store).toBe(store2);
     |      ^ Duplicate Assert
  62 |     });
  63 |
  64 |     it('should warn once when receiving a new store in props', () => {"
/home/gabriel/Disk/Research/research-javascript-test-smells/repositories/inferno/packages/inferno-redux/__tests__/components/Provider.spec.js,Duplicate Assert,"{'line': 87, 'column': 6, 'index': 2478}","  85 |       const container = renderIntoContainer(vNode);
  86 |       const child = findRenderedVNodeWithType(container, Child).children;
> 87 |       expect(child.context.store.getState()).toEqual(11);
     |      ^ Duplicate Assert
  88 |
  89 |       spyOn(console, 'error');
  90 |       container.setState({ store: store2 });"
/home/gabriel/Disk/Research/research-javascript-test-smells/repositories/inferno/packages/inferno-redux/__tests__/components/Provider.spec.js,Duplicate Assert,"{'line': 87, 'column': 6, 'index': 2478}","  85 |       const container = renderIntoContainer(vNode);
  86 |       const child = findRenderedVNodeWithType(container, Child).children;
> 87 |       expect(child.context.store.getState()).toEqual(11);
     |      ^ Duplicate Assert
  88 |
  89 |       spyOn(console, 'error');
  90 |       container.setState({ store: store2 });"
/home/gabriel/Disk/Research/research-javascript-test-smells/repositories/inferno/packages/inferno-redux/__tests__/components/Provider.spec.js,Duplicate Assert,"{'line': 93, 'column': 6, 'index': 2648}","  91 |       renderIntoContainer(vNode);
  92 |
> 93 |       expect(child.context.store.getState()).toEqual(11);
     |      ^ Duplicate Assert
  94 |       expect(console.error).toHaveBeenCalledTimes(1);
  95 |       expect(console.error).toHaveBeenCalledWith(
  96 |         '<Provider> does not support changing `store` on the fly.',"
/home/gabriel/Disk/Research/research-javascript-test-smells/repositories/inferno/packages/inferno-redux/__tests__/components/Provider.spec.js,Duplicate Assert,"{'line': 93, 'column': 6, 'index': 2648}","  91 |       renderIntoContainer(vNode);
  92 |
> 93 |       expect(child.context.store.getState()).toEqual(11);
     |      ^ Duplicate Assert
  94 |       expect(console.error).toHaveBeenCalledTimes(1);
  95 |       expect(console.error).toHaveBeenCalledWith(
  96 |         '<Provider> does not support changing `store` on the fly.',"
/home/gabriel/Disk/Research/research-javascript-test-smells/repositories/inferno/packages/inferno-redux/__tests__/components/Provider.spec.js,Duplicate Assert,"{'line': 94, 'column': 6, 'index': 2706}","  92 |
  93 |       expect(child.context.store.getState()).toEqual(11);
> 94 |       expect(console.error).toHaveBeenCalledTimes(1);
     |      ^ Duplicate Assert
  95 |       expect(console.error).toHaveBeenCalledWith(
  96 |         '<Provider> does not support changing `store` on the fly.',
  97 |       );"
/home/gabriel/Disk/Research/research-javascript-test-smells/repositories/inferno/packages/inferno-redux/__tests__/components/Provider.spec.js,Duplicate Assert,"{'line': 95, 'column': 6, 'index': 2760}","  93 |       expect(child.context.store.getState()).toEqual(11);
  94 |       expect(console.error).toHaveBeenCalledTimes(1);
> 95 |       expect(console.error).toHaveBeenCalledWith(
     |      ^ Duplicate Assert
  96 |         '<Provider> does not support changing `store` on the fly.',
  97 |       );
  98 |"
/home/gabriel/Disk/Research/research-javascript-test-smells/repositories/inferno/packages/inferno-redux/__tests__/components/Provider.spec.js,Duplicate Assert,"{'line': 102, 'column': 6, 'index': 2968}","  100 |       renderIntoContainer(vNode);
  101 |
> 102 |       expect(child.context.store.getState()).toEqual(11);
      |      ^ Duplicate Assert
  103 |       expect(console.error).toHaveBeenCalledTimes(1);
  104 |     });
  105 |"
/home/gabriel/Disk/Research/research-javascript-test-smells/repositories/inferno/packages/inferno-redux/__tests__/components/Provider.spec.js,Duplicate Assert,"{'line': 102, 'column': 6, 'index': 2968}","  100 |       renderIntoContainer(vNode);
  101 |
> 102 |       expect(child.context.store.getState()).toEqual(11);
      |      ^ Duplicate Assert
  103 |       expect(console.error).toHaveBeenCalledTimes(1);
  104 |     });
  105 |"
/home/gabriel/Disk/Research/research-javascript-test-smells/repositories/inferno/packages/inferno-redux/__tests__/components/Provider.spec.js,Duplicate Assert,"{'line': 103, 'column': 6, 'index': 3026}","  101 |
  102 |       expect(child.context.store.getState()).toEqual(11);
> 103 |       expect(console.error).toHaveBeenCalledTimes(1);
      |      ^ Duplicate Assert
  104 |     });
  105 |
  106 |     it('should handle subscriptions correctly when there is nested Providers', () => {"
/home/gabriel/Disk/Research/research-javascript-test-smells/repositories/inferno/packages/inferno-redux/__tests__/components/Provider.spec.js,Duplicate Assert,"{'line': 145, 'column': 6, 'index': 4294}","  143 |         </Provider>,
  144 |       );
> 145 |       expect(innerMapStateToProps.calls.count()).toEqual(1);
      |      ^ Duplicate Assert
  146 |
  147 |       innerStore.dispatch({ type: 'INC' });
  148 |       expect(innerMapStateToProps.calls.count()).toEqual(2);"
/home/gabriel/Disk/Research/research-javascript-test-smells/repositories/inferno/packages/inferno-redux/__tests__/components/Provider.spec.js,Duplicate Assert,"{'line': 148, 'column': 6, 'index': 4400}","  146 |
  147 |       innerStore.dispatch({ type: 'INC' });
> 148 |       expect(innerMapStateToProps.calls.count()).toEqual(2);
      |      ^ Duplicate Assert
  149 |     });
  150 |
  151 |     it('should pass state consistently to mapState', () => {"
/home/gabriel/Disk/Research/research-javascript-test-smells/repositories/inferno/packages/inferno-redux/__tests__/components/Provider.spec.js,Duplicate Assert,"{'line': 207, 'column': 6, 'index': 6133}","  205 |       const tree = renderIntoContainer(vNode);
  206 |
> 207 |       expect(childMapStateInvokes).toEqual(1);
      |      ^ Duplicate Assert
  208 |
  209 |       // The store state stays consistent when setState calls are batched
  210 |       store.dispatch({ type: 'APPEND', payload: 'c' });"
/home/gabriel/Disk/Research/research-javascript-test-smells/repositories/inferno/packages/inferno-redux/__tests__/components/Provider.spec.js,Duplicate Assert,"{'line': 212, 'column': 6, 'index': 6345}","  210 |       store.dispatch({ type: 'APPEND', payload: 'c' });
  211 |       renderIntoContainer(vNode);
> 212 |       expect(childMapStateInvokes).toEqual(2);
      |      ^ Duplicate Assert
  213 |
  214 |       // setState calls DOM handlers are batched
  215 |       const container = findRenderedVNodeWithType(tree, Container).children;"
/home/gabriel/Disk/Research/research-javascript-test-smells/repositories/inferno/packages/inferno-redux/__tests__/components/Provider.spec.js,Duplicate Assert,"{'line': 219, 'column': 6, 'index': 6631}","  217 |       node.click();
  218 |       renderIntoContainer(vNode);
> 219 |       expect(childMapStateInvokes).toEqual(3);
      |      ^ Duplicate Assert
  220 |
  221 |       // Provider uses unstable_batchedUpdates() under the hood
  222 |       store.dispatch({ type: 'APPEND', payload: 'd' });"
/home/gabriel/Disk/Research/research-javascript-test-smells/repositories/inferno/packages/inferno-redux/__tests__/components/Provider.spec.js,Duplicate Assert,"{'line': 224, 'column': 6, 'index': 6833}","  222 |       store.dispatch({ type: 'APPEND', payload: 'd' });
  223 |       renderIntoContainer(vNode);
> 224 |       expect(childMapStateInvokes).toEqual(4);
      |      ^ Duplicate Assert
  225 |     });
  226 |   });
  227 | });"
/home/gabriel/Disk/Research/research-javascript-test-smells/repositories/inferno/packages/inferno-redux/__tests__/components/Provider.spec.js,Magic Number,"{'line': 87, 'column': 53, 'index': 2525}","  85 |       const container = renderIntoContainer(vNode);
  86 |       const child = findRenderedVNodeWithType(container, Child).children;
> 87 |       expect(child.context.store.getState()).toEqual(11);
     |                                                     ^ Magic Number
  88 |
  89 |       spyOn(console, 'error');
  90 |       container.setState({ store: store2 });"
/home/gabriel/Disk/Research/research-javascript-test-smells/repositories/inferno/packages/inferno-redux/__tests__/components/Provider.spec.js,Magic Number,"{'line': 93, 'column': 53, 'index': 2695}","  91 |       renderIntoContainer(vNode);
  92 |
> 93 |       expect(child.context.store.getState()).toEqual(11);
     |                                                     ^ Magic Number
  94 |       expect(console.error).toHaveBeenCalledTimes(1);
  95 |       expect(console.error).toHaveBeenCalledWith(
  96 |         '<Provider> does not support changing `store` on the fly.',"
/home/gabriel/Disk/Research/research-javascript-test-smells/repositories/inferno/packages/inferno-redux/__tests__/components/Provider.spec.js,Magic Number,"{'line': 102, 'column': 53, 'index': 3015}","  100 |       renderIntoContainer(vNode);
  101 |
> 102 |       expect(child.context.store.getState()).toEqual(11);
      |                                                     ^ Magic Number
  103 |       expect(console.error).toHaveBeenCalledTimes(1);
  104 |     });
  105 |"
/home/gabriel/Disk/Research/research-javascript-test-smells/repositories/inferno/packages/inferno-redux/__tests__/components/Provider.spec.js,Magic Number,"{'line': 145, 'column': 57, 'index': 4345}","  143 |         </Provider>,
  144 |       );
> 145 |       expect(innerMapStateToProps.calls.count()).toEqual(1);
      |                                                         ^ Magic Number
  146 |
  147 |       innerStore.dispatch({ type: 'INC' });
  148 |       expect(innerMapStateToProps.calls.count()).toEqual(2);"
/home/gabriel/Disk/Research/research-javascript-test-smells/repositories/inferno/packages/inferno-redux/__tests__/components/Provider.spec.js,Magic Number,"{'line': 148, 'column': 57, 'index': 4451}","  146 |
  147 |       innerStore.dispatch({ type: 'INC' });
> 148 |       expect(innerMapStateToProps.calls.count()).toEqual(2);
      |                                                         ^ Magic Number
  149 |     });
  150 |
  151 |     it('should pass state consistently to mapState', () => {"
/home/gabriel/Disk/Research/research-javascript-test-smells/repositories/inferno/packages/inferno-redux/__tests__/components/Provider.spec.js,Magic Number,"{'line': 207, 'column': 43, 'index': 6170}","  205 |       const tree = renderIntoContainer(vNode);
  206 |
> 207 |       expect(childMapStateInvokes).toEqual(1);
      |                                           ^ Magic Number
  208 |
  209 |       // The store state stays consistent when setState calls are batched
  210 |       store.dispatch({ type: 'APPEND', payload: 'c' });"
/home/gabriel/Disk/Research/research-javascript-test-smells/repositories/inferno/packages/inferno-redux/__tests__/components/Provider.spec.js,Magic Number,"{'line': 212, 'column': 43, 'index': 6382}","  210 |       store.dispatch({ type: 'APPEND', payload: 'c' });
  211 |       renderIntoContainer(vNode);
> 212 |       expect(childMapStateInvokes).toEqual(2);
      |                                           ^ Magic Number
  213 |
  214 |       // setState calls DOM handlers are batched
  215 |       const container = findRenderedVNodeWithType(tree, Container).children;"
/home/gabriel/Disk/Research/research-javascript-test-smells/repositories/inferno/packages/inferno-redux/__tests__/components/Provider.spec.js,Magic Number,"{'line': 219, 'column': 43, 'index': 6668}","  217 |       node.click();
  218 |       renderIntoContainer(vNode);
> 219 |       expect(childMapStateInvokes).toEqual(3);
      |                                           ^ Magic Number
  220 |
  221 |       // Provider uses unstable_batchedUpdates() under the hood
  222 |       store.dispatch({ type: 'APPEND', payload: 'd' });"
/home/gabriel/Disk/Research/research-javascript-test-smells/repositories/inferno/packages/inferno-redux/__tests__/components/Provider.spec.js,Magic Number,"{'line': 224, 'column': 43, 'index': 6870}","  222 |       store.dispatch({ type: 'APPEND', payload: 'd' });
  223 |       renderIntoContainer(vNode);
> 224 |       expect(childMapStateInvokes).toEqual(4);
      |                                           ^ Magic Number
  225 |     });
  226 |   });
  227 | });"
/home/gabriel/Disk/Research/research-javascript-test-smells/repositories/inferno/packages/inferno-redux/__tests__/components/Provider.spec.js,Redundant Print,"{'line': 45, 'column': 13, 'index': 1192}","  43 |         createElement(Provider, { store: store1 }, createElement(Child, {})),
  44 |       );
> 45 |       expect(console.error).toHaveBeenCalledTimes(0);
     |             ^ Redundant Print
  46 |
  47 |       let child = findRenderedVNodeWithType(tree, Child).children;
  48 |       expect(child.context.store).toBe(store1);"
/home/gabriel/Disk/Research/research-javascript-test-smells/repositories/inferno/packages/inferno-redux/__tests__/components/Provider.spec.js,Redundant Print,"{'line': 58, 'column': 13, 'index': 1570}","  56 |       );
  57 |
> 58 |       expect(console.error).toHaveBeenCalledTimes(0);
     |             ^ Redundant Print
  59 |
  60 |       child = findRenderedVNodeWithType(tree, Child).children;
  61 |       expect(child.context.store).toBe(store2);"
/home/gabriel/Disk/Research/research-javascript-test-smells/repositories/inferno/packages/inferno-redux/__tests__/components/Provider.spec.js,Redundant Print,"{'line': 94, 'column': 13, 'index': 2713}","  92 |
  93 |       expect(child.context.store.getState()).toEqual(11);
> 94 |       expect(console.error).toHaveBeenCalledTimes(1);
     |             ^ Redundant Print
  95 |       expect(console.error).toHaveBeenCalledWith(
  96 |         '<Provider> does not support changing `store` on the fly.',
  97 |       );"
/home/gabriel/Disk/Research/research-javascript-test-smells/repositories/inferno/packages/inferno-redux/__tests__/components/Provider.spec.js,Redundant Print,"{'line': 95, 'column': 13, 'index': 2767}","  93 |       expect(child.context.store.getState()).toEqual(11);
  94 |       expect(console.error).toHaveBeenCalledTimes(1);
> 95 |       expect(console.error).toHaveBeenCalledWith(
     |             ^ Redundant Print
  96 |         '<Provider> does not support changing `store` on the fly.',
  97 |       );
  98 |"
/home/gabriel/Disk/Research/research-javascript-test-smells/repositories/inferno/packages/inferno-redux/__tests__/components/Provider.spec.js,Redundant Print,"{'line': 103, 'column': 13, 'index': 3033}","  101 |
  102 |       expect(child.context.store.getState()).toEqual(11);
> 103 |       expect(console.error).toHaveBeenCalledTimes(1);
      |             ^ Redundant Print
  104 |     });
  105 |
  106 |     it('should handle subscriptions correctly when there is nested Providers', () => {"
/home/gabriel/Disk/Research/research-javascript-test-smells/repositories/inferno/packages/inferno-mobx/__tests__/extra/eventemitter.spec.js,Duplicate Assert,"{'line': 7, 'column': 4, 'index': 255}","   5 |     const emitter = new EventEmitter();
   6 |     const listener1 = function () {};
>  7 |     expect(emitter.listeners.length).toEqual(0);
     |    ^ Duplicate Assert
   8 |
   9 |     const listener = emitter.on(listener1);
  10 |"
/home/gabriel/Disk/Research/research-javascript-test-smells/repositories/inferno/packages/inferno-mobx/__tests__/extra/eventemitter.spec.js,Duplicate Assert,"{'line': 7, 'column': 4, 'index': 255}","   5 |     const emitter = new EventEmitter();
   6 |     const listener1 = function () {};
>  7 |     expect(emitter.listeners.length).toEqual(0);
     |    ^ Duplicate Assert
   8 |
   9 |     const listener = emitter.on(listener1);
  10 |"
/home/gabriel/Disk/Research/research-javascript-test-smells/repositories/inferno/packages/inferno-mobx/__tests__/extra/eventemitter.spec.js,Duplicate Assert,"{'line': 11, 'column': 4, 'index': 350}","   9 |     const listener = emitter.on(listener1);
  10 |
> 11 |     expect(emitter.listeners.length).toEqual(1);
     |    ^ Duplicate Assert
  12 |     expect(emitter.listeners[0]).toEqual(listener1);
  13 |
  14 |     listener();"
/home/gabriel/Disk/Research/research-javascript-test-smells/repositories/inferno/packages/inferno-mobx/__tests__/extra/eventemitter.spec.js,Duplicate Assert,"{'line': 16, 'column': 4, 'index': 470}","  14 |     listener();
  15 |
> 16 |     expect(emitter.listeners.length).toEqual(0);
     |    ^ Duplicate Assert
  17 |   });
  18 |
  19 |   it('Should do nothing if removing same callback twice/or more', () => {"
/home/gabriel/Disk/Research/research-javascript-test-smells/repositories/inferno/packages/inferno-mobx/__tests__/extra/eventemitter.spec.js,Duplicate Assert,"{'line': 16, 'column': 4, 'index': 470}","  14 |     listener();
  15 |
> 16 |     expect(emitter.listeners.length).toEqual(0);
     |    ^ Duplicate Assert
  17 |   });
  18 |
  19 |   it('Should do nothing if removing same callback twice/or more', () => {"
/home/gabriel/Disk/Research/research-javascript-test-smells/repositories/inferno/packages/inferno-mobx/__tests__/extra/eventemitter.spec.js,Duplicate Assert,"{'line': 22, 'column': 4, 'index': 678}","  20 |     const emitter = new EventEmitter();
  21 |     const listener1 = function () {};
> 22 |     expect(emitter.listeners.length).toEqual(0);
     |    ^ Duplicate Assert
  23 |
  24 |     const listener = emitter.on(listener1);
  25 |"
/home/gabriel/Disk/Research/research-javascript-test-smells/repositories/inferno/packages/inferno-mobx/__tests__/extra/eventemitter.spec.js,Duplicate Assert,"{'line': 22, 'column': 4, 'index': 678}","  20 |     const emitter = new EventEmitter();
  21 |     const listener1 = function () {};
> 22 |     expect(emitter.listeners.length).toEqual(0);
     |    ^ Duplicate Assert
  23 |
  24 |     const listener = emitter.on(listener1);
  25 |"
/home/gabriel/Disk/Research/research-javascript-test-smells/repositories/inferno/packages/inferno-mobx/__tests__/extra/eventemitter.spec.js,Duplicate Assert,"{'line': 26, 'column': 4, 'index': 773}","  24 |     const listener = emitter.on(listener1);
  25 |
> 26 |     expect(emitter.listeners.length).toEqual(1);
     |    ^ Duplicate Assert
  27 |     expect(emitter.listeners[0]).toEqual(listener1);
  28 |
  29 |     listener();"
/home/gabriel/Disk/Research/research-javascript-test-smells/repositories/inferno/packages/inferno-mobx/__tests__/extra/eventemitter.spec.js,Duplicate Assert,"{'line': 33, 'column': 4, 'index': 925}","  31 |     listener();
  32 |
> 33 |     expect(emitter.listeners.length).toEqual(0);
     |    ^ Duplicate Assert
  34 |   });
  35 |
  36 |   it('Should emit the change data to all active listeners', () => {"
/home/gabriel/Disk/Research/research-javascript-test-smells/repositories/inferno/packages/inferno-mobx/__tests__/extra/eventemitter.spec.js,Duplicate Assert,"{'line': 33, 'column': 4, 'index': 925}","  31 |     listener();
  32 |
> 33 |     expect(emitter.listeners.length).toEqual(0);
     |    ^ Duplicate Assert
  34 |   });
  35 |
  36 |   it('Should emit the change data to all active listeners', () => {"
/home/gabriel/Disk/Research/research-javascript-test-smells/repositories/inferno/packages/inferno-mobx/__tests__/extra/eventemitter.spec.js,Duplicate Assert,"{'line': 45, 'column': 4, 'index': 1232}","  43 |     spyOn(console, 'error');
  44 |
> 45 |     expect(emitter.listeners.length).toEqual(0);
     |    ^ Duplicate Assert
  46 |
  47 |     const listener = emitter.on(listener1);
  48 |     emitter.on(listener2);"
/home/gabriel/Disk/Research/research-javascript-test-smells/repositories/inferno/packages/inferno-mobx/__tests__/extra/eventemitter.spec.js,Duplicate Assert,"{'line': 50, 'column': 4, 'index': 1354}","  48 |     emitter.on(listener2);
  49 |
> 50 |     expect(emitter.listeners.length).toEqual(2);
     |    ^ Duplicate Assert
  51 |     expect(emitter.listeners[0]).toEqual(listener1);
  52 |
  53 |     listener();"
/home/gabriel/Disk/Research/research-javascript-test-smells/repositories/inferno/packages/inferno-mobx/__tests__/extra/eventemitter.spec.js,Duplicate Assert,"{'line': 57, 'column': 4, 'index': 1506}","  55 |     listener();
  56 |
> 57 |     expect(emitter.listeners.length).toEqual(1);
     |    ^ Duplicate Assert
  58 |
  59 |     emitter.emit('foobar');
  60 |"
/home/gabriel/Disk/Research/research-javascript-test-smells/repositories/inferno/packages/inferno-mobx/__tests__/extra/eventemitter.spec.js,Magic Number,"{'line': 7, 'column': 45, 'index': 296}","   5 |     const emitter = new EventEmitter();
   6 |     const listener1 = function () {};
>  7 |     expect(emitter.listeners.length).toEqual(0);
     |                                             ^ Magic Number
   8 |
   9 |     const listener = emitter.on(listener1);
  10 |"
/home/gabriel/Disk/Research/research-javascript-test-smells/repositories/inferno/packages/inferno-mobx/__tests__/extra/eventemitter.spec.js,Magic Number,"{'line': 11, 'column': 45, 'index': 391}","   9 |     const listener = emitter.on(listener1);
  10 |
> 11 |     expect(emitter.listeners.length).toEqual(1);
     |                                             ^ Magic Number
  12 |     expect(emitter.listeners[0]).toEqual(listener1);
  13 |
  14 |     listener();"
/home/gabriel/Disk/Research/research-javascript-test-smells/repositories/inferno/packages/inferno-mobx/__tests__/extra/eventemitter.spec.js,Magic Number,"{'line': 16, 'column': 45, 'index': 511}","  14 |     listener();
  15 |
> 16 |     expect(emitter.listeners.length).toEqual(0);
     |                                             ^ Magic Number
  17 |   });
  18 |
  19 |   it('Should do nothing if removing same callback twice/or more', () => {"
/home/gabriel/Disk/Research/research-javascript-test-smells/repositories/inferno/packages/inferno-mobx/__tests__/extra/eventemitter.spec.js,Magic Number,"{'line': 22, 'column': 45, 'index': 719}","  20 |     const emitter = new EventEmitter();
  21 |     const listener1 = function () {};
> 22 |     expect(emitter.listeners.length).toEqual(0);
     |                                             ^ Magic Number
  23 |
  24 |     const listener = emitter.on(listener1);
  25 |"
/home/gabriel/Disk/Research/research-javascript-test-smells/repositories/inferno/packages/inferno-mobx/__tests__/extra/eventemitter.spec.js,Magic Number,"{'line': 26, 'column': 45, 'index': 814}","  24 |     const listener = emitter.on(listener1);
  25 |
> 26 |     expect(emitter.listeners.length).toEqual(1);
     |                                             ^ Magic Number
  27 |     expect(emitter.listeners[0]).toEqual(listener1);
  28 |
  29 |     listener();"
/home/gabriel/Disk/Research/research-javascript-test-smells/repositories/inferno/packages/inferno-mobx/__tests__/extra/eventemitter.spec.js,Magic Number,"{'line': 33, 'column': 45, 'index': 966}","  31 |     listener();
  32 |
> 33 |     expect(emitter.listeners.length).toEqual(0);
     |                                             ^ Magic Number
  34 |   });
  35 |
  36 |   it('Should emit the change data to all active listeners', () => {"
/home/gabriel/Disk/Research/research-javascript-test-smells/repositories/inferno/packages/inferno-mobx/__tests__/extra/eventemitter.spec.js,Magic Number,"{'line': 45, 'column': 45, 'index': 1273}","  43 |     spyOn(console, 'error');
  44 |
> 45 |     expect(emitter.listeners.length).toEqual(0);
     |                                             ^ Magic Number
  46 |
  47 |     const listener = emitter.on(listener1);
  48 |     emitter.on(listener2);"
/home/gabriel/Disk/Research/research-javascript-test-smells/repositories/inferno/packages/inferno-mobx/__tests__/extra/eventemitter.spec.js,Magic Number,"{'line': 50, 'column': 45, 'index': 1395}","  48 |     emitter.on(listener2);
  49 |
> 50 |     expect(emitter.listeners.length).toEqual(2);
     |                                             ^ Magic Number
  51 |     expect(emitter.listeners[0]).toEqual(listener1);
  52 |
  53 |     listener();"
/home/gabriel/Disk/Research/research-javascript-test-smells/repositories/inferno/packages/inferno-mobx/__tests__/extra/eventemitter.spec.js,Magic Number,"{'line': 57, 'column': 45, 'index': 1547}","  55 |     listener();
  56 |
> 57 |     expect(emitter.listeners.length).toEqual(1);
     |                                             ^ Magic Number
  58 |
  59 |     emitter.emit('foobar');
  60 |"
/home/gabriel/Disk/Research/research-javascript-test-smells/repositories/inferno/packages/inferno-mobx/__tests__/extra/eventemitter.spec.js,Magic Number,"{'line': 61, 'column': 45, 'index': 1626}","  59 |     emitter.emit('foobar');
  60 |
> 61 |     expect(console.error.calls.count()).toBe(1);
     |                                             ^ Magic Number
  62 |     expect(console.error.calls.argsFor(0)[0]).toContain('foobar');
  63 |   });
  64 | });"
/home/gabriel/Disk/Research/research-javascript-test-smells/repositories/inferno/packages/inferno-mobx/__tests__/extra/eventemitter.spec.js,Redundant Print,"{'line': 40, 'column': 6, 'index': 1169}","  38 |     const listener1 = function () {};
  39 |     const listener2 = function (data) {
> 40 |       console.error(data);
     |      ^ Redundant Print
  41 |     };
  42 |
  43 |     spyOn(console, 'error');"
/home/gabriel/Disk/Research/research-javascript-test-smells/repositories/inferno/packages/inferno-mobx/__tests__/extra/eventemitter.spec.js,Redundant Print,"{'line': 61, 'column': 11, 'index': 1592}","  59 |     emitter.emit('foobar');
  60 |
> 61 |     expect(console.error.calls.count()).toBe(1);
     |           ^ Redundant Print
  62 |     expect(console.error.calls.argsFor(0)[0]).toContain('foobar');
  63 |   });
  64 | });"
/home/gabriel/Disk/Research/research-javascript-test-smells/repositories/inferno/packages/inferno-mobx/__tests__/extra/eventemitter.spec.js,Redundant Print,"{'line': 62, 'column': 11, 'index': 1641}","  60 |
  61 |     expect(console.error.calls.count()).toBe(1);
> 62 |     expect(console.error.calls.argsFor(0)[0]).toContain('foobar');
     |           ^ Redundant Print
  63 |   });
  64 | });
  65 |"
/home/gabriel/Disk/Research/research-javascript-test-smells/repositories/inferno/packages/inferno-create-element/__tests__/update.ext.spec.js,Conditional Test Logic,"{'line': 719, 'column': 2, 'index': 25345}","  717 |   });
  718 |
> 719 |   if (typeof global !== 'undefined' && !global.usingJSDOM) {
      |  ^ Conditional Test Logic
  720 |     describe('should render styling on root node, and set and remove styling on multiple children', () => {
  721 |       let template;
  722 |"
/home/gabriel/Disk/Research/research-javascript-test-smells/repositories/inferno/packages/inferno-create-element/__tests__/update.ext.spec.js,Duplicate Assert,"{'line': 23, 'column': 4, 'index': 533}","  21 |     render(template(span()), container);
  22 |
> 23 |     expect(container.firstChild.nodeName).toBe('DIV');
     |    ^ Duplicate Assert
  24 |     expect(container.firstChild.childNodes.length).toBe(1);
  25 |     expect(container.firstChild.textContent).toBe('hello to');
  26 |"
/home/gabriel/Disk/Research/research-javascript-test-smells/repositories/inferno/packages/inferno-create-element/__tests__/update.ext.spec.js,Duplicate Assert,"{'line': 23, 'column': 4, 'index': 533}","  21 |     render(template(span()), container);
  22 |
> 23 |     expect(container.firstChild.nodeName).toBe('DIV');
     |    ^ Duplicate Assert
  24 |     expect(container.firstChild.childNodes.length).toBe(1);
  25 |     expect(container.firstChild.textContent).toBe('hello to');
  26 |"
/home/gabriel/Disk/Research/research-javascript-test-smells/repositories/inferno/packages/inferno-create-element/__tests__/update.ext.spec.js,Duplicate Assert,"{'line': 24, 'column': 4, 'index': 588}","  22 |
  23 |     expect(container.firstChild.nodeName).toBe('DIV');
> 24 |     expect(container.firstChild.childNodes.length).toBe(1);
     |    ^ Duplicate Assert
  25 |     expect(container.firstChild.textContent).toBe('hello to');
  26 |
  27 |     render(template(span()), container);"
/home/gabriel/Disk/Research/research-javascript-test-smells/repositories/inferno/packages/inferno-create-element/__tests__/update.ext.spec.js,Duplicate Assert,"{'line': 24, 'column': 4, 'index': 588}","  22 |
  23 |     expect(container.firstChild.nodeName).toBe('DIV');
> 24 |     expect(container.firstChild.childNodes.length).toBe(1);
     |    ^ Duplicate Assert
  25 |     expect(container.firstChild.textContent).toBe('hello to');
  26 |
  27 |     render(template(span()), container);"
/home/gabriel/Disk/Research/research-javascript-test-smells/repositories/inferno/packages/inferno-create-element/__tests__/update.ext.spec.js,Duplicate Assert,"{'line': 25, 'column': 4, 'index': 648}","  23 |     expect(container.firstChild.nodeName).toBe('DIV');
  24 |     expect(container.firstChild.childNodes.length).toBe(1);
> 25 |     expect(container.firstChild.textContent).toBe('hello to');
     |    ^ Duplicate Assert
  26 |
  27 |     render(template(span()), container);
  28 |"
/home/gabriel/Disk/Research/research-javascript-test-smells/repositories/inferno/packages/inferno-create-element/__tests__/update.ext.spec.js,Duplicate Assert,"{'line': 25, 'column': 4, 'index': 648}","  23 |     expect(container.firstChild.nodeName).toBe('DIV');
  24 |     expect(container.firstChild.childNodes.length).toBe(1);
> 25 |     expect(container.firstChild.textContent).toBe('hello to');
     |    ^ Duplicate Assert
  26 |
  27 |     render(template(span()), container);
  28 |"
/home/gabriel/Disk/Research/research-javascript-test-smells/repositories/inferno/packages/inferno-create-element/__tests__/update.ext.spec.js,Duplicate Assert,"{'line': 29, 'column': 4, 'index': 754}","  27 |     render(template(span()), container);
  28 |
> 29 |     expect(container.firstChild.nodeName).toBe('DIV');
     |    ^ Duplicate Assert
  30 |     expect(container.firstChild.childNodes.length).toBe(1);
  31 |     expect(container.firstChild.textContent).toBe('hello to');
  32 |"
/home/gabriel/Disk/Research/research-javascript-test-smells/repositories/inferno/packages/inferno-create-element/__tests__/update.ext.spec.js,Duplicate Assert,"{'line': 29, 'column': 4, 'index': 754}","  27 |     render(template(span()), container);
  28 |
> 29 |     expect(container.firstChild.nodeName).toBe('DIV');
     |    ^ Duplicate Assert
  30 |     expect(container.firstChild.childNodes.length).toBe(1);
  31 |     expect(container.firstChild.textContent).toBe('hello to');
  32 |"
/home/gabriel/Disk/Research/research-javascript-test-smells/repositories/inferno/packages/inferno-create-element/__tests__/update.ext.spec.js,Duplicate Assert,"{'line': 30, 'column': 4, 'index': 809}","  28 |
  29 |     expect(container.firstChild.nodeName).toBe('DIV');
> 30 |     expect(container.firstChild.childNodes.length).toBe(1);
     |    ^ Duplicate Assert
  31 |     expect(container.firstChild.textContent).toBe('hello to');
  32 |
  33 |     span = () => createElement('div', null);"
/home/gabriel/Disk/Research/research-javascript-test-smells/repositories/inferno/packages/inferno-create-element/__tests__/update.ext.spec.js,Duplicate Assert,"{'line': 30, 'column': 4, 'index': 809}","  28 |
  29 |     expect(container.firstChild.nodeName).toBe('DIV');
> 30 |     expect(container.firstChild.childNodes.length).toBe(1);
     |    ^ Duplicate Assert
  31 |     expect(container.firstChild.textContent).toBe('hello to');
  32 |
  33 |     span = () => createElement('div', null);"
/home/gabriel/Disk/Research/research-javascript-test-smells/repositories/inferno/packages/inferno-create-element/__tests__/update.ext.spec.js,Duplicate Assert,"{'line': 31, 'column': 4, 'index': 869}","  29 |     expect(container.firstChild.nodeName).toBe('DIV');
  30 |     expect(container.firstChild.childNodes.length).toBe(1);
> 31 |     expect(container.firstChild.textContent).toBe('hello to');
     |    ^ Duplicate Assert
  32 |
  33 |     span = () => createElement('div', null);
  34 |"
/home/gabriel/Disk/Research/research-javascript-test-smells/repositories/inferno/packages/inferno-create-element/__tests__/update.ext.spec.js,Duplicate Assert,"{'line': 31, 'column': 4, 'index': 869}","  29 |     expect(container.firstChild.nodeName).toBe('DIV');
  30 |     expect(container.firstChild.childNodes.length).toBe(1);
> 31 |     expect(container.firstChild.textContent).toBe('hello to');
     |    ^ Duplicate Assert
  32 |
  33 |     span = () => createElement('div', null);
  34 |"
/home/gabriel/Disk/Research/research-javascript-test-smells/repositories/inferno/packages/inferno-create-element/__tests__/update.ext.spec.js,Duplicate Assert,"{'line': 37, 'column': 4, 'index': 1021}","  35 |     render(template(span()), container);
  36 |
> 37 |     expect(container.firstChild.nodeName).toBe('DIV');
     |    ^ Duplicate Assert
  38 |     expect(container.firstChild.childNodes.length).toBe(1);
  39 |     expect(container.firstChild.textContent).toBe('');
  40 |   });"
/home/gabriel/Disk/Research/research-javascript-test-smells/repositories/inferno/packages/inferno-create-element/__tests__/update.ext.spec.js,Duplicate Assert,"{'line': 37, 'column': 4, 'index': 1021}","  35 |     render(template(span()), container);
  36 |
> 37 |     expect(container.firstChild.nodeName).toBe('DIV');
     |    ^ Duplicate Assert
  38 |     expect(container.firstChild.childNodes.length).toBe(1);
  39 |     expect(container.firstChild.textContent).toBe('');
  40 |   });"
/home/gabriel/Disk/Research/research-javascript-test-smells/repositories/inferno/packages/inferno-create-element/__tests__/update.ext.spec.js,Duplicate Assert,"{'line': 38, 'column': 4, 'index': 1076}","  36 |
  37 |     expect(container.firstChild.nodeName).toBe('DIV');
> 38 |     expect(container.firstChild.childNodes.length).toBe(1);
     |    ^ Duplicate Assert
  39 |     expect(container.firstChild.textContent).toBe('');
  40 |   });
  41 |"
/home/gabriel/Disk/Research/research-javascript-test-smells/repositories/inferno/packages/inferno-create-element/__tests__/update.ext.spec.js,Duplicate Assert,"{'line': 38, 'column': 4, 'index': 1076}","  36 |
  37 |     expect(container.firstChild.nodeName).toBe('DIV');
> 38 |     expect(container.firstChild.childNodes.length).toBe(1);
     |    ^ Duplicate Assert
  39 |     expect(container.firstChild.textContent).toBe('');
  40 |   });
  41 |"
/home/gabriel/Disk/Research/research-javascript-test-smells/repositories/inferno/packages/inferno-create-element/__tests__/update.ext.spec.js,Duplicate Assert,"{'line': 39, 'column': 4, 'index': 1136}","  37 |     expect(container.firstChild.nodeName).toBe('DIV');
  38 |     expect(container.firstChild.childNodes.length).toBe(1);
> 39 |     expect(container.firstChild.textContent).toBe('');
     |    ^ Duplicate Assert
  40 |   });
  41 |
  42 |   it('should insert an additional tag node', () => {"
/home/gabriel/Disk/Research/research-javascript-test-smells/repositories/inferno/packages/inferno-create-element/__tests__/update.ext.spec.js,Duplicate Assert,"{'line': 47, 'column': 4, 'index': 1412}","  45 |
  46 |     render(template(span()), container);
> 47 |     expect(container.firstChild.innerHTML).toBe('<span></span>');
     |    ^ Duplicate Assert
  48 |     render(template(null), container);
  49 |     expect(container.firstChild.innerHTML).toBe('');
  50 |     render(template(span()), container);"
/home/gabriel/Disk/Research/research-javascript-test-smells/repositories/inferno/packages/inferno-create-element/__tests__/update.ext.spec.js,Duplicate Assert,"{'line': 47, 'column': 4, 'index': 1412}","  45 |
  46 |     render(template(span()), container);
> 47 |     expect(container.firstChild.innerHTML).toBe('<span></span>');
     |    ^ Duplicate Assert
  48 |     render(template(null), container);
  49 |     expect(container.firstChild.innerHTML).toBe('');
  50 |     render(template(span()), container);"
/home/gabriel/Disk/Research/research-javascript-test-smells/repositories/inferno/packages/inferno-create-element/__tests__/update.ext.spec.js,Duplicate Assert,"{'line': 49, 'column': 4, 'index': 1517}","  47 |     expect(container.firstChild.innerHTML).toBe('<span></span>');
  48 |     render(template(null), container);
> 49 |     expect(container.firstChild.innerHTML).toBe('');
     |    ^ Duplicate Assert
  50 |     render(template(span()), container);
  51 |     expect(container.firstChild.innerHTML).toBe('<span></span>');
  52 |   });"
/home/gabriel/Disk/Research/research-javascript-test-smells/repositories/inferno/packages/inferno-create-element/__tests__/update.ext.spec.js,Duplicate Assert,"{'line': 51, 'column': 4, 'index': 1611}","  49 |     expect(container.firstChild.innerHTML).toBe('');
  50 |     render(template(span()), container);
> 51 |     expect(container.firstChild.innerHTML).toBe('<span></span>');
     |    ^ Duplicate Assert
  52 |   });
  53 |
  54 |   it('should insert an additional tag node', () => {"
/home/gabriel/Disk/Research/research-javascript-test-smells/repositories/inferno/packages/inferno-create-element/__tests__/update.ext.spec.js,Duplicate Assert,"{'line': 51, 'column': 4, 'index': 1611}","  49 |     expect(container.firstChild.innerHTML).toBe('');
  50 |     render(template(span()), container);
> 51 |     expect(container.firstChild.innerHTML).toBe('<span></span>');
     |    ^ Duplicate Assert
  52 |   });
  53 |
  54 |   it('should insert an additional tag node', () => {"
/home/gabriel/Disk/Research/research-javascript-test-smells/repositories/inferno/packages/inferno-create-element/__tests__/update.ext.spec.js,Duplicate Assert,"{'line': 59, 'column': 4, 'index': 1894}","  57 |
  58 |     render(template(null), container);
> 59 |     expect(container.firstChild.innerHTML).toBe('');
     |    ^ Duplicate Assert
  60 |     render(template(div()), container);
  61 |     expect(container.firstChild.innerHTML).toBe('<div></div>');
  62 |   });"
/home/gabriel/Disk/Research/research-javascript-test-smells/repositories/inferno/packages/inferno-create-element/__tests__/update.ext.spec.js,Duplicate Assert,"{'line': 61, 'column': 4, 'index': 1987}","  59 |     expect(container.firstChild.innerHTML).toBe('');
  60 |     render(template(div()), container);
> 61 |     expect(container.firstChild.innerHTML).toBe('<div></div>');
     |    ^ Duplicate Assert
  62 |   });
  63 |
  64 |   it('should insert an additional tag node', () => {"
/home/gabriel/Disk/Research/research-javascript-test-smells/repositories/inferno/packages/inferno-create-element/__tests__/update.ext.spec.js,Duplicate Assert,"{'line': 69, 'column': 4, 'index': 2266}","  67 |
  68 |     render(template(null), container);
> 69 |     expect(container.firstChild.innerHTML).toBe('');
     |    ^ Duplicate Assert
  70 |     render(template(null), container);
  71 |     expect(container.firstChild.innerHTML).toBe('');
  72 |   });"
/home/gabriel/Disk/Research/research-javascript-test-smells/repositories/inferno/packages/inferno-create-element/__tests__/update.ext.spec.js,Duplicate Assert,"{'line': 69, 'column': 4, 'index': 2266}","  67 |
  68 |     render(template(null), container);
> 69 |     expect(container.firstChild.innerHTML).toBe('');
     |    ^ Duplicate Assert
  70 |     render(template(null), container);
  71 |     expect(container.firstChild.innerHTML).toBe('');
  72 |   });"
/home/gabriel/Disk/Research/research-javascript-test-smells/repositories/inferno/packages/inferno-create-element/__tests__/update.ext.spec.js,Duplicate Assert,"{'line': 71, 'column': 4, 'index': 2358}","  69 |     expect(container.firstChild.innerHTML).toBe('');
  70 |     render(template(null), container);
> 71 |     expect(container.firstChild.innerHTML).toBe('');
     |    ^ Duplicate Assert
  72 |   });
  73 |
  74 |   it('should insert multiple additional tag node', () => {"
/home/gabriel/Disk/Research/research-javascript-test-smells/repositories/inferno/packages/inferno-create-element/__tests__/update.ext.spec.js,Duplicate Assert,"{'line': 71, 'column': 4, 'index': 2358}","  69 |     expect(container.firstChild.innerHTML).toBe('');
  70 |     render(template(null), container);
> 71 |     expect(container.firstChild.innerHTML).toBe('');
     |    ^ Duplicate Assert
  72 |   });
  73 |
  74 |   it('should insert multiple additional tag node', () => {"
/home/gabriel/Disk/Research/research-javascript-test-smells/repositories/inferno/packages/inferno-create-element/__tests__/update.ext.spec.js,Duplicate Assert,"{'line': 87, 'column': 4, 'index': 2924}","  85 |
  86 |     render(template('Inferno', 'Owns'), container);
> 87 |     expect(container.innerHTML).toBe('<div>Hello world - Inferno Owns</div>');
     |    ^ Duplicate Assert
  88 |     render(template('Inferno', 'Owns'), container);
  89 |     expect(container.innerHTML).toBe('<div>Hello world - Inferno Owns</div>');
  90 |"
/home/gabriel/Disk/Research/research-javascript-test-smells/repositories/inferno/packages/inferno-create-element/__tests__/update.ext.spec.js,Duplicate Assert,"{'line': 87, 'column': 4, 'index': 2924}","  85 |
  86 |     render(template('Inferno', 'Owns'), container);
> 87 |     expect(container.innerHTML).toBe('<div>Hello world - Inferno Owns</div>');
     |    ^ Duplicate Assert
  88 |     render(template('Inferno', 'Owns'), container);
  89 |     expect(container.innerHTML).toBe('<div>Hello world - Inferno Owns</div>');
  90 |"
/home/gabriel/Disk/Research/research-javascript-test-smells/repositories/inferno/packages/inferno-create-element/__tests__/update.ext.spec.js,Duplicate Assert,"{'line': 89, 'column': 4, 'index': 3055}","  87 |     expect(container.innerHTML).toBe('<div>Hello world - Inferno Owns</div>');
  88 |     render(template('Inferno', 'Owns'), container);
> 89 |     expect(container.innerHTML).toBe('<div>Hello world - Inferno Owns</div>');
     |    ^ Duplicate Assert
  90 |
  91 |     render(template('Inferno', null), container);
  92 |     expect(container.innerHTML).toBe('<div>Hello world - Inferno </div>');"
/home/gabriel/Disk/Research/research-javascript-test-smells/repositories/inferno/packages/inferno-create-element/__tests__/update.ext.spec.js,Duplicate Assert,"{'line': 89, 'column': 4, 'index': 3055}","  87 |     expect(container.innerHTML).toBe('<div>Hello world - Inferno Owns</div>');
  88 |     render(template('Inferno', 'Owns'), container);
> 89 |     expect(container.innerHTML).toBe('<div>Hello world - Inferno Owns</div>');
     |    ^ Duplicate Assert
  90 |
  91 |     render(template('Inferno', null), container);
  92 |     expect(container.innerHTML).toBe('<div>Hello world - Inferno </div>');"
/home/gabriel/Disk/Research/research-javascript-test-smells/repositories/inferno/packages/inferno-create-element/__tests__/update.ext.spec.js,Duplicate Assert,"{'line': 92, 'column': 4, 'index': 3185}","  90 |
  91 |     render(template('Inferno', null), container);
> 92 |     expect(container.innerHTML).toBe('<div>Hello world - Inferno </div>');
     |    ^ Duplicate Assert
  93 |
  94 |     render(template(null, 'Owns'), container);
  95 |     expect(container.innerHTML).toBe('<div>Hello world -  Owns</div>');"
/home/gabriel/Disk/Research/research-javascript-test-smells/repositories/inferno/packages/inferno-create-element/__tests__/update.ext.spec.js,Duplicate Assert,"{'line': 95, 'column': 4, 'index': 3308}","  93 |
  94 |     render(template(null, 'Owns'), container);
> 95 |     expect(container.innerHTML).toBe('<div>Hello world -  Owns</div>');
     |    ^ Duplicate Assert
  96 |
  97 |     render(template(null), container);
  98 |     expect(container.innerHTML).toBe('<div>Hello world -  </div>');"
/home/gabriel/Disk/Research/research-javascript-test-smells/repositories/inferno/packages/inferno-create-element/__tests__/update.ext.spec.js,Duplicate Assert,"{'line': 95, 'column': 4, 'index': 3308}","  93 |
  94 |     render(template(null, 'Owns'), container);
> 95 |     expect(container.innerHTML).toBe('<div>Hello world -  Owns</div>');
     |    ^ Duplicate Assert
  96 |
  97 |     render(template(null), container);
  98 |     expect(container.innerHTML).toBe('<div>Hello world -  </div>');"
/home/gabriel/Disk/Research/research-javascript-test-smells/repositories/inferno/packages/inferno-create-element/__tests__/update.ext.spec.js,Duplicate Assert,"{'line': 98, 'column': 4, 'index': 3420}","   96 |
   97 |     render(template(null), container);
>  98 |     expect(container.innerHTML).toBe('<div>Hello world -  </div>');
      |    ^ Duplicate Assert
   99 |
  100 |     render(template(undefined), container);
  101 |     expect(container.innerHTML).toBe('<div>Hello world -  </div>');"
/home/gabriel/Disk/Research/research-javascript-test-smells/repositories/inferno/packages/inferno-create-element/__tests__/update.ext.spec.js,Duplicate Assert,"{'line': 98, 'column': 4, 'index': 3420}","   96 |
   97 |     render(template(null), container);
>  98 |     expect(container.innerHTML).toBe('<div>Hello world -  </div>');
      |    ^ Duplicate Assert
   99 |
  100 |     render(template(undefined), container);
  101 |     expect(container.innerHTML).toBe('<div>Hello world -  </div>');"
/home/gabriel/Disk/Research/research-javascript-test-smells/repositories/inferno/packages/inferno-create-element/__tests__/update.ext.spec.js,Duplicate Assert,"{'line': 101, 'column': 4, 'index': 3533}","   99 |
  100 |     render(template(undefined), container);
> 101 |     expect(container.innerHTML).toBe('<div>Hello world -  </div>');
      |    ^ Duplicate Assert
  102 |
  103 |     render(template(null, 'Owns'), container);
  104 |     expect(container.innerHTML).toBe('<div>Hello world -  Owns</div>');"
/home/gabriel/Disk/Research/research-javascript-test-smells/repositories/inferno/packages/inferno-create-element/__tests__/update.ext.spec.js,Duplicate Assert,"{'line': 101, 'column': 4, 'index': 3533}","   99 |
  100 |     render(template(undefined), container);
> 101 |     expect(container.innerHTML).toBe('<div>Hello world -  </div>');
      |    ^ Duplicate Assert
  102 |
  103 |     render(template(null, 'Owns'), container);
  104 |     expect(container.innerHTML).toBe('<div>Hello world -  Owns</div>');"
/home/gabriel/Disk/Research/research-javascript-test-smells/repositories/inferno/packages/inferno-create-element/__tests__/update.ext.spec.js,Duplicate Assert,"{'line': 104, 'column': 4, 'index': 3649}","  102 |
  103 |     render(template(null, 'Owns'), container);
> 104 |     expect(container.innerHTML).toBe('<div>Hello world -  Owns</div>');
      |    ^ Duplicate Assert
  105 |
  106 |     render(template('Test', 'Works!'), container);
  107 |     expect(container.innerHTML).toBe('<div>Hello world - Test Works!</div>');"
/home/gabriel/Disk/Research/research-javascript-test-smells/repositories/inferno/packages/inferno-create-element/__tests__/update.ext.spec.js,Duplicate Assert,"{'line': 104, 'column': 4, 'index': 3649}","  102 |
  103 |     render(template(null, 'Owns'), container);
> 104 |     expect(container.innerHTML).toBe('<div>Hello world -  Owns</div>');
      |    ^ Duplicate Assert
  105 |
  106 |     render(template('Test', 'Works!'), container);
  107 |     expect(container.innerHTML).toBe('<div>Hello world - Test Works!</div>');"
/home/gabriel/Disk/Research/research-javascript-test-smells/repositories/inferno/packages/inferno-create-element/__tests__/update.ext.spec.js,Duplicate Assert,"{'line': 107, 'column': 4, 'index': 3773}","  105 |
  106 |     render(template('Test', 'Works!'), container);
> 107 |     expect(container.innerHTML).toBe('<div>Hello world - Test Works!</div>');
      |    ^ Duplicate Assert
  108 |   });
  109 |
  110 |   it('should update a wrapped text node', () => {"
/home/gabriel/Disk/Research/research-javascript-test-smells/repositories/inferno/packages/inferno-create-element/__tests__/update.ext.spec.js,Duplicate Assert,"{'line': 115, 'column': 4, 'index': 4039}","  113 |
  114 |     render(template(null), container);
> 115 |     expect(container.innerHTML).toBe('<div> foo</div>');
      |    ^ Duplicate Assert
  116 |
  117 |     render(template('Hello', 'Bar'), container);
  118 |     expect(container.innerHTML).toBe('<div>Hello fooBar</div>');"
/home/gabriel/Disk/Research/research-javascript-test-smells/repositories/inferno/packages/inferno-create-element/__tests__/update.ext.spec.js,Duplicate Assert,"{'line': 115, 'column': 4, 'index': 4039}","  113 |
  114 |     render(template(null), container);
> 115 |     expect(container.innerHTML).toBe('<div> foo</div>');
      |    ^ Duplicate Assert
  116 |
  117 |     render(template('Hello', 'Bar'), container);
  118 |     expect(container.innerHTML).toBe('<div>Hello fooBar</div>');"
/home/gabriel/Disk/Research/research-javascript-test-smells/repositories/inferno/packages/inferno-create-element/__tests__/update.ext.spec.js,Duplicate Assert,"{'line': 118, 'column': 4, 'index': 4146}","  116 |
  117 |     render(template('Hello', 'Bar'), container);
> 118 |     expect(container.innerHTML).toBe('<div>Hello fooBar</div>');
      |    ^ Duplicate Assert
  119 |
  120 |     render(template(undefined), container);
  121 |     expect(container.innerHTML).toBe('<div> foo</div>');"
/home/gabriel/Disk/Research/research-javascript-test-smells/repositories/inferno/packages/inferno-create-element/__tests__/update.ext.spec.js,Duplicate Assert,"{'line': 121, 'column': 4, 'index': 4256}","  119 |
  120 |     render(template(undefined), container);
> 121 |     expect(container.innerHTML).toBe('<div> foo</div>');
      |    ^ Duplicate Assert
  122 |
  123 |     render(template('The', ' is dead!'), container);
  124 |     expect(container.innerHTML).toBe('<div>The foo is dead!</div>');"
/home/gabriel/Disk/Research/research-javascript-test-smells/repositories/inferno/packages/inferno-create-element/__tests__/update.ext.spec.js,Duplicate Assert,"{'line': 121, 'column': 4, 'index': 4256}","  119 |
  120 |     render(template(undefined), container);
> 121 |     expect(container.innerHTML).toBe('<div> foo</div>');
      |    ^ Duplicate Assert
  122 |
  123 |     render(template('The', ' is dead!'), container);
  124 |     expect(container.innerHTML).toBe('<div>The foo is dead!</div>');"
/home/gabriel/Disk/Research/research-javascript-test-smells/repositories/inferno/packages/inferno-create-element/__tests__/update.ext.spec.js,Duplicate Assert,"{'line': 124, 'column': 4, 'index': 4367}","  122 |
  123 |     render(template('The', ' is dead!'), container);
> 124 |     expect(container.innerHTML).toBe('<div>The foo is dead!</div>');
      |    ^ Duplicate Assert
  125 |   });
  126 |
  127 |   it('should update a wrapped text node', () => {"
/home/gabriel/Disk/Research/research-javascript-test-smells/repositories/inferno/packages/inferno-create-element/__tests__/update.ext.spec.js,Duplicate Assert,"{'line': 132, 'column': 4, 'index': 4624}","  130 |
  131 |     render(template(null), container);
> 132 |     expect(container.innerHTML).toBe('<div> foo</div>');
      |    ^ Duplicate Assert
  133 |
  134 |     render(template(undefined), container);
  135 |     expect(container.innerHTML).toBe('<div> foo</div>');"
/home/gabriel/Disk/Research/research-javascript-test-smells/repositories/inferno/packages/inferno-create-element/__tests__/update.ext.spec.js,Duplicate Assert,"{'line': 132, 'column': 4, 'index': 4624}","  130 |
  131 |     render(template(null), container);
> 132 |     expect(container.innerHTML).toBe('<div> foo</div>');
      |    ^ Duplicate Assert
  133 |
  134 |     render(template(undefined), container);
  135 |     expect(container.innerHTML).toBe('<div> foo</div>');"
/home/gabriel/Disk/Research/research-javascript-test-smells/repositories/inferno/packages/inferno-create-element/__tests__/update.ext.spec.js,Duplicate Assert,"{'line': 135, 'column': 4, 'index': 4726}","  133 |
  134 |     render(template(undefined), container);
> 135 |     expect(container.innerHTML).toBe('<div> foo</div>');
      |    ^ Duplicate Assert
  136 |
  137 |     render(template('Hello', 'Bar'), container);
  138 |     expect(container.innerHTML).toBe('<div>Hello fooBar</div>');"
/home/gabriel/Disk/Research/research-javascript-test-smells/repositories/inferno/packages/inferno-create-element/__tests__/update.ext.spec.js,Duplicate Assert,"{'line': 135, 'column': 4, 'index': 4726}","  133 |
  134 |     render(template(undefined), container);
> 135 |     expect(container.innerHTML).toBe('<div> foo</div>');
      |    ^ Duplicate Assert
  136 |
  137 |     render(template('Hello', 'Bar'), container);
  138 |     expect(container.innerHTML).toBe('<div>Hello fooBar</div>');"
/home/gabriel/Disk/Research/research-javascript-test-smells/repositories/inferno/packages/inferno-create-element/__tests__/update.ext.spec.js,Duplicate Assert,"{'line': 138, 'column': 4, 'index': 4833}","  136 |
  137 |     render(template('Hello', 'Bar'), container);
> 138 |     expect(container.innerHTML).toBe('<div>Hello fooBar</div>');
      |    ^ Duplicate Assert
  139 |
  140 |     render(template('Hello', null), container);
  141 |     expect(container.innerHTML).toBe('<div>Hello foo</div>');"
/home/gabriel/Disk/Research/research-javascript-test-smells/repositories/inferno/packages/inferno-create-element/__tests__/update.ext.spec.js,Duplicate Assert,"{'line': 141, 'column': 4, 'index': 4947}","  139 |
  140 |     render(template('Hello', null), container);
> 141 |     expect(container.innerHTML).toBe('<div>Hello foo</div>');
      |    ^ Duplicate Assert
  142 |
  143 |     render(template(null, 'Bar'), container);
  144 |     expect(container.innerHTML).toBe('<div> fooBar</div>');"
/home/gabriel/Disk/Research/research-javascript-test-smells/repositories/inferno/packages/inferno-create-element/__tests__/update.ext.spec.js,Duplicate Assert,"{'line': 144, 'column': 4, 'index': 5056}","  142 |
  143 |     render(template(null, 'Bar'), container);
> 144 |     expect(container.innerHTML).toBe('<div> fooBar</div>');
      |    ^ Duplicate Assert
  145 |
  146 |     render(template(undefined), container);
  147 |     expect(container.innerHTML).toBe('<div> foo</div>');"
/home/gabriel/Disk/Research/research-javascript-test-smells/repositories/inferno/packages/inferno-create-element/__tests__/update.ext.spec.js,Duplicate Assert,"{'line': 147, 'column': 4, 'index': 5161}","  145 |
  146 |     render(template(undefined), container);
> 147 |     expect(container.innerHTML).toBe('<div> foo</div>');
      |    ^ Duplicate Assert
  148 |
  149 |     render(template('The', ' is dead!'), container);
  150 |     expect(container.innerHTML).toBe('<div>The foo is dead!</div>');"
/home/gabriel/Disk/Research/research-javascript-test-smells/repositories/inferno/packages/inferno-create-element/__tests__/update.ext.spec.js,Duplicate Assert,"{'line': 147, 'column': 4, 'index': 5161}","  145 |
  146 |     render(template(undefined), container);
> 147 |     expect(container.innerHTML).toBe('<div> foo</div>');
      |    ^ Duplicate Assert
  148 |
  149 |     render(template('The', ' is dead!'), container);
  150 |     expect(container.innerHTML).toBe('<div>The foo is dead!</div>');"
/home/gabriel/Disk/Research/research-javascript-test-smells/repositories/inferno/packages/inferno-create-element/__tests__/update.ext.spec.js,Duplicate Assert,"{'line': 150, 'column': 4, 'index': 5272}","  148 |
  149 |     render(template('The', ' is dead!'), container);
> 150 |     expect(container.innerHTML).toBe('<div>The foo is dead!</div>');
      |    ^ Duplicate Assert
  151 |   });
  152 |
  153 |   it('should update a wrapped text node with 4 arguments', () => {"
/home/gabriel/Disk/Research/research-javascript-test-smells/repositories/inferno/packages/inferno-create-element/__tests__/update.ext.spec.js,Duplicate Assert,"{'line': 158, 'column': 4, 'index': 5592}","  156 |
  157 |     render(template('Hello', ' world!', ' and ', 'Bar'), container);
> 158 |     expect(container.innerHTML).toBe('<div>Hello world! and Bar</div>');
      |    ^ Duplicate Assert
  159 |
  160 |     render(template(null, null, null, null), container);
  161 |     expect(container.innerHTML).toBe('<div></div>');"
/home/gabriel/Disk/Research/research-javascript-test-smells/repositories/inferno/packages/inferno-create-element/__tests__/update.ext.spec.js,Duplicate Assert,"{'line': 161, 'column': 4, 'index': 5723}","  159 |
  160 |     render(template(null, null, null, null), container);
> 161 |     expect(container.innerHTML).toBe('<div></div>');
      |    ^ Duplicate Assert
  162 |
  163 |     render(template(), container);
  164 |     expect(container.innerHTML).toBe('<div></div>');"
/home/gabriel/Disk/Research/research-javascript-test-smells/repositories/inferno/packages/inferno-create-element/__tests__/update.ext.spec.js,Duplicate Assert,"{'line': 161, 'column': 4, 'index': 5723}","  159 |
  160 |     render(template(null, null, null, null), container);
> 161 |     expect(container.innerHTML).toBe('<div></div>');
      |    ^ Duplicate Assert
  162 |
  163 |     render(template(), container);
  164 |     expect(container.innerHTML).toBe('<div></div>');"
/home/gabriel/Disk/Research/research-javascript-test-smells/repositories/inferno/packages/inferno-create-element/__tests__/update.ext.spec.js,Duplicate Assert,"{'line': 164, 'column': 4, 'index': 5812}","  162 |
  163 |     render(template(), container);
> 164 |     expect(container.innerHTML).toBe('<div></div>');
      |    ^ Duplicate Assert
  165 |
  166 |     render(template('Hello', ' world!', ' and ', 'Zoo'), container);
  167 |     expect(container.innerHTML).toBe('<div>Hello world! and Zoo</div>');"
/home/gabriel/Disk/Research/research-javascript-test-smells/repositories/inferno/packages/inferno-create-element/__tests__/update.ext.spec.js,Duplicate Assert,"{'line': 164, 'column': 4, 'index': 5812}","  162 |
  163 |     render(template(), container);
> 164 |     expect(container.innerHTML).toBe('<div></div>');
      |    ^ Duplicate Assert
  165 |
  166 |     render(template('Hello', ' world!', ' and ', 'Zoo'), container);
  167 |     expect(container.innerHTML).toBe('<div>Hello world! and Zoo</div>');"
/home/gabriel/Disk/Research/research-javascript-test-smells/repositories/inferno/packages/inferno-create-element/__tests__/update.ext.spec.js,Duplicate Assert,"{'line': 167, 'column': 4, 'index': 5935}","  165 |
  166 |     render(template('Hello', ' world!', ' and ', 'Zoo'), container);
> 167 |     expect(container.innerHTML).toBe('<div>Hello world! and Zoo</div>');
      |    ^ Duplicate Assert
  168 |
  169 |     render(template('Hello', null, ' and ', 'Zoo'), container);
  170 |     expect(container.innerHTML).toBe('<div>Hello and Zoo</div>');"
/home/gabriel/Disk/Research/research-javascript-test-smells/repositories/inferno/packages/inferno-create-element/__tests__/update.ext.spec.js,Duplicate Assert,"{'line': 170, 'column': 4, 'index': 6073}","  168 |
  169 |     render(template('Hello', null, ' and ', 'Zoo'), container);
> 170 |     expect(container.innerHTML).toBe('<div>Hello and Zoo</div>');
      |    ^ Duplicate Assert
  171 |
  172 |     expect(() => {
  173 |       render(template('Hello', {}, ' and ', 'Zoo'), container);"
/home/gabriel/Disk/Research/research-javascript-test-smells/repositories/inferno/packages/inferno-create-element/__tests__/update.ext.spec.js,Duplicate Assert,"{'line': 177, 'column': 4, 'index': 6308}","  175 |
  176 |     render(template('Hello', ' poz', ' and ', 'Zoo'), container);
> 177 |     expect(container.innerHTML).toBe('<div>Hello poz and Zoo</div>');
      |    ^ Duplicate Assert
  178 |
  179 |     render(template('The ', 'bar', ' is', ' is dead!'), container);
  180 |     expect(container.innerHTML).toBe('<div>The bar is is dead!</div>');"
/home/gabriel/Disk/Research/research-javascript-test-smells/repositories/inferno/packages/inferno-create-element/__tests__/update.ext.spec.js,Duplicate Assert,"{'line': 180, 'column': 4, 'index': 6447}","  178 |
  179 |     render(template('The ', 'bar', ' is', ' is dead!'), container);
> 180 |     expect(container.innerHTML).toBe('<div>The bar is is dead!</div>');
      |    ^ Duplicate Assert
  181 |
  182 |     render(template('Hello', ' world!', null), container);
  183 |     expect(container.innerHTML).toBe('<div>Hello world!</div>');"
/home/gabriel/Disk/Research/research-javascript-test-smells/repositories/inferno/packages/inferno-create-element/__tests__/update.ext.spec.js,Duplicate Assert,"{'line': 183, 'column': 4, 'index': 6579}","  181 |
  182 |     render(template('Hello', ' world!', null), container);
> 183 |     expect(container.innerHTML).toBe('<div>Hello world!</div>');
      |    ^ Duplicate Assert
  184 |   });
  185 |
  186 |   it('should update a node with static text', () => {"
/home/gabriel/Disk/Research/research-javascript-test-smells/repositories/inferno/packages/inferno-create-element/__tests__/update.ext.spec.js,Duplicate Assert,"{'line': 197, 'column': 4, 'index': 6887}","  195 |
  196 |     render(template('Hello'), container);
> 197 |     expect(container.innerHTML).toBe('<div id=""Hello"">Hello, World</div>');
      |    ^ Duplicate Assert
  198 |
  199 |     render(template('Bar'), container);
  200 |     expect(container.innerHTML).toBe('<div id=""Bar"">Hello, World</div>');"
/home/gabriel/Disk/Research/research-javascript-test-smells/repositories/inferno/packages/inferno-create-element/__tests__/update.ext.spec.js,Duplicate Assert,"{'line': 200, 'column': 4, 'index': 7004}","  198 |
  199 |     render(template('Bar'), container);
> 200 |     expect(container.innerHTML).toBe('<div id=""Bar"">Hello, World</div>');
      |    ^ Duplicate Assert
  201 |
  202 |     render(template(), container);
  203 |     expect(container.innerHTML).toBe('<div>Hello, World</div>');"
/home/gabriel/Disk/Research/research-javascript-test-smells/repositories/inferno/packages/inferno-create-element/__tests__/update.ext.spec.js,Duplicate Assert,"{'line': 203, 'column': 4, 'index': 7114}","  201 |
  202 |     render(template(), container);
> 203 |     expect(container.innerHTML).toBe('<div>Hello, World</div>');
      |    ^ Duplicate Assert
  204 |
  205 |     render(template(), container);
  206 |     expect(container.innerHTML).toBe('<div>Hello, World</div>');"
/home/gabriel/Disk/Research/research-javascript-test-smells/repositories/inferno/packages/inferno-create-element/__tests__/update.ext.spec.js,Duplicate Assert,"{'line': 203, 'column': 4, 'index': 7114}","  201 |
  202 |     render(template(), container);
> 203 |     expect(container.innerHTML).toBe('<div>Hello, World</div>');
      |    ^ Duplicate Assert
  204 |
  205 |     render(template(), container);
  206 |     expect(container.innerHTML).toBe('<div>Hello, World</div>');"
/home/gabriel/Disk/Research/research-javascript-test-smells/repositories/inferno/packages/inferno-create-element/__tests__/update.ext.spec.js,Duplicate Assert,"{'line': 206, 'column': 4, 'index': 7215}","  204 |
  205 |     render(template(), container);
> 206 |     expect(container.innerHTML).toBe('<div>Hello, World</div>');
      |    ^ Duplicate Assert
  207 |
  208 |     render(template(null), container);
  209 |     expect(container.innerHTML).toBe('<div>Hello, World</div>');"
/home/gabriel/Disk/Research/research-javascript-test-smells/repositories/inferno/packages/inferno-create-element/__tests__/update.ext.spec.js,Duplicate Assert,"{'line': 206, 'column': 4, 'index': 7215}","  204 |
  205 |     render(template(), container);
> 206 |     expect(container.innerHTML).toBe('<div>Hello, World</div>');
      |    ^ Duplicate Assert
  207 |
  208 |     render(template(null), container);
  209 |     expect(container.innerHTML).toBe('<div>Hello, World</div>');"
/home/gabriel/Disk/Research/research-javascript-test-smells/repositories/inferno/packages/inferno-create-element/__tests__/update.ext.spec.js,Duplicate Assert,"{'line': 209, 'column': 4, 'index': 7320}","  207 |
  208 |     render(template(null), container);
> 209 |     expect(container.innerHTML).toBe('<div>Hello, World</div>');
      |    ^ Duplicate Assert
  210 |
  211 |     render(template(null), container);
  212 |     expect(container.innerHTML).toBe('<div>Hello, World</div>');"
/home/gabriel/Disk/Research/research-javascript-test-smells/repositories/inferno/packages/inferno-create-element/__tests__/update.ext.spec.js,Duplicate Assert,"{'line': 209, 'column': 4, 'index': 7320}","  207 |
  208 |     render(template(null), container);
> 209 |     expect(container.innerHTML).toBe('<div>Hello, World</div>');
      |    ^ Duplicate Assert
  210 |
  211 |     render(template(null), container);
  212 |     expect(container.innerHTML).toBe('<div>Hello, World</div>');"
/home/gabriel/Disk/Research/research-javascript-test-smells/repositories/inferno/packages/inferno-create-element/__tests__/update.ext.spec.js,Duplicate Assert,"{'line': 212, 'column': 4, 'index': 7425}","  210 |
  211 |     render(template(null), container);
> 212 |     expect(container.innerHTML).toBe('<div>Hello, World</div>');
      |    ^ Duplicate Assert
  213 |
  214 |     render(template('foo'), container);
  215 |     expect(container.innerHTML).toBe('<div id=""foo"">Hello, World</div>');"
/home/gabriel/Disk/Research/research-javascript-test-smells/repositories/inferno/packages/inferno-create-element/__tests__/update.ext.spec.js,Duplicate Assert,"{'line': 212, 'column': 4, 'index': 7425}","  210 |
  211 |     render(template(null), container);
> 212 |     expect(container.innerHTML).toBe('<div>Hello, World</div>');
      |    ^ Duplicate Assert
  213 |
  214 |     render(template('foo'), container);
  215 |     expect(container.innerHTML).toBe('<div id=""foo"">Hello, World</div>');"
/home/gabriel/Disk/Research/research-javascript-test-smells/repositories/inferno/packages/inferno-create-element/__tests__/update.ext.spec.js,Duplicate Assert,"{'line': 215, 'column': 4, 'index': 7531}","  213 |
  214 |     render(template('foo'), container);
> 215 |     expect(container.innerHTML).toBe('<div id=""foo"">Hello, World</div>');
      |    ^ Duplicate Assert
  216 |   });
  217 |
  218 |   it('should update a node with multiple children and static text', () => {"
/home/gabriel/Disk/Research/research-javascript-test-smells/repositories/inferno/packages/inferno-create-element/__tests__/update.ext.spec.js,Duplicate Assert,"{'line': 229, 'column': 4, 'index': 7872}","  227 |
  228 |     render(template('Hello'), container);
> 229 |     expect(container.innerHTML).toBe('<div id=""Hello"">Hello, World</div>');
      |    ^ Duplicate Assert
  230 |
  231 |     render(template('Hello'), container);
  232 |     expect(container.innerHTML).toBe('<div id=""Hello"">Hello, World</div>');"
/home/gabriel/Disk/Research/research-javascript-test-smells/repositories/inferno/packages/inferno-create-element/__tests__/update.ext.spec.js,Duplicate Assert,"{'line': 229, 'column': 4, 'index': 7872}","  227 |
  228 |     render(template('Hello'), container);
> 229 |     expect(container.innerHTML).toBe('<div id=""Hello"">Hello, World</div>');
      |    ^ Duplicate Assert
  230 |
  231 |     render(template('Hello'), container);
  232 |     expect(container.innerHTML).toBe('<div id=""Hello"">Hello, World</div>');"
/home/gabriel/Disk/Research/research-javascript-test-smells/repositories/inferno/packages/inferno-create-element/__tests__/update.ext.spec.js,Duplicate Assert,"{'line': 232, 'column': 4, 'index': 7991}","  230 |
  231 |     render(template('Hello'), container);
> 232 |     expect(container.innerHTML).toBe('<div id=""Hello"">Hello, World</div>');
      |    ^ Duplicate Assert
  233 |
  234 |     render(template(null), container); // should unset
  235 |     expect(container.innerHTML).toBe('<div>Hello, World</div>');"
/home/gabriel/Disk/Research/research-javascript-test-smells/repositories/inferno/packages/inferno-create-element/__tests__/update.ext.spec.js,Duplicate Assert,"{'line': 232, 'column': 4, 'index': 7991}","  230 |
  231 |     render(template('Hello'), container);
> 232 |     expect(container.innerHTML).toBe('<div id=""Hello"">Hello, World</div>');
      |    ^ Duplicate Assert
  233 |
  234 |     render(template(null), container); // should unset
  235 |     expect(container.innerHTML).toBe('<div>Hello, World</div>');"
/home/gabriel/Disk/Research/research-javascript-test-smells/repositories/inferno/packages/inferno-create-element/__tests__/update.ext.spec.js,Duplicate Assert,"{'line': 235, 'column': 4, 'index': 8123}","  233 |
  234 |     render(template(null), container); // should unset
> 235 |     expect(container.innerHTML).toBe('<div>Hello, World</div>');
      |    ^ Duplicate Assert
  236 |
  237 |     render(template('foo'), container);
  238 |     expect(container.innerHTML).toBe('<div id=""foo"">Hello, World</div>');"
/home/gabriel/Disk/Research/research-javascript-test-smells/repositories/inferno/packages/inferno-create-element/__tests__/update.ext.spec.js,Duplicate Assert,"{'line': 238, 'column': 4, 'index': 8229}","  236 |
  237 |     render(template('foo'), container);
> 238 |     expect(container.innerHTML).toBe('<div id=""foo"">Hello, World</div>');
      |    ^ Duplicate Assert
  239 |   });
  240 |
  241 |   it('should update a node with multiple children and static text #2', () => {"
/home/gabriel/Disk/Research/research-javascript-test-smells/repositories/inferno/packages/inferno-create-element/__tests__/update.ext.spec.js,Duplicate Assert,"{'line': 252, 'column': 4, 'index': 8586}","  250 |
  251 |     render(template(null), container); // should unset
> 252 |     expect(container.innerHTML).toBe('<div>Hello, World</div>');
      |    ^ Duplicate Assert
  253 |
  254 |     render(template('Hello'), container);
  255 |     expect(container.innerHTML).toBe('<div id=""Hello"">Hello, World</div>');"
/home/gabriel/Disk/Research/research-javascript-test-smells/repositories/inferno/packages/inferno-create-element/__tests__/update.ext.spec.js,Duplicate Assert,"{'line': 252, 'column': 4, 'index': 8586}","  250 |
  251 |     render(template(null), container); // should unset
> 252 |     expect(container.innerHTML).toBe('<div>Hello, World</div>');
      |    ^ Duplicate Assert
  253 |
  254 |     render(template('Hello'), container);
  255 |     expect(container.innerHTML).toBe('<div id=""Hello"">Hello, World</div>');"
/home/gabriel/Disk/Research/research-javascript-test-smells/repositories/inferno/packages/inferno-create-element/__tests__/update.ext.spec.js,Duplicate Assert,"{'line': 255, 'column': 4, 'index': 8694}","  253 |
  254 |     render(template('Hello'), container);
> 255 |     expect(container.innerHTML).toBe('<div id=""Hello"">Hello, World</div>');
      |    ^ Duplicate Assert
  256 |
  257 |     render(template(undefined), container); // should unset
  258 |     expect(container.innerHTML).toBe('<div>Hello, World</div>');"
/home/gabriel/Disk/Research/research-javascript-test-smells/repositories/inferno/packages/inferno-create-element/__tests__/update.ext.spec.js,Duplicate Assert,"{'line': 258, 'column': 4, 'index': 8831}","  256 |
  257 |     render(template(undefined), container); // should unset
> 258 |     expect(container.innerHTML).toBe('<div>Hello, World</div>');
      |    ^ Duplicate Assert
  259 |
  260 |     render(template('foo'), container);
  261 |     expect(container.innerHTML).toBe('<div id=""foo"">Hello, World</div>');"
/home/gabriel/Disk/Research/research-javascript-test-smells/repositories/inferno/packages/inferno-create-element/__tests__/update.ext.spec.js,Duplicate Assert,"{'line': 258, 'column': 4, 'index': 8831}","  256 |
  257 |     render(template(undefined), container); // should unset
> 258 |     expect(container.innerHTML).toBe('<div>Hello, World</div>');
      |    ^ Duplicate Assert
  259 |
  260 |     render(template('foo'), container);
  261 |     expect(container.innerHTML).toBe('<div id=""foo"">Hello, World</div>');"
/home/gabriel/Disk/Research/research-javascript-test-smells/repositories/inferno/packages/inferno-create-element/__tests__/update.ext.spec.js,Duplicate Assert,"{'line': 261, 'column': 4, 'index': 8937}","  259 |
  260 |     render(template('foo'), container);
> 261 |     expect(container.innerHTML).toBe('<div id=""foo"">Hello, World</div>');
      |    ^ Duplicate Assert
  262 |
  263 |     render(template(), container); // should unset
  264 |     expect(container.innerHTML).toBe('<div>Hello, World</div>');"
/home/gabriel/Disk/Research/research-javascript-test-smells/repositories/inferno/packages/inferno-create-element/__tests__/update.ext.spec.js,Duplicate Assert,"{'line': 264, 'column': 4, 'index': 9063}","  262 |
  263 |     render(template(), container); // should unset
> 264 |     expect(container.innerHTML).toBe('<div>Hello, World</div>');
      |    ^ Duplicate Assert
  265 |   });
  266 |
  267 |   it('should update a div with class attribute, and dynamic children with static text', () => {"
/home/gabriel/Disk/Research/research-javascript-test-smells/repositories/inferno/packages/inferno-create-element/__tests__/update.ext.spec.js,Duplicate Assert,"{'line': 264, 'column': 4, 'index': 9063}","  262 |
  263 |     render(template(), container); // should unset
> 264 |     expect(container.innerHTML).toBe('<div>Hello, World</div>');
      |    ^ Duplicate Assert
  265 |   });
  266 |
  267 |   it('should update a div with class attribute, and dynamic children with static text', () => {"
/home/gabriel/Disk/Research/research-javascript-test-smells/repositories/inferno/packages/inferno-create-element/__tests__/update.ext.spec.js,Duplicate Assert,"{'line': 283, 'column': 4, 'index': 9549}","  281 |     render(template(null), container);
  282 |
> 283 |     expect(container.firstChild.nodeType).toBe(1);
      |    ^ Duplicate Assert
  284 |     expect(container.firstChild.childNodes.length).toBe(0);
  285 |     expect(container.firstChild.tagName).toBe('DIV');
  286 |"
/home/gabriel/Disk/Research/research-javascript-test-smells/repositories/inferno/packages/inferno-create-element/__tests__/update.ext.spec.js,Duplicate Assert,"{'line': 283, 'column': 4, 'index': 9549}","  281 |     render(template(null), container);
  282 |
> 283 |     expect(container.firstChild.nodeType).toBe(1);
      |    ^ Duplicate Assert
  284 |     expect(container.firstChild.childNodes.length).toBe(0);
  285 |     expect(container.firstChild.tagName).toBe('DIV');
  286 |"
/home/gabriel/Disk/Research/research-javascript-test-smells/repositories/inferno/packages/inferno-create-element/__tests__/update.ext.spec.js,Duplicate Assert,"{'line': 284, 'column': 4, 'index': 9600}","  282 |
  283 |     expect(container.firstChild.nodeType).toBe(1);
> 284 |     expect(container.firstChild.childNodes.length).toBe(0);
      |    ^ Duplicate Assert
  285 |     expect(container.firstChild.tagName).toBe('DIV');
  286 |
  287 |     render(template(span(spanList())), container);"
/home/gabriel/Disk/Research/research-javascript-test-smells/repositories/inferno/packages/inferno-create-element/__tests__/update.ext.spec.js,Duplicate Assert,"{'line': 285, 'column': 4, 'index': 9660}","  283 |     expect(container.firstChild.nodeType).toBe(1);
  284 |     expect(container.firstChild.childNodes.length).toBe(0);
> 285 |     expect(container.firstChild.tagName).toBe('DIV');
      |    ^ Duplicate Assert
  286 |
  287 |     render(template(span(spanList())), container);
  288 |     expect(container.firstChild.nodeType).toBe(1);"
/home/gabriel/Disk/Research/research-javascript-test-smells/repositories/inferno/packages/inferno-create-element/__tests__/update.ext.spec.js,Duplicate Assert,"{'line': 285, 'column': 4, 'index': 9660}","  283 |     expect(container.firstChild.nodeType).toBe(1);
  284 |     expect(container.firstChild.childNodes.length).toBe(0);
> 285 |     expect(container.firstChild.tagName).toBe('DIV');
      |    ^ Duplicate Assert
  286 |
  287 |     render(template(span(spanList())), container);
  288 |     expect(container.firstChild.nodeType).toBe(1);"
/home/gabriel/Disk/Research/research-javascript-test-smells/repositories/inferno/packages/inferno-create-element/__tests__/update.ext.spec.js,Duplicate Assert,"{'line': 288, 'column': 4, 'index': 9766}","  286 |
  287 |     render(template(span(spanList())), container);
> 288 |     expect(container.firstChild.nodeType).toBe(1);
      |    ^ Duplicate Assert
  289 |     expect(container.firstChild.firstChild.childNodes.length).toBe(1);
  290 |     expect(container.firstChild.firstChild.firstChild.childNodes.length).toBe(
  291 |       3,"
/home/gabriel/Disk/Research/research-javascript-test-smells/repositories/inferno/packages/inferno-create-element/__tests__/update.ext.spec.js,Duplicate Assert,"{'line': 288, 'column': 4, 'index': 9766}","  286 |
  287 |     render(template(span(spanList())), container);
> 288 |     expect(container.firstChild.nodeType).toBe(1);
      |    ^ Duplicate Assert
  289 |     expect(container.firstChild.firstChild.childNodes.length).toBe(1);
  290 |     expect(container.firstChild.firstChild.firstChild.childNodes.length).toBe(
  291 |       3,"
/home/gabriel/Disk/Research/research-javascript-test-smells/repositories/inferno/packages/inferno-create-element/__tests__/update.ext.spec.js,Duplicate Assert,"{'line': 293, 'column': 4, 'index': 9983}","  291 |       3,
  292 |     );
> 293 |     expect(container.firstChild.tagName).toBe('DIV');
      |    ^ Duplicate Assert
  294 |
  295 |     render(template(span(null)), container);
  296 |"
/home/gabriel/Disk/Research/research-javascript-test-smells/repositories/inferno/packages/inferno-create-element/__tests__/update.ext.spec.js,Duplicate Assert,"{'line': 293, 'column': 4, 'index': 9983}","  291 |       3,
  292 |     );
> 293 |     expect(container.firstChild.tagName).toBe('DIV');
      |    ^ Duplicate Assert
  294 |
  295 |     render(template(span(null)), container);
  296 |"
/home/gabriel/Disk/Research/research-javascript-test-smells/repositories/inferno/packages/inferno-create-element/__tests__/update.ext.spec.js,Duplicate Assert,"{'line': 297, 'column': 4, 'index': 10084}","  295 |     render(template(span(null)), container);
  296 |
> 297 |     expect(container.firstChild.nodeType).toBe(1);
      |    ^ Duplicate Assert
  298 |     expect(container.firstChild.childNodes.length).toBe(1);
  299 |     expect(container.firstChild.tagName).toBe('DIV');
  300 |   });"
/home/gabriel/Disk/Research/research-javascript-test-smells/repositories/inferno/packages/inferno-create-element/__tests__/update.ext.spec.js,Duplicate Assert,"{'line': 297, 'column': 4, 'index': 10084}","  295 |     render(template(span(null)), container);
  296 |
> 297 |     expect(container.firstChild.nodeType).toBe(1);
      |    ^ Duplicate Assert
  298 |     expect(container.firstChild.childNodes.length).toBe(1);
  299 |     expect(container.firstChild.tagName).toBe('DIV');
  300 |   });"
/home/gabriel/Disk/Research/research-javascript-test-smells/repositories/inferno/packages/inferno-create-element/__tests__/update.ext.spec.js,Duplicate Assert,"{'line': 298, 'column': 4, 'index': 10135}","  296 |
  297 |     expect(container.firstChild.nodeType).toBe(1);
> 298 |     expect(container.firstChild.childNodes.length).toBe(1);
      |    ^ Duplicate Assert
  299 |     expect(container.firstChild.tagName).toBe('DIV');
  300 |   });
  301 |"
/home/gabriel/Disk/Research/research-javascript-test-smells/repositories/inferno/packages/inferno-create-element/__tests__/update.ext.spec.js,Duplicate Assert,"{'line': 299, 'column': 4, 'index': 10195}","  297 |     expect(container.firstChild.nodeType).toBe(1);
  298 |     expect(container.firstChild.childNodes.length).toBe(1);
> 299 |     expect(container.firstChild.tagName).toBe('DIV');
      |    ^ Duplicate Assert
  300 |   });
  301 |
  302 |   it('should handle lots of dynamic variables', () => {"
/home/gabriel/Disk/Research/research-javascript-test-smells/repositories/inferno/packages/inferno-create-element/__tests__/update.ext.spec.js,Duplicate Assert,"{'line': 299, 'column': 4, 'index': 10195}","  297 |     expect(container.firstChild.nodeType).toBe(1);
  298 |     expect(container.firstChild.childNodes.length).toBe(1);
> 299 |     expect(container.firstChild.tagName).toBe('DIV');
      |    ^ Duplicate Assert
  300 |   });
  301 |
  302 |   it('should handle lots of dynamic variables', () => {"
/home/gabriel/Disk/Research/research-javascript-test-smells/repositories/inferno/packages/inferno-create-element/__tests__/update.ext.spec.js,Duplicate Assert,"{'line': 329, 'column': 4, 'index': 10809}","  327 |     render(template(), container);
  328 |
> 329 |     expect(container.firstChild.firstChild.tagName).toBe('DIV');
      |    ^ Duplicate Assert
  330 |     expect(container.firstChild.getAttribute('class')).toBe(null);
  331 |     expect(container.firstChild.firstChild.firstChild.tagName).toBe('SPAN');
  332 |     expect(container.firstChild.firstChild.textContent).toBe('');"
/home/gabriel/Disk/Research/research-javascript-test-smells/repositories/inferno/packages/inferno-create-element/__tests__/update.ext.spec.js,Duplicate Assert,"{'line': 329, 'column': 4, 'index': 10809}","  327 |     render(template(), container);
  328 |
> 329 |     expect(container.firstChild.firstChild.tagName).toBe('DIV');
      |    ^ Duplicate Assert
  330 |     expect(container.firstChild.getAttribute('class')).toBe(null);
  331 |     expect(container.firstChild.firstChild.firstChild.tagName).toBe('SPAN');
  332 |     expect(container.firstChild.firstChild.textContent).toBe('');"
/home/gabriel/Disk/Research/research-javascript-test-smells/repositories/inferno/packages/inferno-create-element/__tests__/update.ext.spec.js,Duplicate Assert,"{'line': 330, 'column': 4, 'index': 10874}","  328 |
  329 |     expect(container.firstChild.firstChild.tagName).toBe('DIV');
> 330 |     expect(container.firstChild.getAttribute('class')).toBe(null);
      |    ^ Duplicate Assert
  331 |     expect(container.firstChild.firstChild.firstChild.tagName).toBe('SPAN');
  332 |     expect(container.firstChild.firstChild.textContent).toBe('');
  333 |     expect(container.firstChild.firstChild.firstChild.textContent).toBe('');"
/home/gabriel/Disk/Research/research-javascript-test-smells/repositories/inferno/packages/inferno-create-element/__tests__/update.ext.spec.js,Duplicate Assert,"{'line': 330, 'column': 4, 'index': 10874}","  328 |
  329 |     expect(container.firstChild.firstChild.tagName).toBe('DIV');
> 330 |     expect(container.firstChild.getAttribute('class')).toBe(null);
      |    ^ Duplicate Assert
  331 |     expect(container.firstChild.firstChild.firstChild.tagName).toBe('SPAN');
  332 |     expect(container.firstChild.firstChild.textContent).toBe('');
  333 |     expect(container.firstChild.firstChild.firstChild.textContent).toBe('');"
/home/gabriel/Disk/Research/research-javascript-test-smells/repositories/inferno/packages/inferno-create-element/__tests__/update.ext.spec.js,Duplicate Assert,"{'line': 331, 'column': 4, 'index': 10941}","  329 |     expect(container.firstChild.firstChild.tagName).toBe('DIV');
  330 |     expect(container.firstChild.getAttribute('class')).toBe(null);
> 331 |     expect(container.firstChild.firstChild.firstChild.tagName).toBe('SPAN');
      |    ^ Duplicate Assert
  332 |     expect(container.firstChild.firstChild.textContent).toBe('');
  333 |     expect(container.firstChild.firstChild.firstChild.textContent).toBe('');
  334 |"
/home/gabriel/Disk/Research/research-javascript-test-smells/repositories/inferno/packages/inferno-create-element/__tests__/update.ext.spec.js,Duplicate Assert,"{'line': 331, 'column': 4, 'index': 10941}","  329 |     expect(container.firstChild.firstChild.tagName).toBe('DIV');
  330 |     expect(container.firstChild.getAttribute('class')).toBe(null);
> 331 |     expect(container.firstChild.firstChild.firstChild.tagName).toBe('SPAN');
      |    ^ Duplicate Assert
  332 |     expect(container.firstChild.firstChild.textContent).toBe('');
  333 |     expect(container.firstChild.firstChild.firstChild.textContent).toBe('');
  334 |"
/home/gabriel/Disk/Research/research-javascript-test-smells/repositories/inferno/packages/inferno-create-element/__tests__/update.ext.spec.js,Duplicate Assert,"{'line': 332, 'column': 4, 'index': 11018}","  330 |     expect(container.firstChild.getAttribute('class')).toBe(null);
  331 |     expect(container.firstChild.firstChild.firstChild.tagName).toBe('SPAN');
> 332 |     expect(container.firstChild.firstChild.textContent).toBe('');
      |    ^ Duplicate Assert
  333 |     expect(container.firstChild.firstChild.firstChild.textContent).toBe('');
  334 |
  335 |     render(template('foo1', 'bar1', 'foo2', 'bar2', 'foo3', 'bar3'), container);"
/home/gabriel/Disk/Research/research-javascript-test-smells/repositories/inferno/packages/inferno-create-element/__tests__/update.ext.spec.js,Duplicate Assert,"{'line': 332, 'column': 4, 'index': 11018}","  330 |     expect(container.firstChild.getAttribute('class')).toBe(null);
  331 |     expect(container.firstChild.firstChild.firstChild.tagName).toBe('SPAN');
> 332 |     expect(container.firstChild.firstChild.textContent).toBe('');
      |    ^ Duplicate Assert
  333 |     expect(container.firstChild.firstChild.firstChild.textContent).toBe('');
  334 |
  335 |     render(template('foo1', 'bar1', 'foo2', 'bar2', 'foo3', 'bar3'), container);"
/home/gabriel/Disk/Research/research-javascript-test-smells/repositories/inferno/packages/inferno-create-element/__tests__/update.ext.spec.js,Duplicate Assert,"{'line': 333, 'column': 4, 'index': 11084}","  331 |     expect(container.firstChild.firstChild.firstChild.tagName).toBe('SPAN');
  332 |     expect(container.firstChild.firstChild.textContent).toBe('');
> 333 |     expect(container.firstChild.firstChild.firstChild.textContent).toBe('');
      |    ^ Duplicate Assert
  334 |
  335 |     render(template('foo1', 'bar1', 'foo2', 'bar2', 'foo3', 'bar3'), container);
  336 |"
/home/gabriel/Disk/Research/research-javascript-test-smells/repositories/inferno/packages/inferno-create-element/__tests__/update.ext.spec.js,Duplicate Assert,"{'line': 333, 'column': 4, 'index': 11084}","  331 |     expect(container.firstChild.firstChild.firstChild.tagName).toBe('SPAN');
  332 |     expect(container.firstChild.firstChild.textContent).toBe('');
> 333 |     expect(container.firstChild.firstChild.firstChild.textContent).toBe('');
      |    ^ Duplicate Assert
  334 |
  335 |     render(template('foo1', 'bar1', 'foo2', 'bar2', 'foo3', 'bar3'), container);
  336 |"
/home/gabriel/Disk/Research/research-javascript-test-smells/repositories/inferno/packages/inferno-create-element/__tests__/update.ext.spec.js,Duplicate Assert,"{'line': 337, 'column': 4, 'index': 11244}","  335 |     render(template('foo1', 'bar1', 'foo2', 'bar2', 'foo3', 'bar3'), container);
  336 |
> 337 |     expect(container.firstChild.firstChild.tagName).toBe('DIV');
      |    ^ Duplicate Assert
  338 |     expect(container.firstChild.getAttribute('class')).toBe('bar1');
  339 |     expect(container.firstChild.firstChild.firstChild.tagName).toBe('SPAN');
  340 |     expect(container.firstChild.firstChild.textContent).toBe('bar3');"
/home/gabriel/Disk/Research/research-javascript-test-smells/repositories/inferno/packages/inferno-create-element/__tests__/update.ext.spec.js,Duplicate Assert,"{'line': 337, 'column': 4, 'index': 11244}","  335 |     render(template('foo1', 'bar1', 'foo2', 'bar2', 'foo3', 'bar3'), container);
  336 |
> 337 |     expect(container.firstChild.firstChild.tagName).toBe('DIV');
      |    ^ Duplicate Assert
  338 |     expect(container.firstChild.getAttribute('class')).toBe('bar1');
  339 |     expect(container.firstChild.firstChild.firstChild.tagName).toBe('SPAN');
  340 |     expect(container.firstChild.firstChild.textContent).toBe('bar3');"
/home/gabriel/Disk/Research/research-javascript-test-smells/repositories/inferno/packages/inferno-create-element/__tests__/update.ext.spec.js,Duplicate Assert,"{'line': 338, 'column': 4, 'index': 11309}","  336 |
  337 |     expect(container.firstChild.firstChild.tagName).toBe('DIV');
> 338 |     expect(container.firstChild.getAttribute('class')).toBe('bar1');
      |    ^ Duplicate Assert
  339 |     expect(container.firstChild.firstChild.firstChild.tagName).toBe('SPAN');
  340 |     expect(container.firstChild.firstChild.textContent).toBe('bar3');
  341 |     expect(container.firstChild.firstChild.firstChild.textContent).toBe('bar3');"
/home/gabriel/Disk/Research/research-javascript-test-smells/repositories/inferno/packages/inferno-create-element/__tests__/update.ext.spec.js,Duplicate Assert,"{'line': 339, 'column': 4, 'index': 11378}","  337 |     expect(container.firstChild.firstChild.tagName).toBe('DIV');
  338 |     expect(container.firstChild.getAttribute('class')).toBe('bar1');
> 339 |     expect(container.firstChild.firstChild.firstChild.tagName).toBe('SPAN');
      |    ^ Duplicate Assert
  340 |     expect(container.firstChild.firstChild.textContent).toBe('bar3');
  341 |     expect(container.firstChild.firstChild.firstChild.textContent).toBe('bar3');
  342 |"
/home/gabriel/Disk/Research/research-javascript-test-smells/repositories/inferno/packages/inferno-create-element/__tests__/update.ext.spec.js,Duplicate Assert,"{'line': 339, 'column': 4, 'index': 11378}","  337 |     expect(container.firstChild.firstChild.tagName).toBe('DIV');
  338 |     expect(container.firstChild.getAttribute('class')).toBe('bar1');
> 339 |     expect(container.firstChild.firstChild.firstChild.tagName).toBe('SPAN');
      |    ^ Duplicate Assert
  340 |     expect(container.firstChild.firstChild.textContent).toBe('bar3');
  341 |     expect(container.firstChild.firstChild.firstChild.textContent).toBe('bar3');
  342 |"
/home/gabriel/Disk/Research/research-javascript-test-smells/repositories/inferno/packages/inferno-create-element/__tests__/update.ext.spec.js,Duplicate Assert,"{'line': 340, 'column': 4, 'index': 11455}","  338 |     expect(container.firstChild.getAttribute('class')).toBe('bar1');
  339 |     expect(container.firstChild.firstChild.firstChild.tagName).toBe('SPAN');
> 340 |     expect(container.firstChild.firstChild.textContent).toBe('bar3');
      |    ^ Duplicate Assert
  341 |     expect(container.firstChild.firstChild.firstChild.textContent).toBe('bar3');
  342 |
  343 |     render(template('foo1', 'foo2', 'bar2', 'foo3', 'bar3'), container);"
/home/gabriel/Disk/Research/research-javascript-test-smells/repositories/inferno/packages/inferno-create-element/__tests__/update.ext.spec.js,Duplicate Assert,"{'line': 341, 'column': 4, 'index': 11525}","  339 |     expect(container.firstChild.firstChild.firstChild.tagName).toBe('SPAN');
  340 |     expect(container.firstChild.firstChild.textContent).toBe('bar3');
> 341 |     expect(container.firstChild.firstChild.firstChild.textContent).toBe('bar3');
      |    ^ Duplicate Assert
  342 |
  343 |     render(template('foo1', 'foo2', 'bar2', 'foo3', 'bar3'), container);
  344 |"
/home/gabriel/Disk/Research/research-javascript-test-smells/repositories/inferno/packages/inferno-create-element/__tests__/update.ext.spec.js,Duplicate Assert,"{'line': 345, 'column': 4, 'index': 11681}","  343 |     render(template('foo1', 'foo2', 'bar2', 'foo3', 'bar3'), container);
  344 |
> 345 |     expect(container.firstChild.firstChild.tagName).toBe('DIV');
      |    ^ Duplicate Assert
  346 |     expect(container.firstChild.getAttribute('class')).toBe('foo2');
  347 |     expect(container.firstChild.firstChild.firstChild.tagName).toBe('SPAN');
  348 |     expect(container.firstChild.firstChild.textContent).toBe('');"
/home/gabriel/Disk/Research/research-javascript-test-smells/repositories/inferno/packages/inferno-create-element/__tests__/update.ext.spec.js,Duplicate Assert,"{'line': 345, 'column': 4, 'index': 11681}","  343 |     render(template('foo1', 'foo2', 'bar2', 'foo3', 'bar3'), container);
  344 |
> 345 |     expect(container.firstChild.firstChild.tagName).toBe('DIV');
      |    ^ Duplicate Assert
  346 |     expect(container.firstChild.getAttribute('class')).toBe('foo2');
  347 |     expect(container.firstChild.firstChild.firstChild.tagName).toBe('SPAN');
  348 |     expect(container.firstChild.firstChild.textContent).toBe('');"
/home/gabriel/Disk/Research/research-javascript-test-smells/repositories/inferno/packages/inferno-create-element/__tests__/update.ext.spec.js,Duplicate Assert,"{'line': 346, 'column': 4, 'index': 11746}","  344 |
  345 |     expect(container.firstChild.firstChild.tagName).toBe('DIV');
> 346 |     expect(container.firstChild.getAttribute('class')).toBe('foo2');
      |    ^ Duplicate Assert
  347 |     expect(container.firstChild.firstChild.firstChild.tagName).toBe('SPAN');
  348 |     expect(container.firstChild.firstChild.textContent).toBe('');
  349 |     expect(container.firstChild.firstChild.firstChild.textContent).toBe('');"
/home/gabriel/Disk/Research/research-javascript-test-smells/repositories/inferno/packages/inferno-create-element/__tests__/update.ext.spec.js,Duplicate Assert,"{'line': 347, 'column': 4, 'index': 11815}","  345 |     expect(container.firstChild.firstChild.tagName).toBe('DIV');
  346 |     expect(container.firstChild.getAttribute('class')).toBe('foo2');
> 347 |     expect(container.firstChild.firstChild.firstChild.tagName).toBe('SPAN');
      |    ^ Duplicate Assert
  348 |     expect(container.firstChild.firstChild.textContent).toBe('');
  349 |     expect(container.firstChild.firstChild.firstChild.textContent).toBe('');
  350 |"
/home/gabriel/Disk/Research/research-javascript-test-smells/repositories/inferno/packages/inferno-create-element/__tests__/update.ext.spec.js,Duplicate Assert,"{'line': 347, 'column': 4, 'index': 11815}","  345 |     expect(container.firstChild.firstChild.tagName).toBe('DIV');
  346 |     expect(container.firstChild.getAttribute('class')).toBe('foo2');
> 347 |     expect(container.firstChild.firstChild.firstChild.tagName).toBe('SPAN');
      |    ^ Duplicate Assert
  348 |     expect(container.firstChild.firstChild.textContent).toBe('');
  349 |     expect(container.firstChild.firstChild.firstChild.textContent).toBe('');
  350 |"
/home/gabriel/Disk/Research/research-javascript-test-smells/repositories/inferno/packages/inferno-create-element/__tests__/update.ext.spec.js,Duplicate Assert,"{'line': 348, 'column': 4, 'index': 11892}","  346 |     expect(container.firstChild.getAttribute('class')).toBe('foo2');
  347 |     expect(container.firstChild.firstChild.firstChild.tagName).toBe('SPAN');
> 348 |     expect(container.firstChild.firstChild.textContent).toBe('');
      |    ^ Duplicate Assert
  349 |     expect(container.firstChild.firstChild.firstChild.textContent).toBe('');
  350 |
  351 |     render(template(null), container);"
/home/gabriel/Disk/Research/research-javascript-test-smells/repositories/inferno/packages/inferno-create-element/__tests__/update.ext.spec.js,Duplicate Assert,"{'line': 348, 'column': 4, 'index': 11892}","  346 |     expect(container.firstChild.getAttribute('class')).toBe('foo2');
  347 |     expect(container.firstChild.firstChild.firstChild.tagName).toBe('SPAN');
> 348 |     expect(container.firstChild.firstChild.textContent).toBe('');
      |    ^ Duplicate Assert
  349 |     expect(container.firstChild.firstChild.firstChild.textContent).toBe('');
  350 |
  351 |     render(template(null), container);"
/home/gabriel/Disk/Research/research-javascript-test-smells/repositories/inferno/packages/inferno-create-element/__tests__/update.ext.spec.js,Duplicate Assert,"{'line': 349, 'column': 4, 'index': 11958}","  347 |     expect(container.firstChild.firstChild.firstChild.tagName).toBe('SPAN');
  348 |     expect(container.firstChild.firstChild.textContent).toBe('');
> 349 |     expect(container.firstChild.firstChild.firstChild.textContent).toBe('');
      |    ^ Duplicate Assert
  350 |
  351 |     render(template(null), container);
  352 |     expect(container.firstChild.firstChild.tagName).toBe('DIV');"
/home/gabriel/Disk/Research/research-javascript-test-smells/repositories/inferno/packages/inferno-create-element/__tests__/update.ext.spec.js,Duplicate Assert,"{'line': 349, 'column': 4, 'index': 11958}","  347 |     expect(container.firstChild.firstChild.firstChild.tagName).toBe('SPAN');
  348 |     expect(container.firstChild.firstChild.textContent).toBe('');
> 349 |     expect(container.firstChild.firstChild.firstChild.textContent).toBe('');
      |    ^ Duplicate Assert
  350 |
  351 |     render(template(null), container);
  352 |     expect(container.firstChild.firstChild.tagName).toBe('DIV');"
/home/gabriel/Disk/Research/research-javascript-test-smells/repositories/inferno/packages/inferno-create-element/__tests__/update.ext.spec.js,Duplicate Assert,"{'line': 352, 'column': 4, 'index': 12075}","  350 |
  351 |     render(template(null), container);
> 352 |     expect(container.firstChild.firstChild.tagName).toBe('DIV');
      |    ^ Duplicate Assert
  353 |     expect(container.firstChild.getAttribute('class')).toBe(null);
  354 |     expect(container.firstChild.firstChild.firstChild.tagName).toBe('SPAN');
  355 |     expect(container.firstChild.firstChild.textContent).toBe('');"
/home/gabriel/Disk/Research/research-javascript-test-smells/repositories/inferno/packages/inferno-create-element/__tests__/update.ext.spec.js,Duplicate Assert,"{'line': 352, 'column': 4, 'index': 12075}","  350 |
  351 |     render(template(null), container);
> 352 |     expect(container.firstChild.firstChild.tagName).toBe('DIV');
      |    ^ Duplicate Assert
  353 |     expect(container.firstChild.getAttribute('class')).toBe(null);
  354 |     expect(container.firstChild.firstChild.firstChild.tagName).toBe('SPAN');
  355 |     expect(container.firstChild.firstChild.textContent).toBe('');"
/home/gabriel/Disk/Research/research-javascript-test-smells/repositories/inferno/packages/inferno-create-element/__tests__/update.ext.spec.js,Duplicate Assert,"{'line': 353, 'column': 4, 'index': 12140}","  351 |     render(template(null), container);
  352 |     expect(container.firstChild.firstChild.tagName).toBe('DIV');
> 353 |     expect(container.firstChild.getAttribute('class')).toBe(null);
      |    ^ Duplicate Assert
  354 |     expect(container.firstChild.firstChild.firstChild.tagName).toBe('SPAN');
  355 |     expect(container.firstChild.firstChild.textContent).toBe('');
  356 |     expect(container.firstChild.firstChild.firstChild.textContent).toBe('');"
/home/gabriel/Disk/Research/research-javascript-test-smells/repositories/inferno/packages/inferno-create-element/__tests__/update.ext.spec.js,Duplicate Assert,"{'line': 353, 'column': 4, 'index': 12140}","  351 |     render(template(null), container);
  352 |     expect(container.firstChild.firstChild.tagName).toBe('DIV');
> 353 |     expect(container.firstChild.getAttribute('class')).toBe(null);
      |    ^ Duplicate Assert
  354 |     expect(container.firstChild.firstChild.firstChild.tagName).toBe('SPAN');
  355 |     expect(container.firstChild.firstChild.textContent).toBe('');
  356 |     expect(container.firstChild.firstChild.firstChild.textContent).toBe('');"
/home/gabriel/Disk/Research/research-javascript-test-smells/repositories/inferno/packages/inferno-create-element/__tests__/update.ext.spec.js,Duplicate Assert,"{'line': 354, 'column': 4, 'index': 12207}","  352 |     expect(container.firstChild.firstChild.tagName).toBe('DIV');
  353 |     expect(container.firstChild.getAttribute('class')).toBe(null);
> 354 |     expect(container.firstChild.firstChild.firstChild.tagName).toBe('SPAN');
      |    ^ Duplicate Assert
  355 |     expect(container.firstChild.firstChild.textContent).toBe('');
  356 |     expect(container.firstChild.firstChild.firstChild.textContent).toBe('');
  357 |"
/home/gabriel/Disk/Research/research-javascript-test-smells/repositories/inferno/packages/inferno-create-element/__tests__/update.ext.spec.js,Duplicate Assert,"{'line': 354, 'column': 4, 'index': 12207}","  352 |     expect(container.firstChild.firstChild.tagName).toBe('DIV');
  353 |     expect(container.firstChild.getAttribute('class')).toBe(null);
> 354 |     expect(container.firstChild.firstChild.firstChild.tagName).toBe('SPAN');
      |    ^ Duplicate Assert
  355 |     expect(container.firstChild.firstChild.textContent).toBe('');
  356 |     expect(container.firstChild.firstChild.firstChild.textContent).toBe('');
  357 |"
/home/gabriel/Disk/Research/research-javascript-test-smells/repositories/inferno/packages/inferno-create-element/__tests__/update.ext.spec.js,Duplicate Assert,"{'line': 355, 'column': 4, 'index': 12284}","  353 |     expect(container.firstChild.getAttribute('class')).toBe(null);
  354 |     expect(container.firstChild.firstChild.firstChild.tagName).toBe('SPAN');
> 355 |     expect(container.firstChild.firstChild.textContent).toBe('');
      |    ^ Duplicate Assert
  356 |     expect(container.firstChild.firstChild.firstChild.textContent).toBe('');
  357 |
  358 |     render(template(undefined), container);"
/home/gabriel/Disk/Research/research-javascript-test-smells/repositories/inferno/packages/inferno-create-element/__tests__/update.ext.spec.js,Duplicate Assert,"{'line': 355, 'column': 4, 'index': 12284}","  353 |     expect(container.firstChild.getAttribute('class')).toBe(null);
  354 |     expect(container.firstChild.firstChild.firstChild.tagName).toBe('SPAN');
> 355 |     expect(container.firstChild.firstChild.textContent).toBe('');
      |    ^ Duplicate Assert
  356 |     expect(container.firstChild.firstChild.firstChild.textContent).toBe('');
  357 |
  358 |     render(template(undefined), container);"
/home/gabriel/Disk/Research/research-javascript-test-smells/repositories/inferno/packages/inferno-create-element/__tests__/update.ext.spec.js,Duplicate Assert,"{'line': 356, 'column': 4, 'index': 12350}","  354 |     expect(container.firstChild.firstChild.firstChild.tagName).toBe('SPAN');
  355 |     expect(container.firstChild.firstChild.textContent).toBe('');
> 356 |     expect(container.firstChild.firstChild.firstChild.textContent).toBe('');
      |    ^ Duplicate Assert
  357 |
  358 |     render(template(undefined), container);
  359 |     expect(container.firstChild.firstChild.tagName).toBe('DIV');"
/home/gabriel/Disk/Research/research-javascript-test-smells/repositories/inferno/packages/inferno-create-element/__tests__/update.ext.spec.js,Duplicate Assert,"{'line': 356, 'column': 4, 'index': 12350}","  354 |     expect(container.firstChild.firstChild.firstChild.tagName).toBe('SPAN');
  355 |     expect(container.firstChild.firstChild.textContent).toBe('');
> 356 |     expect(container.firstChild.firstChild.firstChild.textContent).toBe('');
      |    ^ Duplicate Assert
  357 |
  358 |     render(template(undefined), container);
  359 |     expect(container.firstChild.firstChild.tagName).toBe('DIV');"
/home/gabriel/Disk/Research/research-javascript-test-smells/repositories/inferno/packages/inferno-create-element/__tests__/update.ext.spec.js,Duplicate Assert,"{'line': 359, 'column': 4, 'index': 12472}","  357 |
  358 |     render(template(undefined), container);
> 359 |     expect(container.firstChild.firstChild.tagName).toBe('DIV');
      |    ^ Duplicate Assert
  360 |     expect(container.firstChild.getAttribute('class')).toBe(null);
  361 |     expect(container.firstChild.firstChild.firstChild.tagName).toBe('SPAN');
  362 |     expect(container.firstChild.firstChild.textContent).toBe('');"
/home/gabriel/Disk/Research/research-javascript-test-smells/repositories/inferno/packages/inferno-create-element/__tests__/update.ext.spec.js,Duplicate Assert,"{'line': 359, 'column': 4, 'index': 12472}","  357 |
  358 |     render(template(undefined), container);
> 359 |     expect(container.firstChild.firstChild.tagName).toBe('DIV');
      |    ^ Duplicate Assert
  360 |     expect(container.firstChild.getAttribute('class')).toBe(null);
  361 |     expect(container.firstChild.firstChild.firstChild.tagName).toBe('SPAN');
  362 |     expect(container.firstChild.firstChild.textContent).toBe('');"
/home/gabriel/Disk/Research/research-javascript-test-smells/repositories/inferno/packages/inferno-create-element/__tests__/update.ext.spec.js,Duplicate Assert,"{'line': 360, 'column': 4, 'index': 12537}","  358 |     render(template(undefined), container);
  359 |     expect(container.firstChild.firstChild.tagName).toBe('DIV');
> 360 |     expect(container.firstChild.getAttribute('class')).toBe(null);
      |    ^ Duplicate Assert
  361 |     expect(container.firstChild.firstChild.firstChild.tagName).toBe('SPAN');
  362 |     expect(container.firstChild.firstChild.textContent).toBe('');
  363 |     expect(container.firstChild.firstChild.firstChild.textContent).toBe('');"
/home/gabriel/Disk/Research/research-javascript-test-smells/repositories/inferno/packages/inferno-create-element/__tests__/update.ext.spec.js,Duplicate Assert,"{'line': 360, 'column': 4, 'index': 12537}","  358 |     render(template(undefined), container);
  359 |     expect(container.firstChild.firstChild.tagName).toBe('DIV');
> 360 |     expect(container.firstChild.getAttribute('class')).toBe(null);
      |    ^ Duplicate Assert
  361 |     expect(container.firstChild.firstChild.firstChild.tagName).toBe('SPAN');
  362 |     expect(container.firstChild.firstChild.textContent).toBe('');
  363 |     expect(container.firstChild.firstChild.firstChild.textContent).toBe('');"
/home/gabriel/Disk/Research/research-javascript-test-smells/repositories/inferno/packages/inferno-create-element/__tests__/update.ext.spec.js,Duplicate Assert,"{'line': 361, 'column': 4, 'index': 12604}","  359 |     expect(container.firstChild.firstChild.tagName).toBe('DIV');
  360 |     expect(container.firstChild.getAttribute('class')).toBe(null);
> 361 |     expect(container.firstChild.firstChild.firstChild.tagName).toBe('SPAN');
      |    ^ Duplicate Assert
  362 |     expect(container.firstChild.firstChild.textContent).toBe('');
  363 |     expect(container.firstChild.firstChild.firstChild.textContent).toBe('');
  364 |"
/home/gabriel/Disk/Research/research-javascript-test-smells/repositories/inferno/packages/inferno-create-element/__tests__/update.ext.spec.js,Duplicate Assert,"{'line': 361, 'column': 4, 'index': 12604}","  359 |     expect(container.firstChild.firstChild.tagName).toBe('DIV');
  360 |     expect(container.firstChild.getAttribute('class')).toBe(null);
> 361 |     expect(container.firstChild.firstChild.firstChild.tagName).toBe('SPAN');
      |    ^ Duplicate Assert
  362 |     expect(container.firstChild.firstChild.textContent).toBe('');
  363 |     expect(container.firstChild.firstChild.firstChild.textContent).toBe('');
  364 |"
/home/gabriel/Disk/Research/research-javascript-test-smells/repositories/inferno/packages/inferno-create-element/__tests__/update.ext.spec.js,Duplicate Assert,"{'line': 362, 'column': 4, 'index': 12681}","  360 |     expect(container.firstChild.getAttribute('class')).toBe(null);
  361 |     expect(container.firstChild.firstChild.firstChild.tagName).toBe('SPAN');
> 362 |     expect(container.firstChild.firstChild.textContent).toBe('');
      |    ^ Duplicate Assert
  363 |     expect(container.firstChild.firstChild.firstChild.textContent).toBe('');
  364 |
  365 |     render(template('yar1', 'noo1', [], 'noo2', 'yar3', 'noo3'), container);"
/home/gabriel/Disk/Research/research-javascript-test-smells/repositories/inferno/packages/inferno-create-element/__tests__/update.ext.spec.js,Duplicate Assert,"{'line': 362, 'column': 4, 'index': 12681}","  360 |     expect(container.firstChild.getAttribute('class')).toBe(null);
  361 |     expect(container.firstChild.firstChild.firstChild.tagName).toBe('SPAN');
> 362 |     expect(container.firstChild.firstChild.textContent).toBe('');
      |    ^ Duplicate Assert
  363 |     expect(container.firstChild.firstChild.firstChild.textContent).toBe('');
  364 |
  365 |     render(template('yar1', 'noo1', [], 'noo2', 'yar3', 'noo3'), container);"
/home/gabriel/Disk/Research/research-javascript-test-smells/repositories/inferno/packages/inferno-create-element/__tests__/update.ext.spec.js,Duplicate Assert,"{'line': 363, 'column': 4, 'index': 12747}","  361 |     expect(container.firstChild.firstChild.firstChild.tagName).toBe('SPAN');
  362 |     expect(container.firstChild.firstChild.textContent).toBe('');
> 363 |     expect(container.firstChild.firstChild.firstChild.textContent).toBe('');
      |    ^ Duplicate Assert
  364 |
  365 |     render(template('yar1', 'noo1', [], 'noo2', 'yar3', 'noo3'), container);
  366 |"
/home/gabriel/Disk/Research/research-javascript-test-smells/repositories/inferno/packages/inferno-create-element/__tests__/update.ext.spec.js,Duplicate Assert,"{'line': 363, 'column': 4, 'index': 12747}","  361 |     expect(container.firstChild.firstChild.firstChild.tagName).toBe('SPAN');
  362 |     expect(container.firstChild.firstChild.textContent).toBe('');
> 363 |     expect(container.firstChild.firstChild.firstChild.textContent).toBe('');
      |    ^ Duplicate Assert
  364 |
  365 |     render(template('yar1', 'noo1', [], 'noo2', 'yar3', 'noo3'), container);
  366 |"
/home/gabriel/Disk/Research/research-javascript-test-smells/repositories/inferno/packages/inferno-create-element/__tests__/update.ext.spec.js,Duplicate Assert,"{'line': 367, 'column': 4, 'index': 12903}","  365 |     render(template('yar1', 'noo1', [], 'noo2', 'yar3', 'noo3'), container);
  366 |
> 367 |     expect(container.firstChild.firstChild.tagName).toBe('DIV');
      |    ^ Duplicate Assert
  368 |     expect(container.firstChild.getAttribute('class')).toBe('noo1');
  369 |     expect(container.firstChild.firstChild.firstChild.tagName).toBe('SPAN');
  370 |     expect(container.firstChild.firstChild.textContent).toBe('noo3');"
/home/gabriel/Disk/Research/research-javascript-test-smells/repositories/inferno/packages/inferno-create-element/__tests__/update.ext.spec.js,Duplicate Assert,"{'line': 367, 'column': 4, 'index': 12903}","  365 |     render(template('yar1', 'noo1', [], 'noo2', 'yar3', 'noo3'), container);
  366 |
> 367 |     expect(container.firstChild.firstChild.tagName).toBe('DIV');
      |    ^ Duplicate Assert
  368 |     expect(container.firstChild.getAttribute('class')).toBe('noo1');
  369 |     expect(container.firstChild.firstChild.firstChild.tagName).toBe('SPAN');
  370 |     expect(container.firstChild.firstChild.textContent).toBe('noo3');"
/home/gabriel/Disk/Research/research-javascript-test-smells/repositories/inferno/packages/inferno-create-element/__tests__/update.ext.spec.js,Duplicate Assert,"{'line': 368, 'column': 4, 'index': 12968}","  366 |
  367 |     expect(container.firstChild.firstChild.tagName).toBe('DIV');
> 368 |     expect(container.firstChild.getAttribute('class')).toBe('noo1');
      |    ^ Duplicate Assert
  369 |     expect(container.firstChild.firstChild.firstChild.tagName).toBe('SPAN');
  370 |     expect(container.firstChild.firstChild.textContent).toBe('noo3');
  371 |     expect(container.firstChild.firstChild.firstChild.textContent).toBe('noo3');"
/home/gabriel/Disk/Research/research-javascript-test-smells/repositories/inferno/packages/inferno-create-element/__tests__/update.ext.spec.js,Duplicate Assert,"{'line': 368, 'column': 4, 'index': 12968}","  366 |
  367 |     expect(container.firstChild.firstChild.tagName).toBe('DIV');
> 368 |     expect(container.firstChild.getAttribute('class')).toBe('noo1');
      |    ^ Duplicate Assert
  369 |     expect(container.firstChild.firstChild.firstChild.tagName).toBe('SPAN');
  370 |     expect(container.firstChild.firstChild.textContent).toBe('noo3');
  371 |     expect(container.firstChild.firstChild.firstChild.textContent).toBe('noo3');"
/home/gabriel/Disk/Research/research-javascript-test-smells/repositories/inferno/packages/inferno-create-element/__tests__/update.ext.spec.js,Duplicate Assert,"{'line': 369, 'column': 4, 'index': 13037}","  367 |     expect(container.firstChild.firstChild.tagName).toBe('DIV');
  368 |     expect(container.firstChild.getAttribute('class')).toBe('noo1');
> 369 |     expect(container.firstChild.firstChild.firstChild.tagName).toBe('SPAN');
      |    ^ Duplicate Assert
  370 |     expect(container.firstChild.firstChild.textContent).toBe('noo3');
  371 |     expect(container.firstChild.firstChild.firstChild.textContent).toBe('noo3');
  372 |"
/home/gabriel/Disk/Research/research-javascript-test-smells/repositories/inferno/packages/inferno-create-element/__tests__/update.ext.spec.js,Duplicate Assert,"{'line': 369, 'column': 4, 'index': 13037}","  367 |     expect(container.firstChild.firstChild.tagName).toBe('DIV');
  368 |     expect(container.firstChild.getAttribute('class')).toBe('noo1');
> 369 |     expect(container.firstChild.firstChild.firstChild.tagName).toBe('SPAN');
      |    ^ Duplicate Assert
  370 |     expect(container.firstChild.firstChild.textContent).toBe('noo3');
  371 |     expect(container.firstChild.firstChild.firstChild.textContent).toBe('noo3');
  372 |"
/home/gabriel/Disk/Research/research-javascript-test-smells/repositories/inferno/packages/inferno-create-element/__tests__/update.ext.spec.js,Duplicate Assert,"{'line': 370, 'column': 4, 'index': 13114}","  368 |     expect(container.firstChild.getAttribute('class')).toBe('noo1');
  369 |     expect(container.firstChild.firstChild.firstChild.tagName).toBe('SPAN');
> 370 |     expect(container.firstChild.firstChild.textContent).toBe('noo3');
      |    ^ Duplicate Assert
  371 |     expect(container.firstChild.firstChild.firstChild.textContent).toBe('noo3');
  372 |
  373 |     render(template('yar1', 'noo1', [], 'noo2', 'yar3', 123), container);"
/home/gabriel/Disk/Research/research-javascript-test-smells/repositories/inferno/packages/inferno-create-element/__tests__/update.ext.spec.js,Duplicate Assert,"{'line': 370, 'column': 4, 'index': 13114}","  368 |     expect(container.firstChild.getAttribute('class')).toBe('noo1');
  369 |     expect(container.firstChild.firstChild.firstChild.tagName).toBe('SPAN');
> 370 |     expect(container.firstChild.firstChild.textContent).toBe('noo3');
      |    ^ Duplicate Assert
  371 |     expect(container.firstChild.firstChild.firstChild.textContent).toBe('noo3');
  372 |
  373 |     render(template('yar1', 'noo1', [], 'noo2', 'yar3', 123), container);"
/home/gabriel/Disk/Research/research-javascript-test-smells/repositories/inferno/packages/inferno-create-element/__tests__/update.ext.spec.js,Duplicate Assert,"{'line': 371, 'column': 4, 'index': 13184}","  369 |     expect(container.firstChild.firstChild.firstChild.tagName).toBe('SPAN');
  370 |     expect(container.firstChild.firstChild.textContent).toBe('noo3');
> 371 |     expect(container.firstChild.firstChild.firstChild.textContent).toBe('noo3');
      |    ^ Duplicate Assert
  372 |
  373 |     render(template('yar1', 'noo1', [], 'noo2', 'yar3', 123), container);
  374 |"
/home/gabriel/Disk/Research/research-javascript-test-smells/repositories/inferno/packages/inferno-create-element/__tests__/update.ext.spec.js,Duplicate Assert,"{'line': 371, 'column': 4, 'index': 13184}","  369 |     expect(container.firstChild.firstChild.firstChild.tagName).toBe('SPAN');
  370 |     expect(container.firstChild.firstChild.textContent).toBe('noo3');
> 371 |     expect(container.firstChild.firstChild.firstChild.textContent).toBe('noo3');
      |    ^ Duplicate Assert
  372 |
  373 |     render(template('yar1', 'noo1', [], 'noo2', 'yar3', 123), container);
  374 |"
/home/gabriel/Disk/Research/research-javascript-test-smells/repositories/inferno/packages/inferno-create-element/__tests__/update.ext.spec.js,Duplicate Assert,"{'line': 375, 'column': 4, 'index': 13341}","  373 |     render(template('yar1', 'noo1', [], 'noo2', 'yar3', 123), container);
  374 |
> 375 |     expect(container.firstChild.firstChild.tagName).toBe('DIV');
      |    ^ Duplicate Assert
  376 |     expect(container.firstChild.getAttribute('class')).toBe('noo1');
  377 |     expect(container.firstChild.firstChild.firstChild.tagName).toBe('SPAN');
  378 |     expect(container.firstChild.firstChild.textContent).toBe('123');"
/home/gabriel/Disk/Research/research-javascript-test-smells/repositories/inferno/packages/inferno-create-element/__tests__/update.ext.spec.js,Duplicate Assert,"{'line': 375, 'column': 4, 'index': 13341}","  373 |     render(template('yar1', 'noo1', [], 'noo2', 'yar3', 123), container);
  374 |
> 375 |     expect(container.firstChild.firstChild.tagName).toBe('DIV');
      |    ^ Duplicate Assert
  376 |     expect(container.firstChild.getAttribute('class')).toBe('noo1');
  377 |     expect(container.firstChild.firstChild.firstChild.tagName).toBe('SPAN');
  378 |     expect(container.firstChild.firstChild.textContent).toBe('123');"
/home/gabriel/Disk/Research/research-javascript-test-smells/repositories/inferno/packages/inferno-create-element/__tests__/update.ext.spec.js,Duplicate Assert,"{'line': 376, 'column': 4, 'index': 13406}","  374 |
  375 |     expect(container.firstChild.firstChild.tagName).toBe('DIV');
> 376 |     expect(container.firstChild.getAttribute('class')).toBe('noo1');
      |    ^ Duplicate Assert
  377 |     expect(container.firstChild.firstChild.firstChild.tagName).toBe('SPAN');
  378 |     expect(container.firstChild.firstChild.textContent).toBe('123');
  379 |     expect(container.firstChild.firstChild.firstChild.textContent).toBe('123');"
/home/gabriel/Disk/Research/research-javascript-test-smells/repositories/inferno/packages/inferno-create-element/__tests__/update.ext.spec.js,Duplicate Assert,"{'line': 376, 'column': 4, 'index': 13406}","  374 |
  375 |     expect(container.firstChild.firstChild.tagName).toBe('DIV');
> 376 |     expect(container.firstChild.getAttribute('class')).toBe('noo1');
      |    ^ Duplicate Assert
  377 |     expect(container.firstChild.firstChild.firstChild.tagName).toBe('SPAN');
  378 |     expect(container.firstChild.firstChild.textContent).toBe('123');
  379 |     expect(container.firstChild.firstChild.firstChild.textContent).toBe('123');"
/home/gabriel/Disk/Research/research-javascript-test-smells/repositories/inferno/packages/inferno-create-element/__tests__/update.ext.spec.js,Duplicate Assert,"{'line': 377, 'column': 4, 'index': 13475}","  375 |     expect(container.firstChild.firstChild.tagName).toBe('DIV');
  376 |     expect(container.firstChild.getAttribute('class')).toBe('noo1');
> 377 |     expect(container.firstChild.firstChild.firstChild.tagName).toBe('SPAN');
      |    ^ Duplicate Assert
  378 |     expect(container.firstChild.firstChild.textContent).toBe('123');
  379 |     expect(container.firstChild.firstChild.firstChild.textContent).toBe('123');
  380 |"
/home/gabriel/Disk/Research/research-javascript-test-smells/repositories/inferno/packages/inferno-create-element/__tests__/update.ext.spec.js,Duplicate Assert,"{'line': 377, 'column': 4, 'index': 13475}","  375 |     expect(container.firstChild.firstChild.tagName).toBe('DIV');
  376 |     expect(container.firstChild.getAttribute('class')).toBe('noo1');
> 377 |     expect(container.firstChild.firstChild.firstChild.tagName).toBe('SPAN');
      |    ^ Duplicate Assert
  378 |     expect(container.firstChild.firstChild.textContent).toBe('123');
  379 |     expect(container.firstChild.firstChild.firstChild.textContent).toBe('123');
  380 |"
/home/gabriel/Disk/Research/research-javascript-test-smells/repositories/inferno/packages/inferno-create-element/__tests__/update.ext.spec.js,Duplicate Assert,"{'line': 378, 'column': 4, 'index': 13552}","  376 |     expect(container.firstChild.getAttribute('class')).toBe('noo1');
  377 |     expect(container.firstChild.firstChild.firstChild.tagName).toBe('SPAN');
> 378 |     expect(container.firstChild.firstChild.textContent).toBe('123');
      |    ^ Duplicate Assert
  379 |     expect(container.firstChild.firstChild.firstChild.textContent).toBe('123');
  380 |
  381 |     render(template('yar1', 'noo1', 'yar2', 'noo2', 'yar3', 'noo3'), container);"
/home/gabriel/Disk/Research/research-javascript-test-smells/repositories/inferno/packages/inferno-create-element/__tests__/update.ext.spec.js,Duplicate Assert,"{'line': 379, 'column': 4, 'index': 13621}","  377 |     expect(container.firstChild.firstChild.firstChild.tagName).toBe('SPAN');
  378 |     expect(container.firstChild.firstChild.textContent).toBe('123');
> 379 |     expect(container.firstChild.firstChild.firstChild.textContent).toBe('123');
      |    ^ Duplicate Assert
  380 |
  381 |     render(template('yar1', 'noo1', 'yar2', 'noo2', 'yar3', 'noo3'), container);
  382 |"
/home/gabriel/Disk/Research/research-javascript-test-smells/repositories/inferno/packages/inferno-create-element/__tests__/update.ext.spec.js,Duplicate Assert,"{'line': 383, 'column': 4, 'index': 13784}","  381 |     render(template('yar1', 'noo1', 'yar2', 'noo2', 'yar3', 'noo3'), container);
  382 |
> 383 |     expect(container.firstChild.firstChild.tagName).toBe('DIV');
      |    ^ Duplicate Assert
  384 |     expect(container.firstChild.getAttribute('class')).toBe('noo1');
  385 |     expect(container.firstChild.firstChild.firstChild.tagName).toBe('SPAN');
  386 |     expect(container.firstChild.firstChild.textContent).toBe('noo3');"
/home/gabriel/Disk/Research/research-javascript-test-smells/repositories/inferno/packages/inferno-create-element/__tests__/update.ext.spec.js,Duplicate Assert,"{'line': 383, 'column': 4, 'index': 13784}","  381 |     render(template('yar1', 'noo1', 'yar2', 'noo2', 'yar3', 'noo3'), container);
  382 |
> 383 |     expect(container.firstChild.firstChild.tagName).toBe('DIV');
      |    ^ Duplicate Assert
  384 |     expect(container.firstChild.getAttribute('class')).toBe('noo1');
  385 |     expect(container.firstChild.firstChild.firstChild.tagName).toBe('SPAN');
  386 |     expect(container.firstChild.firstChild.textContent).toBe('noo3');"
/home/gabriel/Disk/Research/research-javascript-test-smells/repositories/inferno/packages/inferno-create-element/__tests__/update.ext.spec.js,Duplicate Assert,"{'line': 384, 'column': 4, 'index': 13849}","  382 |
  383 |     expect(container.firstChild.firstChild.tagName).toBe('DIV');
> 384 |     expect(container.firstChild.getAttribute('class')).toBe('noo1');
      |    ^ Duplicate Assert
  385 |     expect(container.firstChild.firstChild.firstChild.tagName).toBe('SPAN');
  386 |     expect(container.firstChild.firstChild.textContent).toBe('noo3');
  387 |     expect(container.firstChild.firstChild.firstChild.textContent).toBe('noo3');"
/home/gabriel/Disk/Research/research-javascript-test-smells/repositories/inferno/packages/inferno-create-element/__tests__/update.ext.spec.js,Duplicate Assert,"{'line': 384, 'column': 4, 'index': 13849}","  382 |
  383 |     expect(container.firstChild.firstChild.tagName).toBe('DIV');
> 384 |     expect(container.firstChild.getAttribute('class')).toBe('noo1');
      |    ^ Duplicate Assert
  385 |     expect(container.firstChild.firstChild.firstChild.tagName).toBe('SPAN');
  386 |     expect(container.firstChild.firstChild.textContent).toBe('noo3');
  387 |     expect(container.firstChild.firstChild.firstChild.textContent).toBe('noo3');"
/home/gabriel/Disk/Research/research-javascript-test-smells/repositories/inferno/packages/inferno-create-element/__tests__/update.ext.spec.js,Duplicate Assert,"{'line': 385, 'column': 4, 'index': 13918}","  383 |     expect(container.firstChild.firstChild.tagName).toBe('DIV');
  384 |     expect(container.firstChild.getAttribute('class')).toBe('noo1');
> 385 |     expect(container.firstChild.firstChild.firstChild.tagName).toBe('SPAN');
      |    ^ Duplicate Assert
  386 |     expect(container.firstChild.firstChild.textContent).toBe('noo3');
  387 |     expect(container.firstChild.firstChild.firstChild.textContent).toBe('noo3');
  388 |"
/home/gabriel/Disk/Research/research-javascript-test-smells/repositories/inferno/packages/inferno-create-element/__tests__/update.ext.spec.js,Duplicate Assert,"{'line': 385, 'column': 4, 'index': 13918}","  383 |     expect(container.firstChild.firstChild.tagName).toBe('DIV');
  384 |     expect(container.firstChild.getAttribute('class')).toBe('noo1');
> 385 |     expect(container.firstChild.firstChild.firstChild.tagName).toBe('SPAN');
      |    ^ Duplicate Assert
  386 |     expect(container.firstChild.firstChild.textContent).toBe('noo3');
  387 |     expect(container.firstChild.firstChild.firstChild.textContent).toBe('noo3');
  388 |"
/home/gabriel/Disk/Research/research-javascript-test-smells/repositories/inferno/packages/inferno-create-element/__tests__/update.ext.spec.js,Duplicate Assert,"{'line': 386, 'column': 4, 'index': 13995}","  384 |     expect(container.firstChild.getAttribute('class')).toBe('noo1');
  385 |     expect(container.firstChild.firstChild.firstChild.tagName).toBe('SPAN');
> 386 |     expect(container.firstChild.firstChild.textContent).toBe('noo3');
      |    ^ Duplicate Assert
  387 |     expect(container.firstChild.firstChild.firstChild.textContent).toBe('noo3');
  388 |
  389 |     render(template('yar1', null, 'yar2', 'noo2', 'yar3', null), container);"
/home/gabriel/Disk/Research/research-javascript-test-smells/repositories/inferno/packages/inferno-create-element/__tests__/update.ext.spec.js,Duplicate Assert,"{'line': 386, 'column': 4, 'index': 13995}","  384 |     expect(container.firstChild.getAttribute('class')).toBe('noo1');
  385 |     expect(container.firstChild.firstChild.firstChild.tagName).toBe('SPAN');
> 386 |     expect(container.firstChild.firstChild.textContent).toBe('noo3');
      |    ^ Duplicate Assert
  387 |     expect(container.firstChild.firstChild.firstChild.textContent).toBe('noo3');
  388 |
  389 |     render(template('yar1', null, 'yar2', 'noo2', 'yar3', null), container);"
/home/gabriel/Disk/Research/research-javascript-test-smells/repositories/inferno/packages/inferno-create-element/__tests__/update.ext.spec.js,Duplicate Assert,"{'line': 387, 'column': 4, 'index': 14065}","  385 |     expect(container.firstChild.firstChild.firstChild.tagName).toBe('SPAN');
  386 |     expect(container.firstChild.firstChild.textContent).toBe('noo3');
> 387 |     expect(container.firstChild.firstChild.firstChild.textContent).toBe('noo3');
      |    ^ Duplicate Assert
  388 |
  389 |     render(template('yar1', null, 'yar2', 'noo2', 'yar3', null), container);
  390 |"
/home/gabriel/Disk/Research/research-javascript-test-smells/repositories/inferno/packages/inferno-create-element/__tests__/update.ext.spec.js,Duplicate Assert,"{'line': 387, 'column': 4, 'index': 14065}","  385 |     expect(container.firstChild.firstChild.firstChild.tagName).toBe('SPAN');
  386 |     expect(container.firstChild.firstChild.textContent).toBe('noo3');
> 387 |     expect(container.firstChild.firstChild.firstChild.textContent).toBe('noo3');
      |    ^ Duplicate Assert
  388 |
  389 |     render(template('yar1', null, 'yar2', 'noo2', 'yar3', null), container);
  390 |"
/home/gabriel/Disk/Research/research-javascript-test-smells/repositories/inferno/packages/inferno-create-element/__tests__/update.ext.spec.js,Duplicate Assert,"{'line': 391, 'column': 4, 'index': 14225}","  389 |     render(template('yar1', null, 'yar2', 'noo2', 'yar3', null), container);
  390 |
> 391 |     expect(container.firstChild.firstChild.tagName).toBe('DIV');
      |    ^ Duplicate Assert
  392 |     expect(container.firstChild.getAttribute('class')).toBe(null);
  393 |     expect(container.firstChild.firstChild.firstChild.tagName).toBe('SPAN');
  394 |     expect(container.firstChild.firstChild.textContent).toBe('');"
/home/gabriel/Disk/Research/research-javascript-test-smells/repositories/inferno/packages/inferno-create-element/__tests__/update.ext.spec.js,Duplicate Assert,"{'line': 391, 'column': 4, 'index': 14225}","  389 |     render(template('yar1', null, 'yar2', 'noo2', 'yar3', null), container);
  390 |
> 391 |     expect(container.firstChild.firstChild.tagName).toBe('DIV');
      |    ^ Duplicate Assert
  392 |     expect(container.firstChild.getAttribute('class')).toBe(null);
  393 |     expect(container.firstChild.firstChild.firstChild.tagName).toBe('SPAN');
  394 |     expect(container.firstChild.firstChild.textContent).toBe('');"
/home/gabriel/Disk/Research/research-javascript-test-smells/repositories/inferno/packages/inferno-create-element/__tests__/update.ext.spec.js,Duplicate Assert,"{'line': 392, 'column': 4, 'index': 14290}","  390 |
  391 |     expect(container.firstChild.firstChild.tagName).toBe('DIV');
> 392 |     expect(container.firstChild.getAttribute('class')).toBe(null);
      |    ^ Duplicate Assert
  393 |     expect(container.firstChild.firstChild.firstChild.tagName).toBe('SPAN');
  394 |     expect(container.firstChild.firstChild.textContent).toBe('');
  395 |     expect(container.firstChild.firstChild.firstChild.textContent).toBe('');"
/home/gabriel/Disk/Research/research-javascript-test-smells/repositories/inferno/packages/inferno-create-element/__tests__/update.ext.spec.js,Duplicate Assert,"{'line': 392, 'column': 4, 'index': 14290}","  390 |
  391 |     expect(container.firstChild.firstChild.tagName).toBe('DIV');
> 392 |     expect(container.firstChild.getAttribute('class')).toBe(null);
      |    ^ Duplicate Assert
  393 |     expect(container.firstChild.firstChild.firstChild.tagName).toBe('SPAN');
  394 |     expect(container.firstChild.firstChild.textContent).toBe('');
  395 |     expect(container.firstChild.firstChild.firstChild.textContent).toBe('');"
/home/gabriel/Disk/Research/research-javascript-test-smells/repositories/inferno/packages/inferno-create-element/__tests__/update.ext.spec.js,Duplicate Assert,"{'line': 393, 'column': 4, 'index': 14357}","  391 |     expect(container.firstChild.firstChild.tagName).toBe('DIV');
  392 |     expect(container.firstChild.getAttribute('class')).toBe(null);
> 393 |     expect(container.firstChild.firstChild.firstChild.tagName).toBe('SPAN');
      |    ^ Duplicate Assert
  394 |     expect(container.firstChild.firstChild.textContent).toBe('');
  395 |     expect(container.firstChild.firstChild.firstChild.textContent).toBe('');
  396 |"
/home/gabriel/Disk/Research/research-javascript-test-smells/repositories/inferno/packages/inferno-create-element/__tests__/update.ext.spec.js,Duplicate Assert,"{'line': 393, 'column': 4, 'index': 14357}","  391 |     expect(container.firstChild.firstChild.tagName).toBe('DIV');
  392 |     expect(container.firstChild.getAttribute('class')).toBe(null);
> 393 |     expect(container.firstChild.firstChild.firstChild.tagName).toBe('SPAN');
      |    ^ Duplicate Assert
  394 |     expect(container.firstChild.firstChild.textContent).toBe('');
  395 |     expect(container.firstChild.firstChild.firstChild.textContent).toBe('');
  396 |"
/home/gabriel/Disk/Research/research-javascript-test-smells/repositories/inferno/packages/inferno-create-element/__tests__/update.ext.spec.js,Duplicate Assert,"{'line': 394, 'column': 4, 'index': 14434}","  392 |     expect(container.firstChild.getAttribute('class')).toBe(null);
  393 |     expect(container.firstChild.firstChild.firstChild.tagName).toBe('SPAN');
> 394 |     expect(container.firstChild.firstChild.textContent).toBe('');
      |    ^ Duplicate Assert
  395 |     expect(container.firstChild.firstChild.firstChild.textContent).toBe('');
  396 |
  397 |     render(template('yar1', null, null, 'noo2', null, null), container);"
/home/gabriel/Disk/Research/research-javascript-test-smells/repositories/inferno/packages/inferno-create-element/__tests__/update.ext.spec.js,Duplicate Assert,"{'line': 394, 'column': 4, 'index': 14434}","  392 |     expect(container.firstChild.getAttribute('class')).toBe(null);
  393 |     expect(container.firstChild.firstChild.firstChild.tagName).toBe('SPAN');
> 394 |     expect(container.firstChild.firstChild.textContent).toBe('');
      |    ^ Duplicate Assert
  395 |     expect(container.firstChild.firstChild.firstChild.textContent).toBe('');
  396 |
  397 |     render(template('yar1', null, null, 'noo2', null, null), container);"
/home/gabriel/Disk/Research/research-javascript-test-smells/repositories/inferno/packages/inferno-create-element/__tests__/update.ext.spec.js,Duplicate Assert,"{'line': 395, 'column': 4, 'index': 14500}","  393 |     expect(container.firstChild.firstChild.firstChild.tagName).toBe('SPAN');
  394 |     expect(container.firstChild.firstChild.textContent).toBe('');
> 395 |     expect(container.firstChild.firstChild.firstChild.textContent).toBe('');
      |    ^ Duplicate Assert
  396 |
  397 |     render(template('yar1', null, null, 'noo2', null, null), container);
  398 |"
/home/gabriel/Disk/Research/research-javascript-test-smells/repositories/inferno/packages/inferno-create-element/__tests__/update.ext.spec.js,Duplicate Assert,"{'line': 395, 'column': 4, 'index': 14500}","  393 |     expect(container.firstChild.firstChild.firstChild.tagName).toBe('SPAN');
  394 |     expect(container.firstChild.firstChild.textContent).toBe('');
> 395 |     expect(container.firstChild.firstChild.firstChild.textContent).toBe('');
      |    ^ Duplicate Assert
  396 |
  397 |     render(template('yar1', null, null, 'noo2', null, null), container);
  398 |"
/home/gabriel/Disk/Research/research-javascript-test-smells/repositories/inferno/packages/inferno-create-element/__tests__/update.ext.spec.js,Duplicate Assert,"{'line': 399, 'column': 4, 'index': 14652}","  397 |     render(template('yar1', null, null, 'noo2', null, null), container);
  398 |
> 399 |     expect(container.firstChild.firstChild.tagName).toBe('DIV');
      |    ^ Duplicate Assert
  400 |     expect(container.firstChild.getAttribute('class')).toBe(null);
  401 |     expect(container.firstChild.firstChild.firstChild.tagName).toBe('SPAN');
  402 |     expect(container.firstChild.firstChild.textContent).toBe('');"
/home/gabriel/Disk/Research/research-javascript-test-smells/repositories/inferno/packages/inferno-create-element/__tests__/update.ext.spec.js,Duplicate Assert,"{'line': 399, 'column': 4, 'index': 14652}","  397 |     render(template('yar1', null, null, 'noo2', null, null), container);
  398 |
> 399 |     expect(container.firstChild.firstChild.tagName).toBe('DIV');
      |    ^ Duplicate Assert
  400 |     expect(container.firstChild.getAttribute('class')).toBe(null);
  401 |     expect(container.firstChild.firstChild.firstChild.tagName).toBe('SPAN');
  402 |     expect(container.firstChild.firstChild.textContent).toBe('');"
/home/gabriel/Disk/Research/research-javascript-test-smells/repositories/inferno/packages/inferno-create-element/__tests__/update.ext.spec.js,Duplicate Assert,"{'line': 400, 'column': 4, 'index': 14717}","  398 |
  399 |     expect(container.firstChild.firstChild.tagName).toBe('DIV');
> 400 |     expect(container.firstChild.getAttribute('class')).toBe(null);
      |    ^ Duplicate Assert
  401 |     expect(container.firstChild.firstChild.firstChild.tagName).toBe('SPAN');
  402 |     expect(container.firstChild.firstChild.textContent).toBe('');
  403 |     expect(container.firstChild.firstChild.firstChild.textContent).toBe('');"
/home/gabriel/Disk/Research/research-javascript-test-smells/repositories/inferno/packages/inferno-create-element/__tests__/update.ext.spec.js,Duplicate Assert,"{'line': 400, 'column': 4, 'index': 14717}","  398 |
  399 |     expect(container.firstChild.firstChild.tagName).toBe('DIV');
> 400 |     expect(container.firstChild.getAttribute('class')).toBe(null);
      |    ^ Duplicate Assert
  401 |     expect(container.firstChild.firstChild.firstChild.tagName).toBe('SPAN');
  402 |     expect(container.firstChild.firstChild.textContent).toBe('');
  403 |     expect(container.firstChild.firstChild.firstChild.textContent).toBe('');"
/home/gabriel/Disk/Research/research-javascript-test-smells/repositories/inferno/packages/inferno-create-element/__tests__/update.ext.spec.js,Duplicate Assert,"{'line': 401, 'column': 4, 'index': 14784}","  399 |     expect(container.firstChild.firstChild.tagName).toBe('DIV');
  400 |     expect(container.firstChild.getAttribute('class')).toBe(null);
> 401 |     expect(container.firstChild.firstChild.firstChild.tagName).toBe('SPAN');
      |    ^ Duplicate Assert
  402 |     expect(container.firstChild.firstChild.textContent).toBe('');
  403 |     expect(container.firstChild.firstChild.firstChild.textContent).toBe('');
  404 |"
/home/gabriel/Disk/Research/research-javascript-test-smells/repositories/inferno/packages/inferno-create-element/__tests__/update.ext.spec.js,Duplicate Assert,"{'line': 401, 'column': 4, 'index': 14784}","  399 |     expect(container.firstChild.firstChild.tagName).toBe('DIV');
  400 |     expect(container.firstChild.getAttribute('class')).toBe(null);
> 401 |     expect(container.firstChild.firstChild.firstChild.tagName).toBe('SPAN');
      |    ^ Duplicate Assert
  402 |     expect(container.firstChild.firstChild.textContent).toBe('');
  403 |     expect(container.firstChild.firstChild.firstChild.textContent).toBe('');
  404 |"
/home/gabriel/Disk/Research/research-javascript-test-smells/repositories/inferno/packages/inferno-create-element/__tests__/update.ext.spec.js,Duplicate Assert,"{'line': 402, 'column': 4, 'index': 14861}","  400 |     expect(container.firstChild.getAttribute('class')).toBe(null);
  401 |     expect(container.firstChild.firstChild.firstChild.tagName).toBe('SPAN');
> 402 |     expect(container.firstChild.firstChild.textContent).toBe('');
      |    ^ Duplicate Assert
  403 |     expect(container.firstChild.firstChild.firstChild.textContent).toBe('');
  404 |
  405 |     render(template([], null, null, [], null, null), container);"
/home/gabriel/Disk/Research/research-javascript-test-smells/repositories/inferno/packages/inferno-create-element/__tests__/update.ext.spec.js,Duplicate Assert,"{'line': 402, 'column': 4, 'index': 14861}","  400 |     expect(container.firstChild.getAttribute('class')).toBe(null);
  401 |     expect(container.firstChild.firstChild.firstChild.tagName).toBe('SPAN');
> 402 |     expect(container.firstChild.firstChild.textContent).toBe('');
      |    ^ Duplicate Assert
  403 |     expect(container.firstChild.firstChild.firstChild.textContent).toBe('');
  404 |
  405 |     render(template([], null, null, [], null, null), container);"
/home/gabriel/Disk/Research/research-javascript-test-smells/repositories/inferno/packages/inferno-create-element/__tests__/update.ext.spec.js,Duplicate Assert,"{'line': 403, 'column': 4, 'index': 14927}","  401 |     expect(container.firstChild.firstChild.firstChild.tagName).toBe('SPAN');
  402 |     expect(container.firstChild.firstChild.textContent).toBe('');
> 403 |     expect(container.firstChild.firstChild.firstChild.textContent).toBe('');
      |    ^ Duplicate Assert
  404 |
  405 |     render(template([], null, null, [], null, null), container);
  406 |"
/home/gabriel/Disk/Research/research-javascript-test-smells/repositories/inferno/packages/inferno-create-element/__tests__/update.ext.spec.js,Duplicate Assert,"{'line': 403, 'column': 4, 'index': 14927}","  401 |     expect(container.firstChild.firstChild.firstChild.tagName).toBe('SPAN');
  402 |     expect(container.firstChild.firstChild.textContent).toBe('');
> 403 |     expect(container.firstChild.firstChild.firstChild.textContent).toBe('');
      |    ^ Duplicate Assert
  404 |
  405 |     render(template([], null, null, [], null, null), container);
  406 |"
/home/gabriel/Disk/Research/research-javascript-test-smells/repositories/inferno/packages/inferno-create-element/__tests__/update.ext.spec.js,Duplicate Assert,"{'line': 407, 'column': 4, 'index': 15071}","  405 |     render(template([], null, null, [], null, null), container);
  406 |
> 407 |     expect(container.firstChild.firstChild.tagName).toBe('DIV');
      |    ^ Duplicate Assert
  408 |     expect(container.firstChild.getAttribute('class')).toBe(null);
  409 |     expect(container.firstChild.firstChild.firstChild.tagName).toBe('SPAN');
  410 |     expect(container.firstChild.firstChild.textContent).toBe('');"
/home/gabriel/Disk/Research/research-javascript-test-smells/repositories/inferno/packages/inferno-create-element/__tests__/update.ext.spec.js,Duplicate Assert,"{'line': 407, 'column': 4, 'index': 15071}","  405 |     render(template([], null, null, [], null, null), container);
  406 |
> 407 |     expect(container.firstChild.firstChild.tagName).toBe('DIV');
      |    ^ Duplicate Assert
  408 |     expect(container.firstChild.getAttribute('class')).toBe(null);
  409 |     expect(container.firstChild.firstChild.firstChild.tagName).toBe('SPAN');
  410 |     expect(container.firstChild.firstChild.textContent).toBe('');"
/home/gabriel/Disk/Research/research-javascript-test-smells/repositories/inferno/packages/inferno-create-element/__tests__/update.ext.spec.js,Duplicate Assert,"{'line': 408, 'column': 4, 'index': 15136}","  406 |
  407 |     expect(container.firstChild.firstChild.tagName).toBe('DIV');
> 408 |     expect(container.firstChild.getAttribute('class')).toBe(null);
      |    ^ Duplicate Assert
  409 |     expect(container.firstChild.firstChild.firstChild.tagName).toBe('SPAN');
  410 |     expect(container.firstChild.firstChild.textContent).toBe('');
  411 |     expect(container.firstChild.firstChild.firstChild.textContent).toBe('');"
/home/gabriel/Disk/Research/research-javascript-test-smells/repositories/inferno/packages/inferno-create-element/__tests__/update.ext.spec.js,Duplicate Assert,"{'line': 408, 'column': 4, 'index': 15136}","  406 |
  407 |     expect(container.firstChild.firstChild.tagName).toBe('DIV');
> 408 |     expect(container.firstChild.getAttribute('class')).toBe(null);
      |    ^ Duplicate Assert
  409 |     expect(container.firstChild.firstChild.firstChild.tagName).toBe('SPAN');
  410 |     expect(container.firstChild.firstChild.textContent).toBe('');
  411 |     expect(container.firstChild.firstChild.firstChild.textContent).toBe('');"
/home/gabriel/Disk/Research/research-javascript-test-smells/repositories/inferno/packages/inferno-create-element/__tests__/update.ext.spec.js,Duplicate Assert,"{'line': 409, 'column': 4, 'index': 15203}","  407 |     expect(container.firstChild.firstChild.tagName).toBe('DIV');
  408 |     expect(container.firstChild.getAttribute('class')).toBe(null);
> 409 |     expect(container.firstChild.firstChild.firstChild.tagName).toBe('SPAN');
      |    ^ Duplicate Assert
  410 |     expect(container.firstChild.firstChild.textContent).toBe('');
  411 |     expect(container.firstChild.firstChild.firstChild.textContent).toBe('');
  412 |"
/home/gabriel/Disk/Research/research-javascript-test-smells/repositories/inferno/packages/inferno-create-element/__tests__/update.ext.spec.js,Duplicate Assert,"{'line': 409, 'column': 4, 'index': 15203}","  407 |     expect(container.firstChild.firstChild.tagName).toBe('DIV');
  408 |     expect(container.firstChild.getAttribute('class')).toBe(null);
> 409 |     expect(container.firstChild.firstChild.firstChild.tagName).toBe('SPAN');
      |    ^ Duplicate Assert
  410 |     expect(container.firstChild.firstChild.textContent).toBe('');
  411 |     expect(container.firstChild.firstChild.firstChild.textContent).toBe('');
  412 |"
/home/gabriel/Disk/Research/research-javascript-test-smells/repositories/inferno/packages/inferno-create-element/__tests__/update.ext.spec.js,Duplicate Assert,"{'line': 410, 'column': 4, 'index': 15280}","  408 |     expect(container.firstChild.getAttribute('class')).toBe(null);
  409 |     expect(container.firstChild.firstChild.firstChild.tagName).toBe('SPAN');
> 410 |     expect(container.firstChild.firstChild.textContent).toBe('');
      |    ^ Duplicate Assert
  411 |     expect(container.firstChild.firstChild.firstChild.textContent).toBe('');
  412 |
  413 |     render(template([], [], 123, [], null, null), container);"
/home/gabriel/Disk/Research/research-javascript-test-smells/repositories/inferno/packages/inferno-create-element/__tests__/update.ext.spec.js,Duplicate Assert,"{'line': 410, 'column': 4, 'index': 15280}","  408 |     expect(container.firstChild.getAttribute('class')).toBe(null);
  409 |     expect(container.firstChild.firstChild.firstChild.tagName).toBe('SPAN');
> 410 |     expect(container.firstChild.firstChild.textContent).toBe('');
      |    ^ Duplicate Assert
  411 |     expect(container.firstChild.firstChild.firstChild.textContent).toBe('');
  412 |
  413 |     render(template([], [], 123, [], null, null), container);"
/home/gabriel/Disk/Research/research-javascript-test-smells/repositories/inferno/packages/inferno-create-element/__tests__/update.ext.spec.js,Duplicate Assert,"{'line': 411, 'column': 4, 'index': 15346}","  409 |     expect(container.firstChild.firstChild.firstChild.tagName).toBe('SPAN');
  410 |     expect(container.firstChild.firstChild.textContent).toBe('');
> 411 |     expect(container.firstChild.firstChild.firstChild.textContent).toBe('');
      |    ^ Duplicate Assert
  412 |
  413 |     render(template([], [], 123, [], null, null), container);
  414 |"
/home/gabriel/Disk/Research/research-javascript-test-smells/repositories/inferno/packages/inferno-create-element/__tests__/update.ext.spec.js,Duplicate Assert,"{'line': 411, 'column': 4, 'index': 15346}","  409 |     expect(container.firstChild.firstChild.firstChild.tagName).toBe('SPAN');
  410 |     expect(container.firstChild.firstChild.textContent).toBe('');
> 411 |     expect(container.firstChild.firstChild.firstChild.textContent).toBe('');
      |    ^ Duplicate Assert
  412 |
  413 |     render(template([], [], 123, [], null, null), container);
  414 |"
/home/gabriel/Disk/Research/research-javascript-test-smells/repositories/inferno/packages/inferno-create-element/__tests__/update.ext.spec.js,Duplicate Assert,"{'line': 415, 'column': 4, 'index': 15487}","  413 |     render(template([], [], 123, [], null, null), container);
  414 |
> 415 |     expect(container.firstChild.firstChild.tagName).toBe('DIV');
      |    ^ Duplicate Assert
  416 |     expect(container.firstChild.getAttribute('class')).toBe('');
  417 |     expect(container.firstChild.firstChild.firstChild.tagName).toBe('SPAN');
  418 |     expect(container.firstChild.firstChild.textContent).toBe('');"
/home/gabriel/Disk/Research/research-javascript-test-smells/repositories/inferno/packages/inferno-create-element/__tests__/update.ext.spec.js,Duplicate Assert,"{'line': 415, 'column': 4, 'index': 15487}","  413 |     render(template([], [], 123, [], null, null), container);
  414 |
> 415 |     expect(container.firstChild.firstChild.tagName).toBe('DIV');
      |    ^ Duplicate Assert
  416 |     expect(container.firstChild.getAttribute('class')).toBe('');
  417 |     expect(container.firstChild.firstChild.firstChild.tagName).toBe('SPAN');
  418 |     expect(container.firstChild.firstChild.textContent).toBe('');"
/home/gabriel/Disk/Research/research-javascript-test-smells/repositories/inferno/packages/inferno-create-element/__tests__/update.ext.spec.js,Duplicate Assert,"{'line': 416, 'column': 4, 'index': 15552}","  414 |
  415 |     expect(container.firstChild.firstChild.tagName).toBe('DIV');
> 416 |     expect(container.firstChild.getAttribute('class')).toBe('');
      |    ^ Duplicate Assert
  417 |     expect(container.firstChild.firstChild.firstChild.tagName).toBe('SPAN');
  418 |     expect(container.firstChild.firstChild.textContent).toBe('');
  419 |     expect(container.firstChild.firstChild.firstChild.textContent).toBe('');"
/home/gabriel/Disk/Research/research-javascript-test-smells/repositories/inferno/packages/inferno-create-element/__tests__/update.ext.spec.js,Duplicate Assert,"{'line': 417, 'column': 4, 'index': 15617}","  415 |     expect(container.firstChild.firstChild.tagName).toBe('DIV');
  416 |     expect(container.firstChild.getAttribute('class')).toBe('');
> 417 |     expect(container.firstChild.firstChild.firstChild.tagName).toBe('SPAN');
      |    ^ Duplicate Assert
  418 |     expect(container.firstChild.firstChild.textContent).toBe('');
  419 |     expect(container.firstChild.firstChild.firstChild.textContent).toBe('');
  420 |   });"
/home/gabriel/Disk/Research/research-javascript-test-smells/repositories/inferno/packages/inferno-create-element/__tests__/update.ext.spec.js,Duplicate Assert,"{'line': 417, 'column': 4, 'index': 15617}","  415 |     expect(container.firstChild.firstChild.tagName).toBe('DIV');
  416 |     expect(container.firstChild.getAttribute('class')).toBe('');
> 417 |     expect(container.firstChild.firstChild.firstChild.tagName).toBe('SPAN');
      |    ^ Duplicate Assert
  418 |     expect(container.firstChild.firstChild.textContent).toBe('');
  419 |     expect(container.firstChild.firstChild.firstChild.textContent).toBe('');
  420 |   });"
/home/gabriel/Disk/Research/research-javascript-test-smells/repositories/inferno/packages/inferno-create-element/__tests__/update.ext.spec.js,Duplicate Assert,"{'line': 418, 'column': 4, 'index': 15694}","  416 |     expect(container.firstChild.getAttribute('class')).toBe('');
  417 |     expect(container.firstChild.firstChild.firstChild.tagName).toBe('SPAN');
> 418 |     expect(container.firstChild.firstChild.textContent).toBe('');
      |    ^ Duplicate Assert
  419 |     expect(container.firstChild.firstChild.firstChild.textContent).toBe('');
  420 |   });
  421 |"
/home/gabriel/Disk/Research/research-javascript-test-smells/repositories/inferno/packages/inferno-create-element/__tests__/update.ext.spec.js,Duplicate Assert,"{'line': 418, 'column': 4, 'index': 15694}","  416 |     expect(container.firstChild.getAttribute('class')).toBe('');
  417 |     expect(container.firstChild.firstChild.firstChild.tagName).toBe('SPAN');
> 418 |     expect(container.firstChild.firstChild.textContent).toBe('');
      |    ^ Duplicate Assert
  419 |     expect(container.firstChild.firstChild.firstChild.textContent).toBe('');
  420 |   });
  421 |"
/home/gabriel/Disk/Research/research-javascript-test-smells/repositories/inferno/packages/inferno-create-element/__tests__/update.ext.spec.js,Duplicate Assert,"{'line': 419, 'column': 4, 'index': 15760}","  417 |     expect(container.firstChild.firstChild.firstChild.tagName).toBe('SPAN');
  418 |     expect(container.firstChild.firstChild.textContent).toBe('');
> 419 |     expect(container.firstChild.firstChild.firstChild.textContent).toBe('');
      |    ^ Duplicate Assert
  420 |   });
  421 |
  422 |   it('should render a basic example #7', () => {"
/home/gabriel/Disk/Research/research-javascript-test-smells/repositories/inferno/packages/inferno-create-element/__tests__/update.ext.spec.js,Duplicate Assert,"{'line': 419, 'column': 4, 'index': 15760}","  417 |     expect(container.firstChild.firstChild.firstChild.tagName).toBe('SPAN');
  418 |     expect(container.firstChild.firstChild.textContent).toBe('');
> 419 |     expect(container.firstChild.firstChild.firstChild.textContent).toBe('');
      |    ^ Duplicate Assert
  420 |   });
  421 |
  422 |   it('should render a basic example #7', () => {"
/home/gabriel/Disk/Research/research-javascript-test-smells/repositories/inferno/packages/inferno-create-element/__tests__/update.ext.spec.js,Duplicate Assert,"{'line': 437, 'column': 4, 'index': 16391}","  435 |
  436 |     render(template(null), container);
> 437 |     expect(container.innerHTML).toBe('<div></div>');
      |    ^ Duplicate Assert
  438 |
  439 |     render(template(null), container);
  440 |     expect(container.innerHTML).toBe('<div></div>');"
/home/gabriel/Disk/Research/research-javascript-test-smells/repositories/inferno/packages/inferno-create-element/__tests__/update.ext.spec.js,Duplicate Assert,"{'line': 437, 'column': 4, 'index': 16391}","  435 |
  436 |     render(template(null), container);
> 437 |     expect(container.innerHTML).toBe('<div></div>');
      |    ^ Duplicate Assert
  438 |
  439 |     render(template(null), container);
  440 |     expect(container.innerHTML).toBe('<div></div>');"
/home/gabriel/Disk/Research/research-javascript-test-smells/repositories/inferno/packages/inferno-create-element/__tests__/update.ext.spec.js,Duplicate Assert,"{'line': 440, 'column': 4, 'index': 16484}","  438 |
  439 |     render(template(null), container);
> 440 |     expect(container.innerHTML).toBe('<div></div>');
      |    ^ Duplicate Assert
  441 |     const span = () => createElement('div', null, 'Hello');
  442 |
  443 |     render(template(span()), container);"
/home/gabriel/Disk/Research/research-javascript-test-smells/repositories/inferno/packages/inferno-create-element/__tests__/update.ext.spec.js,Duplicate Assert,"{'line': 440, 'column': 4, 'index': 16484}","  438 |
  439 |     render(template(null), container);
> 440 |     expect(container.innerHTML).toBe('<div></div>');
      |    ^ Duplicate Assert
  441 |     const span = () => createElement('div', null, 'Hello');
  442 |
  443 |     render(template(span()), container);"
/home/gabriel/Disk/Research/research-javascript-test-smells/repositories/inferno/packages/inferno-create-element/__tests__/update.ext.spec.js,Duplicate Assert,"{'line': 444, 'column': 4, 'index': 16639}","  442 |
  443 |     render(template(span()), container);
> 444 |     expect(container.innerHTML).toBe('<div><div>Hello</div></div>');
      |    ^ Duplicate Assert
  445 |   });
  446 |
  447 |   it('should patch a text node into a tag node', () => {"
/home/gabriel/Disk/Research/research-javascript-test-smells/repositories/inferno/packages/inferno-create-element/__tests__/update.ext.spec.js,Duplicate Assert,"{'line': 462, 'column': 4, 'index': 17240}","  460 |     const span = () => createElement('span', null, 'Good bye!');
  461 |     render(template(span()), container);
> 462 |     expect(container.innerHTML).toBe('<div><span>Good bye!</span></div>');
      |    ^ Duplicate Assert
  463 |
  464 |     render(template(), container);
  465 |     expect(container.innerHTML).toBe('<div></div>');"
/home/gabriel/Disk/Research/research-javascript-test-smells/repositories/inferno/packages/inferno-create-element/__tests__/update.ext.spec.js,Duplicate Assert,"{'line': 465, 'column': 4, 'index': 17351}","  463 |
  464 |     render(template(), container);
> 465 |     expect(container.innerHTML).toBe('<div></div>');
      |    ^ Duplicate Assert
  466 |   });
  467 |
  468 |   it('should render text then update it', () => {"
/home/gabriel/Disk/Research/research-javascript-test-smells/repositories/inferno/packages/inferno-create-element/__tests__/update.ext.spec.js,Duplicate Assert,"{'line': 475, 'column': 4, 'index': 17630}","  473 |
  474 |     render(template(span()), container);
> 475 |     expect(container.firstChild.innerHTML).toBe('Hello');
      |    ^ Duplicate Assert
  476 |     render(template(span()), container);
  477 |     expect(container.firstChild.innerHTML).toBe('Hello');
  478 |   });"
/home/gabriel/Disk/Research/research-javascript-test-smells/repositories/inferno/packages/inferno-create-element/__tests__/update.ext.spec.js,Duplicate Assert,"{'line': 475, 'column': 4, 'index': 17630}","  473 |
  474 |     render(template(span()), container);
> 475 |     expect(container.firstChild.innerHTML).toBe('Hello');
      |    ^ Duplicate Assert
  476 |     render(template(span()), container);
  477 |     expect(container.firstChild.innerHTML).toBe('Hello');
  478 |   });"
/home/gabriel/Disk/Research/research-javascript-test-smells/repositories/inferno/packages/inferno-create-element/__tests__/update.ext.spec.js,Duplicate Assert,"{'line': 477, 'column': 4, 'index': 17729}","  475 |     expect(container.firstChild.innerHTML).toBe('Hello');
  476 |     render(template(span()), container);
> 477 |     expect(container.firstChild.innerHTML).toBe('Hello');
      |    ^ Duplicate Assert
  478 |   });
  479 |
  480 |   it('should render text then update to an array of text nodes', () => {"
/home/gabriel/Disk/Research/research-javascript-test-smells/repositories/inferno/packages/inferno-create-element/__tests__/update.ext.spec.js,Duplicate Assert,"{'line': 477, 'column': 4, 'index': 17729}","  475 |     expect(container.firstChild.innerHTML).toBe('Hello');
  476 |     render(template(span()), container);
> 477 |     expect(container.firstChild.innerHTML).toBe('Hello');
      |    ^ Duplicate Assert
  478 |   });
  479 |
  480 |   it('should render text then update to an array of text nodes', () => {"
/home/gabriel/Disk/Research/research-javascript-test-smells/repositories/inferno/packages/inferno-create-element/__tests__/update.ext.spec.js,Duplicate Assert,"{'line': 487, 'column': 4, 'index': 18080}","  485 |
  486 |     render(template(span()), container);
> 487 |     expect(container.firstChild.innerHTML).toBe('<span>Hello World!</span>');
      |    ^ Duplicate Assert
  488 |     render(template(span()), container);
  489 |     expect(container.firstChild.innerHTML).toBe('<span>Hello World!</span>');
  490 |   });"
/home/gabriel/Disk/Research/research-javascript-test-smells/repositories/inferno/packages/inferno-create-element/__tests__/update.ext.spec.js,Duplicate Assert,"{'line': 487, 'column': 4, 'index': 18080}","  485 |
  486 |     render(template(span()), container);
> 487 |     expect(container.firstChild.innerHTML).toBe('<span>Hello World!</span>');
      |    ^ Duplicate Assert
  488 |     render(template(span()), container);
  489 |     expect(container.firstChild.innerHTML).toBe('<span>Hello World!</span>');
  490 |   });"
/home/gabriel/Disk/Research/research-javascript-test-smells/repositories/inferno/packages/inferno-create-element/__tests__/update.ext.spec.js,Duplicate Assert,"{'line': 489, 'column': 4, 'index': 18199}","  487 |     expect(container.firstChild.innerHTML).toBe('<span>Hello World!</span>');
  488 |     render(template(span()), container);
> 489 |     expect(container.firstChild.innerHTML).toBe('<span>Hello World!</span>');
      |    ^ Duplicate Assert
  490 |   });
  491 |
  492 |   it('should render an array of text nodes then update to a single text node', () => {"
/home/gabriel/Disk/Research/research-javascript-test-smells/repositories/inferno/packages/inferno-create-element/__tests__/update.ext.spec.js,Duplicate Assert,"{'line': 489, 'column': 4, 'index': 18199}","  487 |     expect(container.firstChild.innerHTML).toBe('<span>Hello World!</span>');
  488 |     render(template(span()), container);
> 489 |     expect(container.firstChild.innerHTML).toBe('<span>Hello World!</span>');
      |    ^ Duplicate Assert
  490 |   });
  491 |
  492 |   it('should render an array of text nodes then update to a single text node', () => {"
/home/gabriel/Disk/Research/research-javascript-test-smells/repositories/inferno/packages/inferno-create-element/__tests__/update.ext.spec.js,Duplicate Assert,"{'line': 519, 'column': 4, 'index': 19347}","  517 |
  518 |     render(template(span()), container);
> 519 |     expect(container.firstChild.innerHTML).toBe('<span>Hello World!</span>');
      |    ^ Duplicate Assert
  520 |     render(template(span()), container);
  521 |     expect(container.firstChild.innerHTML).toBe('<span>Hello World!</span>');
  522 |   });"
/home/gabriel/Disk/Research/research-javascript-test-smells/repositories/inferno/packages/inferno-create-element/__tests__/update.ext.spec.js,Duplicate Assert,"{'line': 519, 'column': 4, 'index': 19347}","  517 |
  518 |     render(template(span()), container);
> 519 |     expect(container.firstChild.innerHTML).toBe('<span>Hello World!</span>');
      |    ^ Duplicate Assert
  520 |     render(template(span()), container);
  521 |     expect(container.firstChild.innerHTML).toBe('<span>Hello World!</span>');
  522 |   });"
/home/gabriel/Disk/Research/research-javascript-test-smells/repositories/inferno/packages/inferno-create-element/__tests__/update.ext.spec.js,Duplicate Assert,"{'line': 521, 'column': 4, 'index': 19466}","  519 |     expect(container.firstChild.innerHTML).toBe('<span>Hello World!</span>');
  520 |     render(template(span()), container);
> 521 |     expect(container.firstChild.innerHTML).toBe('<span>Hello World!</span>');
      |    ^ Duplicate Assert
  522 |   });
  523 |
  524 |   it('should update an node with static child', () => {"
/home/gabriel/Disk/Research/research-javascript-test-smells/repositories/inferno/packages/inferno-create-element/__tests__/update.ext.spec.js,Duplicate Assert,"{'line': 521, 'column': 4, 'index': 19466}","  519 |     expect(container.firstChild.innerHTML).toBe('<span>Hello World!</span>');
  520 |     render(template(span()), container);
> 521 |     expect(container.firstChild.innerHTML).toBe('<span>Hello World!</span>');
      |    ^ Duplicate Assert
  522 |   });
  523 |
  524 |   it('should update an node with static child', () => {"
/home/gabriel/Disk/Research/research-javascript-test-smells/repositories/inferno/packages/inferno-create-element/__tests__/update.ext.spec.js,Duplicate Assert,"{'line': 539, 'column': 4, 'index': 19878}","  537 |
  538 |     render(template('id#1'), container);
> 539 |     expect(container.firstChild.innerHTML).toBe(
      |    ^ Duplicate Assert
  540 |       '<div><span id=""id#1""></span></div>',
  541 |     );
  542 |"
/home/gabriel/Disk/Research/research-javascript-test-smells/repositories/inferno/packages/inferno-create-element/__tests__/update.ext.spec.js,Duplicate Assert,"{'line': 544, 'column': 4, 'index': 20020}","  542 |
  543 |     render(template('id#2'), container);
> 544 |     expect(container.firstChild.innerHTML).toBe(
      |    ^ Duplicate Assert
  545 |       '<div><span id=""id#2""></span></div>',
  546 |     );
  547 |     render(template('id#3'), container);"
/home/gabriel/Disk/Research/research-javascript-test-smells/repositories/inferno/packages/inferno-create-element/__tests__/update.ext.spec.js,Duplicate Assert,"{'line': 548, 'column': 4, 'index': 20161}","  546 |     );
  547 |     render(template('id#3'), container);
> 548 |     expect(container.firstChild.innerHTML).toBe(
      |    ^ Duplicate Assert
  549 |       '<div><span id=""id#3""></span></div>',
  550 |     );
  551 |   });"
/home/gabriel/Disk/Research/research-javascript-test-smells/repositories/inferno/packages/inferno-create-element/__tests__/update.ext.spec.js,Duplicate Assert,"{'line': 563, 'column': 4, 'index': 20616}","  561 |
  562 |     render(template(span('id#1')), container);
> 563 |     expect(container.firstChild.innerHTML).toBe(
      |    ^ Duplicate Assert
  564 |       '<div><span custom_attr=""id#1""></span></div>',
  565 |     );
  566 |     render(template(span('id#1')), container);"
/home/gabriel/Disk/Research/research-javascript-test-smells/repositories/inferno/packages/inferno-create-element/__tests__/update.ext.spec.js,Duplicate Assert,"{'line': 563, 'column': 4, 'index': 20616}","  561 |
  562 |     render(template(span('id#1')), container);
> 563 |     expect(container.firstChild.innerHTML).toBe(
      |    ^ Duplicate Assert
  564 |       '<div><span custom_attr=""id#1""></span></div>',
  565 |     );
  566 |     render(template(span('id#1')), container);"
/home/gabriel/Disk/Research/research-javascript-test-smells/repositories/inferno/packages/inferno-create-element/__tests__/update.ext.spec.js,Duplicate Assert,"{'line': 567, 'column': 4, 'index': 20772}","  565 |     );
  566 |     render(template(span('id#1')), container);
> 567 |     expect(container.firstChild.innerHTML).toBe(
      |    ^ Duplicate Assert
  568 |       '<div><span custom_attr=""id#1""></span></div>',
  569 |     );
  570 |   });"
/home/gabriel/Disk/Research/research-javascript-test-smells/repositories/inferno/packages/inferno-create-element/__tests__/update.ext.spec.js,Duplicate Assert,"{'line': 567, 'column': 4, 'index': 20772}","  565 |     );
  566 |     render(template(span('id#1')), container);
> 567 |     expect(container.firstChild.innerHTML).toBe(
      |    ^ Duplicate Assert
  568 |       '<div><span custom_attr=""id#1""></span></div>',
  569 |     );
  570 |   });"
/home/gabriel/Disk/Research/research-javascript-test-smells/repositories/inferno/packages/inferno-create-element/__tests__/update.ext.spec.js,Duplicate Assert,"{'line': 586, 'column': 4, 'index': 21300}","  584 |
  585 |     render(template(span('id#1')), container);
> 586 |     expect(container.firstChild.innerHTML).toBe(
      |    ^ Duplicate Assert
  587 |       '<div><span custom_attr=""id#1"">Hello!!</span></div>',
  588 |     );
  589 |     render(template(span('id#2')), container);"
/home/gabriel/Disk/Research/research-javascript-test-smells/repositories/inferno/packages/inferno-create-element/__tests__/update.ext.spec.js,Duplicate Assert,"{'line': 590, 'column': 4, 'index': 21463}","  588 |     );
  589 |     render(template(span('id#2')), container);
> 590 |     expect(container.firstChild.innerHTML).toBe(
      |    ^ Duplicate Assert
  591 |       '<div><span custom_attr=""id#2"">Hello!!</span></div>',
  592 |     );
  593 |   });"
/home/gabriel/Disk/Research/research-javascript-test-smells/repositories/inferno/packages/inferno-create-element/__tests__/update.ext.spec.js,Duplicate Assert,"{'line': 618, 'column': 4, 'index': 22272}","  616 |
  617 |     render(template(), container);
> 618 |     expect(container.childNodes.length).toBe(1);
      |    ^ Duplicate Assert
  619 |     render(template(), container);
  620 |     expect(container.childNodes.length).toBe(1);
  621 |   });"
/home/gabriel/Disk/Research/research-javascript-test-smells/repositories/inferno/packages/inferno-create-element/__tests__/update.ext.spec.js,Duplicate Assert,"{'line': 618, 'column': 4, 'index': 22272}","  616 |
  617 |     render(template(), container);
> 618 |     expect(container.childNodes.length).toBe(1);
      |    ^ Duplicate Assert
  619 |     render(template(), container);
  620 |     expect(container.childNodes.length).toBe(1);
  621 |   });"
/home/gabriel/Disk/Research/research-javascript-test-smells/repositories/inferno/packages/inferno-create-element/__tests__/update.ext.spec.js,Duplicate Assert,"{'line': 620, 'column': 4, 'index': 22356}","  618 |     expect(container.childNodes.length).toBe(1);
  619 |     render(template(), container);
> 620 |     expect(container.childNodes.length).toBe(1);
      |    ^ Duplicate Assert
  621 |   });
  622 |
  623 |   it('should remove a text node', () => {"
/home/gabriel/Disk/Research/research-javascript-test-smells/repositories/inferno/packages/inferno-create-element/__tests__/update.ext.spec.js,Duplicate Assert,"{'line': 620, 'column': 4, 'index': 22356}","  618 |     expect(container.childNodes.length).toBe(1);
  619 |     render(template(), container);
> 620 |     expect(container.childNodes.length).toBe(1);
      |    ^ Duplicate Assert
  621 |   });
  622 |
  623 |   it('should remove a text node', () => {"
/home/gabriel/Disk/Research/research-javascript-test-smells/repositories/inferno/packages/inferno-create-element/__tests__/update.ext.spec.js,Duplicate Assert,"{'line': 641, 'column': 4, 'index': 22896}","  639 |
  640 |     render(template('hello', ['hello', 'world']), container);
> 641 |     expect(container.firstChild.childNodes.length).toBe(2);
      |    ^ Duplicate Assert
  642 |     expect(container.firstChild.getAttribute('class')).toBe('hello');
  643 |
  644 |     render(template('good bye', ['hello']), container);"
/home/gabriel/Disk/Research/research-javascript-test-smells/repositories/inferno/packages/inferno-create-element/__tests__/update.ext.spec.js,Duplicate Assert,"{'line': 642, 'column': 4, 'index': 22956}","  640 |     render(template('hello', ['hello', 'world']), container);
  641 |     expect(container.firstChild.childNodes.length).toBe(2);
> 642 |     expect(container.firstChild.getAttribute('class')).toBe('hello');
      |    ^ Duplicate Assert
  643 |
  644 |     render(template('good bye', ['hello']), container);
  645 |     expect(container.firstChild.childNodes.length).toBe(1);"
/home/gabriel/Disk/Research/research-javascript-test-smells/repositories/inferno/packages/inferno-create-element/__tests__/update.ext.spec.js,Duplicate Assert,"{'line': 645, 'column': 4, 'index': 23083}","  643 |
  644 |     render(template('good bye', ['hello']), container);
> 645 |     expect(container.firstChild.childNodes.length).toBe(1);
      |    ^ Duplicate Assert
  646 |     expect(container.firstChild.getAttribute('class')).toBe('good bye');
  647 |   });
  648 |"
/home/gabriel/Disk/Research/research-javascript-test-smells/repositories/inferno/packages/inferno-create-element/__tests__/update.ext.spec.js,Duplicate Assert,"{'line': 646, 'column': 4, 'index': 23143}","  644 |     render(template('good bye', ['hello']), container);
  645 |     expect(container.firstChild.childNodes.length).toBe(1);
> 646 |     expect(container.firstChild.getAttribute('class')).toBe('good bye');
      |    ^ Duplicate Assert
  647 |   });
  648 |
  649 |   it('should update an node with static child and text', () => {"
/home/gabriel/Disk/Research/research-javascript-test-smells/repositories/inferno/packages/inferno-create-element/__tests__/update.ext.spec.js,Duplicate Assert,"{'line': 654, 'column': 4, 'index': 23429}","  652 |
  653 |     render(template(), container);
> 654 |     expect(container.firstChild.innerHTML).toBe('<div>Hello, World</div>');
      |    ^ Duplicate Assert
  655 |     render(template(), container);
  656 |     expect(container.firstChild.innerHTML).toBe('<div>Hello, World</div>');
  657 |"
/home/gabriel/Disk/Research/research-javascript-test-smells/repositories/inferno/packages/inferno-create-element/__tests__/update.ext.spec.js,Duplicate Assert,"{'line': 654, 'column': 4, 'index': 23429}","  652 |
  653 |     render(template(), container);
> 654 |     expect(container.firstChild.innerHTML).toBe('<div>Hello, World</div>');
      |    ^ Duplicate Assert
  655 |     render(template(), container);
  656 |     expect(container.firstChild.innerHTML).toBe('<div>Hello, World</div>');
  657 |"
/home/gabriel/Disk/Research/research-javascript-test-smells/repositories/inferno/packages/inferno-create-element/__tests__/update.ext.spec.js,Duplicate Assert,"{'line': 656, 'column': 4, 'index': 23540}","  654 |     expect(container.firstChild.innerHTML).toBe('<div>Hello, World</div>');
  655 |     render(template(), container);
> 656 |     expect(container.firstChild.innerHTML).toBe('<div>Hello, World</div>');
      |    ^ Duplicate Assert
  657 |
  658 |     render(template(), container);
  659 |     expect(container.firstChild.innerHTML).toBe('<div>Hello, World</div>');"
/home/gabriel/Disk/Research/research-javascript-test-smells/repositories/inferno/packages/inferno-create-element/__tests__/update.ext.spec.js,Duplicate Assert,"{'line': 656, 'column': 4, 'index': 23540}","  654 |     expect(container.firstChild.innerHTML).toBe('<div>Hello, World</div>');
  655 |     render(template(), container);
> 656 |     expect(container.firstChild.innerHTML).toBe('<div>Hello, World</div>');
      |    ^ Duplicate Assert
  657 |
  658 |     render(template(), container);
  659 |     expect(container.firstChild.innerHTML).toBe('<div>Hello, World</div>');"
/home/gabriel/Disk/Research/research-javascript-test-smells/repositories/inferno/packages/inferno-create-element/__tests__/update.ext.spec.js,Duplicate Assert,"{'line': 659, 'column': 4, 'index': 23652}","  657 |
  658 |     render(template(), container);
> 659 |     expect(container.firstChild.innerHTML).toBe('<div>Hello, World</div>');
      |    ^ Duplicate Assert
  660 |   });
  661 |
  662 |   it('should update an node with dynamic child', () => {"
/home/gabriel/Disk/Research/research-javascript-test-smells/repositories/inferno/packages/inferno-create-element/__tests__/update.ext.spec.js,Duplicate Assert,"{'line': 659, 'column': 4, 'index': 23652}","  657 |
  658 |     render(template(), container);
> 659 |     expect(container.firstChild.innerHTML).toBe('<div>Hello, World</div>');
      |    ^ Duplicate Assert
  660 |   });
  661 |
  662 |   it('should update an node with dynamic child', () => {"
/home/gabriel/Disk/Research/research-javascript-test-smells/repositories/inferno/packages/inferno-create-element/__tests__/update.ext.spec.js,Duplicate Assert,"{'line': 679, 'column': 4, 'index': 24324}","  677 |
  678 |     render(div('no'), container);
> 679 |     expect(container.innerHTML).toBe('<div>There is no spoon!</div>');
      |    ^ Duplicate Assert
  680 |
  681 |     render(div('one'), container);
  682 |     expect(container.innerHTML).toBe('<div>There is one spoon!</div>');"
/home/gabriel/Disk/Research/research-javascript-test-smells/repositories/inferno/packages/inferno-create-element/__tests__/update.ext.spec.js,Duplicate Assert,"{'line': 682, 'column': 4, 'index': 24431}","  680 |
  681 |     render(div('one'), container);
> 682 |     expect(container.innerHTML).toBe('<div>There is one spoon!</div>');
      |    ^ Duplicate Assert
  683 |
  684 |     render(div(), container);
  685 |     expect(container.innerHTML).toBe('<div>There is  spoon!</div>');"
/home/gabriel/Disk/Research/research-javascript-test-smells/repositories/inferno/packages/inferno-create-element/__tests__/update.ext.spec.js,Duplicate Assert,"{'line': 685, 'column': 4, 'index': 24534}","  683 |
  684 |     render(div(), container);
> 685 |     expect(container.innerHTML).toBe('<div>There is  spoon!</div>');
      |    ^ Duplicate Assert
  686 |
  687 |     render(div(null), container);
  688 |     expect(container.innerHTML).toBe('<div>There is  spoon!</div>');"
/home/gabriel/Disk/Research/research-javascript-test-smells/repositories/inferno/packages/inferno-create-element/__tests__/update.ext.spec.js,Duplicate Assert,"{'line': 685, 'column': 4, 'index': 24534}","  683 |
  684 |     render(div(), container);
> 685 |     expect(container.innerHTML).toBe('<div>There is  spoon!</div>');
      |    ^ Duplicate Assert
  686 |
  687 |     render(div(null), container);
  688 |     expect(container.innerHTML).toBe('<div>There is  spoon!</div>');"
/home/gabriel/Disk/Research/research-javascript-test-smells/repositories/inferno/packages/inferno-create-element/__tests__/update.ext.spec.js,Duplicate Assert,"{'line': 688, 'column': 4, 'index': 24638}","  686 |
  687 |     render(div(null), container);
> 688 |     expect(container.innerHTML).toBe('<div>There is  spoon!</div>');
      |    ^ Duplicate Assert
  689 |
  690 |     render(div(undefined), container);
  691 |     expect(container.innerHTML).toBe('<div>There is  spoon!</div>');"
/home/gabriel/Disk/Research/research-javascript-test-smells/repositories/inferno/packages/inferno-create-element/__tests__/update.ext.spec.js,Duplicate Assert,"{'line': 688, 'column': 4, 'index': 24638}","  686 |
  687 |     render(div(null), container);
> 688 |     expect(container.innerHTML).toBe('<div>There is  spoon!</div>');
      |    ^ Duplicate Assert
  689 |
  690 |     render(div(undefined), container);
  691 |     expect(container.innerHTML).toBe('<div>There is  spoon!</div>');"
/home/gabriel/Disk/Research/research-javascript-test-smells/repositories/inferno/packages/inferno-create-element/__tests__/update.ext.spec.js,Duplicate Assert,"{'line': 691, 'column': 4, 'index': 24747}","  689 |
  690 |     render(div(undefined), container);
> 691 |     expect(container.innerHTML).toBe('<div>There is  spoon!</div>');
      |    ^ Duplicate Assert
  692 |   });
  693 |
  694 |   it('should render a div tag and remove styling', () => {"
/home/gabriel/Disk/Research/research-javascript-test-smells/repositories/inferno/packages/inferno-create-element/__tests__/update.ext.spec.js,Duplicate Assert,"{'line': 691, 'column': 4, 'index': 24747}","  689 |
  690 |     render(div(undefined), container);
> 691 |     expect(container.innerHTML).toBe('<div>There is  spoon!</div>');
      |    ^ Duplicate Assert
  692 |   });
  693 |
  694 |   it('should render a div tag and remove styling', () => {"
/home/gabriel/Disk/Research/research-javascript-test-smells/repositories/inferno/packages/inferno-create-element/__tests__/update.ext.spec.js,Duplicate Assert,"{'line': 751, 'column': 8, 'index': 26114}","  749 |         );
  750 |
> 751 |         expect(container.innerHTML).toBe(
      |        ^ Duplicate Assert
  752 |           '<div style=""width: 200px;""><div class=""Hello, world!""><div style=""color: red; padding-top: 10px;""></div></div></div>',
  753 |         );
  754 |         render("
/home/gabriel/Disk/Research/research-javascript-test-smells/repositories/inferno/packages/inferno-create-element/__tests__/update.ext.spec.js,Duplicate Assert,"{'line': 762, 'column': 8, 'index': 26443}","  760 |         );
  761 |
> 762 |         expect(container.innerHTML).toBe(
      |        ^ Duplicate Assert
  763 |           '<div style=""width: 200px;""><div class=""Hello, world!""><div style=""color: red; padding-left: 10px;""></div></div></div>',
  764 |         );
  765 |       });"
/home/gabriel/Disk/Research/research-javascript-test-smells/repositories/inferno/packages/inferno-create-element/__tests__/update.ext.spec.js,Duplicate Assert,"{'line': 843, 'column': 8, 'index': 28522}","  841 |
  842 |         render(A(), container);
> 843 |         expect(container.innerHTML).toBe(
      |        ^ Duplicate Assert
  844 |           '<div><div><table><tr><td>Text</td></tr></table></div></div>',
  845 |         );
  846 |"
/home/gabriel/Disk/Research/research-javascript-test-smells/repositories/inferno/packages/inferno-create-element/__tests__/update.ext.spec.js,Duplicate Assert,"{'line': 848, 'column': 8, 'index': 28681}","  846 |
  847 |         render(B(), container);
> 848 |         expect(container.innerHTML).toBe(
      |        ^ Duplicate Assert
  849 |           '<div><div><table><tr><td>bar</td></tr></table></div></div>',
  850 |         );
  851 |"
/home/gabriel/Disk/Research/research-javascript-test-smells/repositories/inferno/packages/inferno-create-element/__tests__/update.ext.spec.js,Duplicate Assert,"{'line': 853, 'column': 8, 'index': 28839}","  851 |
  852 |         render(C(), container);
> 853 |         expect(container.innerHTML).toBe(
      |        ^ Duplicate Assert
  854 |           '<div><div><table><tr><td>text1</td></tr></table></div></div>',
  855 |         );
  856 |       });"
/home/gabriel/Disk/Research/research-javascript-test-smells/repositories/inferno/packages/inferno-create-element/__tests__/update.ext.spec.js,Duplicate Assert,"{'line': 908, 'column': 8, 'index': 30168}","  906 |
  907 |         render(A, container);
> 908 |         expect(container.innerHTML).toBe(
      |        ^ Duplicate Assert
  909 |           '<div><div><table><tr><td>text<br></td></tr></table></div></div>',
  910 |         );
  911 |         render(B, container);"
/home/gabriel/Disk/Research/research-javascript-test-smells/repositories/inferno/packages/inferno-create-element/__tests__/update.ext.spec.js,Duplicate Assert,"{'line': 912, 'column': 8, 'index': 30328}","  910 |         );
  911 |         render(B, container);
> 912 |         expect(container.innerHTML).toBe(
      |        ^ Duplicate Assert
  913 |           '<div><div><table><tr><td>text</td></tr></table></div></div>',
  914 |         );
  915 |         render(C, container);"
/home/gabriel/Disk/Research/research-javascript-test-smells/repositories/inferno/packages/inferno-create-element/__tests__/update.ext.spec.js,Duplicate Assert,"{'line': 916, 'column': 8, 'index': 30484}","  914 |         );
  915 |         render(C, container);
> 916 |         expect(container.innerHTML).toBe(
      |        ^ Duplicate Assert
  917 |           '<div><div><table><tr><td>value<br></td></tr></table></div></div>',
  918 |         );
  919 |       });"
/home/gabriel/Disk/Research/research-javascript-test-smells/repositories/inferno/packages/inferno-create-element/__tests__/update.ext.spec.js,Duplicate Assert,"{'line': 967, 'column': 8, 'index': 31831}","  965 |
  966 |         render(A, container);
> 967 |         expect(container.innerHTML).toBe(
      |        ^ Duplicate Assert
  968 |           '<div><div><table></table></div></div>',
  969 |         );
  970 |         render(B, container);"
/home/gabriel/Disk/Research/research-javascript-test-smells/repositories/inferno/packages/inferno-create-element/__tests__/update.ext.spec.js,Duplicate Assert,"{'line': 971, 'column': 8, 'index': 31965}","  969 |         );
  970 |         render(B, container);
> 971 |         expect(container.innerHTML).toBe(
      |        ^ Duplicate Assert
  972 |           '<div><div><table><tr></tr><tr><td>A<br></td><td>B<br></td></tr><tr></tr></table></div></div>',
  973 |         );
  974 |         render(C, container);"
/home/gabriel/Disk/Research/research-javascript-test-smells/repositories/inferno/packages/inferno-create-element/__tests__/update.ext.spec.js,Duplicate Assert,"{'line': 975, 'column': 8, 'index': 32154}","  973 |         );
  974 |         render(C, container);
> 975 |         expect(container.innerHTML).toBe(
      |        ^ Duplicate Assert
  976 |           '<div><div><table><tr></tr><tr><td><br></td></tr></table></div></div>',
  977 |         );
  978 |       });"
/home/gabriel/Disk/Research/research-javascript-test-smells/repositories/inferno/packages/inferno-create-element/__tests__/update.ext.spec.js,Duplicate Assert,"{'line': 1036, 'column': 8, 'index': 33576}","  1034 |
  1035 |         render(A, container);
> 1036 |         expect(container.innerHTML).toBe(
       |        ^ Duplicate Assert
  1037 |           '<div><div><table><tr><td>text 1<br></td></tr></table></div></div>',
  1038 |         );
  1039 |         render(B, container);"
/home/gabriel/Disk/Research/research-javascript-test-smells/repositories/inferno/packages/inferno-create-element/__tests__/update.ext.spec.js,Duplicate Assert,"{'line': 1040, 'column': 8, 'index': 33738}","  1038 |         );
  1039 |         render(B, container);
> 1040 |         expect(container.innerHTML).toBe(
       |        ^ Duplicate Assert
  1041 |           '<div><div><table><tr><td><br></td></tr></table></div></div>',
  1042 |         );
  1043 |         render(C, container);"
/home/gabriel/Disk/Research/research-javascript-test-smells/repositories/inferno/packages/inferno-create-element/__tests__/update.ext.spec.js,Duplicate Assert,"{'line': 1044, 'column': 8, 'index': 33894}","  1042 |         );
  1043 |         render(C, container);
> 1044 |         expect(container.innerHTML).toBe(
       |        ^ Duplicate Assert
  1045 |           '<div><div><table><tr><td>text 2<br></td></tr></table></div></div>',
  1046 |         );
  1047 |       });"
/home/gabriel/Disk/Research/research-javascript-test-smells/repositories/inferno/packages/inferno-create-element/__tests__/update.ext.spec.js,Duplicate Assert,"{'line': 1100, 'column': 8, 'index': 35214}","  1098 |         );
  1099 |         render(A[0], container);
> 1100 |         expect(container.innerHTML).toBe(
       |        ^ Duplicate Assert
  1101 |           '<table><tr><td><br></td></tr></table>',
  1102 |         );
  1103 |         render(A[1], container);"
/home/gabriel/Disk/Research/research-javascript-test-smells/repositories/inferno/packages/inferno-create-element/__tests__/update.ext.spec.js,Duplicate Assert,"{'line': 1104, 'column': 8, 'index': 35351}","  1102 |         );
  1103 |         render(A[1], container);
> 1104 |         expect(container.innerHTML).toBe(
       |        ^ Duplicate Assert
  1105 |           '<table><tr><td>text 1text a<br></td></tr></table>',
  1106 |         );
  1107 |         render(A[2], container);"
/home/gabriel/Disk/Research/research-javascript-test-smells/repositories/inferno/packages/inferno-create-element/__tests__/update.ext.spec.js,Duplicate Assert,"{'line': 1108, 'column': 8, 'index': 35500}","  1106 |         );
  1107 |         render(A[2], container);
> 1108 |         expect(container.innerHTML).toBe(
       |        ^ Duplicate Assert
  1109 |           '<table><tr><td>text 2<br></td></tr></table>',
  1110 |         );
  1111 |         render(A[3], container);"
/home/gabriel/Disk/Research/research-javascript-test-smells/repositories/inferno/packages/inferno-create-element/__tests__/update.ext.spec.js,Duplicate Assert,"{'line': 1112, 'column': 8, 'index': 35643}","  1110 |         );
  1111 |         render(A[3], container);
> 1112 |         expect(container.innerHTML).toBe(
       |        ^ Duplicate Assert
  1113 |           '<table><tr><td><br>text 3<br></td></tr></table>',
  1114 |         );
  1115 |       });"
/home/gabriel/Disk/Research/research-javascript-test-smells/repositories/inferno/packages/inferno-create-element/__tests__/update.ext.spec.js,Duplicate Assert,"{'line': 1173, 'column': 8, 'index': 37044}","  1171 |
  1172 |         render(A, container);
> 1173 |         expect(container.innerHTML).toBe(
       |        ^ Duplicate Assert
  1174 |           '<div><div><table><tr><td>text 1<br></td></tr></table></div></div>',
  1175 |         );
  1176 |         render(B, container);"
/home/gabriel/Disk/Research/research-javascript-test-smells/repositories/inferno/packages/inferno-create-element/__tests__/update.ext.spec.js,Duplicate Assert,"{'line': 1177, 'column': 8, 'index': 37206}","  1175 |         );
  1176 |         render(B, container);
> 1177 |         expect(container.innerHTML).toBe(
       |        ^ Duplicate Assert
  1178 |           '<div><div><table><tr><td><br></td></tr></table></div></div>',
  1179 |         );
  1180 |         render(C, container);"
/home/gabriel/Disk/Research/research-javascript-test-smells/repositories/inferno/packages/inferno-create-element/__tests__/update.ext.spec.js,Duplicate Assert,"{'line': 1181, 'column': 8, 'index': 37362}","  1179 |         );
  1180 |         render(C, container);
> 1181 |         expect(container.innerHTML).toBe(
       |        ^ Duplicate Assert
  1182 |           '<div><div><table><tr><td>text 2<br></td></tr></table></div></div>',
  1183 |         );
  1184 |       });"
/home/gabriel/Disk/Research/research-javascript-test-smells/repositories/inferno/packages/inferno-create-element/__tests__/update.ext.spec.js,Duplicate Assert,"{'line': 1232, 'column': 8, 'index': 38601}","  1230 |
  1231 |         render(A[0], container);
> 1232 |         expect(container.innerHTML).toBe(
       |        ^ Duplicate Assert
  1233 |           '<table><tr><td><br></td></tr></table>',
  1234 |         );
  1235 |         render(A[1], container);"
/home/gabriel/Disk/Research/research-javascript-test-smells/repositories/inferno/packages/inferno-create-element/__tests__/update.ext.spec.js,Duplicate Assert,"{'line': 1236, 'column': 8, 'index': 38738}","  1234 |         );
  1235 |         render(A[1], container);
> 1236 |         expect(container.innerHTML).toBe(
       |        ^ Duplicate Assert
  1237 |           '<table><tr><td>text 1<br></td></tr></table>',
  1238 |         );
  1239 |         render(A[2], container);"
/home/gabriel/Disk/Research/research-javascript-test-smells/repositories/inferno/packages/inferno-create-element/__tests__/update.ext.spec.js,Duplicate Assert,"{'line': 1240, 'column': 8, 'index': 38881}","  1238 |         );
  1239 |         render(A[2], container);
> 1240 |         expect(container.innerHTML).toBe(
       |        ^ Duplicate Assert
  1241 |           '<table><tr><td>text 2<br></td></tr></table>',
  1242 |         );
  1243 |         render(A[3], container);"
/home/gabriel/Disk/Research/research-javascript-test-smells/repositories/inferno/packages/inferno-create-element/__tests__/update.ext.spec.js,Duplicate Assert,"{'line': 1244, 'column': 8, 'index': 39024}","  1242 |         );
  1243 |         render(A[3], container);
> 1244 |         expect(container.innerHTML).toBe(
       |        ^ Duplicate Assert
  1245 |           '<table><tr><td><br>text 3<br></td></tr></table>',
  1246 |         );
  1247 |       });"
/home/gabriel/Disk/Research/research-javascript-test-smells/repositories/inferno/packages/inferno-create-element/__tests__/update.ext.spec.js,Duplicate Assert,"{'line': 1313, 'column': 8, 'index': 40651}","  1311 |
  1312 |         render(A(), container);
> 1313 |         expect(container.innerHTML).toBe(
       |        ^ Duplicate Assert
  1314 |           '<div><div><table><tr><td>Text</td></tr></table></div></div>',
  1315 |         );
  1316 |"
/home/gabriel/Disk/Research/research-javascript-test-smells/repositories/inferno/packages/inferno-create-element/__tests__/update.ext.spec.js,Duplicate Assert,"{'line': 1318, 'column': 8, 'index': 40810}","  1316 |
  1317 |         render(B(), container);
> 1318 |         expect(container.innerHTML).toBe(
       |        ^ Duplicate Assert
  1319 |           '<div><div><table><tr><td>bar</td></tr></table></div></div>',
  1320 |         );
  1321 |"
/home/gabriel/Disk/Research/research-javascript-test-smells/repositories/inferno/packages/inferno-create-element/__tests__/update.ext.spec.js,Duplicate Assert,"{'line': 1323, 'column': 8, 'index': 40968}","  1321 |
  1322 |         render(C(), container);
> 1323 |         expect(container.innerHTML).toBe(
       |        ^ Duplicate Assert
  1324 |           '<div><div><table><tr><td>text1</td></tr></table></div></div>',
  1325 |         );
  1326 |       });"
/home/gabriel/Disk/Research/research-javascript-test-smells/repositories/inferno/packages/inferno-create-element/__tests__/update.ext.spec.js,Duplicate Assert,"{'line': 1390, 'column': 8, 'index': 42539}","  1388 |
  1389 |         render(A, container);
> 1390 |         expect(container.innerHTML).toBe(
       |        ^ Duplicate Assert
  1391 |           '<div><div><table><tr><td>text<br></td></tr></table></div></div>',
  1392 |         );
  1393 |         render(B, container);"
/home/gabriel/Disk/Research/research-javascript-test-smells/repositories/inferno/packages/inferno-create-element/__tests__/update.ext.spec.js,Duplicate Assert,"{'line': 1394, 'column': 8, 'index': 42699}","  1392 |         );
  1393 |         render(B, container);
> 1394 |         expect(container.innerHTML).toBe(
       |        ^ Duplicate Assert
  1395 |           '<div><div><table><tr><td>text</td></tr></table></div></div>',
  1396 |         );
  1397 |         render(C, container);"
/home/gabriel/Disk/Research/research-javascript-test-smells/repositories/inferno/packages/inferno-create-element/__tests__/update.ext.spec.js,Duplicate Assert,"{'line': 1398, 'column': 8, 'index': 42855}","  1396 |         );
  1397 |         render(C, container);
> 1398 |         expect(container.innerHTML).toBe(
       |        ^ Duplicate Assert
  1399 |           '<div><div><table><tr><td>value<br></td></tr></table></div></div>',
  1400 |         );
  1401 |       });"
/home/gabriel/Disk/Research/research-javascript-test-smells/repositories/inferno/packages/inferno-create-element/__tests__/update.ext.spec.js,Duplicate Assert,"{'line': 1464, 'column': 8, 'index': 44570}","  1462 |
  1463 |         render(A, container);
> 1464 |         expect(container.innerHTML).toBe(
       |        ^ Duplicate Assert
  1465 |           '<div><div><table></table></div></div>',
  1466 |         );
  1467 |         render(B, container);"
/home/gabriel/Disk/Research/research-javascript-test-smells/repositories/inferno/packages/inferno-create-element/__tests__/update.ext.spec.js,Duplicate Assert,"{'line': 1468, 'column': 8, 'index': 44704}","  1466 |         );
  1467 |         render(B, container);
> 1468 |         expect(container.innerHTML).toBe(
       |        ^ Duplicate Assert
  1469 |           '<div><div><table><tr></tr><tr><td>A<br></td><td>B<br></td></tr><tr></tr></table></div></div>',
  1470 |         );
  1471 |         render(C, container);"
/home/gabriel/Disk/Research/research-javascript-test-smells/repositories/inferno/packages/inferno-create-element/__tests__/update.ext.spec.js,Duplicate Assert,"{'line': 1472, 'column': 8, 'index': 44893}","  1470 |         );
  1471 |         render(C, container);
> 1472 |         expect(container.innerHTML).toBe(
       |        ^ Duplicate Assert
  1473 |           '<div><div><table><tr></tr><tr><td><br></td></tr></table></div></div>',
  1474 |         );
  1475 |       });"
/home/gabriel/Disk/Research/research-javascript-test-smells/repositories/inferno/packages/inferno-create-element/__tests__/update.ext.spec.js,Duplicate Assert,"{'line': 1548, 'column': 8, 'index': 46661}","  1546 |
  1547 |         render(A, container);
> 1548 |         expect(container.innerHTML).toBe(
       |        ^ Duplicate Assert
  1549 |           '<div><div><table><tr><td>text 1<br></td></tr></table></div></div>',
  1550 |         );
  1551 |         render(B, container);"
/home/gabriel/Disk/Research/research-javascript-test-smells/repositories/inferno/packages/inferno-create-element/__tests__/update.ext.spec.js,Duplicate Assert,"{'line': 1552, 'column': 8, 'index': 46823}","  1550 |         );
  1551 |         render(B, container);
> 1552 |         expect(container.innerHTML).toBe(
       |        ^ Duplicate Assert
  1553 |           '<div><div><table><tr><td><br></td></tr></table></div></div>',
  1554 |         );
  1555 |         render(C, container);"
/home/gabriel/Disk/Research/research-javascript-test-smells/repositories/inferno/packages/inferno-create-element/__tests__/update.ext.spec.js,Duplicate Assert,"{'line': 1556, 'column': 8, 'index': 46979}","  1554 |         );
  1555 |         render(C, container);
> 1556 |         expect(container.innerHTML).toBe(
       |        ^ Duplicate Assert
  1557 |           '<div><div><table><tr><td>text 2<br></td></tr></table></div></div>',
  1558 |         );
  1559 |       });"
/home/gabriel/Disk/Research/research-javascript-test-smells/repositories/inferno/packages/inferno-create-element/__tests__/update.ext.spec.js,Duplicate Assert,"{'line': 1625, 'column': 8, 'index': 48531}","  1623 |
  1624 |         render(A[0], container);
> 1625 |         expect(container.innerHTML).toBe(
       |        ^ Duplicate Assert
  1626 |           '<table><tr><td><br></td></tr></table>',
  1627 |         );
  1628 |         render(A[1], container);"
/home/gabriel/Disk/Research/research-javascript-test-smells/repositories/inferno/packages/inferno-create-element/__tests__/update.ext.spec.js,Duplicate Assert,"{'line': 1629, 'column': 8, 'index': 48668}","  1627 |         );
  1628 |         render(A[1], container);
> 1629 |         expect(container.innerHTML).toBe(
       |        ^ Duplicate Assert
  1630 |           '<table><tr><td>text 1text a<br></td></tr></table>',
  1631 |         );
  1632 |         render(A[2], container);"
/home/gabriel/Disk/Research/research-javascript-test-smells/repositories/inferno/packages/inferno-create-element/__tests__/update.ext.spec.js,Duplicate Assert,"{'line': 1633, 'column': 8, 'index': 48817}","  1631 |         );
  1632 |         render(A[2], container);
> 1633 |         expect(container.innerHTML).toBe(
       |        ^ Duplicate Assert
  1634 |           '<table><tr><td>text 2<br></td></tr></table>',
  1635 |         );
  1636 |         render(A[3], container);"
/home/gabriel/Disk/Research/research-javascript-test-smells/repositories/inferno/packages/inferno-create-element/__tests__/update.ext.spec.js,Duplicate Assert,"{'line': 1637, 'column': 8, 'index': 48960}","  1635 |         );
  1636 |         render(A[3], container);
> 1637 |         expect(container.innerHTML).toBe(
       |        ^ Duplicate Assert
  1638 |           '<table><tr><td><br>text 3<br></td></tr></table>',
  1639 |         );
  1640 |       });"
/home/gabriel/Disk/Research/research-javascript-test-smells/repositories/inferno/packages/inferno-create-element/__tests__/update.ext.spec.js,Duplicate Assert,"{'line': 1707, 'column': 8, 'index': 50605}","  1705 |
  1706 |         render(A, container);
> 1707 |         expect(container.innerHTML).toBe(
       |        ^ Duplicate Assert
  1708 |           '<div><div><table><tr><td>text 1<br></td></tr></table></div></div>',
  1709 |         );
  1710 |         render(B, container);"
/home/gabriel/Disk/Research/research-javascript-test-smells/repositories/inferno/packages/inferno-create-element/__tests__/update.ext.spec.js,Duplicate Assert,"{'line': 1711, 'column': 8, 'index': 50767}","  1709 |         );
  1710 |         render(B, container);
> 1711 |         expect(container.innerHTML).toBe(
       |        ^ Duplicate Assert
  1712 |           '<div><div><table><tr><td><br></td></tr></table></div></div>',
  1713 |         );
  1714 |         render(C, container);"
/home/gabriel/Disk/Research/research-javascript-test-smells/repositories/inferno/packages/inferno-create-element/__tests__/update.ext.spec.js,Duplicate Assert,"{'line': 1715, 'column': 8, 'index': 50923}","  1713 |         );
  1714 |         render(C, container);
> 1715 |         expect(container.innerHTML).toBe(
       |        ^ Duplicate Assert
  1716 |           '<div><div><table><tr><td>text 2<br></td></tr></table></div></div>',
  1717 |         );
  1718 |       });"
/home/gabriel/Disk/Research/research-javascript-test-smells/repositories/inferno/packages/inferno-create-element/__tests__/update.ext.spec.js,Duplicate Assert,"{'line': 1784, 'column': 8, 'index': 52461}","  1782 |
  1783 |         render(A[0], container);
> 1784 |         expect(container.innerHTML).toBe(
       |        ^ Duplicate Assert
  1785 |           '<table><tr><td><br></td></tr></table>',
  1786 |         );
  1787 |         render(A[1], container);"
/home/gabriel/Disk/Research/research-javascript-test-smells/repositories/inferno/packages/inferno-create-element/__tests__/update.ext.spec.js,Duplicate Assert,"{'line': 1788, 'column': 8, 'index': 52598}","  1786 |         );
  1787 |         render(A[1], container);
> 1788 |         expect(container.innerHTML).toBe(
       |        ^ Duplicate Assert
  1789 |           '<table><tr><td>text 1<br></td></tr></table>',
  1790 |         );
  1791 |         render(A[2], container);"
/home/gabriel/Disk/Research/research-javascript-test-smells/repositories/inferno/packages/inferno-create-element/__tests__/update.ext.spec.js,Duplicate Assert,"{'line': 1792, 'column': 8, 'index': 52741}","  1790 |         );
  1791 |         render(A[2], container);
> 1792 |         expect(container.innerHTML).toBe(
       |        ^ Duplicate Assert
  1793 |           '<table><tr><td>text 2<br></td></tr></table>',
  1794 |         );
  1795 |         render(A[3], container);"
/home/gabriel/Disk/Research/research-javascript-test-smells/repositories/inferno/packages/inferno-create-element/__tests__/update.ext.spec.js,Duplicate Assert,"{'line': 1796, 'column': 8, 'index': 52884}","  1794 |         );
  1795 |         render(A[3], container);
> 1796 |         expect(container.innerHTML).toBe(
       |        ^ Duplicate Assert
  1797 |           '<table><tr><td><br>text 3<br></td></tr></table>',
  1798 |         );
  1799 |       });"
/home/gabriel/Disk/Research/research-javascript-test-smells/repositories/inferno/packages/inferno-create-element/__tests__/update.ext.spec.js,Duplicate Assert,"{'line': 1818, 'column': 6, 'index': 53371}","  1816 |
  1817 |       render(A[0], container);
> 1818 |       expect(container.innerHTML).toBe('<div>text 1</div>');
       |      ^ Duplicate Assert
  1819 |       render(A[1], container);
  1820 |       expect(container.innerHTML).toBe('<div>text 2<br>text 3</div>');
  1821 |       render(A[2], container);"
/home/gabriel/Disk/Research/research-javascript-test-smells/repositories/inferno/packages/inferno-create-element/__tests__/update.ext.spec.js,Duplicate Assert,"{'line': 1820, 'column': 6, 'index': 53463}","  1818 |       expect(container.innerHTML).toBe('<div>text 1</div>');
  1819 |       render(A[1], container);
> 1820 |       expect(container.innerHTML).toBe('<div>text 2<br>text 3</div>');
       |      ^ Duplicate Assert
  1821 |       render(A[2], container);
  1822 |       expect(container.innerHTML).toBe('<div>text 4</div>');
  1823 |     });"
/home/gabriel/Disk/Research/research-javascript-test-smells/repositories/inferno/packages/inferno-create-element/__tests__/update.ext.spec.js,Duplicate Assert,"{'line': 1822, 'column': 6, 'index': 53565}","  1820 |       expect(container.innerHTML).toBe('<div>text 2<br>text 3</div>');
  1821 |       render(A[2], container);
> 1822 |       expect(container.innerHTML).toBe('<div>text 4</div>');
       |      ^ Duplicate Assert
  1823 |     });
  1824 |   });
  1825 |"
/home/gabriel/Disk/Research/research-javascript-test-smells/repositories/inferno/packages/inferno-create-element/__tests__/update.ext.spec.js,Duplicate Assert,"{'line': 1837, 'column': 6, 'index': 53961}","  1835 |
  1836 |       render(A[0], container);
> 1837 |       expect(container.innerHTML).toBe('<div>text 1<br></div>');
       |      ^ Duplicate Assert
  1838 |       render(A[1], container);
  1839 |       expect(container.innerHTML).toBe('<div>text 2</div>');
  1840 |       render(A[2], container);"
/home/gabriel/Disk/Research/research-javascript-test-smells/repositories/inferno/packages/inferno-create-element/__tests__/update.ext.spec.js,Duplicate Assert,"{'line': 1839, 'column': 6, 'index': 54057}","  1837 |       expect(container.innerHTML).toBe('<div>text 1<br></div>');
  1838 |       render(A[1], container);
> 1839 |       expect(container.innerHTML).toBe('<div>text 2</div>');
       |      ^ Duplicate Assert
  1840 |       render(A[2], container);
  1841 |       expect(container.innerHTML).toBe('<div><br>text 4</div>');
  1842 |     });"
/home/gabriel/Disk/Research/research-javascript-test-smells/repositories/inferno/packages/inferno-create-element/__tests__/update.ext.spec.js,Duplicate Assert,"{'line': 1841, 'column': 6, 'index': 54149}","  1839 |       expect(container.innerHTML).toBe('<div>text 2</div>');
  1840 |       render(A[2], container);
> 1841 |       expect(container.innerHTML).toBe('<div><br>text 4</div>');
       |      ^ Duplicate Assert
  1842 |     });
  1843 |   });
  1844 | });"
/home/gabriel/Disk/Research/research-javascript-test-smells/repositories/inferno/packages/inferno-create-element/__tests__/update.ext.spec.js,Magic Number,"{'line': 24, 'column': 56, 'index': 640}","  22 |
  23 |     expect(container.firstChild.nodeName).toBe('DIV');
> 24 |     expect(container.firstChild.childNodes.length).toBe(1);
     |                                                        ^ Magic Number
  25 |     expect(container.firstChild.textContent).toBe('hello to');
  26 |
  27 |     render(template(span()), container);"
/home/gabriel/Disk/Research/research-javascript-test-smells/repositories/inferno/packages/inferno-create-element/__tests__/update.ext.spec.js,Magic Number,"{'line': 30, 'column': 56, 'index': 861}","  28 |
  29 |     expect(container.firstChild.nodeName).toBe('DIV');
> 30 |     expect(container.firstChild.childNodes.length).toBe(1);
     |                                                        ^ Magic Number
  31 |     expect(container.firstChild.textContent).toBe('hello to');
  32 |
  33 |     span = () => createElement('div', null);"
/home/gabriel/Disk/Research/research-javascript-test-smells/repositories/inferno/packages/inferno-create-element/__tests__/update.ext.spec.js,Magic Number,"{'line': 38, 'column': 56, 'index': 1128}","  36 |
  37 |     expect(container.firstChild.nodeName).toBe('DIV');
> 38 |     expect(container.firstChild.childNodes.length).toBe(1);
     |                                                        ^ Magic Number
  39 |     expect(container.firstChild.textContent).toBe('');
  40 |   });
  41 |"
/home/gabriel/Disk/Research/research-javascript-test-smells/repositories/inferno/packages/inferno-create-element/__tests__/update.ext.spec.js,Magic Number,"{'line': 283, 'column': 47, 'index': 9592}","  281 |     render(template(null), container);
  282 |
> 283 |     expect(container.firstChild.nodeType).toBe(1);
      |                                               ^ Magic Number
  284 |     expect(container.firstChild.childNodes.length).toBe(0);
  285 |     expect(container.firstChild.tagName).toBe('DIV');
  286 |"
/home/gabriel/Disk/Research/research-javascript-test-smells/repositories/inferno/packages/inferno-create-element/__tests__/update.ext.spec.js,Magic Number,"{'line': 284, 'column': 56, 'index': 9652}","  282 |
  283 |     expect(container.firstChild.nodeType).toBe(1);
> 284 |     expect(container.firstChild.childNodes.length).toBe(0);
      |                                                        ^ Magic Number
  285 |     expect(container.firstChild.tagName).toBe('DIV');
  286 |
  287 |     render(template(span(spanList())), container);"
/home/gabriel/Disk/Research/research-javascript-test-smells/repositories/inferno/packages/inferno-create-element/__tests__/update.ext.spec.js,Magic Number,"{'line': 288, 'column': 47, 'index': 9809}","  286 |
  287 |     render(template(span(spanList())), container);
> 288 |     expect(container.firstChild.nodeType).toBe(1);
      |                                               ^ Magic Number
  289 |     expect(container.firstChild.firstChild.childNodes.length).toBe(1);
  290 |     expect(container.firstChild.firstChild.firstChild.childNodes.length).toBe(
  291 |       3,"
/home/gabriel/Disk/Research/research-javascript-test-smells/repositories/inferno/packages/inferno-create-element/__tests__/update.ext.spec.js,Magic Number,"{'line': 289, 'column': 67, 'index': 9880}","  287 |     render(template(span(spanList())), container);
  288 |     expect(container.firstChild.nodeType).toBe(1);
> 289 |     expect(container.firstChild.firstChild.childNodes.length).toBe(1);
      |                                                                   ^ Magic Number
  290 |     expect(container.firstChild.firstChild.firstChild.childNodes.length).toBe(
  291 |       3,
  292 |     );"
/home/gabriel/Disk/Research/research-javascript-test-smells/repositories/inferno/packages/inferno-create-element/__tests__/update.ext.spec.js,Magic Number,"{'line': 291, 'column': 6, 'index': 9969}","  289 |     expect(container.firstChild.firstChild.childNodes.length).toBe(1);
  290 |     expect(container.firstChild.firstChild.firstChild.childNodes.length).toBe(
> 291 |       3,
      |      ^ Magic Number
  292 |     );
  293 |     expect(container.firstChild.tagName).toBe('DIV');
  294 |"
/home/gabriel/Disk/Research/research-javascript-test-smells/repositories/inferno/packages/inferno-create-element/__tests__/update.ext.spec.js,Magic Number,"{'line': 297, 'column': 47, 'index': 10127}","  295 |     render(template(span(null)), container);
  296 |
> 297 |     expect(container.firstChild.nodeType).toBe(1);
      |                                               ^ Magic Number
  298 |     expect(container.firstChild.childNodes.length).toBe(1);
  299 |     expect(container.firstChild.tagName).toBe('DIV');
  300 |   });"
/home/gabriel/Disk/Research/research-javascript-test-smells/repositories/inferno/packages/inferno-create-element/__tests__/update.ext.spec.js,Magic Number,"{'line': 298, 'column': 56, 'index': 10187}","  296 |
  297 |     expect(container.firstChild.nodeType).toBe(1);
> 298 |     expect(container.firstChild.childNodes.length).toBe(1);
      |                                                        ^ Magic Number
  299 |     expect(container.firstChild.tagName).toBe('DIV');
  300 |   });
  301 |"
/home/gabriel/Disk/Research/research-javascript-test-smells/repositories/inferno/packages/inferno-create-element/__tests__/update.ext.spec.js,Magic Number,"{'line': 618, 'column': 45, 'index': 22313}","  616 |
  617 |     render(template(), container);
> 618 |     expect(container.childNodes.length).toBe(1);
      |                                             ^ Magic Number
  619 |     render(template(), container);
  620 |     expect(container.childNodes.length).toBe(1);
  621 |   });"
/home/gabriel/Disk/Research/research-javascript-test-smells/repositories/inferno/packages/inferno-create-element/__tests__/update.ext.spec.js,Magic Number,"{'line': 620, 'column': 45, 'index': 22397}","  618 |     expect(container.childNodes.length).toBe(1);
  619 |     render(template(), container);
> 620 |     expect(container.childNodes.length).toBe(1);
      |                                             ^ Magic Number
  621 |   });
  622 |
  623 |   it('should remove a text node', () => {"
/home/gabriel/Disk/Research/research-javascript-test-smells/repositories/inferno/packages/inferno-create-element/__tests__/update.ext.spec.js,Magic Number,"{'line': 627, 'column': 56, 'index': 22627}","  625 |
  626 |     render(template(['hello', 'world']), container);
> 627 |     expect(container.firstChild.childNodes.length).toBe(2);
      |                                                        ^ Magic Number
  628 |   });
  629 |
  630 |   it('should update multiple changes', () => {"
/home/gabriel/Disk/Research/research-javascript-test-smells/repositories/inferno/packages/inferno-create-element/__tests__/update.ext.spec.js,Magic Number,"{'line': 641, 'column': 56, 'index': 22948}","  639 |
  640 |     render(template('hello', ['hello', 'world']), container);
> 641 |     expect(container.firstChild.childNodes.length).toBe(2);
      |                                                        ^ Magic Number
  642 |     expect(container.firstChild.getAttribute('class')).toBe('hello');
  643 |
  644 |     render(template('good bye', ['hello']), container);"
/home/gabriel/Disk/Research/research-javascript-test-smells/repositories/inferno/packages/inferno-create-element/__tests__/update.ext.spec.js,Magic Number,"{'line': 645, 'column': 56, 'index': 23135}","  643 |
  644 |     render(template('good bye', ['hello']), container);
> 645 |     expect(container.firstChild.childNodes.length).toBe(1);
      |                                                        ^ Magic Number
  646 |     expect(container.firstChild.getAttribute('class')).toBe('good bye');
  647 |   });
  648 |"
/home/gabriel/Disk/Research/research-javascript-test-smells/repositories/inferno/packages/inferno-create-element/__tests__/text.spec.js,Conditional Test Logic,"{'line': 98, 'column': 2, 'index': 1983}","   96 |   ];
   97 |
>  98 |   for (const arg of emptyDefinitions) {
      |  ^ Conditional Test Logic
   99 |     const template = () => createElement('div', null, arg.value);
  100 |
  101 |     it('should create a static text node with ' + arg.name, () => {"
/home/gabriel/Disk/Research/research-javascript-test-smells/repositories/inferno/packages/inferno-create-element/__tests__/text.spec.js,Conditional Test Logic,"{'line': 395, 'column': 2, 'index': 11469}","  393 |   ];
  394 |
> 395 |   for (const arg of multiArray) {
      |  ^ Conditional Test Logic
  396 |     const template1 = (textVar) => createElement('div', null, textVar);
  397 |
  398 |     it('should create a children property with ' + arg.name, () => {"
/home/gabriel/Disk/Research/research-javascript-test-smells/repositories/inferno/packages/inferno-create-element/__tests__/text.spec.js,Duplicate Assert,"{'line': 117, 'column': 6, 'index': 2750}","  115 |     it('should create a static text node with null', () => {
  116 |       render(template2(), container);
> 117 |       expect(container.firstChild.nodeType).toBe(1);
      |      ^ Duplicate Assert
  118 |       expect(container.childNodes.length).toBe(1);
  119 |       expect(container.firstChild.textContent).toBe('');
  120 |"
/home/gabriel/Disk/Research/research-javascript-test-smells/repositories/inferno/packages/inferno-create-element/__tests__/text.spec.js,Duplicate Assert,"{'line': 117, 'column': 6, 'index': 2750}","  115 |     it('should create a static text node with null', () => {
  116 |       render(template2(), container);
> 117 |       expect(container.firstChild.nodeType).toBe(1);
      |      ^ Duplicate Assert
  118 |       expect(container.childNodes.length).toBe(1);
  119 |       expect(container.firstChild.textContent).toBe('');
  120 |"
/home/gabriel/Disk/Research/research-javascript-test-smells/repositories/inferno/packages/inferno-create-element/__tests__/text.spec.js,Duplicate Assert,"{'line': 118, 'column': 6, 'index': 2803}","  116 |       render(template2(), container);
  117 |       expect(container.firstChild.nodeType).toBe(1);
> 118 |       expect(container.childNodes.length).toBe(1);
      |      ^ Duplicate Assert
  119 |       expect(container.firstChild.textContent).toBe('');
  120 |
  121 |       render(template2(), container);"
/home/gabriel/Disk/Research/research-javascript-test-smells/repositories/inferno/packages/inferno-create-element/__tests__/text.spec.js,Duplicate Assert,"{'line': 118, 'column': 6, 'index': 2803}","  116 |       render(template2(), container);
  117 |       expect(container.firstChild.nodeType).toBe(1);
> 118 |       expect(container.childNodes.length).toBe(1);
      |      ^ Duplicate Assert
  119 |       expect(container.firstChild.textContent).toBe('');
  120 |
  121 |       render(template2(), container);"
/home/gabriel/Disk/Research/research-javascript-test-smells/repositories/inferno/packages/inferno-create-element/__tests__/text.spec.js,Duplicate Assert,"{'line': 119, 'column': 6, 'index': 2854}","  117 |       expect(container.firstChild.nodeType).toBe(1);
  118 |       expect(container.childNodes.length).toBe(1);
> 119 |       expect(container.firstChild.textContent).toBe('');
      |      ^ Duplicate Assert
  120 |
  121 |       render(template2(), container);
  122 |       expect(container.firstChild.nodeType).toBe(1);"
/home/gabriel/Disk/Research/research-javascript-test-smells/repositories/inferno/packages/inferno-create-element/__tests__/text.spec.js,Duplicate Assert,"{'line': 119, 'column': 6, 'index': 2854}","  117 |       expect(container.firstChild.nodeType).toBe(1);
  118 |       expect(container.childNodes.length).toBe(1);
> 119 |       expect(container.firstChild.textContent).toBe('');
      |      ^ Duplicate Assert
  120 |
  121 |       render(template2(), container);
  122 |       expect(container.firstChild.nodeType).toBe(1);"
/home/gabriel/Disk/Research/research-javascript-test-smells/repositories/inferno/packages/inferno-create-element/__tests__/text.spec.js,Duplicate Assert,"{'line': 122, 'column': 6, 'index': 2950}","  120 |
  121 |       render(template2(), container);
> 122 |       expect(container.firstChild.nodeType).toBe(1);
      |      ^ Duplicate Assert
  123 |       expect(container.childNodes.length).toBe(1);
  124 |       expect(container.firstChild.textContent).toBe('');
  125 |     });"
/home/gabriel/Disk/Research/research-javascript-test-smells/repositories/inferno/packages/inferno-create-element/__tests__/text.spec.js,Duplicate Assert,"{'line': 122, 'column': 6, 'index': 2950}","  120 |
  121 |       render(template2(), container);
> 122 |       expect(container.firstChild.nodeType).toBe(1);
      |      ^ Duplicate Assert
  123 |       expect(container.childNodes.length).toBe(1);
  124 |       expect(container.firstChild.textContent).toBe('');
  125 |     });"
/home/gabriel/Disk/Research/research-javascript-test-smells/repositories/inferno/packages/inferno-create-element/__tests__/text.spec.js,Duplicate Assert,"{'line': 123, 'column': 6, 'index': 3003}","  121 |       render(template2(), container);
  122 |       expect(container.firstChild.nodeType).toBe(1);
> 123 |       expect(container.childNodes.length).toBe(1);
      |      ^ Duplicate Assert
  124 |       expect(container.firstChild.textContent).toBe('');
  125 |     });
  126 |"
/home/gabriel/Disk/Research/research-javascript-test-smells/repositories/inferno/packages/inferno-create-element/__tests__/text.spec.js,Duplicate Assert,"{'line': 123, 'column': 6, 'index': 3003}","  121 |       render(template2(), container);
  122 |       expect(container.firstChild.nodeType).toBe(1);
> 123 |       expect(container.childNodes.length).toBe(1);
      |      ^ Duplicate Assert
  124 |       expect(container.firstChild.textContent).toBe('');
  125 |     });
  126 |"
/home/gabriel/Disk/Research/research-javascript-test-smells/repositories/inferno/packages/inferno-create-element/__tests__/text.spec.js,Duplicate Assert,"{'line': 124, 'column': 6, 'index': 3054}","  122 |       expect(container.firstChild.nodeType).toBe(1);
  123 |       expect(container.childNodes.length).toBe(1);
> 124 |       expect(container.firstChild.textContent).toBe('');
      |      ^ Duplicate Assert
  125 |     });
  126 |
  127 |     const template3 = (text) => createElement('div', null, text);"
/home/gabriel/Disk/Research/research-javascript-test-smells/repositories/inferno/packages/inferno-create-element/__tests__/text.spec.js,Duplicate Assert,"{'line': 124, 'column': 6, 'index': 3054}","  122 |       expect(container.firstChild.nodeType).toBe(1);
  123 |       expect(container.childNodes.length).toBe(1);
> 124 |       expect(container.firstChild.textContent).toBe('');
      |      ^ Duplicate Assert
  125 |     });
  126 |
  127 |     const template3 = (text) => createElement('div', null, text);"
/home/gabriel/Disk/Research/research-javascript-test-smells/repositories/inferno/packages/inferno-create-element/__tests__/text.spec.js,Magic Number,"{'line': 117, 'column': 49, 'index': 2793}","  115 |     it('should create a static text node with null', () => {
  116 |       render(template2(), container);
> 117 |       expect(container.firstChild.nodeType).toBe(1);
      |                                                 ^ Magic Number
  118 |       expect(container.childNodes.length).toBe(1);
  119 |       expect(container.firstChild.textContent).toBe('');
  120 |"
/home/gabriel/Disk/Research/research-javascript-test-smells/repositories/inferno/packages/inferno-create-element/__tests__/text.spec.js,Magic Number,"{'line': 118, 'column': 47, 'index': 2844}","  116 |       render(template2(), container);
  117 |       expect(container.firstChild.nodeType).toBe(1);
> 118 |       expect(container.childNodes.length).toBe(1);
      |                                               ^ Magic Number
  119 |       expect(container.firstChild.textContent).toBe('');
  120 |
  121 |       render(template2(), container);"
/home/gabriel/Disk/Research/research-javascript-test-smells/repositories/inferno/packages/inferno-create-element/__tests__/text.spec.js,Magic Number,"{'line': 122, 'column': 49, 'index': 2993}","  120 |
  121 |       render(template2(), container);
> 122 |       expect(container.firstChild.nodeType).toBe(1);
      |                                                 ^ Magic Number
  123 |       expect(container.childNodes.length).toBe(1);
  124 |       expect(container.firstChild.textContent).toBe('');
  125 |     });"
/home/gabriel/Disk/Research/research-javascript-test-smells/repositories/inferno/packages/inferno-create-element/__tests__/text.spec.js,Magic Number,"{'line': 123, 'column': 47, 'index': 3044}","  121 |       render(template2(), container);
  122 |       expect(container.firstChild.nodeType).toBe(1);
> 123 |       expect(container.childNodes.length).toBe(1);
      |                                               ^ Magic Number
  124 |       expect(container.firstChild.textContent).toBe('');
  125 |     });
  126 |"
/home/gabriel/Disk/Research/research-javascript-test-smells/repositories/inferno/packages/inferno-create-element/__tests__/svg.ext.spec.js,Duplicate Assert,"{'line': 20, 'column': 4, 'index': 487}","  18 |     render(template(null), container);
  19 |     render(template(200), container);
> 20 |     expect(container.firstChild.tagName.toLowerCase()).toEqual('svg');
     |    ^ Duplicate Assert
  21 |     expect(container.firstChild.namespaceURI).toEqual(
  22 |       'http://www.w3.org/2000/svg',
  23 |     );"
/home/gabriel/Disk/Research/research-javascript-test-smells/repositories/inferno/packages/inferno-create-element/__tests__/svg.ext.spec.js,Duplicate Assert,"{'line': 20, 'column': 4, 'index': 487}","  18 |     render(template(null), container);
  19 |     render(template(200), container);
> 20 |     expect(container.firstChild.tagName.toLowerCase()).toEqual('svg');
     |    ^ Duplicate Assert
  21 |     expect(container.firstChild.namespaceURI).toEqual(
  22 |       'http://www.w3.org/2000/svg',
  23 |     );"
/home/gabriel/Disk/Research/research-javascript-test-smells/repositories/inferno/packages/inferno-create-element/__tests__/svg.ext.spec.js,Duplicate Assert,"{'line': 21, 'column': 4, 'index': 558}","  19 |     render(template(200), container);
  20 |     expect(container.firstChild.tagName.toLowerCase()).toEqual('svg');
> 21 |     expect(container.firstChild.namespaceURI).toEqual(
     |    ^ Duplicate Assert
  22 |       'http://www.w3.org/2000/svg',
  23 |     );
  24 |     expect(container.firstChild.getAttribute('height')).toEqual('200');"
/home/gabriel/Disk/Research/research-javascript-test-smells/repositories/inferno/packages/inferno-create-element/__tests__/svg.ext.spec.js,Duplicate Assert,"{'line': 21, 'column': 4, 'index': 558}","  19 |     render(template(200), container);
  20 |     expect(container.firstChild.tagName.toLowerCase()).toEqual('svg');
> 21 |     expect(container.firstChild.namespaceURI).toEqual(
     |    ^ Duplicate Assert
  22 |       'http://www.w3.org/2000/svg',
  23 |     );
  24 |     expect(container.firstChild.getAttribute('height')).toEqual('200');"
/home/gabriel/Disk/Research/research-javascript-test-smells/repositories/inferno/packages/inferno-create-element/__tests__/svg.ext.spec.js,Duplicate Assert,"{'line': 24, 'column': 4, 'index': 656}","  22 |       'http://www.w3.org/2000/svg',
  23 |     );
> 24 |     expect(container.firstChild.getAttribute('height')).toEqual('200');
     |    ^ Duplicate Assert
  25 |     render(template(null), container);
  26 |     render(template(200), container);
  27 |     expect(container.firstChild.tagName.toLowerCase()).toEqual('svg');"
/home/gabriel/Disk/Research/research-javascript-test-smells/repositories/inferno/packages/inferno-create-element/__tests__/svg.ext.spec.js,Duplicate Assert,"{'line': 24, 'column': 4, 'index': 656}","  22 |       'http://www.w3.org/2000/svg',
  23 |     );
> 24 |     expect(container.firstChild.getAttribute('height')).toEqual('200');
     |    ^ Duplicate Assert
  25 |     render(template(null), container);
  26 |     render(template(200), container);
  27 |     expect(container.firstChild.tagName.toLowerCase()).toEqual('svg');"
/home/gabriel/Disk/Research/research-javascript-test-smells/repositories/inferno/packages/inferno-create-element/__tests__/svg.ext.spec.js,Duplicate Assert,"{'line': 27, 'column': 4, 'index': 805}","  25 |     render(template(null), container);
  26 |     render(template(200), container);
> 27 |     expect(container.firstChild.tagName.toLowerCase()).toEqual('svg');
     |    ^ Duplicate Assert
  28 |     expect(container.firstChild.namespaceURI).toEqual(
  29 |       'http://www.w3.org/2000/svg',
  30 |     );"
/home/gabriel/Disk/Research/research-javascript-test-smells/repositories/inferno/packages/inferno-create-element/__tests__/svg.ext.spec.js,Duplicate Assert,"{'line': 27, 'column': 4, 'index': 805}","  25 |     render(template(null), container);
  26 |     render(template(200), container);
> 27 |     expect(container.firstChild.tagName.toLowerCase()).toEqual('svg');
     |    ^ Duplicate Assert
  28 |     expect(container.firstChild.namespaceURI).toEqual(
  29 |       'http://www.w3.org/2000/svg',
  30 |     );"
/home/gabriel/Disk/Research/research-javascript-test-smells/repositories/inferno/packages/inferno-create-element/__tests__/svg.ext.spec.js,Duplicate Assert,"{'line': 28, 'column': 4, 'index': 876}","  26 |     render(template(200), container);
  27 |     expect(container.firstChild.tagName.toLowerCase()).toEqual('svg');
> 28 |     expect(container.firstChild.namespaceURI).toEqual(
     |    ^ Duplicate Assert
  29 |       'http://www.w3.org/2000/svg',
  30 |     );
  31 |     expect(container.firstChild.getAttribute('height')).toEqual('200');"
/home/gabriel/Disk/Research/research-javascript-test-smells/repositories/inferno/packages/inferno-create-element/__tests__/svg.ext.spec.js,Duplicate Assert,"{'line': 28, 'column': 4, 'index': 876}","  26 |     render(template(200), container);
  27 |     expect(container.firstChild.tagName.toLowerCase()).toEqual('svg');
> 28 |     expect(container.firstChild.namespaceURI).toEqual(
     |    ^ Duplicate Assert
  29 |       'http://www.w3.org/2000/svg',
  30 |     );
  31 |     expect(container.firstChild.getAttribute('height')).toEqual('200');"
/home/gabriel/Disk/Research/research-javascript-test-smells/repositories/inferno/packages/inferno-create-element/__tests__/svg.ext.spec.js,Duplicate Assert,"{'line': 31, 'column': 4, 'index': 974}","  29 |       'http://www.w3.org/2000/svg',
  30 |     );
> 31 |     expect(container.firstChild.getAttribute('height')).toEqual('200');
     |    ^ Duplicate Assert
  32 |   });
  33 |
  34 |   it('should respect SVG namespace and render SVG attributes', () => {"
/home/gabriel/Disk/Research/research-javascript-test-smells/repositories/inferno/packages/inferno-create-element/__tests__/svg.ext.spec.js,Duplicate Assert,"{'line': 31, 'column': 4, 'index': 974}","  29 |       'http://www.w3.org/2000/svg',
  30 |     );
> 31 |     expect(container.firstChild.getAttribute('height')).toEqual('200');
     |    ^ Duplicate Assert
  32 |   });
  33 |
  34 |   it('should respect SVG namespace and render SVG attributes', () => {"
/home/gabriel/Disk/Research/research-javascript-test-smells/repositories/inferno/packages/inferno-create-element/__tests__/svg.ext.spec.js,Duplicate Assert,"{'line': 51, 'column': 4, 'index': 1439}","  49 |
  50 |     render(template(200), container);
> 51 |     expect(container.firstChild.tagName.toLowerCase()).toEqual('svg');
     |    ^ Duplicate Assert
  52 |     expect(container.firstChild.namespaceURI).toEqual(
  53 |       'http://www.w3.org/2000/svg',
  54 |     );"
/home/gabriel/Disk/Research/research-javascript-test-smells/repositories/inferno/packages/inferno-create-element/__tests__/svg.ext.spec.js,Duplicate Assert,"{'line': 51, 'column': 4, 'index': 1439}","  49 |
  50 |     render(template(200), container);
> 51 |     expect(container.firstChild.tagName.toLowerCase()).toEqual('svg');
     |    ^ Duplicate Assert
  52 |     expect(container.firstChild.namespaceURI).toEqual(
  53 |       'http://www.w3.org/2000/svg',
  54 |     );"
/home/gabriel/Disk/Research/research-javascript-test-smells/repositories/inferno/packages/inferno-create-element/__tests__/svg.ext.spec.js,Duplicate Assert,"{'line': 52, 'column': 4, 'index': 1510}","  50 |     render(template(200), container);
  51 |     expect(container.firstChild.tagName.toLowerCase()).toEqual('svg');
> 52 |     expect(container.firstChild.namespaceURI).toEqual(
     |    ^ Duplicate Assert
  53 |       'http://www.w3.org/2000/svg',
  54 |     );
  55 |     expect(container.firstChild.getAttribute('xmlns')).toEqual("
/home/gabriel/Disk/Research/research-javascript-test-smells/repositories/inferno/packages/inferno-create-element/__tests__/svg.ext.spec.js,Duplicate Assert,"{'line': 52, 'column': 4, 'index': 1510}","  50 |     render(template(200), container);
  51 |     expect(container.firstChild.tagName.toLowerCase()).toEqual('svg');
> 52 |     expect(container.firstChild.namespaceURI).toEqual(
     |    ^ Duplicate Assert
  53 |       'http://www.w3.org/2000/svg',
  54 |     );
  55 |     expect(container.firstChild.getAttribute('xmlns')).toEqual("
/home/gabriel/Disk/Research/research-javascript-test-smells/repositories/inferno/packages/inferno-create-element/__tests__/svg.ext.spec.js,Duplicate Assert,"{'line': 60, 'column': 4, 'index': 1866}","  58 |     expect(container.firstChild.getAttribute('version')).toEqual('1.1');
  59 |     expect(container.firstChild.getAttribute('baseProfile')).toEqual('full');
> 60 |     expect(container.firstChild.getAttribute('width')).toEqual('200');
     |    ^ Duplicate Assert
  61 |
  62 |     render(template(null), container);
  63 |"
/home/gabriel/Disk/Research/research-javascript-test-smells/repositories/inferno/packages/inferno-create-element/__tests__/svg.ext.spec.js,Duplicate Assert,"{'line': 60, 'column': 4, 'index': 1866}","  58 |     expect(container.firstChild.getAttribute('version')).toEqual('1.1');
  59 |     expect(container.firstChild.getAttribute('baseProfile')).toEqual('full');
> 60 |     expect(container.firstChild.getAttribute('width')).toEqual('200');
     |    ^ Duplicate Assert
  61 |
  62 |     render(template(null), container);
  63 |"
/home/gabriel/Disk/Research/research-javascript-test-smells/repositories/inferno/packages/inferno-create-element/__tests__/svg.ext.spec.js,Duplicate Assert,"{'line': 67, 'column': 4, 'index': 2079}","  65 |     render(template(), container);
  66 |
> 67 |     expect(container.firstChild.tagName.toLowerCase()).toEqual('svg');
     |    ^ Duplicate Assert
  68 |     expect(container.firstChild.namespaceURI).toEqual(
  69 |       'http://www.w3.org/2000/svg',
  70 |     );"
/home/gabriel/Disk/Research/research-javascript-test-smells/repositories/inferno/packages/inferno-create-element/__tests__/svg.ext.spec.js,Duplicate Assert,"{'line': 67, 'column': 4, 'index': 2079}","  65 |     render(template(), container);
  66 |
> 67 |     expect(container.firstChild.tagName.toLowerCase()).toEqual('svg');
     |    ^ Duplicate Assert
  68 |     expect(container.firstChild.namespaceURI).toEqual(
  69 |       'http://www.w3.org/2000/svg',
  70 |     );"
/home/gabriel/Disk/Research/research-javascript-test-smells/repositories/inferno/packages/inferno-create-element/__tests__/svg.ext.spec.js,Duplicate Assert,"{'line': 68, 'column': 4, 'index': 2150}","  66 |
  67 |     expect(container.firstChild.tagName.toLowerCase()).toEqual('svg');
> 68 |     expect(container.firstChild.namespaceURI).toEqual(
     |    ^ Duplicate Assert
  69 |       'http://www.w3.org/2000/svg',
  70 |     );
  71 |     expect(container.firstChild.getAttribute('width')).toEqual('200');"
/home/gabriel/Disk/Research/research-javascript-test-smells/repositories/inferno/packages/inferno-create-element/__tests__/svg.ext.spec.js,Duplicate Assert,"{'line': 68, 'column': 4, 'index': 2150}","  66 |
  67 |     expect(container.firstChild.tagName.toLowerCase()).toEqual('svg');
> 68 |     expect(container.firstChild.namespaceURI).toEqual(
     |    ^ Duplicate Assert
  69 |       'http://www.w3.org/2000/svg',
  70 |     );
  71 |     expect(container.firstChild.getAttribute('width')).toEqual('200');"
/home/gabriel/Disk/Research/research-javascript-test-smells/repositories/inferno/packages/inferno-create-element/__tests__/svg.ext.spec.js,Duplicate Assert,"{'line': 71, 'column': 4, 'index': 2248}","  69 |       'http://www.w3.org/2000/svg',
  70 |     );
> 71 |     expect(container.firstChild.getAttribute('width')).toEqual('200');
     |    ^ Duplicate Assert
  72 |
  73 |     render(template(), container);
  74 |"
/home/gabriel/Disk/Research/research-javascript-test-smells/repositories/inferno/packages/inferno-create-element/__tests__/svg.ext.spec.js,Duplicate Assert,"{'line': 71, 'column': 4, 'index': 2248}","  69 |       'http://www.w3.org/2000/svg',
  70 |     );
> 71 |     expect(container.firstChild.getAttribute('width')).toEqual('200');
     |    ^ Duplicate Assert
  72 |
  73 |     render(template(), container);
  74 |"
/home/gabriel/Disk/Research/research-javascript-test-smells/repositories/inferno/packages/inferno-create-element/__tests__/svg.ext.spec.js,Duplicate Assert,"{'line': 75, 'column': 4, 'index': 2356}","  73 |     render(template(), container);
  74 |
> 75 |     expect(container.firstChild.tagName.toLowerCase()).toEqual('svg');
     |    ^ Duplicate Assert
  76 |     expect(container.firstChild.namespaceURI).toEqual(
  77 |       'http://www.w3.org/2000/svg',
  78 |     );"
/home/gabriel/Disk/Research/research-javascript-test-smells/repositories/inferno/packages/inferno-create-element/__tests__/svg.ext.spec.js,Duplicate Assert,"{'line': 75, 'column': 4, 'index': 2356}","  73 |     render(template(), container);
  74 |
> 75 |     expect(container.firstChild.tagName.toLowerCase()).toEqual('svg');
     |    ^ Duplicate Assert
  76 |     expect(container.firstChild.namespaceURI).toEqual(
  77 |       'http://www.w3.org/2000/svg',
  78 |     );"
/home/gabriel/Disk/Research/research-javascript-test-smells/repositories/inferno/packages/inferno-create-element/__tests__/svg.ext.spec.js,Duplicate Assert,"{'line': 76, 'column': 4, 'index': 2427}","  74 |
  75 |     expect(container.firstChild.tagName.toLowerCase()).toEqual('svg');
> 76 |     expect(container.firstChild.namespaceURI).toEqual(
     |    ^ Duplicate Assert
  77 |       'http://www.w3.org/2000/svg',
  78 |     );
  79 |     expect(container.firstChild.getAttribute('width')).toEqual('200');"
/home/gabriel/Disk/Research/research-javascript-test-smells/repositories/inferno/packages/inferno-create-element/__tests__/svg.ext.spec.js,Duplicate Assert,"{'line': 76, 'column': 4, 'index': 2427}","  74 |
  75 |     expect(container.firstChild.tagName.toLowerCase()).toEqual('svg');
> 76 |     expect(container.firstChild.namespaceURI).toEqual(
     |    ^ Duplicate Assert
  77 |       'http://www.w3.org/2000/svg',
  78 |     );
  79 |     expect(container.firstChild.getAttribute('width')).toEqual('200');"
/home/gabriel/Disk/Research/research-javascript-test-smells/repositories/inferno/packages/inferno-create-element/__tests__/svg.ext.spec.js,Duplicate Assert,"{'line': 79, 'column': 4, 'index': 2525}","  77 |       'http://www.w3.org/2000/svg',
  78 |     );
> 79 |     expect(container.firstChild.getAttribute('width')).toEqual('200');
     |    ^ Duplicate Assert
  80 |   });
  81 |
  82 |   it('should set SVG as default namespace for <svg>', () => {"
/home/gabriel/Disk/Research/research-javascript-test-smells/repositories/inferno/packages/inferno-create-element/__tests__/svg.ext.spec.js,Duplicate Assert,"{'line': 79, 'column': 4, 'index': 2525}","  77 |       'http://www.w3.org/2000/svg',
  78 |     );
> 79 |     expect(container.firstChild.getAttribute('width')).toEqual('200');
     |    ^ Duplicate Assert
  80 |   });
  81 |
  82 |   it('should set SVG as default namespace for <svg>', () => {"
/home/gabriel/Disk/Research/research-javascript-test-smells/repositories/inferno/packages/inferno-create-element/__tests__/svg.ext.spec.js,Duplicate Assert,"{'line': 88, 'column': 4, 'index': 2769}","  86 |
  87 |     render(template(), container);
> 88 |     expect(container.firstChild.namespaceURI).toBe(
     |    ^ Duplicate Assert
  89 |       'http://www.w3.org/2000/svg',
  90 |     );
  91 |     render(template(), container);"
/home/gabriel/Disk/Research/research-javascript-test-smells/repositories/inferno/packages/inferno-create-element/__tests__/svg.ext.spec.js,Duplicate Assert,"{'line': 88, 'column': 4, 'index': 2769}","  86 |
  87 |     render(template(), container);
> 88 |     expect(container.firstChild.namespaceURI).toBe(
     |    ^ Duplicate Assert
  89 |       'http://www.w3.org/2000/svg',
  90 |     );
  91 |     render(template(), container);"
/home/gabriel/Disk/Research/research-javascript-test-smells/repositories/inferno/packages/inferno-create-element/__tests__/svg.ext.spec.js,Duplicate Assert,"{'line': 96, 'column': 4, 'index': 3014}","  94 |
  95 |     render(template(), container);
> 96 |     expect(container.firstChild.namespaceURI).toBe(
     |    ^ Duplicate Assert
  97 |       'http://www.w3.org/2000/svg',
  98 |     );
  99 |   });"
/home/gabriel/Disk/Research/research-javascript-test-smells/repositories/inferno/packages/inferno-create-element/__tests__/svg.ext.spec.js,Duplicate Assert,"{'line': 96, 'column': 4, 'index': 3014}","  94 |
  95 |     render(template(), container);
> 96 |     expect(container.firstChild.namespaceURI).toBe(
     |    ^ Duplicate Assert
  97 |       'http://www.w3.org/2000/svg',
  98 |     );
  99 |   });"
/home/gabriel/Disk/Research/research-javascript-test-smells/repositories/inferno/packages/inferno-create-element/__tests__/svg.ext.spec.js,Duplicate Assert,"{'line': 130, 'column': 4, 'index': 3914}","  128 |
  129 |     render(template(null), container);
> 130 |     expect(
      |    ^ Duplicate Assert
  131 |       container.firstChild.hasAttributeNS(
  132 |         'http://www.w3.org/1999/xlink',
  133 |         'href',"
/home/gabriel/Disk/Research/research-javascript-test-smells/repositories/inferno/packages/inferno-create-element/__tests__/svg.ext.spec.js,Duplicate Assert,"{'line': 130, 'column': 4, 'index': 3914}","  128 |
  129 |     render(template(null), container);
> 130 |     expect(
      |    ^ Duplicate Assert
  131 |       container.firstChild.hasAttributeNS(
  132 |         'http://www.w3.org/1999/xlink',
  133 |         'href',"
/home/gabriel/Disk/Research/research-javascript-test-smells/repositories/inferno/packages/inferno-create-element/__tests__/svg.ext.spec.js,Duplicate Assert,"{'line': 138, 'column': 4, 'index': 4093}","  136 |
  137 |     render(template(null), container);
> 138 |     expect(
      |    ^ Duplicate Assert
  139 |       container.firstChild.hasAttributeNS(
  140 |         'http://www.w3.org/1999/xlink',
  141 |         'href',"
/home/gabriel/Disk/Research/research-javascript-test-smells/repositories/inferno/packages/inferno-create-element/__tests__/svg.ext.spec.js,Duplicate Assert,"{'line': 138, 'column': 4, 'index': 4093}","  136 |
  137 |     render(template(null), container);
> 138 |     expect(
      |    ^ Duplicate Assert
  139 |       container.firstChild.hasAttributeNS(
  140 |         'http://www.w3.org/1999/xlink',
  141 |         'href',"
/home/gabriel/Disk/Research/research-javascript-test-smells/repositories/inferno/packages/inferno-create-element/__tests__/svg.ext.spec.js,Duplicate Assert,"{'line': 176, 'column': 4, 'index': 5015}","  174 |
  175 |     render(template(), container);
> 176 |     expect(container.firstChild.namespaceURI).toBe(
      |    ^ Duplicate Assert
  177 |       'http://www.w3.org/2000/svg',
  178 |     );
  179 |     expect(container.firstChild.firstChild.namespaceURI).toBe("
/home/gabriel/Disk/Research/research-javascript-test-smells/repositories/inferno/packages/inferno-create-element/__tests__/svg.ext.spec.js,Duplicate Assert,"{'line': 176, 'column': 4, 'index': 5015}","  174 |
  175 |     render(template(), container);
> 176 |     expect(container.firstChild.namespaceURI).toBe(
      |    ^ Duplicate Assert
  177 |       'http://www.w3.org/2000/svg',
  178 |     );
  179 |     expect(container.firstChild.firstChild.namespaceURI).toBe("
/home/gabriel/Disk/Research/research-javascript-test-smells/repositories/inferno/packages/inferno-create-element/__tests__/svg.ext.spec.js,Duplicate Assert,"{'line': 179, 'column': 4, 'index': 5110}","  177 |       'http://www.w3.org/2000/svg',
  178 |     );
> 179 |     expect(container.firstChild.firstChild.namespaceURI).toBe(
      |    ^ Duplicate Assert
  180 |       'http://www.w3.org/2000/svg',
  181 |     );
  182 |"
/home/gabriel/Disk/Research/research-javascript-test-smells/repositories/inferno/packages/inferno-create-element/__tests__/svg.ext.spec.js,Duplicate Assert,"{'line': 179, 'column': 4, 'index': 5110}","  177 |       'http://www.w3.org/2000/svg',
  178 |     );
> 179 |     expect(container.firstChild.firstChild.namespaceURI).toBe(
      |    ^ Duplicate Assert
  180 |       'http://www.w3.org/2000/svg',
  181 |     );
  182 |"
/home/gabriel/Disk/Research/research-javascript-test-smells/repositories/inferno/packages/inferno-create-element/__tests__/svg.ext.spec.js,Duplicate Assert,"{'line': 184, 'column': 4, 'index': 5252}","  182 |
  183 |     render(template(), container);
> 184 |     expect(container.firstChild.namespaceURI).toBe(
      |    ^ Duplicate Assert
  185 |       'http://www.w3.org/2000/svg',
  186 |     );
  187 |     expect(container.firstChild.firstChild.namespaceURI).toBe("
/home/gabriel/Disk/Research/research-javascript-test-smells/repositories/inferno/packages/inferno-create-element/__tests__/svg.ext.spec.js,Duplicate Assert,"{'line': 184, 'column': 4, 'index': 5252}","  182 |
  183 |     render(template(), container);
> 184 |     expect(container.firstChild.namespaceURI).toBe(
      |    ^ Duplicate Assert
  185 |       'http://www.w3.org/2000/svg',
  186 |     );
  187 |     expect(container.firstChild.firstChild.namespaceURI).toBe("
/home/gabriel/Disk/Research/research-javascript-test-smells/repositories/inferno/packages/inferno-create-element/__tests__/svg.ext.spec.js,Duplicate Assert,"{'line': 187, 'column': 4, 'index': 5347}","  185 |       'http://www.w3.org/2000/svg',
  186 |     );
> 187 |     expect(container.firstChild.firstChild.namespaceURI).toBe(
      |    ^ Duplicate Assert
  188 |       'http://www.w3.org/2000/svg',
  189 |     );
  190 |"
/home/gabriel/Disk/Research/research-javascript-test-smells/repositories/inferno/packages/inferno-create-element/__tests__/svg.ext.spec.js,Duplicate Assert,"{'line': 187, 'column': 4, 'index': 5347}","  185 |       'http://www.w3.org/2000/svg',
  186 |     );
> 187 |     expect(container.firstChild.firstChild.namespaceURI).toBe(
      |    ^ Duplicate Assert
  188 |       'http://www.w3.org/2000/svg',
  189 |     );
  190 |"
/home/gabriel/Disk/Research/research-javascript-test-smells/repositories/inferno/packages/inferno-create-element/__tests__/svg.ext.spec.js,Duplicate Assert,"{'line': 194, 'column': 4, 'index': 5568}","  192 |
  193 |     render(template(), container);
> 194 |     expect(container.firstChild.namespaceURI).toBe(
      |    ^ Duplicate Assert
  195 |       'http://www.w3.org/2000/svg',
  196 |     );
  197 |     expect(container.firstChild.firstChild.namespaceURI).toBe("
/home/gabriel/Disk/Research/research-javascript-test-smells/repositories/inferno/packages/inferno-create-element/__tests__/svg.ext.spec.js,Duplicate Assert,"{'line': 194, 'column': 4, 'index': 5568}","  192 |
  193 |     render(template(), container);
> 194 |     expect(container.firstChild.namespaceURI).toBe(
      |    ^ Duplicate Assert
  195 |       'http://www.w3.org/2000/svg',
  196 |     );
  197 |     expect(container.firstChild.firstChild.namespaceURI).toBe("
/home/gabriel/Disk/Research/research-javascript-test-smells/repositories/inferno/packages/inferno-create-element/__tests__/svg.ext.spec.js,Duplicate Assert,"{'line': 197, 'column': 4, 'index': 5663}","  195 |       'http://www.w3.org/2000/svg',
  196 |     );
> 197 |     expect(container.firstChild.firstChild.namespaceURI).toBe(
      |    ^ Duplicate Assert
  198 |       'http://www.w3.org/2000/svg',
  199 |     );
  200 |"
/home/gabriel/Disk/Research/research-javascript-test-smells/repositories/inferno/packages/inferno-create-element/__tests__/svg.ext.spec.js,Duplicate Assert,"{'line': 197, 'column': 4, 'index': 5663}","  195 |       'http://www.w3.org/2000/svg',
  196 |     );
> 197 |     expect(container.firstChild.firstChild.namespaceURI).toBe(
      |    ^ Duplicate Assert
  198 |       'http://www.w3.org/2000/svg',
  199 |     );
  200 |"
/home/gabriel/Disk/Research/research-javascript-test-smells/repositories/inferno/packages/inferno-create-element/__tests__/svg.ext.spec.js,Duplicate Assert,"{'line': 204, 'column': 4, 'index': 5855}","  202 |
  203 |     render(template(), container);
> 204 |     expect(container.firstChild.namespaceURI).toBe(
      |    ^ Duplicate Assert
  205 |       'http://www.w3.org/2000/svg',
  206 |     );
  207 |   });"
/home/gabriel/Disk/Research/research-javascript-test-smells/repositories/inferno/packages/inferno-create-element/__tests__/svg.ext.spec.js,Duplicate Assert,"{'line': 204, 'column': 4, 'index': 5855}","  202 |
  203 |     render(template(), container);
> 204 |     expect(container.firstChild.namespaceURI).toBe(
      |    ^ Duplicate Assert
  205 |       'http://www.w3.org/2000/svg',
  206 |     );
  207 |   });"
/home/gabriel/Disk/Research/research-javascript-test-smells/repositories/inferno/packages/inferno-create-element/__tests__/svg.ext.spec.js,Duplicate Assert,"{'line': 214, 'column': 4, 'index': 6140}","  212 |
  213 |     render(template(), container);
> 214 |     expect(container.firstChild.firstChild.namespaceURI).toBe(
      |    ^ Duplicate Assert
  215 |       'http://www.w3.org/2000/svg',
  216 |     );
  217 |     render(template(), container);"
/home/gabriel/Disk/Research/research-javascript-test-smells/repositories/inferno/packages/inferno-create-element/__tests__/svg.ext.spec.js,Duplicate Assert,"{'line': 214, 'column': 4, 'index': 6140}","  212 |
  213 |     render(template(), container);
> 214 |     expect(container.firstChild.firstChild.namespaceURI).toBe(
      |    ^ Duplicate Assert
  215 |       'http://www.w3.org/2000/svg',
  216 |     );
  217 |     render(template(), container);"
/home/gabriel/Disk/Research/research-javascript-test-smells/repositories/inferno/packages/inferno-create-element/__tests__/svg.ext.spec.js,Duplicate Assert,"{'line': 218, 'column': 4, 'index': 6281}","  216 |     );
  217 |     render(template(), container);
> 218 |     expect(container.firstChild.firstChild.namespaceURI).toBe(
      |    ^ Duplicate Assert
  219 |       'http://www.w3.org/2000/svg',
  220 |     );
  221 |   });"
/home/gabriel/Disk/Research/research-javascript-test-smells/repositories/inferno/packages/inferno-create-element/__tests__/svg.ext.spec.js,Duplicate Assert,"{'line': 218, 'column': 4, 'index': 6281}","  216 |     );
  217 |     render(template(), container);
> 218 |     expect(container.firstChild.firstChild.namespaceURI).toBe(
      |    ^ Duplicate Assert
  219 |       'http://www.w3.org/2000/svg',
  220 |     );
  221 |   });"
/home/gabriel/Disk/Research/research-javascript-test-smells/repositories/inferno/packages/inferno-create-element/__tests__/svg.ext.spec.js,Duplicate Assert,"{'line': 258, 'column': 4, 'index': 7231}","  256 |       'http://www.w3.org/2000/svg',
  257 |     );
> 258 |     expect(container.firstChild.firstChild.firstChild.namespaceURI).toBe(
      |    ^ Duplicate Assert
  259 |       'http://www.w3.org/2000/svg',
  260 |     );
  261 |"
/home/gabriel/Disk/Research/research-javascript-test-smells/repositories/inferno/packages/inferno-create-element/__tests__/svg.ext.spec.js,Duplicate Assert,"{'line': 258, 'column': 4, 'index': 7231}","  256 |       'http://www.w3.org/2000/svg',
  257 |     );
> 258 |     expect(container.firstChild.firstChild.firstChild.namespaceURI).toBe(
      |    ^ Duplicate Assert
  259 |       'http://www.w3.org/2000/svg',
  260 |     );
  261 |"
/home/gabriel/Disk/Research/research-javascript-test-smells/repositories/inferno/packages/inferno-create-element/__tests__/svg.ext.spec.js,Duplicate Assert,"{'line': 278, 'column': 4, 'index': 7676}","  276 |
  277 |     render(template(child()), container);
> 278 |     expect(container.firstChild.firstChild.firstChild.namespaceURI).toBe(
      |    ^ Duplicate Assert
  279 |       'http://www.w3.org/2000/svg',
  280 |     );
  281 |     expect("
/home/gabriel/Disk/Research/research-javascript-test-smells/repositories/inferno/packages/inferno-create-element/__tests__/svg.ext.spec.js,Duplicate Assert,"{'line': 278, 'column': 4, 'index': 7676}","  276 |
  277 |     render(template(child()), container);
> 278 |     expect(container.firstChild.firstChild.firstChild.namespaceURI).toBe(
      |    ^ Duplicate Assert
  279 |       'http://www.w3.org/2000/svg',
  280 |     );
  281 |     expect("
/home/gabriel/Disk/Research/research-javascript-test-smells/repositories/inferno/packages/inferno-create-element/__tests__/svg.ext.spec.js,Duplicate Assert,"{'line': 281, 'column': 4, 'index': 7793}","  279 |       'http://www.w3.org/2000/svg',
  280 |     );
> 281 |     expect(
      |    ^ Duplicate Assert
  282 |       container.firstChild.firstChild.firstChild.firstChild.namespaceURI,
  283 |     ).toBe('http://www.w3.org/2000/svg');
  284 |"
/home/gabriel/Disk/Research/research-javascript-test-smells/repositories/inferno/packages/inferno-create-element/__tests__/svg.ext.spec.js,Duplicate Assert,"{'line': 281, 'column': 4, 'index': 7793}","  279 |       'http://www.w3.org/2000/svg',
  280 |     );
> 281 |     expect(
      |    ^ Duplicate Assert
  282 |       container.firstChild.firstChild.firstChild.firstChild.namespaceURI,
  283 |     ).toBe('http://www.w3.org/2000/svg');
  284 |"
/home/gabriel/Disk/Research/research-javascript-test-smells/repositories/inferno/packages/inferno-create-element/__tests__/svg.ext.spec.js,Duplicate Assert,"{'line': 296, 'column': 4, 'index': 8176}","  294 |       );
  295 |     render(template(child()), container);
> 296 |     expect(
      |    ^ Duplicate Assert
  297 |       container.firstChild.firstChild.firstChild.firstChild.namespaceURI,
  298 |     ).toBe('http://www.w3.org/2000/svg');
  299 |"
/home/gabriel/Disk/Research/research-javascript-test-smells/repositories/inferno/packages/inferno-create-element/__tests__/svg.ext.spec.js,Duplicate Assert,"{'line': 296, 'column': 4, 'index': 8176}","  294 |       );
  295 |     render(template(child()), container);
> 296 |     expect(
      |    ^ Duplicate Assert
  297 |       container.firstChild.firstChild.firstChild.firstChild.namespaceURI,
  298 |     ).toBe('http://www.w3.org/2000/svg');
  299 |"
/home/gabriel/Disk/Research/research-javascript-test-smells/repositories/inferno/packages/inferno-create-element/__tests__/svg.ext.spec.js,Duplicate Assert,"{'line': 317, 'column': 4, 'index': 8679}","  315 |     render(template(null), container);
  316 |     render(template(child()), container);
> 317 |     expect(
      |    ^ Duplicate Assert
  318 |       container.firstChild.firstChild.firstChild.firstChild.firstChild
  319 |         .namespaceURI,
  320 |     ).toBe('http://www.w3.org/2000/svg');"
/home/gabriel/Disk/Research/research-javascript-test-smells/repositories/inferno/packages/inferno-create-element/__tests__/svg.ext.spec.js,Duplicate Assert,"{'line': 317, 'column': 4, 'index': 8679}","  315 |     render(template(null), container);
  316 |     render(template(child()), container);
> 317 |     expect(
      |    ^ Duplicate Assert
  318 |       container.firstChild.firstChild.firstChild.firstChild.firstChild
  319 |         .namespaceURI,
  320 |     ).toBe('http://www.w3.org/2000/svg');"
/home/gabriel/Disk/Research/research-javascript-test-smells/repositories/inferno/packages/inferno-create-element/__tests__/svg.ext.spec.js,Duplicate Assert,"{'line': 323, 'column': 4, 'index': 8908}","  321 |     render(template(null), container);
  322 |     render(template(child()), container);
> 323 |     expect(
      |    ^ Duplicate Assert
  324 |       container.firstChild.firstChild.firstChild.firstChild.firstChild
  325 |         .namespaceURI,
  326 |     ).toBe('http://www.w3.org/2000/svg');"
/home/gabriel/Disk/Research/research-javascript-test-smells/repositories/inferno/packages/inferno-create-element/__tests__/svg.ext.spec.js,Duplicate Assert,"{'line': 323, 'column': 4, 'index': 8908}","  321 |     render(template(null), container);
  322 |     render(template(child()), container);
> 323 |     expect(
      |    ^ Duplicate Assert
  324 |       container.firstChild.firstChild.firstChild.firstChild.firstChild
  325 |         .namespaceURI,
  326 |     ).toBe('http://www.w3.org/2000/svg');"
/home/gabriel/Disk/Research/research-javascript-test-smells/repositories/inferno/packages/inferno-create-element/__tests__/svg.ext.spec.js,Duplicate Assert,"{'line': 336, 'column': 4, 'index': 9238}","  334 |
  335 |     render(template('foo'), container);
> 336 |     expect(container.firstChild.getAttribute('class')).toBe('foo');
      |    ^ Duplicate Assert
  337 |     render(template(null), container);
  338 |
  339 |     render(template('bar'), container);"
/home/gabriel/Disk/Research/research-javascript-test-smells/repositories/inferno/packages/inferno-create-element/__tests__/svg.ext.spec.js,Duplicate Assert,"{'line': 340, 'column': 4, 'index': 9386}","  338 |
  339 |     render(template('bar'), container);
> 340 |     expect(container.firstChild.getAttribute('class')).toBe('bar');
      |    ^ Duplicate Assert
  341 |
  342 |     render(template(['bar']), container);
  343 |     expect(container.firstChild.getAttribute('class')).toBe('bar');"
/home/gabriel/Disk/Research/research-javascript-test-smells/repositories/inferno/packages/inferno-create-element/__tests__/svg.ext.spec.js,Duplicate Assert,"{'line': 340, 'column': 4, 'index': 9386}","  338 |
  339 |     render(template('bar'), container);
> 340 |     expect(container.firstChild.getAttribute('class')).toBe('bar');
      |    ^ Duplicate Assert
  341 |
  342 |     render(template(['bar']), container);
  343 |     expect(container.firstChild.getAttribute('class')).toBe('bar');"
/home/gabriel/Disk/Research/research-javascript-test-smells/repositories/inferno/packages/inferno-create-element/__tests__/svg.ext.spec.js,Duplicate Assert,"{'line': 343, 'column': 4, 'index': 9497}","  341 |
  342 |     render(template(['bar']), container);
> 343 |     expect(container.firstChild.getAttribute('class')).toBe('bar');
      |    ^ Duplicate Assert
  344 |
  345 |     render(template(['bar', 'zoo']), container);
  346 |     expect(container.firstChild.getAttribute('class')).toBe('bar,zoo');"
/home/gabriel/Disk/Research/research-javascript-test-smells/repositories/inferno/packages/inferno-create-element/__tests__/svg.ext.spec.js,Duplicate Assert,"{'line': 343, 'column': 4, 'index': 9497}","  341 |
  342 |     render(template(['bar']), container);
> 343 |     expect(container.firstChild.getAttribute('class')).toBe('bar');
      |    ^ Duplicate Assert
  344 |
  345 |     render(template(['bar', 'zoo']), container);
  346 |     expect(container.firstChild.getAttribute('class')).toBe('bar,zoo');"
/home/gabriel/Disk/Research/research-javascript-test-smells/repositories/inferno/packages/inferno-create-element/__tests__/svg.ext.spec.js,Duplicate Assert,"{'line': 346, 'column': 4, 'index': 9615}","  344 |
  345 |     render(template(['bar', 'zoo']), container);
> 346 |     expect(container.firstChild.getAttribute('class')).toBe('bar,zoo');
      |    ^ Duplicate Assert
  347 |   });
  348 |
  349 |   it('should respect SVG namespace and render SVG attributes', () => {"
/home/gabriel/Disk/Research/research-javascript-test-smells/repositories/inferno/packages/inferno-create-element/__tests__/svg.ext.spec.js,Duplicate Assert,"{'line': 361, 'column': 4, 'index': 10027}","  359 |     render(template(200, 200), container);
  360 |
> 361 |     expect(container.firstChild.tagName.toLowerCase()).toEqual('svg');
      |    ^ Duplicate Assert
  362 |     expect(container.firstChild.namespaceURI).toEqual(
  363 |       'http://www.w3.org/2000/svg',
  364 |     );"
/home/gabriel/Disk/Research/research-javascript-test-smells/repositories/inferno/packages/inferno-create-element/__tests__/svg.ext.spec.js,Duplicate Assert,"{'line': 361, 'column': 4, 'index': 10027}","  359 |     render(template(200, 200), container);
  360 |
> 361 |     expect(container.firstChild.tagName.toLowerCase()).toEqual('svg');
      |    ^ Duplicate Assert
  362 |     expect(container.firstChild.namespaceURI).toEqual(
  363 |       'http://www.w3.org/2000/svg',
  364 |     );"
/home/gabriel/Disk/Research/research-javascript-test-smells/repositories/inferno/packages/inferno-create-element/__tests__/svg.ext.spec.js,Duplicate Assert,"{'line': 362, 'column': 4, 'index': 10098}","  360 |
  361 |     expect(container.firstChild.tagName.toLowerCase()).toEqual('svg');
> 362 |     expect(container.firstChild.namespaceURI).toEqual(
      |    ^ Duplicate Assert
  363 |       'http://www.w3.org/2000/svg',
  364 |     );
  365 |     expect(container.firstChild.getAttribute('xmlns')).toEqual("
/home/gabriel/Disk/Research/research-javascript-test-smells/repositories/inferno/packages/inferno-create-element/__tests__/svg.ext.spec.js,Duplicate Assert,"{'line': 362, 'column': 4, 'index': 10098}","  360 |
  361 |     expect(container.firstChild.tagName.toLowerCase()).toEqual('svg');
> 362 |     expect(container.firstChild.namespaceURI).toEqual(
      |    ^ Duplicate Assert
  363 |       'http://www.w3.org/2000/svg',
  364 |     );
  365 |     expect(container.firstChild.getAttribute('xmlns')).toEqual("
/home/gabriel/Disk/Research/research-javascript-test-smells/repositories/inferno/packages/inferno-create-element/__tests__/svg.ext.spec.js,Duplicate Assert,"{'line': 365, 'column': 4, 'index': 10196}","  363 |       'http://www.w3.org/2000/svg',
  364 |     );
> 365 |     expect(container.firstChild.getAttribute('xmlns')).toEqual(
      |    ^ Duplicate Assert
  366 |       'http://www.w3.org/2000/svg',
  367 |     );
  368 |     expect(container.firstChild.getAttribute('version')).toEqual('1.1');"
/home/gabriel/Disk/Research/research-javascript-test-smells/repositories/inferno/packages/inferno-create-element/__tests__/svg.ext.spec.js,Duplicate Assert,"{'line': 365, 'column': 4, 'index': 10196}","  363 |       'http://www.w3.org/2000/svg',
  364 |     );
> 365 |     expect(container.firstChild.getAttribute('xmlns')).toEqual(
      |    ^ Duplicate Assert
  366 |       'http://www.w3.org/2000/svg',
  367 |     );
  368 |     expect(container.firstChild.getAttribute('version')).toEqual('1.1');"
/home/gabriel/Disk/Research/research-javascript-test-smells/repositories/inferno/packages/inferno-create-element/__tests__/svg.ext.spec.js,Duplicate Assert,"{'line': 368, 'column': 4, 'index': 10303}","  366 |       'http://www.w3.org/2000/svg',
  367 |     );
> 368 |     expect(container.firstChild.getAttribute('version')).toEqual('1.1');
      |    ^ Duplicate Assert
  369 |     expect(container.firstChild.getAttribute('baseProfile')).toEqual('full');
  370 |     expect(container.firstChild.getAttribute('width')).toEqual('200');
  371 |     expect(container.firstChild.getAttribute('height')).toEqual('200');"
/home/gabriel/Disk/Research/research-javascript-test-smells/repositories/inferno/packages/inferno-create-element/__tests__/svg.ext.spec.js,Duplicate Assert,"{'line': 368, 'column': 4, 'index': 10303}","  366 |       'http://www.w3.org/2000/svg',
  367 |     );
> 368 |     expect(container.firstChild.getAttribute('version')).toEqual('1.1');
      |    ^ Duplicate Assert
  369 |     expect(container.firstChild.getAttribute('baseProfile')).toEqual('full');
  370 |     expect(container.firstChild.getAttribute('width')).toEqual('200');
  371 |     expect(container.firstChild.getAttribute('height')).toEqual('200');"
/home/gabriel/Disk/Research/research-javascript-test-smells/repositories/inferno/packages/inferno-create-element/__tests__/svg.ext.spec.js,Duplicate Assert,"{'line': 369, 'column': 4, 'index': 10376}","  367 |     );
  368 |     expect(container.firstChild.getAttribute('version')).toEqual('1.1');
> 369 |     expect(container.firstChild.getAttribute('baseProfile')).toEqual('full');
      |    ^ Duplicate Assert
  370 |     expect(container.firstChild.getAttribute('width')).toEqual('200');
  371 |     expect(container.firstChild.getAttribute('height')).toEqual('200');
  372 |"
/home/gabriel/Disk/Research/research-javascript-test-smells/repositories/inferno/packages/inferno-create-element/__tests__/svg.ext.spec.js,Duplicate Assert,"{'line': 369, 'column': 4, 'index': 10376}","  367 |     );
  368 |     expect(container.firstChild.getAttribute('version')).toEqual('1.1');
> 369 |     expect(container.firstChild.getAttribute('baseProfile')).toEqual('full');
      |    ^ Duplicate Assert
  370 |     expect(container.firstChild.getAttribute('width')).toEqual('200');
  371 |     expect(container.firstChild.getAttribute('height')).toEqual('200');
  372 |"
/home/gabriel/Disk/Research/research-javascript-test-smells/repositories/inferno/packages/inferno-create-element/__tests__/svg.ext.spec.js,Duplicate Assert,"{'line': 370, 'column': 4, 'index': 10454}","  368 |     expect(container.firstChild.getAttribute('version')).toEqual('1.1');
  369 |     expect(container.firstChild.getAttribute('baseProfile')).toEqual('full');
> 370 |     expect(container.firstChild.getAttribute('width')).toEqual('200');
      |    ^ Duplicate Assert
  371 |     expect(container.firstChild.getAttribute('height')).toEqual('200');
  372 |
  373 |     render(template(300, 300), container);"
/home/gabriel/Disk/Research/research-javascript-test-smells/repositories/inferno/packages/inferno-create-element/__tests__/svg.ext.spec.js,Duplicate Assert,"{'line': 371, 'column': 4, 'index': 10525}","  369 |     expect(container.firstChild.getAttribute('baseProfile')).toEqual('full');
  370 |     expect(container.firstChild.getAttribute('width')).toEqual('200');
> 371 |     expect(container.firstChild.getAttribute('height')).toEqual('200');
      |    ^ Duplicate Assert
  372 |
  373 |     render(template(300, 300), container);
  374 |"
/home/gabriel/Disk/Research/research-javascript-test-smells/repositories/inferno/packages/inferno-create-element/__tests__/svg.ext.spec.js,Duplicate Assert,"{'line': 375, 'column': 4, 'index': 10642}","  373 |     render(template(300, 300), container);
  374 |
> 375 |     expect(container.firstChild.tagName.toLowerCase()).toEqual('svg');
      |    ^ Duplicate Assert
  376 |     expect(container.firstChild.namespaceURI).toEqual(
  377 |       'http://www.w3.org/2000/svg',
  378 |     );"
/home/gabriel/Disk/Research/research-javascript-test-smells/repositories/inferno/packages/inferno-create-element/__tests__/svg.ext.spec.js,Duplicate Assert,"{'line': 375, 'column': 4, 'index': 10642}","  373 |     render(template(300, 300), container);
  374 |
> 375 |     expect(container.firstChild.tagName.toLowerCase()).toEqual('svg');
      |    ^ Duplicate Assert
  376 |     expect(container.firstChild.namespaceURI).toEqual(
  377 |       'http://www.w3.org/2000/svg',
  378 |     );"
/home/gabriel/Disk/Research/research-javascript-test-smells/repositories/inferno/packages/inferno-create-element/__tests__/svg.ext.spec.js,Duplicate Assert,"{'line': 376, 'column': 4, 'index': 10713}","  374 |
  375 |     expect(container.firstChild.tagName.toLowerCase()).toEqual('svg');
> 376 |     expect(container.firstChild.namespaceURI).toEqual(
      |    ^ Duplicate Assert
  377 |       'http://www.w3.org/2000/svg',
  378 |     );
  379 |     expect(container.firstChild.getAttribute('xmlns')).toEqual("
/home/gabriel/Disk/Research/research-javascript-test-smells/repositories/inferno/packages/inferno-create-element/__tests__/svg.ext.spec.js,Duplicate Assert,"{'line': 376, 'column': 4, 'index': 10713}","  374 |
  375 |     expect(container.firstChild.tagName.toLowerCase()).toEqual('svg');
> 376 |     expect(container.firstChild.namespaceURI).toEqual(
      |    ^ Duplicate Assert
  377 |       'http://www.w3.org/2000/svg',
  378 |     );
  379 |     expect(container.firstChild.getAttribute('xmlns')).toEqual("
/home/gabriel/Disk/Research/research-javascript-test-smells/repositories/inferno/packages/inferno-create-element/__tests__/svg.ext.spec.js,Duplicate Assert,"{'line': 379, 'column': 4, 'index': 10811}","  377 |       'http://www.w3.org/2000/svg',
  378 |     );
> 379 |     expect(container.firstChild.getAttribute('xmlns')).toEqual(
      |    ^ Duplicate Assert
  380 |       'http://www.w3.org/2000/svg',
  381 |     );
  382 |     expect(container.firstChild.getAttribute('version')).toEqual('1.1');"
/home/gabriel/Disk/Research/research-javascript-test-smells/repositories/inferno/packages/inferno-create-element/__tests__/svg.ext.spec.js,Duplicate Assert,"{'line': 379, 'column': 4, 'index': 10811}","  377 |       'http://www.w3.org/2000/svg',
  378 |     );
> 379 |     expect(container.firstChild.getAttribute('xmlns')).toEqual(
      |    ^ Duplicate Assert
  380 |       'http://www.w3.org/2000/svg',
  381 |     );
  382 |     expect(container.firstChild.getAttribute('version')).toEqual('1.1');"
/home/gabriel/Disk/Research/research-javascript-test-smells/repositories/inferno/packages/inferno-create-element/__tests__/svg.ext.spec.js,Duplicate Assert,"{'line': 382, 'column': 4, 'index': 10918}","  380 |       'http://www.w3.org/2000/svg',
  381 |     );
> 382 |     expect(container.firstChild.getAttribute('version')).toEqual('1.1');
      |    ^ Duplicate Assert
  383 |     expect(container.firstChild.getAttribute('baseProfile')).toEqual('full');
  384 |     expect(container.firstChild.getAttribute('width')).toEqual('300');
  385 |     expect(container.firstChild.getAttribute('height')).toEqual('300');"
/home/gabriel/Disk/Research/research-javascript-test-smells/repositories/inferno/packages/inferno-create-element/__tests__/svg.ext.spec.js,Duplicate Assert,"{'line': 382, 'column': 4, 'index': 10918}","  380 |       'http://www.w3.org/2000/svg',
  381 |     );
> 382 |     expect(container.firstChild.getAttribute('version')).toEqual('1.1');
      |    ^ Duplicate Assert
  383 |     expect(container.firstChild.getAttribute('baseProfile')).toEqual('full');
  384 |     expect(container.firstChild.getAttribute('width')).toEqual('300');
  385 |     expect(container.firstChild.getAttribute('height')).toEqual('300');"
/home/gabriel/Disk/Research/research-javascript-test-smells/repositories/inferno/packages/inferno-create-element/__tests__/svg.ext.spec.js,Duplicate Assert,"{'line': 383, 'column': 4, 'index': 10991}","  381 |     );
  382 |     expect(container.firstChild.getAttribute('version')).toEqual('1.1');
> 383 |     expect(container.firstChild.getAttribute('baseProfile')).toEqual('full');
      |    ^ Duplicate Assert
  384 |     expect(container.firstChild.getAttribute('width')).toEqual('300');
  385 |     expect(container.firstChild.getAttribute('height')).toEqual('300');
  386 |   });"
/home/gabriel/Disk/Research/research-javascript-test-smells/repositories/inferno/packages/inferno-create-element/__tests__/svg.ext.spec.js,Duplicate Assert,"{'line': 383, 'column': 4, 'index': 10991}","  381 |     );
  382 |     expect(container.firstChild.getAttribute('version')).toEqual('1.1');
> 383 |     expect(container.firstChild.getAttribute('baseProfile')).toEqual('full');
      |    ^ Duplicate Assert
  384 |     expect(container.firstChild.getAttribute('width')).toEqual('300');
  385 |     expect(container.firstChild.getAttribute('height')).toEqual('300');
  386 |   });"
/home/gabriel/Disk/Research/research-javascript-test-smells/repositories/inferno/packages/inferno-create-element/__tests__/svg.ext.spec.js,Duplicate Assert,"{'line': 384, 'column': 4, 'index': 11069}","  382 |     expect(container.firstChild.getAttribute('version')).toEqual('1.1');
  383 |     expect(container.firstChild.getAttribute('baseProfile')).toEqual('full');
> 384 |     expect(container.firstChild.getAttribute('width')).toEqual('300');
      |    ^ Duplicate Assert
  385 |     expect(container.firstChild.getAttribute('height')).toEqual('300');
  386 |   });
  387 |"
/home/gabriel/Disk/Research/research-javascript-test-smells/repositories/inferno/packages/inferno-create-element/__tests__/svg.ext.spec.js,Duplicate Assert,"{'line': 385, 'column': 4, 'index': 11140}","  383 |     expect(container.firstChild.getAttribute('baseProfile')).toEqual('full');
  384 |     expect(container.firstChild.getAttribute('width')).toEqual('300');
> 385 |     expect(container.firstChild.getAttribute('height')).toEqual('300');
      |    ^ Duplicate Assert
  386 |   });
  387 |
  388 |   it('should set ""viewBox"" attribute', () => {"
/home/gabriel/Disk/Research/research-javascript-test-smells/repositories/inferno/packages/inferno-create-element/__tests__/svg.ext.spec.js,Duplicate Assert,"{'line': 397, 'column': 4, 'index': 11444}","  395 |     render(template(), container);
  396 |
> 397 |     expect(container.firstChild.tagName.toLowerCase()).toEqual('svg');
      |    ^ Duplicate Assert
  398 |     expect(container.firstChild.namespaceURI).toEqual(
  399 |       'http://www.w3.org/2000/svg',
  400 |     );"
/home/gabriel/Disk/Research/research-javascript-test-smells/repositories/inferno/packages/inferno-create-element/__tests__/svg.ext.spec.js,Duplicate Assert,"{'line': 397, 'column': 4, 'index': 11444}","  395 |     render(template(), container);
  396 |
> 397 |     expect(container.firstChild.tagName.toLowerCase()).toEqual('svg');
      |    ^ Duplicate Assert
  398 |     expect(container.firstChild.namespaceURI).toEqual(
  399 |       'http://www.w3.org/2000/svg',
  400 |     );"
/home/gabriel/Disk/Research/research-javascript-test-smells/repositories/inferno/packages/inferno-create-element/__tests__/svg.ext.spec.js,Duplicate Assert,"{'line': 398, 'column': 4, 'index': 11515}","  396 |
  397 |     expect(container.firstChild.tagName.toLowerCase()).toEqual('svg');
> 398 |     expect(container.firstChild.namespaceURI).toEqual(
      |    ^ Duplicate Assert
  399 |       'http://www.w3.org/2000/svg',
  400 |     );
  401 |     expect(container.firstChild.getAttribute('xmlns')).toEqual("
/home/gabriel/Disk/Research/research-javascript-test-smells/repositories/inferno/packages/inferno-create-element/__tests__/svg.ext.spec.js,Duplicate Assert,"{'line': 398, 'column': 4, 'index': 11515}","  396 |
  397 |     expect(container.firstChild.tagName.toLowerCase()).toEqual('svg');
> 398 |     expect(container.firstChild.namespaceURI).toEqual(
      |    ^ Duplicate Assert
  399 |       'http://www.w3.org/2000/svg',
  400 |     );
  401 |     expect(container.firstChild.getAttribute('xmlns')).toEqual("
/home/gabriel/Disk/Research/research-javascript-test-smells/repositories/inferno/packages/inferno-create-element/__tests__/svg.ext.spec.js,Duplicate Assert,"{'line': 401, 'column': 4, 'index': 11613}","  399 |       'http://www.w3.org/2000/svg',
  400 |     );
> 401 |     expect(container.firstChild.getAttribute('xmlns')).toEqual(
      |    ^ Duplicate Assert
  402 |       'http://www.w3.org/2000/svg',
  403 |     );
  404 |     expect(container.firstChild.getAttribute('viewBox')).toEqual('0 0 50 20');"
/home/gabriel/Disk/Research/research-javascript-test-smells/repositories/inferno/packages/inferno-create-element/__tests__/svg.ext.spec.js,Duplicate Assert,"{'line': 401, 'column': 4, 'index': 11613}","  399 |       'http://www.w3.org/2000/svg',
  400 |     );
> 401 |     expect(container.firstChild.getAttribute('xmlns')).toEqual(
      |    ^ Duplicate Assert
  402 |       'http://www.w3.org/2000/svg',
  403 |     );
  404 |     expect(container.firstChild.getAttribute('viewBox')).toEqual('0 0 50 20');"
/home/gabriel/Disk/Research/research-javascript-test-smells/repositories/inferno/packages/inferno-create-element/__tests__/svg.ext.spec.js,Duplicate Assert,"{'line': 404, 'column': 4, 'index': 11720}","  402 |       'http://www.w3.org/2000/svg',
  403 |     );
> 404 |     expect(container.firstChild.getAttribute('viewBox')).toEqual('0 0 50 20');
      |    ^ Duplicate Assert
  405 |
  406 |     render(template(), container);
  407 |"
/home/gabriel/Disk/Research/research-javascript-test-smells/repositories/inferno/packages/inferno-create-element/__tests__/svg.ext.spec.js,Duplicate Assert,"{'line': 404, 'column': 4, 'index': 11720}","  402 |       'http://www.w3.org/2000/svg',
  403 |     );
> 404 |     expect(container.firstChild.getAttribute('viewBox')).toEqual('0 0 50 20');
      |    ^ Duplicate Assert
  405 |
  406 |     render(template(), container);
  407 |"
/home/gabriel/Disk/Research/research-javascript-test-smells/repositories/inferno/packages/inferno-create-element/__tests__/svg.ext.spec.js,Duplicate Assert,"{'line': 408, 'column': 4, 'index': 11836}","  406 |     render(template(), container);
  407 |
> 408 |     expect(container.firstChild.tagName.toLowerCase()).toEqual('svg');
      |    ^ Duplicate Assert
  409 |     expect(container.firstChild.namespaceURI).toEqual(
  410 |       'http://www.w3.org/2000/svg',
  411 |     );"
/home/gabriel/Disk/Research/research-javascript-test-smells/repositories/inferno/packages/inferno-create-element/__tests__/svg.ext.spec.js,Duplicate Assert,"{'line': 408, 'column': 4, 'index': 11836}","  406 |     render(template(), container);
  407 |
> 408 |     expect(container.firstChild.tagName.toLowerCase()).toEqual('svg');
      |    ^ Duplicate Assert
  409 |     expect(container.firstChild.namespaceURI).toEqual(
  410 |       'http://www.w3.org/2000/svg',
  411 |     );"
/home/gabriel/Disk/Research/research-javascript-test-smells/repositories/inferno/packages/inferno-create-element/__tests__/svg.ext.spec.js,Duplicate Assert,"{'line': 409, 'column': 4, 'index': 11907}","  407 |
  408 |     expect(container.firstChild.tagName.toLowerCase()).toEqual('svg');
> 409 |     expect(container.firstChild.namespaceURI).toEqual(
      |    ^ Duplicate Assert
  410 |       'http://www.w3.org/2000/svg',
  411 |     );
  412 |     expect(container.firstChild.getAttribute('xmlns')).toEqual("
/home/gabriel/Disk/Research/research-javascript-test-smells/repositories/inferno/packages/inferno-create-element/__tests__/svg.ext.spec.js,Duplicate Assert,"{'line': 409, 'column': 4, 'index': 11907}","  407 |
  408 |     expect(container.firstChild.tagName.toLowerCase()).toEqual('svg');
> 409 |     expect(container.firstChild.namespaceURI).toEqual(
      |    ^ Duplicate Assert
  410 |       'http://www.w3.org/2000/svg',
  411 |     );
  412 |     expect(container.firstChild.getAttribute('xmlns')).toEqual("
/home/gabriel/Disk/Research/research-javascript-test-smells/repositories/inferno/packages/inferno-create-element/__tests__/svg.ext.spec.js,Duplicate Assert,"{'line': 412, 'column': 4, 'index': 12005}","  410 |       'http://www.w3.org/2000/svg',
  411 |     );
> 412 |     expect(container.firstChild.getAttribute('xmlns')).toEqual(
      |    ^ Duplicate Assert
  413 |       'http://www.w3.org/2000/svg',
  414 |     );
  415 |     expect(container.firstChild.getAttribute('viewBox')).toEqual('0 0 50 20');"
/home/gabriel/Disk/Research/research-javascript-test-smells/repositories/inferno/packages/inferno-create-element/__tests__/svg.ext.spec.js,Duplicate Assert,"{'line': 412, 'column': 4, 'index': 12005}","  410 |       'http://www.w3.org/2000/svg',
  411 |     );
> 412 |     expect(container.firstChild.getAttribute('xmlns')).toEqual(
      |    ^ Duplicate Assert
  413 |       'http://www.w3.org/2000/svg',
  414 |     );
  415 |     expect(container.firstChild.getAttribute('viewBox')).toEqual('0 0 50 20');"
/home/gabriel/Disk/Research/research-javascript-test-smells/repositories/inferno/packages/inferno-create-element/__tests__/svg.ext.spec.js,Duplicate Assert,"{'line': 415, 'column': 4, 'index': 12112}","  413 |       'http://www.w3.org/2000/svg',
  414 |     );
> 415 |     expect(container.firstChild.getAttribute('viewBox')).toEqual('0 0 50 20');
      |    ^ Duplicate Assert
  416 |   });
  417 |
  418 |   it('should solve SVG edge when wrapped inside a non-namespace element (static)', () => {"
/home/gabriel/Disk/Research/research-javascript-test-smells/repositories/inferno/packages/inferno-create-element/__tests__/svg.ext.spec.js,Duplicate Assert,"{'line': 415, 'column': 4, 'index': 12112}","  413 |       'http://www.w3.org/2000/svg',
  414 |     );
> 415 |     expect(container.firstChild.getAttribute('viewBox')).toEqual('0 0 50 20');
      |    ^ Duplicate Assert
  416 |   });
  417 |
  418 |   it('should solve SVG edge when wrapped inside a non-namespace element (static)', () => {"
/home/gabriel/Disk/Research/research-javascript-test-smells/repositories/inferno/packages/inferno-create-element/__tests__/svg.ext.spec.js,Duplicate Assert,"{'line': 457, 'column': 4, 'index': 13460}","  455 |
  456 |     render(template(), container);
> 457 |     expect(container.firstChild.firstChild.namespaceURI).toBe(
      |    ^ Duplicate Assert
  458 |       'http://www.w3.org/2000/svg',
  459 |     );
  460 |     render(template(), container);"
/home/gabriel/Disk/Research/research-javascript-test-smells/repositories/inferno/packages/inferno-create-element/__tests__/svg.ext.spec.js,Duplicate Assert,"{'line': 457, 'column': 4, 'index': 13460}","  455 |
  456 |     render(template(), container);
> 457 |     expect(container.firstChild.firstChild.namespaceURI).toBe(
      |    ^ Duplicate Assert
  458 |       'http://www.w3.org/2000/svg',
  459 |     );
  460 |     render(template(), container);"
/home/gabriel/Disk/Research/research-javascript-test-smells/repositories/inferno/packages/inferno-create-element/__tests__/svg.ext.spec.js,Duplicate Assert,"{'line': 461, 'column': 4, 'index': 13601}","  459 |     );
  460 |     render(template(), container);
> 461 |     expect(container.firstChild.firstChild.namespaceURI).toBe(
      |    ^ Duplicate Assert
  462 |       'http://www.w3.org/2000/svg',
  463 |     );
  464 |   });"
/home/gabriel/Disk/Research/research-javascript-test-smells/repositories/inferno/packages/inferno-create-element/__tests__/svg.ext.spec.js,Duplicate Assert,"{'line': 461, 'column': 4, 'index': 13601}","  459 |     );
  460 |     render(template(), container);
> 461 |     expect(container.firstChild.firstChild.namespaceURI).toBe(
      |    ^ Duplicate Assert
  462 |       'http://www.w3.org/2000/svg',
  463 |     );
  464 |   });"
/home/gabriel/Disk/Research/research-javascript-test-smells/repositories/inferno/packages/inferno-create-element/__tests__/svg.ext.spec.js,Duplicate Assert,"{'line': 485, 'column': 4, 'index': 14294}","  483 |
  484 |     render(template('class1 class2'), container);
> 485 |     expect(container.firstChild.getAttribute('class')).toBe('class1 class2');
      |    ^ Duplicate Assert
  486 |     render(template('class1'), container);
  487 |     expect(container.firstChild.getAttribute('class')).toBe('class1');
  488 |     render(template(), container);"
/home/gabriel/Disk/Research/research-javascript-test-smells/repositories/inferno/packages/inferno-create-element/__tests__/svg.ext.spec.js,Duplicate Assert,"{'line': 487, 'column': 4, 'index': 14415}","  485 |     expect(container.firstChild.getAttribute('class')).toBe('class1 class2');
  486 |     render(template('class1'), container);
> 487 |     expect(container.firstChild.getAttribute('class')).toBe('class1');
      |    ^ Duplicate Assert
  488 |     render(template(), container);
  489 |     expect(container.firstChild.getAttribute('class')).toBe(null);
  490 |   });"
/home/gabriel/Disk/Research/research-javascript-test-smells/repositories/inferno/packages/inferno-create-element/__tests__/svg.ext.spec.js,Duplicate Assert,"{'line': 489, 'column': 4, 'index': 14521}","  487 |     expect(container.firstChild.getAttribute('class')).toBe('class1');
  488 |     render(template(), container);
> 489 |     expect(container.firstChild.getAttribute('class')).toBe(null);
      |    ^ Duplicate Assert
  490 |   });
  491 |
  492 |   it('should follow last wins when both class and className are defined', () => {"
/home/gabriel/Disk/Research/research-javascript-test-smells/repositories/inferno/packages/inferno-create-element/__tests__/svg.ext.spec.js,Duplicate Assert,"{'line': 517, 'column': 4, 'index': 15339}","  515 |
  516 |     render(template(false), container);
> 517 |     expect(container.firstChild.namespaceURI).toBe(
      |    ^ Duplicate Assert
  518 |       'http://www.w3.org/2000/svg',
  519 |     );
  520 |     expect(container.firstChild.firstChild.namespaceURI).toBe("
/home/gabriel/Disk/Research/research-javascript-test-smells/repositories/inferno/packages/inferno-create-element/__tests__/svg.ext.spec.js,Duplicate Assert,"{'line': 517, 'column': 4, 'index': 15339}","  515 |
  516 |     render(template(false), container);
> 517 |     expect(container.firstChild.namespaceURI).toBe(
      |    ^ Duplicate Assert
  518 |       'http://www.w3.org/2000/svg',
  519 |     );
  520 |     expect(container.firstChild.firstChild.namespaceURI).toBe("
/home/gabriel/Disk/Research/research-javascript-test-smells/repositories/inferno/packages/inferno-create-element/__tests__/svg.ext.spec.js,Duplicate Assert,"{'line': 520, 'column': 4, 'index': 15434}","  518 |       'http://www.w3.org/2000/svg',
  519 |     );
> 520 |     expect(container.firstChild.firstChild.namespaceURI).toBe(
      |    ^ Duplicate Assert
  521 |       'http://www.w3.org/2000/svg',
  522 |     );
  523 |     expect(container.firstChild.firstChild.firstChild.namespaceURI).toBe("
/home/gabriel/Disk/Research/research-javascript-test-smells/repositories/inferno/packages/inferno-create-element/__tests__/svg.ext.spec.js,Duplicate Assert,"{'line': 520, 'column': 4, 'index': 15434}","  518 |       'http://www.w3.org/2000/svg',
  519 |     );
> 520 |     expect(container.firstChild.firstChild.namespaceURI).toBe(
      |    ^ Duplicate Assert
  521 |       'http://www.w3.org/2000/svg',
  522 |     );
  523 |     expect(container.firstChild.firstChild.firstChild.namespaceURI).toBe("
/home/gabriel/Disk/Research/research-javascript-test-smells/repositories/inferno/packages/inferno-create-element/__tests__/svg.ext.spec.js,Duplicate Assert,"{'line': 523, 'column': 4, 'index': 15540}","  521 |       'http://www.w3.org/2000/svg',
  522 |     );
> 523 |     expect(container.firstChild.firstChild.firstChild.namespaceURI).toBe(
      |    ^ Duplicate Assert
  524 |       'http://www.w3.org/1999/xhtml',
  525 |     );
  526 |     render(template(true), container);"
/home/gabriel/Disk/Research/research-javascript-test-smells/repositories/inferno/packages/inferno-create-element/__tests__/svg.ext.spec.js,Duplicate Assert,"{'line': 523, 'column': 4, 'index': 15540}","  521 |       'http://www.w3.org/2000/svg',
  522 |     );
> 523 |     expect(container.firstChild.firstChild.firstChild.namespaceURI).toBe(
      |    ^ Duplicate Assert
  524 |       'http://www.w3.org/1999/xhtml',
  525 |     );
  526 |     render(template(true), container);"
/home/gabriel/Disk/Research/research-javascript-test-smells/repositories/inferno/packages/inferno-create-element/__tests__/svg.ext.spec.js,Duplicate Assert,"{'line': 527, 'column': 4, 'index': 15698}","  525 |     );
  526 |     render(template(true), container);
> 527 |     expect(container.firstChild.namespaceURI).toBe(
      |    ^ Duplicate Assert
  528 |       'http://www.w3.org/2000/svg',
  529 |     );
  530 |     expect(container.firstChild.firstChild.namespaceURI).toBe("
/home/gabriel/Disk/Research/research-javascript-test-smells/repositories/inferno/packages/inferno-create-element/__tests__/svg.ext.spec.js,Duplicate Assert,"{'line': 527, 'column': 4, 'index': 15698}","  525 |     );
  526 |     render(template(true), container);
> 527 |     expect(container.firstChild.namespaceURI).toBe(
      |    ^ Duplicate Assert
  528 |       'http://www.w3.org/2000/svg',
  529 |     );
  530 |     expect(container.firstChild.firstChild.namespaceURI).toBe("
/home/gabriel/Disk/Research/research-javascript-test-smells/repositories/inferno/packages/inferno-create-element/__tests__/svg.ext.spec.js,Duplicate Assert,"{'line': 530, 'column': 4, 'index': 15793}","  528 |       'http://www.w3.org/2000/svg',
  529 |     );
> 530 |     expect(container.firstChild.firstChild.namespaceURI).toBe(
      |    ^ Duplicate Assert
  531 |       'http://www.w3.org/2000/svg',
  532 |     );
  533 |     expect(container.firstChild.firstChild.firstChild.namespaceURI).toBe("
/home/gabriel/Disk/Research/research-javascript-test-smells/repositories/inferno/packages/inferno-create-element/__tests__/svg.ext.spec.js,Duplicate Assert,"{'line': 530, 'column': 4, 'index': 15793}","  528 |       'http://www.w3.org/2000/svg',
  529 |     );
> 530 |     expect(container.firstChild.firstChild.namespaceURI).toBe(
      |    ^ Duplicate Assert
  531 |       'http://www.w3.org/2000/svg',
  532 |     );
  533 |     expect(container.firstChild.firstChild.firstChild.namespaceURI).toBe("
/home/gabriel/Disk/Research/research-javascript-test-smells/repositories/inferno/packages/inferno-create-element/__tests__/svg.ext.spec.js,Duplicate Assert,"{'line': 533, 'column': 4, 'index': 15899}","  531 |       'http://www.w3.org/2000/svg',
  532 |     );
> 533 |     expect(container.firstChild.firstChild.firstChild.namespaceURI).toBe(
      |    ^ Duplicate Assert
  534 |       'http://www.w3.org/1999/xhtml',
  535 |     );
  536 |     expect("
/home/gabriel/Disk/Research/research-javascript-test-smells/repositories/inferno/packages/inferno-create-element/__tests__/svg.ext.spec.js,Duplicate Assert,"{'line': 533, 'column': 4, 'index': 15899}","  531 |       'http://www.w3.org/2000/svg',
  532 |     );
> 533 |     expect(container.firstChild.firstChild.firstChild.namespaceURI).toBe(
      |    ^ Duplicate Assert
  534 |       'http://www.w3.org/1999/xhtml',
  535 |     );
  536 |     expect("
/home/gabriel/Disk/Research/research-javascript-test-smells/repositories/inferno/packages/inferno-create-element/__tests__/select.spec.js,Duplicate Assert,"{'line': 46, 'column': 4, 'index': 990}","  44 |     render(template(2), container);
  45 |
> 46 |     expect(container.firstChild.children[0].selected).toEqual(false);
     |    ^ Duplicate Assert
  47 |     expect(container.firstChild.children[1].selected).toEqual(true);
  48 |     expect(container.innerHTML).toBe(
  49 |       '<select multiple=""""><option value=""1"">1</option><option value=""2"">2</option></select>',"
/home/gabriel/Disk/Research/research-javascript-test-smells/repositories/inferno/packages/inferno-create-element/__tests__/select.spec.js,Duplicate Assert,"{'line': 46, 'column': 4, 'index': 990}","  44 |     render(template(2), container);
  45 |
> 46 |     expect(container.firstChild.children[0].selected).toEqual(false);
     |    ^ Duplicate Assert
  47 |     expect(container.firstChild.children[1].selected).toEqual(true);
  48 |     expect(container.innerHTML).toBe(
  49 |       '<select multiple=""""><option value=""1"">1</option><option value=""2"">2</option></select>',"
/home/gabriel/Disk/Research/research-javascript-test-smells/repositories/inferno/packages/inferno-create-element/__tests__/select.spec.js,Duplicate Assert,"{'line': 47, 'column': 4, 'index': 1060}","  45 |
  46 |     expect(container.firstChild.children[0].selected).toEqual(false);
> 47 |     expect(container.firstChild.children[1].selected).toEqual(true);
     |    ^ Duplicate Assert
  48 |     expect(container.innerHTML).toBe(
  49 |       '<select multiple=""""><option value=""1"">1</option><option value=""2"">2</option></select>',
  50 |     );"
/home/gabriel/Disk/Research/research-javascript-test-smells/repositories/inferno/packages/inferno-create-element/__tests__/select.spec.js,Duplicate Assert,"{'line': 48, 'column': 4, 'index': 1129}","  46 |     expect(container.firstChild.children[0].selected).toEqual(false);
  47 |     expect(container.firstChild.children[1].selected).toEqual(true);
> 48 |     expect(container.innerHTML).toBe(
     |    ^ Duplicate Assert
  49 |       '<select multiple=""""><option value=""1"">1</option><option value=""2"">2</option></select>',
  50 |     );
  51 |"
/home/gabriel/Disk/Research/research-javascript-test-smells/repositories/inferno/packages/inferno-create-element/__tests__/select.spec.js,Duplicate Assert,"{'line': 48, 'column': 4, 'index': 1129}","  46 |     expect(container.firstChild.children[0].selected).toEqual(false);
  47 |     expect(container.firstChild.children[1].selected).toEqual(true);
> 48 |     expect(container.innerHTML).toBe(
     |    ^ Duplicate Assert
  49 |       '<select multiple=""""><option value=""1"">1</option><option value=""2"">2</option></select>',
  50 |     );
  51 |"
/home/gabriel/Disk/Research/research-javascript-test-smells/repositories/inferno/packages/inferno-create-element/__tests__/select.spec.js,Duplicate Assert,"{'line': 54, 'column': 4, 'index': 1307}","  52 |     render(template(1), container);
  53 |
> 54 |     expect(container.firstChild.children[0].selected).toEqual(true);
     |    ^ Duplicate Assert
  55 |     expect(container.firstChild.children[1].selected).toEqual(false);
  56 |     expect(container.innerHTML).toBe(
  57 |       '<select multiple=""""><option value=""1"">1</option><option value=""2"">2</option></select>',"
/home/gabriel/Disk/Research/research-javascript-test-smells/repositories/inferno/packages/inferno-create-element/__tests__/select.spec.js,Duplicate Assert,"{'line': 55, 'column': 4, 'index': 1376}","  53 |
  54 |     expect(container.firstChild.children[0].selected).toEqual(true);
> 55 |     expect(container.firstChild.children[1].selected).toEqual(false);
     |    ^ Duplicate Assert
  56 |     expect(container.innerHTML).toBe(
  57 |       '<select multiple=""""><option value=""1"">1</option><option value=""2"">2</option></select>',
  58 |     );"
/home/gabriel/Disk/Research/research-javascript-test-smells/repositories/inferno/packages/inferno-create-element/__tests__/select.spec.js,Duplicate Assert,"{'line': 55, 'column': 4, 'index': 1376}","  53 |
  54 |     expect(container.firstChild.children[0].selected).toEqual(true);
> 55 |     expect(container.firstChild.children[1].selected).toEqual(false);
     |    ^ Duplicate Assert
  56 |     expect(container.innerHTML).toBe(
  57 |       '<select multiple=""""><option value=""1"">1</option><option value=""2"">2</option></select>',
  58 |     );"
/home/gabriel/Disk/Research/research-javascript-test-smells/repositories/inferno/packages/inferno-create-element/__tests__/select.spec.js,Duplicate Assert,"{'line': 56, 'column': 4, 'index': 1446}","  54 |     expect(container.firstChild.children[0].selected).toEqual(true);
  55 |     expect(container.firstChild.children[1].selected).toEqual(false);
> 56 |     expect(container.innerHTML).toBe(
     |    ^ Duplicate Assert
  57 |       '<select multiple=""""><option value=""1"">1</option><option value=""2"">2</option></select>',
  58 |     );
  59 |"
/home/gabriel/Disk/Research/research-javascript-test-smells/repositories/inferno/packages/inferno-create-element/__tests__/select.spec.js,Duplicate Assert,"{'line': 56, 'column': 4, 'index': 1446}","  54 |     expect(container.firstChild.children[0].selected).toEqual(true);
  55 |     expect(container.firstChild.children[1].selected).toEqual(false);
> 56 |     expect(container.innerHTML).toBe(
     |    ^ Duplicate Assert
  57 |       '<select multiple=""""><option value=""1"">1</option><option value=""2"">2</option></select>',
  58 |     );
  59 |"
/home/gabriel/Disk/Research/research-javascript-test-smells/repositories/inferno/packages/inferno-create-element/__tests__/select.spec.js,Duplicate Assert,"{'line': 62, 'column': 4, 'index': 1628}","  60 |     render(template('foo'), container);
  61 |
> 62 |     expect(container.firstChild.children[0].selected).toEqual(false);
     |    ^ Duplicate Assert
  63 |     expect(container.firstChild.children[1].selected).toEqual(false);
  64 |     expect(container.innerHTML).toBe(
  65 |       '<select multiple=""""><option value=""1"">1</option><option value=""2"">2</option></select>',"
/home/gabriel/Disk/Research/research-javascript-test-smells/repositories/inferno/packages/inferno-create-element/__tests__/select.spec.js,Duplicate Assert,"{'line': 62, 'column': 4, 'index': 1628}","  60 |     render(template('foo'), container);
  61 |
> 62 |     expect(container.firstChild.children[0].selected).toEqual(false);
     |    ^ Duplicate Assert
  63 |     expect(container.firstChild.children[1].selected).toEqual(false);
  64 |     expect(container.innerHTML).toBe(
  65 |       '<select multiple=""""><option value=""1"">1</option><option value=""2"">2</option></select>',"
/home/gabriel/Disk/Research/research-javascript-test-smells/repositories/inferno/packages/inferno-create-element/__tests__/select.spec.js,Duplicate Assert,"{'line': 63, 'column': 4, 'index': 1698}","  61 |
  62 |     expect(container.firstChild.children[0].selected).toEqual(false);
> 63 |     expect(container.firstChild.children[1].selected).toEqual(false);
     |    ^ Duplicate Assert
  64 |     expect(container.innerHTML).toBe(
  65 |       '<select multiple=""""><option value=""1"">1</option><option value=""2"">2</option></select>',
  66 |     );"
/home/gabriel/Disk/Research/research-javascript-test-smells/repositories/inferno/packages/inferno-create-element/__tests__/select.spec.js,Duplicate Assert,"{'line': 63, 'column': 4, 'index': 1698}","  61 |
  62 |     expect(container.firstChild.children[0].selected).toEqual(false);
> 63 |     expect(container.firstChild.children[1].selected).toEqual(false);
     |    ^ Duplicate Assert
  64 |     expect(container.innerHTML).toBe(
  65 |       '<select multiple=""""><option value=""1"">1</option><option value=""2"">2</option></select>',
  66 |     );"
/home/gabriel/Disk/Research/research-javascript-test-smells/repositories/inferno/packages/inferno-create-element/__tests__/select.spec.js,Duplicate Assert,"{'line': 64, 'column': 4, 'index': 1768}","  62 |     expect(container.firstChild.children[0].selected).toEqual(false);
  63 |     expect(container.firstChild.children[1].selected).toEqual(false);
> 64 |     expect(container.innerHTML).toBe(
     |    ^ Duplicate Assert
  65 |       '<select multiple=""""><option value=""1"">1</option><option value=""2"">2</option></select>',
  66 |     );
  67 |   });"
/home/gabriel/Disk/Research/research-javascript-test-smells/repositories/inferno/packages/inferno-create-element/__tests__/select.spec.js,Duplicate Assert,"{'line': 64, 'column': 4, 'index': 1768}","  62 |     expect(container.firstChild.children[0].selected).toEqual(false);
  63 |     expect(container.firstChild.children[1].selected).toEqual(false);
> 64 |     expect(container.innerHTML).toBe(
     |    ^ Duplicate Assert
  65 |       '<select multiple=""""><option value=""1"">1</option><option value=""2"">2</option></select>',
  66 |     );
  67 |   });"
/home/gabriel/Disk/Research/research-javascript-test-smells/repositories/inferno/packages/inferno-create-element/__tests__/select.spec.js,Duplicate Assert,"{'line': 170, 'column': 4, 'index': 5109}","  168 |     expect(container.firstChild.children[1].disabled).toEqual(true);
  169 |
> 170 |     expect(container.firstChild.childNodes[0].innerHTML).toEqual(
      |    ^ Duplicate Assert
  171 |       '<option value=""foo""></option>',
  172 |     );
  173 |     expect(container.firstChild.childNodes[1].innerHTML).toEqual("
/home/gabriel/Disk/Research/research-javascript-test-smells/repositories/inferno/packages/inferno-create-element/__tests__/select.spec.js,Duplicate Assert,"{'line': 170, 'column': 4, 'index': 5109}","  168 |     expect(container.firstChild.children[1].disabled).toEqual(true);
  169 |
> 170 |     expect(container.firstChild.childNodes[0].innerHTML).toEqual(
      |    ^ Duplicate Assert
  171 |       '<option value=""foo""></option>',
  172 |     );
  173 |     expect(container.firstChild.childNodes[1].innerHTML).toEqual("
/home/gabriel/Disk/Research/research-javascript-test-smells/repositories/inferno/packages/inferno-create-element/__tests__/select.spec.js,Duplicate Assert,"{'line': 173, 'column': 4, 'index': 5221}","  171 |       '<option value=""foo""></option>',
  172 |     );
> 173 |     expect(container.firstChild.childNodes[1].innerHTML).toEqual(
      |    ^ Duplicate Assert
  174 |       '<option value=""bar""></option>',
  175 |     );
  176 |"
/home/gabriel/Disk/Research/research-javascript-test-smells/repositories/inferno/packages/inferno-create-element/__tests__/select.spec.js,Duplicate Assert,"{'line': 173, 'column': 4, 'index': 5221}","  171 |       '<option value=""foo""></option>',
  172 |     );
> 173 |     expect(container.firstChild.childNodes[1].innerHTML).toEqual(
      |    ^ Duplicate Assert
  174 |       '<option value=""bar""></option>',
  175 |     );
  176 |"
/home/gabriel/Disk/Research/research-javascript-test-smells/repositories/inferno/packages/inferno-create-element/__tests__/select.spec.js,Duplicate Assert,"{'line': 177, 'column': 4, 'index': 5334}","  175 |     );
  176 |
> 177 |     expect(container.firstChild.children[0].children[0].selected).toEqual(true);
      |    ^ Duplicate Assert
  178 |     expect(container.firstChild.children[1].children[0].selected).toEqual(true);
  179 |
  180 |     render(template([]), container);"
/home/gabriel/Disk/Research/research-javascript-test-smells/repositories/inferno/packages/inferno-create-element/__tests__/select.spec.js,Duplicate Assert,"{'line': 177, 'column': 4, 'index': 5334}","  175 |     );
  176 |
> 177 |     expect(container.firstChild.children[0].children[0].selected).toEqual(true);
      |    ^ Duplicate Assert
  178 |     expect(container.firstChild.children[1].children[0].selected).toEqual(true);
  179 |
  180 |     render(template([]), container);"
/home/gabriel/Disk/Research/research-javascript-test-smells/repositories/inferno/packages/inferno-create-element/__tests__/select.spec.js,Duplicate Assert,"{'line': 178, 'column': 4, 'index': 5415}","  176 |
  177 |     expect(container.firstChild.children[0].children[0].selected).toEqual(true);
> 178 |     expect(container.firstChild.children[1].children[0].selected).toEqual(true);
      |    ^ Duplicate Assert
  179 |
  180 |     render(template([]), container);
  181 |"
/home/gabriel/Disk/Research/research-javascript-test-smells/repositories/inferno/packages/inferno-create-element/__tests__/select.spec.js,Duplicate Assert,"{'line': 178, 'column': 4, 'index': 5415}","  176 |
  177 |     expect(container.firstChild.children[0].children[0].selected).toEqual(true);
> 178 |     expect(container.firstChild.children[1].children[0].selected).toEqual(true);
      |    ^ Duplicate Assert
  179 |
  180 |     render(template([]), container);
  181 |"
/home/gabriel/Disk/Research/research-javascript-test-smells/repositories/inferno/packages/inferno-create-element/__tests__/select.spec.js,Duplicate Assert,"{'line': 182, 'column': 4, 'index': 5535}","  180 |     render(template([]), container);
  181 |
> 182 |     expect(container.firstChild.childNodes[0].innerHTML).toEqual(
      |    ^ Duplicate Assert
  183 |       '<option value=""foo""></option>',
  184 |     );
  185 |     expect(container.firstChild.childNodes[1].innerHTML).toEqual("
/home/gabriel/Disk/Research/research-javascript-test-smells/repositories/inferno/packages/inferno-create-element/__tests__/select.spec.js,Duplicate Assert,"{'line': 182, 'column': 4, 'index': 5535}","  180 |     render(template([]), container);
  181 |
> 182 |     expect(container.firstChild.childNodes[0].innerHTML).toEqual(
      |    ^ Duplicate Assert
  183 |       '<option value=""foo""></option>',
  184 |     );
  185 |     expect(container.firstChild.childNodes[1].innerHTML).toEqual("
/home/gabriel/Disk/Research/research-javascript-test-smells/repositories/inferno/packages/inferno-create-element/__tests__/select.spec.js,Duplicate Assert,"{'line': 185, 'column': 4, 'index': 5647}","  183 |       '<option value=""foo""></option>',
  184 |     );
> 185 |     expect(container.firstChild.childNodes[1].innerHTML).toEqual(
      |    ^ Duplicate Assert
  186 |       '<option value=""bar""></option>',
  187 |     );
  188 |"
/home/gabriel/Disk/Research/research-javascript-test-smells/repositories/inferno/packages/inferno-create-element/__tests__/select.spec.js,Duplicate Assert,"{'line': 185, 'column': 4, 'index': 5647}","  183 |       '<option value=""foo""></option>',
  184 |     );
> 185 |     expect(container.firstChild.childNodes[1].innerHTML).toEqual(
      |    ^ Duplicate Assert
  186 |       '<option value=""bar""></option>',
  187 |     );
  188 |"
/home/gabriel/Disk/Research/research-javascript-test-smells/repositories/inferno/packages/inferno-create-element/__tests__/select.spec.js,Duplicate Assert,"{'line': 189, 'column': 4, 'index': 5760}","  187 |     );
  188 |
> 189 |     expect(container.firstChild.children[0].children[0].selected).toEqual(
      |    ^ Duplicate Assert
  190 |       false,
  191 |     );
  192 |     expect(container.firstChild.children[1].children[0].selected).toEqual("
/home/gabriel/Disk/Research/research-javascript-test-smells/repositories/inferno/packages/inferno-create-element/__tests__/select.spec.js,Duplicate Assert,"{'line': 189, 'column': 4, 'index': 5760}","  187 |     );
  188 |
> 189 |     expect(container.firstChild.children[0].children[0].selected).toEqual(
      |    ^ Duplicate Assert
  190 |       false,
  191 |     );
  192 |     expect(container.firstChild.children[1].children[0].selected).toEqual("
/home/gabriel/Disk/Research/research-javascript-test-smells/repositories/inferno/packages/inferno-create-element/__tests__/select.spec.js,Duplicate Assert,"{'line': 192, 'column': 4, 'index': 5855}","  190 |       false,
  191 |     );
> 192 |     expect(container.firstChild.children[1].children[0].selected).toEqual(
      |    ^ Duplicate Assert
  193 |       false,
  194 |     );
  195 |"
/home/gabriel/Disk/Research/research-javascript-test-smells/repositories/inferno/packages/inferno-create-element/__tests__/select.spec.js,Duplicate Assert,"{'line': 192, 'column': 4, 'index': 5855}","  190 |       false,
  191 |     );
> 192 |     expect(container.firstChild.children[1].children[0].selected).toEqual(
      |    ^ Duplicate Assert
  193 |       false,
  194 |     );
  195 |"
/home/gabriel/Disk/Research/research-javascript-test-smells/repositories/inferno/packages/inferno-create-element/__tests__/select.spec.js,Duplicate Assert,"{'line': 198, 'column': 4, 'index': 5992}","  196 |     render(template('foo'), container);
  197 |
> 198 |     expect(container.firstChild.childNodes[0].innerHTML).toEqual(
      |    ^ Duplicate Assert
  199 |       '<option value=""foo""></option>',
  200 |     );
  201 |     expect(container.firstChild.childNodes[1].innerHTML).toEqual("
/home/gabriel/Disk/Research/research-javascript-test-smells/repositories/inferno/packages/inferno-create-element/__tests__/select.spec.js,Duplicate Assert,"{'line': 198, 'column': 4, 'index': 5992}","  196 |     render(template('foo'), container);
  197 |
> 198 |     expect(container.firstChild.childNodes[0].innerHTML).toEqual(
      |    ^ Duplicate Assert
  199 |       '<option value=""foo""></option>',
  200 |     );
  201 |     expect(container.firstChild.childNodes[1].innerHTML).toEqual("
/home/gabriel/Disk/Research/research-javascript-test-smells/repositories/inferno/packages/inferno-create-element/__tests__/select.spec.js,Duplicate Assert,"{'line': 201, 'column': 4, 'index': 6104}","  199 |       '<option value=""foo""></option>',
  200 |     );
> 201 |     expect(container.firstChild.childNodes[1].innerHTML).toEqual(
      |    ^ Duplicate Assert
  202 |       '<option value=""bar""></option>',
  203 |     );
  204 |"
/home/gabriel/Disk/Research/research-javascript-test-smells/repositories/inferno/packages/inferno-create-element/__tests__/select.spec.js,Duplicate Assert,"{'line': 201, 'column': 4, 'index': 6104}","  199 |       '<option value=""foo""></option>',
  200 |     );
> 201 |     expect(container.firstChild.childNodes[1].innerHTML).toEqual(
      |    ^ Duplicate Assert
  202 |       '<option value=""bar""></option>',
  203 |     );
  204 |"
/home/gabriel/Disk/Research/research-javascript-test-smells/repositories/inferno/packages/inferno-create-element/__tests__/select.spec.js,Duplicate Assert,"{'line': 205, 'column': 4, 'index': 6217}","  203 |     );
  204 |
> 205 |     expect(container.firstChild.children[0].children[0].selected).toEqual(true);
      |    ^ Duplicate Assert
  206 |     expect(container.firstChild.children[1].children[0].selected).toEqual(
  207 |       false,
  208 |     );"
/home/gabriel/Disk/Research/research-javascript-test-smells/repositories/inferno/packages/inferno-create-element/__tests__/select.spec.js,Duplicate Assert,"{'line': 205, 'column': 4, 'index': 6217}","  203 |     );
  204 |
> 205 |     expect(container.firstChild.children[0].children[0].selected).toEqual(true);
      |    ^ Duplicate Assert
  206 |     expect(container.firstChild.children[1].children[0].selected).toEqual(
  207 |       false,
  208 |     );"
/home/gabriel/Disk/Research/research-javascript-test-smells/repositories/inferno/packages/inferno-create-element/__tests__/select.spec.js,Duplicate Assert,"{'line': 206, 'column': 4, 'index': 6298}","  204 |
  205 |     expect(container.firstChild.children[0].children[0].selected).toEqual(true);
> 206 |     expect(container.firstChild.children[1].children[0].selected).toEqual(
      |    ^ Duplicate Assert
  207 |       false,
  208 |     );
  209 |"
/home/gabriel/Disk/Research/research-javascript-test-smells/repositories/inferno/packages/inferno-create-element/__tests__/select.spec.js,Duplicate Assert,"{'line': 206, 'column': 4, 'index': 6298}","  204 |
  205 |     expect(container.firstChild.children[0].children[0].selected).toEqual(true);
> 206 |     expect(container.firstChild.children[1].children[0].selected).toEqual(
      |    ^ Duplicate Assert
  207 |       false,
  208 |     );
  209 |"
/home/gabriel/Disk/Research/research-javascript-test-smells/repositories/inferno/packages/inferno-create-element/__tests__/select.spec.js,Duplicate Assert,"{'line': 212, 'column': 4, 'index': 6435}","  210 |     render(template('bar'), container);
  211 |
> 212 |     expect(container.firstChild.childNodes[0].innerHTML).toEqual(
      |    ^ Duplicate Assert
  213 |       '<option value=""foo""></option>',
  214 |     );
  215 |     expect(container.firstChild.childNodes[1].innerHTML).toEqual("
/home/gabriel/Disk/Research/research-javascript-test-smells/repositories/inferno/packages/inferno-create-element/__tests__/select.spec.js,Duplicate Assert,"{'line': 212, 'column': 4, 'index': 6435}","  210 |     render(template('bar'), container);
  211 |
> 212 |     expect(container.firstChild.childNodes[0].innerHTML).toEqual(
      |    ^ Duplicate Assert
  213 |       '<option value=""foo""></option>',
  214 |     );
  215 |     expect(container.firstChild.childNodes[1].innerHTML).toEqual("
/home/gabriel/Disk/Research/research-javascript-test-smells/repositories/inferno/packages/inferno-create-element/__tests__/select.spec.js,Duplicate Assert,"{'line': 215, 'column': 4, 'index': 6547}","  213 |       '<option value=""foo""></option>',
  214 |     );
> 215 |     expect(container.firstChild.childNodes[1].innerHTML).toEqual(
      |    ^ Duplicate Assert
  216 |       '<option value=""bar""></option>',
  217 |     );
  218 |"
/home/gabriel/Disk/Research/research-javascript-test-smells/repositories/inferno/packages/inferno-create-element/__tests__/select.spec.js,Duplicate Assert,"{'line': 215, 'column': 4, 'index': 6547}","  213 |       '<option value=""foo""></option>',
  214 |     );
> 215 |     expect(container.firstChild.childNodes[1].innerHTML).toEqual(
      |    ^ Duplicate Assert
  216 |       '<option value=""bar""></option>',
  217 |     );
  218 |"
/home/gabriel/Disk/Research/research-javascript-test-smells/repositories/inferno/packages/inferno-create-element/__tests__/select.spec.js,Duplicate Assert,"{'line': 219, 'column': 4, 'index': 6660}","  217 |     );
  218 |
> 219 |     expect(container.firstChild.children[0].children[0].selected).toEqual(
      |    ^ Duplicate Assert
  220 |       false,
  221 |     );
  222 |     expect(container.firstChild.children[1].children[0].selected).toEqual(true);"
/home/gabriel/Disk/Research/research-javascript-test-smells/repositories/inferno/packages/inferno-create-element/__tests__/select.spec.js,Duplicate Assert,"{'line': 219, 'column': 4, 'index': 6660}","  217 |     );
  218 |
> 219 |     expect(container.firstChild.children[0].children[0].selected).toEqual(
      |    ^ Duplicate Assert
  220 |       false,
  221 |     );
  222 |     expect(container.firstChild.children[1].children[0].selected).toEqual(true);"
/home/gabriel/Disk/Research/research-javascript-test-smells/repositories/inferno/packages/inferno-create-element/__tests__/select.spec.js,Duplicate Assert,"{'line': 222, 'column': 4, 'index': 6755}","  220 |       false,
  221 |     );
> 222 |     expect(container.firstChild.children[1].children[0].selected).toEqual(true);
      |    ^ Duplicate Assert
  223 |
  224 |     render(template(false), container);
  225 |"
/home/gabriel/Disk/Research/research-javascript-test-smells/repositories/inferno/packages/inferno-create-element/__tests__/select.spec.js,Duplicate Assert,"{'line': 222, 'column': 4, 'index': 6755}","  220 |       false,
  221 |     );
> 222 |     expect(container.firstChild.children[1].children[0].selected).toEqual(true);
      |    ^ Duplicate Assert
  223 |
  224 |     render(template(false), container);
  225 |"
/home/gabriel/Disk/Research/research-javascript-test-smells/repositories/inferno/packages/inferno-create-element/__tests__/select.spec.js,Duplicate Assert,"{'line': 226, 'column': 4, 'index': 6878}","  224 |     render(template(false), container);
  225 |
> 226 |     expect(container.firstChild.childNodes[0].innerHTML).toEqual(
      |    ^ Duplicate Assert
  227 |       '<option value=""foo""></option>',
  228 |     );
  229 |     expect(container.firstChild.childNodes[1].innerHTML).toEqual("
/home/gabriel/Disk/Research/research-javascript-test-smells/repositories/inferno/packages/inferno-create-element/__tests__/select.spec.js,Duplicate Assert,"{'line': 226, 'column': 4, 'index': 6878}","  224 |     render(template(false), container);
  225 |
> 226 |     expect(container.firstChild.childNodes[0].innerHTML).toEqual(
      |    ^ Duplicate Assert
  227 |       '<option value=""foo""></option>',
  228 |     );
  229 |     expect(container.firstChild.childNodes[1].innerHTML).toEqual("
/home/gabriel/Disk/Research/research-javascript-test-smells/repositories/inferno/packages/inferno-create-element/__tests__/select.spec.js,Duplicate Assert,"{'line': 229, 'column': 4, 'index': 6990}","  227 |       '<option value=""foo""></option>',
  228 |     );
> 229 |     expect(container.firstChild.childNodes[1].innerHTML).toEqual(
      |    ^ Duplicate Assert
  230 |       '<option value=""bar""></option>',
  231 |     );
  232 |"
/home/gabriel/Disk/Research/research-javascript-test-smells/repositories/inferno/packages/inferno-create-element/__tests__/select.spec.js,Duplicate Assert,"{'line': 229, 'column': 4, 'index': 6990}","  227 |       '<option value=""foo""></option>',
  228 |     );
> 229 |     expect(container.firstChild.childNodes[1].innerHTML).toEqual(
      |    ^ Duplicate Assert
  230 |       '<option value=""bar""></option>',
  231 |     );
  232 |"
/home/gabriel/Disk/Research/research-javascript-test-smells/repositories/inferno/packages/inferno-create-element/__tests__/select.spec.js,Duplicate Assert,"{'line': 233, 'column': 4, 'index': 7103}","  231 |     );
  232 |
> 233 |     expect(container.firstChild.children[0].children[0].selected).toEqual(
      |    ^ Duplicate Assert
  234 |       false,
  235 |     );
  236 |     expect(container.firstChild.children[1].children[0].selected).toEqual("
/home/gabriel/Disk/Research/research-javascript-test-smells/repositories/inferno/packages/inferno-create-element/__tests__/select.spec.js,Duplicate Assert,"{'line': 233, 'column': 4, 'index': 7103}","  231 |     );
  232 |
> 233 |     expect(container.firstChild.children[0].children[0].selected).toEqual(
      |    ^ Duplicate Assert
  234 |       false,
  235 |     );
  236 |     expect(container.firstChild.children[1].children[0].selected).toEqual("
/home/gabriel/Disk/Research/research-javascript-test-smells/repositories/inferno/packages/inferno-create-element/__tests__/select.spec.js,Duplicate Assert,"{'line': 236, 'column': 4, 'index': 7198}","  234 |       false,
  235 |     );
> 236 |     expect(container.firstChild.children[1].children[0].selected).toEqual(
      |    ^ Duplicate Assert
  237 |       false,
  238 |     );
  239 |   });"
/home/gabriel/Disk/Research/research-javascript-test-smells/repositories/inferno/packages/inferno-create-element/__tests__/select.spec.js,Duplicate Assert,"{'line': 236, 'column': 4, 'index': 7198}","  234 |       false,
  235 |     );
> 236 |     expect(container.firstChild.children[1].children[0].selected).toEqual(
      |    ^ Duplicate Assert
  237 |       false,
  238 |     );
  239 |   });"
/home/gabriel/Disk/Research/research-javascript-test-smells/repositories/inferno/packages/inferno-create-element/__tests__/select.spec.js,Duplicate Assert,"{'line': 267, 'column': 4, 'index': 7809}","  265 |     render(template('bar'), container);
  266 |
> 267 |     expect(container.firstChild.children[0].selected).toEqual(false);
      |    ^ Duplicate Assert
  268 |     expect(container.firstChild.children[1].selected).toEqual(true);
  269 |     expect(container.innerHTML).toBe(
  270 |       '<select multiple=""""><option value=""foo"">foo</option><option value=""bar"">bar</option></select>',"
/home/gabriel/Disk/Research/research-javascript-test-smells/repositories/inferno/packages/inferno-create-element/__tests__/select.spec.js,Duplicate Assert,"{'line': 267, 'column': 4, 'index': 7809}","  265 |     render(template('bar'), container);
  266 |
> 267 |     expect(container.firstChild.children[0].selected).toEqual(false);
      |    ^ Duplicate Assert
  268 |     expect(container.firstChild.children[1].selected).toEqual(true);
  269 |     expect(container.innerHTML).toBe(
  270 |       '<select multiple=""""><option value=""foo"">foo</option><option value=""bar"">bar</option></select>',"
/home/gabriel/Disk/Research/research-javascript-test-smells/repositories/inferno/packages/inferno-create-element/__tests__/select.spec.js,Duplicate Assert,"{'line': 268, 'column': 4, 'index': 7879}","  266 |
  267 |     expect(container.firstChild.children[0].selected).toEqual(false);
> 268 |     expect(container.firstChild.children[1].selected).toEqual(true);
      |    ^ Duplicate Assert
  269 |     expect(container.innerHTML).toBe(
  270 |       '<select multiple=""""><option value=""foo"">foo</option><option value=""bar"">bar</option></select>',
  271 |     );"
/home/gabriel/Disk/Research/research-javascript-test-smells/repositories/inferno/packages/inferno-create-element/__tests__/select.spec.js,Duplicate Assert,"{'line': 269, 'column': 4, 'index': 7948}","  267 |     expect(container.firstChild.children[0].selected).toEqual(false);
  268 |     expect(container.firstChild.children[1].selected).toEqual(true);
> 269 |     expect(container.innerHTML).toBe(
      |    ^ Duplicate Assert
  270 |       '<select multiple=""""><option value=""foo"">foo</option><option value=""bar"">bar</option></select>',
  271 |     );
  272 |"
/home/gabriel/Disk/Research/research-javascript-test-smells/repositories/inferno/packages/inferno-create-element/__tests__/select.spec.js,Duplicate Assert,"{'line': 269, 'column': 4, 'index': 7948}","  267 |     expect(container.firstChild.children[0].selected).toEqual(false);
  268 |     expect(container.firstChild.children[1].selected).toEqual(true);
> 269 |     expect(container.innerHTML).toBe(
      |    ^ Duplicate Assert
  270 |       '<select multiple=""""><option value=""foo"">foo</option><option value=""bar"">bar</option></select>',
  271 |     );
  272 |"
/home/gabriel/Disk/Research/research-javascript-test-smells/repositories/inferno/packages/inferno-create-element/__tests__/select.spec.js,Duplicate Assert,"{'line': 275, 'column': 4, 'index': 8135}","  273 |     render(template(''), container);
  274 |
> 275 |     expect(container.firstChild.children[0].selected).toEqual(false);
      |    ^ Duplicate Assert
  276 |     expect(container.firstChild.children[1].selected).toEqual(false);
  277 |     expect(container.innerHTML).toBe(
  278 |       '<select multiple=""""><option value=""foo"">foo</option><option value=""bar"">bar</option></select>',"
/home/gabriel/Disk/Research/research-javascript-test-smells/repositories/inferno/packages/inferno-create-element/__tests__/select.spec.js,Duplicate Assert,"{'line': 275, 'column': 4, 'index': 8135}","  273 |     render(template(''), container);
  274 |
> 275 |     expect(container.firstChild.children[0].selected).toEqual(false);
      |    ^ Duplicate Assert
  276 |     expect(container.firstChild.children[1].selected).toEqual(false);
  277 |     expect(container.innerHTML).toBe(
  278 |       '<select multiple=""""><option value=""foo"">foo</option><option value=""bar"">bar</option></select>',"
/home/gabriel/Disk/Research/research-javascript-test-smells/repositories/inferno/packages/inferno-create-element/__tests__/select.spec.js,Duplicate Assert,"{'line': 276, 'column': 4, 'index': 8205}","  274 |
  275 |     expect(container.firstChild.children[0].selected).toEqual(false);
> 276 |     expect(container.firstChild.children[1].selected).toEqual(false);
      |    ^ Duplicate Assert
  277 |     expect(container.innerHTML).toBe(
  278 |       '<select multiple=""""><option value=""foo"">foo</option><option value=""bar"">bar</option></select>',
  279 |     );"
/home/gabriel/Disk/Research/research-javascript-test-smells/repositories/inferno/packages/inferno-create-element/__tests__/select.spec.js,Duplicate Assert,"{'line': 277, 'column': 4, 'index': 8275}","  275 |     expect(container.firstChild.children[0].selected).toEqual(false);
  276 |     expect(container.firstChild.children[1].selected).toEqual(false);
> 277 |     expect(container.innerHTML).toBe(
      |    ^ Duplicate Assert
  278 |       '<select multiple=""""><option value=""foo"">foo</option><option value=""bar"">bar</option></select>',
  279 |     );
  280 |   });"
/home/gabriel/Disk/Research/research-javascript-test-smells/repositories/inferno/packages/inferno-create-element/__tests__/select.spec.js,Duplicate Assert,"{'line': 277, 'column': 4, 'index': 8275}","  275 |     expect(container.firstChild.children[0].selected).toEqual(false);
  276 |     expect(container.firstChild.children[1].selected).toEqual(false);
> 277 |     expect(container.innerHTML).toBe(
      |    ^ Duplicate Assert
  278 |       '<select multiple=""""><option value=""foo"">foo</option><option value=""bar"">bar</option></select>',
  279 |     );
  280 |   });"
/home/gabriel/Disk/Research/research-javascript-test-smells/repositories/inferno/packages/inferno-create-element/__tests__/select.spec.js,Duplicate Assert,"{'line': 294, 'column': 4, 'index': 8851}","  292 |
  293 |     render(template('foo'), container);
> 294 |     expect(container.firstChild.value).toEqual('foo');
      |    ^ Duplicate Assert
  295 |     render(template('bar'), container);
  296 |     expect(container.firstChild.value).toEqual('bar');
  297 |     render(template('bar'), container);"
/home/gabriel/Disk/Research/research-javascript-test-smells/repositories/inferno/packages/inferno-create-element/__tests__/select.spec.js,Duplicate Assert,"{'line': 294, 'column': 4, 'index': 8851}","  292 |
  293 |     render(template('foo'), container);
> 294 |     expect(container.firstChild.value).toEqual('foo');
      |    ^ Duplicate Assert
  295 |     render(template('bar'), container);
  296 |     expect(container.firstChild.value).toEqual('bar');
  297 |     render(template('bar'), container);"
/home/gabriel/Disk/Research/research-javascript-test-smells/repositories/inferno/packages/inferno-create-element/__tests__/select.spec.js,Duplicate Assert,"{'line': 296, 'column': 4, 'index': 8946}","  294 |     expect(container.firstChild.value).toEqual('foo');
  295 |     render(template('bar'), container);
> 296 |     expect(container.firstChild.value).toEqual('bar');
      |    ^ Duplicate Assert
  297 |     render(template('bar'), container);
  298 |     expect(container.firstChild.value).toEqual('bar');
  299 |     render(template('foo'), container);"
/home/gabriel/Disk/Research/research-javascript-test-smells/repositories/inferno/packages/inferno-create-element/__tests__/select.spec.js,Duplicate Assert,"{'line': 296, 'column': 4, 'index': 8946}","  294 |     expect(container.firstChild.value).toEqual('foo');
  295 |     render(template('bar'), container);
> 296 |     expect(container.firstChild.value).toEqual('bar');
      |    ^ Duplicate Assert
  297 |     render(template('bar'), container);
  298 |     expect(container.firstChild.value).toEqual('bar');
  299 |     render(template('foo'), container);"
/home/gabriel/Disk/Research/research-javascript-test-smells/repositories/inferno/packages/inferno-create-element/__tests__/select.spec.js,Duplicate Assert,"{'line': 298, 'column': 4, 'index': 9041}","  296 |     expect(container.firstChild.value).toEqual('bar');
  297 |     render(template('bar'), container);
> 298 |     expect(container.firstChild.value).toEqual('bar');
      |    ^ Duplicate Assert
  299 |     render(template('foo'), container);
  300 |     expect(container.firstChild.value).toEqual('foo');
  301 |     render(template(null), container);"
/home/gabriel/Disk/Research/research-javascript-test-smells/repositories/inferno/packages/inferno-create-element/__tests__/select.spec.js,Duplicate Assert,"{'line': 298, 'column': 4, 'index': 9041}","  296 |     expect(container.firstChild.value).toEqual('bar');
  297 |     render(template('bar'), container);
> 298 |     expect(container.firstChild.value).toEqual('bar');
      |    ^ Duplicate Assert
  299 |     render(template('foo'), container);
  300 |     expect(container.firstChild.value).toEqual('foo');
  301 |     render(template(null), container);"
/home/gabriel/Disk/Research/research-javascript-test-smells/repositories/inferno/packages/inferno-create-element/__tests__/select.spec.js,Duplicate Assert,"{'line': 300, 'column': 4, 'index': 9136}","  298 |     expect(container.firstChild.value).toEqual('bar');
  299 |     render(template('foo'), container);
> 300 |     expect(container.firstChild.value).toEqual('foo');
      |    ^ Duplicate Assert
  301 |     render(template(null), container);
  302 |     expect(container.firstChild.value).toEqual('');
  303 |     render(template(undefined), container);"
/home/gabriel/Disk/Research/research-javascript-test-smells/repositories/inferno/packages/inferno-create-element/__tests__/select.spec.js,Duplicate Assert,"{'line': 300, 'column': 4, 'index': 9136}","  298 |     expect(container.firstChild.value).toEqual('bar');
  299 |     render(template('foo'), container);
> 300 |     expect(container.firstChild.value).toEqual('foo');
      |    ^ Duplicate Assert
  301 |     render(template(null), container);
  302 |     expect(container.firstChild.value).toEqual('');
  303 |     render(template(undefined), container);"
/home/gabriel/Disk/Research/research-javascript-test-smells/repositories/inferno/packages/inferno-create-element/__tests__/select.spec.js,Duplicate Assert,"{'line': 302, 'column': 4, 'index': 9230}","  300 |     expect(container.firstChild.value).toEqual('foo');
  301 |     render(template(null), container);
> 302 |     expect(container.firstChild.value).toEqual('');
      |    ^ Duplicate Assert
  303 |     render(template(undefined), container);
  304 |     expect(container.firstChild.value).toEqual('');
  305 |     render(template('bar'), container);"
/home/gabriel/Disk/Research/research-javascript-test-smells/repositories/inferno/packages/inferno-create-element/__tests__/select.spec.js,Duplicate Assert,"{'line': 302, 'column': 4, 'index': 9230}","  300 |     expect(container.firstChild.value).toEqual('foo');
  301 |     render(template(null), container);
> 302 |     expect(container.firstChild.value).toEqual('');
      |    ^ Duplicate Assert
  303 |     render(template(undefined), container);
  304 |     expect(container.firstChild.value).toEqual('');
  305 |     render(template('bar'), container);"
/home/gabriel/Disk/Research/research-javascript-test-smells/repositories/inferno/packages/inferno-create-element/__tests__/select.spec.js,Duplicate Assert,"{'line': 304, 'column': 4, 'index': 9326}","  302 |     expect(container.firstChild.value).toEqual('');
  303 |     render(template(undefined), container);
> 304 |     expect(container.firstChild.value).toEqual('');
      |    ^ Duplicate Assert
  305 |     render(template('bar'), container);
  306 |     expect(container.firstChild.value).toEqual('bar');
  307 |     render(template([]), container);"
/home/gabriel/Disk/Research/research-javascript-test-smells/repositories/inferno/packages/inferno-create-element/__tests__/select.spec.js,Duplicate Assert,"{'line': 304, 'column': 4, 'index': 9326}","  302 |     expect(container.firstChild.value).toEqual('');
  303 |     render(template(undefined), container);
> 304 |     expect(container.firstChild.value).toEqual('');
      |    ^ Duplicate Assert
  305 |     render(template('bar'), container);
  306 |     expect(container.firstChild.value).toEqual('bar');
  307 |     render(template([]), container);"
/home/gabriel/Disk/Research/research-javascript-test-smells/repositories/inferno/packages/inferno-create-element/__tests__/select.spec.js,Duplicate Assert,"{'line': 306, 'column': 4, 'index': 9418}","  304 |     expect(container.firstChild.value).toEqual('');
  305 |     render(template('bar'), container);
> 306 |     expect(container.firstChild.value).toEqual('bar');
      |    ^ Duplicate Assert
  307 |     render(template([]), container);
  308 |     expect(container.firstChild.value).toEqual('');
  309 |     render(template({}), container);"
/home/gabriel/Disk/Research/research-javascript-test-smells/repositories/inferno/packages/inferno-create-element/__tests__/select.spec.js,Duplicate Assert,"{'line': 306, 'column': 4, 'index': 9418}","  304 |     expect(container.firstChild.value).toEqual('');
  305 |     render(template('bar'), container);
> 306 |     expect(container.firstChild.value).toEqual('bar');
      |    ^ Duplicate Assert
  307 |     render(template([]), container);
  308 |     expect(container.firstChild.value).toEqual('');
  309 |     render(template({}), container);"
/home/gabriel/Disk/Research/research-javascript-test-smells/repositories/inferno/packages/inferno-create-element/__tests__/select.spec.js,Duplicate Assert,"{'line': 308, 'column': 4, 'index': 9510}","  306 |     expect(container.firstChild.value).toEqual('bar');
  307 |     render(template([]), container);
> 308 |     expect(container.firstChild.value).toEqual('');
      |    ^ Duplicate Assert
  309 |     render(template({}), container);
  310 |     expect(container.firstChild.value).toEqual('[object Object]');
  311 |   });"
/home/gabriel/Disk/Research/research-javascript-test-smells/repositories/inferno/packages/inferno-create-element/__tests__/select.spec.js,Duplicate Assert,"{'line': 308, 'column': 4, 'index': 9510}","  306 |     expect(container.firstChild.value).toEqual('bar');
  307 |     render(template([]), container);
> 308 |     expect(container.firstChild.value).toEqual('');
      |    ^ Duplicate Assert
  309 |     render(template({}), container);
  310 |     expect(container.firstChild.value).toEqual('[object Object]');
  311 |   });"
/home/gabriel/Disk/Research/research-javascript-test-smells/repositories/inferno/packages/inferno-create-element/__tests__/select.spec.js,Duplicate Assert,"{'line': 310, 'column': 4, 'index': 9599}","  308 |     expect(container.firstChild.value).toEqual('');
  309 |     render(template({}), container);
> 310 |     expect(container.firstChild.value).toEqual('[object Object]');
      |    ^ Duplicate Assert
  311 |   });
  312 |
  313 |   it('should handle when multiple values passed in as an array', () => {"
/home/gabriel/Disk/Research/research-javascript-test-smells/repositories/inferno/packages/inferno-create-element/__tests__/patching.spec.js,Conditional Test Logic,"{'line': 20, 'column': 4, 'index': 615}","  18 |   function addGroupSingleChild(count) {
  19 |     const dataModel = [];
> 20 |     for (let i = 0; i < count; i++) {
     |    ^ Conditional Test Logic
  21 |       dataModel.push({
  22 |         key: i,
  23 |         children: null,"
/home/gabriel/Disk/Research/research-javascript-test-smells/repositories/inferno/packages/inferno-create-element/__tests__/patching.spec.js,Conditional Test Logic,"{'line': 30, 'column': 4, 'index': 791}","  28 |
  29 |   function shuffle(dataModel) {
> 30 |     for (let e, t, n = dataModel.length; n !== 0; ) {
     |    ^ Conditional Test Logic
  31 |       e = Math.floor(Math.random() * n--);
  32 |       t = dataModel[n];
  33 |       dataModel[n] = dataModel[e];"
/home/gabriel/Disk/Research/research-javascript-test-smells/repositories/inferno/packages/inferno-create-element/__tests__/patching.spec.js,Conditional Test Logic,"{'line': 42, 'column': 4, 'index': 1068}","  40 |     let i, e, n;
  41 |
> 42 |     for (i = 0; i < nodes.length; i++) {
     |    ^ Conditional Test Logic
  43 |       n = nodes[i];
  44 |       if (n.children !== null) {
  45 |         e = document.createElement('div');"
/home/gabriel/Disk/Research/research-javascript-test-smells/repositories/inferno/packages/inferno-create-element/__tests__/patching.spec.js,Conditional Test Logic,"{'line': 44, 'column': 6, 'index': 1131}","  42 |     for (i = 0; i < nodes.length; i++) {
  43 |       n = nodes[i];
> 44 |       if (n.children !== null) {
     |      ^ Conditional Test Logic
  45 |         e = document.createElement('div');
  46 |         render(n.children, e);
  47 |         // This code is here to make typescript happy... lol"
/home/gabriel/Disk/Research/research-javascript-test-smells/repositories/inferno/packages/inferno-create-element/__tests__/patching.spec.js,Conditional Test Logic,"{'line': 48, 'column': 8, 'index': 1301}","  46 |         render(n.children, e);
  47 |         // This code is here to make typescript happy... lol
> 48 |         for (let a = 0; a < e.children.length; a++) {
     |        ^ Conditional Test Logic
  49 |           children.push(e.children[a]);
  50 |         }
  51 |         // We could just return e.children, but that conflicts with typescript types..."
/home/gabriel/Disk/Research/research-javascript-test-smells/repositories/inferno/packages/inferno-create-element/__tests__/patching.spec.js,Conditional Test Logic,"{'line': 67, 'column': 4, 'index': 1859}","  65 |     const e = document.createElement('div');
  66 |     const children = createExpectedChildren(nodes);
> 67 |     for (let i = 0; i < children.length; i++) {
     |    ^ Conditional Test Logic
  68 |       e.appendChild(children[i]);
  69 |     }
  70 |     c.appendChild(e);"
/home/gabriel/Disk/Research/research-javascript-test-smells/repositories/inferno/packages/inferno-create-element/__tests__/patching.spec.js,Conditional Test Logic,"{'line': 90, 'column': 4, 'index': 2302}","  88 |     let n;
  89 |
> 90 |     for (i = 0; i < nodes.length; i++) {
     |    ^ Conditional Test Logic
  91 |       n = nodes[i];
  92 |       if (n.children !== null) {
  93 |         children[i] = createElement("
/home/gabriel/Disk/Research/research-javascript-test-smells/repositories/inferno/packages/inferno-create-element/__tests__/patching.spec.js,Conditional Test Logic,"{'line': 92, 'column': 6, 'index': 2365}","  90 |     for (i = 0; i < nodes.length; i++) {
  91 |       n = nodes[i];
> 92 |       if (n.children !== null) {
     |      ^ Conditional Test Logic
  93 |         children[i] = createElement(
  94 |           'div',
  95 |           { key: n.key },"
/home/gabriel/Disk/Research/research-javascript-test-smells/repositories/inferno/packages/inferno-create-element/__tests__/patching.spec.js,Duplicate Assert,"{'line': 114, 'column': 4, 'index': 2875}","  112 |     renderModel(dataModel);
  113 |
> 114 |     expect(container.innerHTML).toBe(createExpected(dataModel));
      |    ^ Duplicate Assert
  115 |
  116 |     dataModel = dataModels[0];
  117 |"
/home/gabriel/Disk/Research/research-javascript-test-smells/repositories/inferno/packages/inferno-create-element/__tests__/patching.spec.js,Duplicate Assert,"{'line': 114, 'column': 4, 'index': 2875}","  112 |     renderModel(dataModel);
  113 |
> 114 |     expect(container.innerHTML).toBe(createExpected(dataModel));
      |    ^ Duplicate Assert
  115 |
  116 |     dataModel = dataModels[0];
  117 |"
/home/gabriel/Disk/Research/research-javascript-test-smells/repositories/inferno/packages/inferno-create-element/__tests__/patching.spec.js,Duplicate Assert,"{'line': 120, 'column': 4, 'index': 3002}","  118 |     renderModel(dataModel);
  119 |
> 120 |     expect(container.innerHTML).toBe(createExpected(dataModel));
      |    ^ Duplicate Assert
  121 |
  122 |     dataModel = dataModels[3];
  123 |     dataModel.reverse();"
/home/gabriel/Disk/Research/research-javascript-test-smells/repositories/inferno/packages/inferno-create-element/__tests__/patching.spec.js,Duplicate Assert,"{'line': 120, 'column': 4, 'index': 3002}","  118 |     renderModel(dataModel);
  119 |
> 120 |     expect(container.innerHTML).toBe(createExpected(dataModel));
      |    ^ Duplicate Assert
  121 |
  122 |     dataModel = dataModels[3];
  123 |     dataModel.reverse();"
/home/gabriel/Disk/Research/research-javascript-test-smells/repositories/inferno/packages/inferno-create-element/__tests__/patching.spec.js,Duplicate Assert,"{'line': 127, 'column': 4, 'index': 3154}","  125 |     renderModel(dataModel);
  126 |
> 127 |     expect(container.innerHTML).toBe(createExpected(dataModel));
      |    ^ Duplicate Assert
  128 |
  129 |     render(null, container);
  130 |"
/home/gabriel/Disk/Research/research-javascript-test-smells/repositories/inferno/packages/inferno-create-element/__tests__/patching.spec.js,Duplicate Assert,"{'line': 127, 'column': 4, 'index': 3154}","  125 |     renderModel(dataModel);
  126 |
> 127 |     expect(container.innerHTML).toBe(createExpected(dataModel));
      |    ^ Duplicate Assert
  128 |
  129 |     render(null, container);
  130 |"
/home/gabriel/Disk/Research/research-javascript-test-smells/repositories/inferno/packages/inferno-create-element/__tests__/patching.spec.js,Duplicate Assert,"{'line': 140, 'column': 4, 'index': 3422}","  138 |     renderModel(dataModel);
  139 |
> 140 |     expect(container.innerHTML).toBe(createExpected(dataModel));
      |    ^ Duplicate Assert
  141 |
  142 |     render(null, container);
  143 |"
/home/gabriel/Disk/Research/research-javascript-test-smells/repositories/inferno/packages/inferno-create-element/__tests__/patching.spec.js,Duplicate Assert,"{'line': 140, 'column': 4, 'index': 3422}","  138 |     renderModel(dataModel);
  139 |
> 140 |     expect(container.innerHTML).toBe(createExpected(dataModel));
      |    ^ Duplicate Assert
  141 |
  142 |     render(null, container);
  143 |"
/home/gabriel/Disk/Research/research-javascript-test-smells/repositories/inferno/packages/inferno-create-element/__tests__/patching.spec.js,Duplicate Assert,"{'line': 149, 'column': 4, 'index': 3604}","  147 |     renderModel(dataModel);
  148 |
> 149 |     expect(container.innerHTML).toBe(createExpected(dataModel));
      |    ^ Duplicate Assert
  150 |
  151 |     render(null, container);
  152 |"
/home/gabriel/Disk/Research/research-javascript-test-smells/repositories/inferno/packages/inferno-create-element/__tests__/patching.spec.js,Duplicate Assert,"{'line': 149, 'column': 4, 'index': 3604}","  147 |     renderModel(dataModel);
  148 |
> 149 |     expect(container.innerHTML).toBe(createExpected(dataModel));
      |    ^ Duplicate Assert
  150 |
  151 |     render(null, container);
  152 |"
/home/gabriel/Disk/Research/research-javascript-test-smells/repositories/inferno/packages/inferno-create-element/__tests__/patching.spec.js,Duplicate Assert,"{'line': 157, 'column': 4, 'index': 3761}","  155 |     renderModel(dataModel);
  156 |
> 157 |     expect(container.innerHTML).toBe(createExpected(dataModel));
      |    ^ Duplicate Assert
  158 |
  159 |     render(null, container);
  160 |"
/home/gabriel/Disk/Research/research-javascript-test-smells/repositories/inferno/packages/inferno-create-element/__tests__/patching.spec.js,Duplicate Assert,"{'line': 157, 'column': 4, 'index': 3761}","  155 |     renderModel(dataModel);
  156 |
> 157 |     expect(container.innerHTML).toBe(createExpected(dataModel));
      |    ^ Duplicate Assert
  158 |
  159 |     render(null, container);
  160 |"
/home/gabriel/Disk/Research/research-javascript-test-smells/repositories/inferno/packages/inferno-create-element/__tests__/patching.spec.js,Duplicate Assert,"{'line': 165, 'column': 4, 'index': 3918}","  163 |     renderModel(dataModel);
  164 |
> 165 |     expect(container.innerHTML).toBe(createExpected(dataModel));
      |    ^ Duplicate Assert
  166 |
  167 |     render(null, container);
  168 |"
/home/gabriel/Disk/Research/research-javascript-test-smells/repositories/inferno/packages/inferno-create-element/__tests__/patching.spec.js,Duplicate Assert,"{'line': 165, 'column': 4, 'index': 3918}","  163 |     renderModel(dataModel);
  164 |
> 165 |     expect(container.innerHTML).toBe(createExpected(dataModel));
      |    ^ Duplicate Assert
  166 |
  167 |     render(null, container);
  168 |"
/home/gabriel/Disk/Research/research-javascript-test-smells/repositories/inferno/packages/inferno-create-element/__tests__/patching.spec.js,Duplicate Assert,"{'line': 173, 'column': 4, 'index': 4075}","  171 |     renderModel(dataModel);
  172 |
> 173 |     expect(container.innerHTML).toBe(createExpected(dataModel));
      |    ^ Duplicate Assert
  174 |
  175 |     render(null, container);
  176 |"
/home/gabriel/Disk/Research/research-javascript-test-smells/repositories/inferno/packages/inferno-create-element/__tests__/patching.spec.js,Duplicate Assert,"{'line': 173, 'column': 4, 'index': 4075}","  171 |     renderModel(dataModel);
  172 |
> 173 |     expect(container.innerHTML).toBe(createExpected(dataModel));
      |    ^ Duplicate Assert
  174 |
  175 |     render(null, container);
  176 |"
/home/gabriel/Disk/Research/research-javascript-test-smells/repositories/inferno/packages/inferno-create-element/__tests__/patching.spec.js,Duplicate Assert,"{'line': 182, 'column': 4, 'index': 4257}","  180 |     renderModel(dataModel);
  181 |
> 182 |     expect(container.innerHTML).toBe(createExpected(dataModel));
      |    ^ Duplicate Assert
  183 |
  184 |     render(null, container);
  185 |"
/home/gabriel/Disk/Research/research-javascript-test-smells/repositories/inferno/packages/inferno-create-element/__tests__/patching.spec.js,Duplicate Assert,"{'line': 182, 'column': 4, 'index': 4257}","  180 |     renderModel(dataModel);
  181 |
> 182 |     expect(container.innerHTML).toBe(createExpected(dataModel));
      |    ^ Duplicate Assert
  183 |
  184 |     render(null, container);
  185 |"
/home/gabriel/Disk/Research/research-javascript-test-smells/repositories/inferno/packages/inferno-create-element/__tests__/patching.spec.js,Duplicate Assert,"{'line': 191, 'column': 4, 'index': 4439}","  189 |     renderModel(dataModel);
  190 |
> 191 |     expect(container.innerHTML).toBe(createExpected(dataModel));
      |    ^ Duplicate Assert
  192 |
  193 |     render(null, container);
  194 |"
/home/gabriel/Disk/Research/research-javascript-test-smells/repositories/inferno/packages/inferno-create-element/__tests__/patching.spec.js,Duplicate Assert,"{'line': 191, 'column': 4, 'index': 4439}","  189 |     renderModel(dataModel);
  190 |
> 191 |     expect(container.innerHTML).toBe(createExpected(dataModel));
      |    ^ Duplicate Assert
  192 |
  193 |     render(null, container);
  194 |"
/home/gabriel/Disk/Research/research-javascript-test-smells/repositories/inferno/packages/inferno-create-element/__tests__/patching.spec.js,Duplicate Assert,"{'line': 200, 'column': 4, 'index': 4620}","  198 |     renderModel(dataModel);
  199 |
> 200 |     expect(container.innerHTML).toBe(createExpected(dataModel));
      |    ^ Duplicate Assert
  201 |
  202 |     render(null, container);
  203 |   });"
/home/gabriel/Disk/Research/research-javascript-test-smells/repositories/inferno/packages/inferno-create-element/__tests__/patching.spec.js,Duplicate Assert,"{'line': 200, 'column': 4, 'index': 4620}","  198 |     renderModel(dataModel);
  199 |
> 200 |     expect(container.innerHTML).toBe(createExpected(dataModel));
      |    ^ Duplicate Assert
  201 |
  202 |     render(null, container);
  203 |   });"
/home/gabriel/Disk/Research/research-javascript-test-smells/repositories/inferno/packages/inferno-create-element/__tests__/patching.spec.js,Duplicate Assert,"{'line': 215, 'column': 8, 'index': 4999}","  213 |
  214 |       componentDidMount() {
> 215 |         expect(container.outerHTML).toEqual(
      |        ^ Duplicate Assert
  216 |           '<div><h1>App</h1><p>Not found</p><button>Create</button><footer>2018</footer></div>',
  217 |         );
  218 |"
/home/gabriel/Disk/Research/research-javascript-test-smells/repositories/inferno/packages/inferno-create-element/__tests__/patching.spec.js,Duplicate Assert,"{'line': 215, 'column': 8, 'index': 4999}","  213 |
  214 |       componentDidMount() {
> 215 |         expect(container.outerHTML).toEqual(
      |        ^ Duplicate Assert
  216 |           '<div><h1>App</h1><p>Not found</p><button>Create</button><footer>2018</footer></div>',
  217 |         );
  218 |"
/home/gabriel/Disk/Research/research-javascript-test-smells/repositories/inferno/packages/inferno-create-element/__tests__/patching.spec.js,Duplicate Assert,"{'line': 221, 'column': 8, 'index': 5215}","  219 |         this.setState({ ids: ['test'] });
  220 |         rerender();
> 221 |         expect(container.outerHTML).toEqual(
      |        ^ Duplicate Assert
  222 |           '<div><h1>App</h1><h2>test</h2><footer>2018</footer></div>',
  223 |         );
  224 |"
/home/gabriel/Disk/Research/research-javascript-test-smells/repositories/inferno/packages/inferno-create-element/__tests__/patching.spec.js,Duplicate Assert,"{'line': 227, 'column': 8, 'index': 5399}","  225 |         this.setState({ ids: [] });
  226 |         rerender();
> 227 |         expect(container.outerHTML).toEqual(
      |        ^ Duplicate Assert
  228 |           '<div><h1>App</h1><p>Not found</p><button>Create</button><footer>2018</footer></div>',
  229 |         ); // Fails too, when skipping the previous assertion.
  230 |       }"
/home/gabriel/Disk/Research/research-javascript-test-smells/repositories/inferno/packages/inferno-create-element/__tests__/patching.spec.js,Duplicate Assert,"{'line': 227, 'column': 8, 'index': 5399}","  225 |         this.setState({ ids: [] });
  226 |         rerender();
> 227 |         expect(container.outerHTML).toEqual(
      |        ^ Duplicate Assert
  228 |           '<div><h1>App</h1><p>Not found</p><button>Create</button><footer>2018</footer></div>',
  229 |         ); // Fails too, when skipping the previous assertion.
  230 |       }"
/home/gabriel/Disk/Research/research-javascript-test-smells/repositories/inferno/packages/inferno-create-element/__tests__/patching.spec.js,Duplicate Assert,"{'line': 260, 'column': 8, 'index': 6413}","  258 |
  259 |       componentDidMount() {
> 260 |         expect(container.outerHTML).toEqual(
      |        ^ Duplicate Assert
  261 |           '<div><h1>App</h1><p>Not found</p><button>Create</button><footer>2018</footer></div>',
  262 |         );
  263 |"
/home/gabriel/Disk/Research/research-javascript-test-smells/repositories/inferno/packages/inferno-create-element/__tests__/patching.spec.js,Duplicate Assert,"{'line': 260, 'column': 8, 'index': 6413}","  258 |
  259 |       componentDidMount() {
> 260 |         expect(container.outerHTML).toEqual(
      |        ^ Duplicate Assert
  261 |           '<div><h1>App</h1><p>Not found</p><button>Create</button><footer>2018</footer></div>',
  262 |         );
  263 |"
/home/gabriel/Disk/Research/research-javascript-test-smells/repositories/inferno/packages/inferno-create-element/__tests__/patching.spec.js,Duplicate Assert,"{'line': 266, 'column': 8, 'index': 6638}","  264 |         this.setState({ ids: ['test', 'test2'] });
  265 |         rerender();
> 266 |         expect(container.outerHTML).toEqual(
      |        ^ Duplicate Assert
  267 |           '<div><h1>App</h1><h2>test</h2><h2>test2</h2><footer>2018</footer></div>',
  268 |         );
  269 |"
/home/gabriel/Disk/Research/research-javascript-test-smells/repositories/inferno/packages/inferno-create-element/__tests__/patching.spec.js,Duplicate Assert,"{'line': 272, 'column': 8, 'index': 6836}","  270 |         this.setState({ ids: [] });
  271 |         rerender();
> 272 |         expect(container.outerHTML).toEqual(
      |        ^ Duplicate Assert
  273 |           '<div><h1>App</h1><p>Not found</p><button>Create</button><footer>2018</footer></div>',
  274 |         ); // Fails too, when skipping the previous assertion.
  275 |       }"
/home/gabriel/Disk/Research/research-javascript-test-smells/repositories/inferno/packages/inferno-create-element/__tests__/patching.spec.js,Duplicate Assert,"{'line': 272, 'column': 8, 'index': 6836}","  270 |         this.setState({ ids: [] });
  271 |         rerender();
> 272 |         expect(container.outerHTML).toEqual(
      |        ^ Duplicate Assert
  273 |           '<div><h1>App</h1><p>Not found</p><button>Create</button><footer>2018</footer></div>',
  274 |         ); // Fails too, when skipping the previous assertion.
  275 |       }"
/home/gabriel/Disk/Research/research-javascript-test-smells/repositories/inferno/packages/inferno-create-element/__tests__/patching.spec.js,Duplicate Assert,"{'line': 305, 'column': 8, 'index': 7850}","  303 |
  304 |       componentDidMount() {
> 305 |         expect(container.outerHTML).toEqual(
      |        ^ Duplicate Assert
  306 |           '<div><h1>App</h1><p>Not found</p><button>Create</button><footer>2018</footer></div>',
  307 |         );
  308 |"
/home/gabriel/Disk/Research/research-javascript-test-smells/repositories/inferno/packages/inferno-create-element/__tests__/patching.spec.js,Duplicate Assert,"{'line': 305, 'column': 8, 'index': 7850}","  303 |
  304 |       componentDidMount() {
> 305 |         expect(container.outerHTML).toEqual(
      |        ^ Duplicate Assert
  306 |           '<div><h1>App</h1><p>Not found</p><button>Create</button><footer>2018</footer></div>',
  307 |         );
  308 |"
/home/gabriel/Disk/Research/research-javascript-test-smells/repositories/inferno/packages/inferno-create-element/__tests__/patching.spec.js,Duplicate Assert,"{'line': 311, 'column': 8, 'index': 8084}","  309 |         this.setState({ ids: ['test', 'test2', 'test3'] });
  310 |         rerender();
> 311 |         expect(container.outerHTML).toEqual(
      |        ^ Duplicate Assert
  312 |           '<div><h1>App</h1><h2>test</h2><h2>test2</h2><h2>test3</h2><footer>2018</footer></div>',
  313 |         );
  314 |"
/home/gabriel/Disk/Research/research-javascript-test-smells/repositories/inferno/packages/inferno-create-element/__tests__/patching.spec.js,Duplicate Assert,"{'line': 317, 'column': 8, 'index': 8296}","  315 |         this.setState({ ids: [] });
  316 |         rerender();
> 317 |         expect(container.outerHTML).toEqual(
      |        ^ Duplicate Assert
  318 |           '<div><h1>App</h1><p>Not found</p><button>Create</button><footer>2018</footer></div>',
  319 |         ); // Fails too, when skipping the previous assertion.
  320 |       }"
/home/gabriel/Disk/Research/research-javascript-test-smells/repositories/inferno/packages/inferno-create-element/__tests__/patching.spec.js,Duplicate Assert,"{'line': 317, 'column': 8, 'index': 8296}","  315 |         this.setState({ ids: [] });
  316 |         rerender();
> 317 |         expect(container.outerHTML).toEqual(
      |        ^ Duplicate Assert
  318 |           '<div><h1>App</h1><p>Not found</p><button>Create</button><footer>2018</footer></div>',
  319 |         ); // Fails too, when skipping the previous assertion.
  320 |       }"
/home/gabriel/Disk/Research/research-javascript-test-smells/repositories/inferno/packages/inferno-create-element/__tests__/patchNonKeyedChildren.spec.js,Conditional Test Logic,"{'line': 8, 'column': 2, 'index': 162}","   6 |   const children = [];
   7 |
>  8 |   for (i = 0; i < array.length; i++) {
     |  ^ Conditional Test Logic
   9 |     id = array[i];
  10 |
  11 |     children.push(createElement('div', { key: String(id) }, id));"
/home/gabriel/Disk/Research/research-javascript-test-smells/repositories/inferno/packages/inferno-create-element/__tests__/patchNonKeyedChildren.spec.js,Duplicate Assert,"{'line': 98, 'column': 4, 'index': 3404}","   96 |       container,
   97 |     );
>  98 |     expect(container.textContent).toBe('#0#1#2#3a#5');
      |    ^ Duplicate Assert
   99 |     expect(container.firstChild.childNodes.length).toBe(6);
  100 |     render(template(generateNodes(['a', '#1', '#2', '#3'])), container);
  101 |     render("
/home/gabriel/Disk/Research/research-javascript-test-smells/repositories/inferno/packages/inferno-create-element/__tests__/patchNonKeyedChildren.spec.js,Duplicate Assert,"{'line': 98, 'column': 4, 'index': 3404}","   96 |       container,
   97 |     );
>  98 |     expect(container.textContent).toBe('#0#1#2#3a#5');
      |    ^ Duplicate Assert
   99 |     expect(container.firstChild.childNodes.length).toBe(6);
  100 |     render(template(generateNodes(['a', '#1', '#2', '#3'])), container);
  101 |     render("
/home/gabriel/Disk/Research/research-javascript-test-smells/repositories/inferno/packages/inferno-create-element/__tests__/patchNonKeyedChildren.spec.js,Duplicate Assert,"{'line': 99, 'column': 4, 'index': 3459}","   97 |     );
   98 |     expect(container.textContent).toBe('#0#1#2#3a#5');
>  99 |     expect(container.firstChild.childNodes.length).toBe(6);
      |    ^ Duplicate Assert
  100 |     render(template(generateNodes(['a', '#1', '#2', '#3'])), container);
  101 |     render(
  102 |       template(generateNodes(['#0', '#1', '#2', '#3', 'a', '#5'])),"
/home/gabriel/Disk/Research/research-javascript-test-smells/repositories/inferno/packages/inferno-create-element/__tests__/patchNonKeyedChildren.spec.js,Duplicate Assert,"{'line': 99, 'column': 4, 'index': 3459}","   97 |     );
   98 |     expect(container.textContent).toBe('#0#1#2#3a#5');
>  99 |     expect(container.firstChild.childNodes.length).toBe(6);
      |    ^ Duplicate Assert
  100 |     render(template(generateNodes(['a', '#1', '#2', '#3'])), container);
  101 |     render(
  102 |       template(generateNodes(['#0', '#1', '#2', '#3', 'a', '#5'])),"
/home/gabriel/Disk/Research/research-javascript-test-smells/repositories/inferno/packages/inferno-create-element/__tests__/patchNonKeyedChildren.spec.js,Duplicate Assert,"{'line': 105, 'column': 4, 'index': 3696}","  103 |       container,
  104 |     );
> 105 |     expect(container.textContent).toBe('#0#1#2#3a#5');
      |    ^ Duplicate Assert
  106 |     expect(container.firstChild.childNodes.length).toBe(6);
  107 |     render(template(generateNodes(['a', '#1', '#2', '#3'])), container);
  108 |     render("
/home/gabriel/Disk/Research/research-javascript-test-smells/repositories/inferno/packages/inferno-create-element/__tests__/patchNonKeyedChildren.spec.js,Duplicate Assert,"{'line': 105, 'column': 4, 'index': 3696}","  103 |       container,
  104 |     );
> 105 |     expect(container.textContent).toBe('#0#1#2#3a#5');
      |    ^ Duplicate Assert
  106 |     expect(container.firstChild.childNodes.length).toBe(6);
  107 |     render(template(generateNodes(['a', '#1', '#2', '#3'])), container);
  108 |     render("
/home/gabriel/Disk/Research/research-javascript-test-smells/repositories/inferno/packages/inferno-create-element/__tests__/patchNonKeyedChildren.spec.js,Duplicate Assert,"{'line': 106, 'column': 4, 'index': 3751}","  104 |     );
  105 |     expect(container.textContent).toBe('#0#1#2#3a#5');
> 106 |     expect(container.firstChild.childNodes.length).toBe(6);
      |    ^ Duplicate Assert
  107 |     render(template(generateNodes(['a', '#1', '#2', '#3'])), container);
  108 |     render(
  109 |       template(generateNodes(['#0', '#1', '#2', '#3', 'a', '#5'])),"
/home/gabriel/Disk/Research/research-javascript-test-smells/repositories/inferno/packages/inferno-create-element/__tests__/patchNonKeyedChildren.spec.js,Duplicate Assert,"{'line': 106, 'column': 4, 'index': 3751}","  104 |     );
  105 |     expect(container.textContent).toBe('#0#1#2#3a#5');
> 106 |     expect(container.firstChild.childNodes.length).toBe(6);
      |    ^ Duplicate Assert
  107 |     render(template(generateNodes(['a', '#1', '#2', '#3'])), container);
  108 |     render(
  109 |       template(generateNodes(['#0', '#1', '#2', '#3', 'a', '#5'])),"
/home/gabriel/Disk/Research/research-javascript-test-smells/repositories/inferno/packages/inferno-create-element/__tests__/patchNonKeyedChildren.spec.js,Duplicate Assert,"{'line': 112, 'column': 4, 'index': 3988}","  110 |       container,
  111 |     );
> 112 |     expect(container.textContent).toBe('#0#1#2#3a#5');
      |    ^ Duplicate Assert
  113 |     expect(container.firstChild.childNodes.length).toBe(6);
  114 |     render(template(generateNodes(['a', '#1', '#2', '#3'])), container);
  115 |     render("
/home/gabriel/Disk/Research/research-javascript-test-smells/repositories/inferno/packages/inferno-create-element/__tests__/patchNonKeyedChildren.spec.js,Duplicate Assert,"{'line': 112, 'column': 4, 'index': 3988}","  110 |       container,
  111 |     );
> 112 |     expect(container.textContent).toBe('#0#1#2#3a#5');
      |    ^ Duplicate Assert
  113 |     expect(container.firstChild.childNodes.length).toBe(6);
  114 |     render(template(generateNodes(['a', '#1', '#2', '#3'])), container);
  115 |     render("
/home/gabriel/Disk/Research/research-javascript-test-smells/repositories/inferno/packages/inferno-create-element/__tests__/patchNonKeyedChildren.spec.js,Duplicate Assert,"{'line': 113, 'column': 4, 'index': 4043}","  111 |     );
  112 |     expect(container.textContent).toBe('#0#1#2#3a#5');
> 113 |     expect(container.firstChild.childNodes.length).toBe(6);
      |    ^ Duplicate Assert
  114 |     render(template(generateNodes(['a', '#1', '#2', '#3'])), container);
  115 |     render(
  116 |       template(generateNodes(['#0', '#1', '#2', '#3', 'a', '#5'])),"
/home/gabriel/Disk/Research/research-javascript-test-smells/repositories/inferno/packages/inferno-create-element/__tests__/patchNonKeyedChildren.spec.js,Duplicate Assert,"{'line': 113, 'column': 4, 'index': 4043}","  111 |     );
  112 |     expect(container.textContent).toBe('#0#1#2#3a#5');
> 113 |     expect(container.firstChild.childNodes.length).toBe(6);
      |    ^ Duplicate Assert
  114 |     render(template(generateNodes(['a', '#1', '#2', '#3'])), container);
  115 |     render(
  116 |       template(generateNodes(['#0', '#1', '#2', '#3', 'a', '#5'])),"
/home/gabriel/Disk/Research/research-javascript-test-smells/repositories/inferno/packages/inferno-create-element/__tests__/patchNonKeyedChildren.spec.js,Duplicate Assert,"{'line': 119, 'column': 4, 'index': 4280}","  117 |       container,
  118 |     );
> 119 |     expect(container.textContent).toBe('#0#1#2#3a#5');
      |    ^ Duplicate Assert
  120 |     expect(container.firstChild.childNodes.length).toBe(6);
  121 |     render(template(generateNodes(['a', '#1', '#2', '#4'])), container);
  122 |     render("
/home/gabriel/Disk/Research/research-javascript-test-smells/repositories/inferno/packages/inferno-create-element/__tests__/patchNonKeyedChildren.spec.js,Duplicate Assert,"{'line': 119, 'column': 4, 'index': 4280}","  117 |       container,
  118 |     );
> 119 |     expect(container.textContent).toBe('#0#1#2#3a#5');
      |    ^ Duplicate Assert
  120 |     expect(container.firstChild.childNodes.length).toBe(6);
  121 |     render(template(generateNodes(['a', '#1', '#2', '#4'])), container);
  122 |     render("
/home/gabriel/Disk/Research/research-javascript-test-smells/repositories/inferno/packages/inferno-create-element/__tests__/patchNonKeyedChildren.spec.js,Duplicate Assert,"{'line': 120, 'column': 4, 'index': 4335}","  118 |     );
  119 |     expect(container.textContent).toBe('#0#1#2#3a#5');
> 120 |     expect(container.firstChild.childNodes.length).toBe(6);
      |    ^ Duplicate Assert
  121 |     render(template(generateNodes(['a', '#1', '#2', '#4'])), container);
  122 |     render(
  123 |       template(generateNodes(['#0', '#1', '#2', '#4', 'a', '#5'])),"
/home/gabriel/Disk/Research/research-javascript-test-smells/repositories/inferno/packages/inferno-create-element/__tests__/patchNonKeyedChildren.spec.js,Duplicate Assert,"{'line': 120, 'column': 4, 'index': 4335}","  118 |     );
  119 |     expect(container.textContent).toBe('#0#1#2#3a#5');
> 120 |     expect(container.firstChild.childNodes.length).toBe(6);
      |    ^ Duplicate Assert
  121 |     render(template(generateNodes(['a', '#1', '#2', '#4'])), container);
  122 |     render(
  123 |       template(generateNodes(['#0', '#1', '#2', '#4', 'a', '#5'])),"
/home/gabriel/Disk/Research/research-javascript-test-smells/repositories/inferno/packages/inferno-create-element/__tests__/patchNonKeyedChildren.spec.js,Duplicate Assert,"{'line': 126, 'column': 4, 'index': 4572}","  124 |       container,
  125 |     );
> 126 |     expect(container.textContent).toBe('#0#1#2#4a#5');
      |    ^ Duplicate Assert
  127 |     expect(container.firstChild.childNodes.length).toBe(6);
  128 |     render(template(generateNodes(['a', '#1', '#2', '#3'])), container);
  129 |     render("
/home/gabriel/Disk/Research/research-javascript-test-smells/repositories/inferno/packages/inferno-create-element/__tests__/patchNonKeyedChildren.spec.js,Duplicate Assert,"{'line': 127, 'column': 4, 'index': 4627}","  125 |     );
  126 |     expect(container.textContent).toBe('#0#1#2#4a#5');
> 127 |     expect(container.firstChild.childNodes.length).toBe(6);
      |    ^ Duplicate Assert
  128 |     render(template(generateNodes(['a', '#1', '#2', '#3'])), container);
  129 |     render(
  130 |       template(generateNodes(['#0', '#1', '#2', '#3', 'a', '#5'])),"
/home/gabriel/Disk/Research/research-javascript-test-smells/repositories/inferno/packages/inferno-create-element/__tests__/patchNonKeyedChildren.spec.js,Duplicate Assert,"{'line': 127, 'column': 4, 'index': 4627}","  125 |     );
  126 |     expect(container.textContent).toBe('#0#1#2#4a#5');
> 127 |     expect(container.firstChild.childNodes.length).toBe(6);
      |    ^ Duplicate Assert
  128 |     render(template(generateNodes(['a', '#1', '#2', '#3'])), container);
  129 |     render(
  130 |       template(generateNodes(['#0', '#1', '#2', '#3', 'a', '#5'])),"
/home/gabriel/Disk/Research/research-javascript-test-smells/repositories/inferno/packages/inferno-create-element/__tests__/patchNonKeyedChildren.spec.js,Duplicate Assert,"{'line': 133, 'column': 4, 'index': 4864}","  131 |       container,
  132 |     );
> 133 |     expect(container.textContent).toBe('#0#1#2#3a#5');
      |    ^ Duplicate Assert
  134 |     expect(container.firstChild.childNodes.length).toBe(6);
  135 |   });
  136 |"
/home/gabriel/Disk/Research/research-javascript-test-smells/repositories/inferno/packages/inferno-create-element/__tests__/patchNonKeyedChildren.spec.js,Duplicate Assert,"{'line': 133, 'column': 4, 'index': 4864}","  131 |       container,
  132 |     );
> 133 |     expect(container.textContent).toBe('#0#1#2#3a#5');
      |    ^ Duplicate Assert
  134 |     expect(container.firstChild.childNodes.length).toBe(6);
  135 |   });
  136 |"
/home/gabriel/Disk/Research/research-javascript-test-smells/repositories/inferno/packages/inferno-create-element/__tests__/patchNonKeyedChildren.spec.js,Duplicate Assert,"{'line': 134, 'column': 4, 'index': 4919}","  132 |     );
  133 |     expect(container.textContent).toBe('#0#1#2#3a#5');
> 134 |     expect(container.firstChild.childNodes.length).toBe(6);
      |    ^ Duplicate Assert
  135 |   });
  136 |
  137 |   it('should move a key with a size down', () => {"
/home/gabriel/Disk/Research/research-javascript-test-smells/repositories/inferno/packages/inferno-create-element/__tests__/patchNonKeyedChildren.spec.js,Duplicate Assert,"{'line': 134, 'column': 4, 'index': 4919}","  132 |     );
  133 |     expect(container.textContent).toBe('#0#1#2#3a#5');
> 134 |     expect(container.firstChild.childNodes.length).toBe(6);
      |    ^ Duplicate Assert
  135 |   });
  136 |
  137 |   it('should move a key with a size down', () => {"
/home/gabriel/Disk/Research/research-javascript-test-smells/repositories/inferno/packages/inferno-create-element/__tests__/patchNonKeyedChildren.spec.js,Duplicate Assert,"{'line': 152, 'column': 4, 'index': 5768}","  150 |     render(template(generateNodes([0, 1, 2, 3, 4])), container);
  151 |     render(template(generateNodes([1, 2, 3, 4, 0])), container);
> 152 |     expect(container.textContent).toBe('12340');
      |    ^ Duplicate Assert
  153 |     expect(container.firstChild.childNodes.length).toBe(5);
  154 |     render(template(generateNodes([0, 1, 2, 3, 4])), container);
  155 |     render(template(generateNodes([1, 7, 3, 4, 5])), container); // this originally had duplicate keys!"
/home/gabriel/Disk/Research/research-javascript-test-smells/repositories/inferno/packages/inferno-create-element/__tests__/patchNonKeyedChildren.spec.js,Duplicate Assert,"{'line': 152, 'column': 4, 'index': 5768}","  150 |     render(template(generateNodes([0, 1, 2, 3, 4])), container);
  151 |     render(template(generateNodes([1, 2, 3, 4, 0])), container);
> 152 |     expect(container.textContent).toBe('12340');
      |    ^ Duplicate Assert
  153 |     expect(container.firstChild.childNodes.length).toBe(5);
  154 |     render(template(generateNodes([0, 1, 2, 3, 4])), container);
  155 |     render(template(generateNodes([1, 7, 3, 4, 5])), container); // this originally had duplicate keys!"
/home/gabriel/Disk/Research/research-javascript-test-smells/repositories/inferno/packages/inferno-create-element/__tests__/patchNonKeyedChildren.spec.js,Duplicate Assert,"{'line': 153, 'column': 4, 'index': 5817}","  151 |     render(template(generateNodes([1, 2, 3, 4, 0])), container);
  152 |     expect(container.textContent).toBe('12340');
> 153 |     expect(container.firstChild.childNodes.length).toBe(5);
      |    ^ Duplicate Assert
  154 |     render(template(generateNodes([0, 1, 2, 3, 4])), container);
  155 |     render(template(generateNodes([1, 7, 3, 4, 5])), container); // this originally had duplicate keys!
  156 |     expect(container.textContent).toBe('17345');"
/home/gabriel/Disk/Research/research-javascript-test-smells/repositories/inferno/packages/inferno-create-element/__tests__/patchNonKeyedChildren.spec.js,Duplicate Assert,"{'line': 153, 'column': 4, 'index': 5817}","  151 |     render(template(generateNodes([1, 2, 3, 4, 0])), container);
  152 |     expect(container.textContent).toBe('12340');
> 153 |     expect(container.firstChild.childNodes.length).toBe(5);
      |    ^ Duplicate Assert
  154 |     render(template(generateNodes([0, 1, 2, 3, 4])), container);
  155 |     render(template(generateNodes([1, 7, 3, 4, 5])), container); // this originally had duplicate keys!
  156 |     expect(container.textContent).toBe('17345');"
/home/gabriel/Disk/Research/research-javascript-test-smells/repositories/inferno/packages/inferno-create-element/__tests__/patchNonKeyedChildren.spec.js,Duplicate Assert,"{'line': 156, 'column': 4, 'index': 6046}","  154 |     render(template(generateNodes([0, 1, 2, 3, 4])), container);
  155 |     render(template(generateNodes([1, 7, 3, 4, 5])), container); // this originally had duplicate keys!
> 156 |     expect(container.textContent).toBe('17345');
      |    ^ Duplicate Assert
  157 |     expect(container.firstChild.childNodes.length).toBe(5);
  158 |     render(template(generateNodes([1, 2, 3, 4, 0])), container);
  159 |     expect(container.textContent).toBe('12340');"
/home/gabriel/Disk/Research/research-javascript-test-smells/repositories/inferno/packages/inferno-create-element/__tests__/patchNonKeyedChildren.spec.js,Duplicate Assert,"{'line': 157, 'column': 4, 'index': 6095}","  155 |     render(template(generateNodes([1, 7, 3, 4, 5])), container); // this originally had duplicate keys!
  156 |     expect(container.textContent).toBe('17345');
> 157 |     expect(container.firstChild.childNodes.length).toBe(5);
      |    ^ Duplicate Assert
  158 |     render(template(generateNodes([1, 2, 3, 4, 0])), container);
  159 |     expect(container.textContent).toBe('12340');
  160 |   });"
/home/gabriel/Disk/Research/research-javascript-test-smells/repositories/inferno/packages/inferno-create-element/__tests__/patchNonKeyedChildren.spec.js,Duplicate Assert,"{'line': 157, 'column': 4, 'index': 6095}","  155 |     render(template(generateNodes([1, 7, 3, 4, 5])), container); // this originally had duplicate keys!
  156 |     expect(container.textContent).toBe('17345');
> 157 |     expect(container.firstChild.childNodes.length).toBe(5);
      |    ^ Duplicate Assert
  158 |     render(template(generateNodes([1, 2, 3, 4, 0])), container);
  159 |     expect(container.textContent).toBe('12340');
  160 |   });"
/home/gabriel/Disk/Research/research-javascript-test-smells/repositories/inferno/packages/inferno-create-element/__tests__/patchNonKeyedChildren.spec.js,Duplicate Assert,"{'line': 159, 'column': 4, 'index': 6220}","  157 |     expect(container.firstChild.childNodes.length).toBe(5);
  158 |     render(template(generateNodes([1, 2, 3, 4, 0])), container);
> 159 |     expect(container.textContent).toBe('12340');
      |    ^ Duplicate Assert
  160 |   });
  161 |
  162 |   it('should reorder keys', () => {"
/home/gabriel/Disk/Research/research-javascript-test-smells/repositories/inferno/packages/inferno-create-element/__tests__/patchNonKeyedChildren.spec.js,Duplicate Assert,"{'line': 159, 'column': 4, 'index': 6220}","  157 |     expect(container.firstChild.childNodes.length).toBe(5);
  158 |     render(template(generateNodes([1, 2, 3, 4, 0])), container);
> 159 |     expect(container.textContent).toBe('12340');
      |    ^ Duplicate Assert
  160 |   });
  161 |
  162 |   it('should reorder keys', () => {"
/home/gabriel/Disk/Research/research-javascript-test-smells/repositories/inferno/packages/inferno-create-element/__tests__/patchNonKeyedChildren.spec.js,Duplicate Assert,"{'line': 177, 'column': 4, 'index': 6836}","  175 |     render(template(generateNodes(['a', 'b', 'c'])), container);
  176 |     render(template(generateNodes(['b', 'c'])), container);
> 177 |     expect(container.textContent).toBe('bc');
      |    ^ Duplicate Assert
  178 |     expect(container.firstChild.childNodes.length).toBe(2);
  179 |     render(template(generateNodes(['a', 'b', 'c'])), container);
  180 |     render(template(generateNodes(['b', 'c'])), container);"
/home/gabriel/Disk/Research/research-javascript-test-smells/repositories/inferno/packages/inferno-create-element/__tests__/patchNonKeyedChildren.spec.js,Duplicate Assert,"{'line': 177, 'column': 4, 'index': 6836}","  175 |     render(template(generateNodes(['a', 'b', 'c'])), container);
  176 |     render(template(generateNodes(['b', 'c'])), container);
> 177 |     expect(container.textContent).toBe('bc');
      |    ^ Duplicate Assert
  178 |     expect(container.firstChild.childNodes.length).toBe(2);
  179 |     render(template(generateNodes(['a', 'b', 'c'])), container);
  180 |     render(template(generateNodes(['b', 'c'])), container);"
/home/gabriel/Disk/Research/research-javascript-test-smells/repositories/inferno/packages/inferno-create-element/__tests__/patchNonKeyedChildren.spec.js,Duplicate Assert,"{'line': 178, 'column': 4, 'index': 6882}","  176 |     render(template(generateNodes(['b', 'c'])), container);
  177 |     expect(container.textContent).toBe('bc');
> 178 |     expect(container.firstChild.childNodes.length).toBe(2);
      |    ^ Duplicate Assert
  179 |     render(template(generateNodes(['a', 'b', 'c'])), container);
  180 |     render(template(generateNodes(['b', 'c'])), container);
  181 |     expect(container.textContent).toBe('bc');"
/home/gabriel/Disk/Research/research-javascript-test-smells/repositories/inferno/packages/inferno-create-element/__tests__/patchNonKeyedChildren.spec.js,Duplicate Assert,"{'line': 178, 'column': 4, 'index': 6882}","  176 |     render(template(generateNodes(['b', 'c'])), container);
  177 |     expect(container.textContent).toBe('bc');
> 178 |     expect(container.firstChild.childNodes.length).toBe(2);
      |    ^ Duplicate Assert
  179 |     render(template(generateNodes(['a', 'b', 'c'])), container);
  180 |     render(template(generateNodes(['b', 'c'])), container);
  181 |     expect(container.textContent).toBe('bc');"
/home/gabriel/Disk/Research/research-javascript-test-smells/repositories/inferno/packages/inferno-create-element/__tests__/patchNonKeyedChildren.spec.js,Duplicate Assert,"{'line': 181, 'column': 4, 'index': 7067}","  179 |     render(template(generateNodes(['a', 'b', 'c'])), container);
  180 |     render(template(generateNodes(['b', 'c'])), container);
> 181 |     expect(container.textContent).toBe('bc');
      |    ^ Duplicate Assert
  182 |     expect(container.firstChild.childNodes.length).toBe(2);
  183 |     render(template(generateNodes(['a', 'b', 'c', 'd'])), container);
  184 |     render(template(generateNodes(['d', 'c', 'b', 'a'])), container);"
/home/gabriel/Disk/Research/research-javascript-test-smells/repositories/inferno/packages/inferno-create-element/__tests__/patchNonKeyedChildren.spec.js,Duplicate Assert,"{'line': 181, 'column': 4, 'index': 7067}","  179 |     render(template(generateNodes(['a', 'b', 'c'])), container);
  180 |     render(template(generateNodes(['b', 'c'])), container);
> 181 |     expect(container.textContent).toBe('bc');
      |    ^ Duplicate Assert
  182 |     expect(container.firstChild.childNodes.length).toBe(2);
  183 |     render(template(generateNodes(['a', 'b', 'c', 'd'])), container);
  184 |     render(template(generateNodes(['d', 'c', 'b', 'a'])), container);"
/home/gabriel/Disk/Research/research-javascript-test-smells/repositories/inferno/packages/inferno-create-element/__tests__/patchNonKeyedChildren.spec.js,Duplicate Assert,"{'line': 182, 'column': 4, 'index': 7113}","  180 |     render(template(generateNodes(['b', 'c'])), container);
  181 |     expect(container.textContent).toBe('bc');
> 182 |     expect(container.firstChild.childNodes.length).toBe(2);
      |    ^ Duplicate Assert
  183 |     render(template(generateNodes(['a', 'b', 'c', 'd'])), container);
  184 |     render(template(generateNodes(['d', 'c', 'b', 'a'])), container);
  185 |     expect(container.textContent).toBe('dcba');"
/home/gabriel/Disk/Research/research-javascript-test-smells/repositories/inferno/packages/inferno-create-element/__tests__/patchNonKeyedChildren.spec.js,Duplicate Assert,"{'line': 182, 'column': 4, 'index': 7113}","  180 |     render(template(generateNodes(['b', 'c'])), container);
  181 |     expect(container.textContent).toBe('bc');
> 182 |     expect(container.firstChild.childNodes.length).toBe(2);
      |    ^ Duplicate Assert
  183 |     render(template(generateNodes(['a', 'b', 'c', 'd'])), container);
  184 |     render(template(generateNodes(['d', 'c', 'b', 'a'])), container);
  185 |     expect(container.textContent).toBe('dcba');"
/home/gabriel/Disk/Research/research-javascript-test-smells/repositories/inferno/packages/inferno-create-element/__tests__/patchNonKeyedChildren.spec.js,Duplicate Assert,"{'line': 185, 'column': 4, 'index': 7313}","  183 |     render(template(generateNodes(['a', 'b', 'c', 'd'])), container);
  184 |     render(template(generateNodes(['d', 'c', 'b', 'a'])), container);
> 185 |     expect(container.textContent).toBe('dcba');
      |    ^ Duplicate Assert
  186 |     expect(container.firstChild.childNodes.length).toBe(4);
  187 |   });
  188 |"
/home/gabriel/Disk/Research/research-javascript-test-smells/repositories/inferno/packages/inferno-create-element/__tests__/patchNonKeyedChildren.spec.js,Duplicate Assert,"{'line': 186, 'column': 4, 'index': 7361}","  184 |     render(template(generateNodes(['d', 'c', 'b', 'a'])), container);
  185 |     expect(container.textContent).toBe('dcba');
> 186 |     expect(container.firstChild.childNodes.length).toBe(4);
      |    ^ Duplicate Assert
  187 |   });
  188 |
  189 |   it('should do a complex reverse', () => {"
/home/gabriel/Disk/Research/research-javascript-test-smells/repositories/inferno/packages/inferno-create-element/__tests__/patchNonKeyedChildren.spec.js,Duplicate Assert,"{'line': 192, 'column': 4, 'index': 7612}","  190 |     render(template(generateNodes(['a', 'b', 'c', 'd'])), container);
  191 |     render(template(generateNodes(['d', 'c', 'b', 'a'])), container);
> 192 |     expect(container.textContent).toBe('dcba');
      |    ^ Duplicate Assert
  193 |     expect(container.firstChild.childNodes.length).toBe(4);
  194 |     render(template(generateNodes(['a', 'b', 'c'])), container);
  195 |     render(template(generateNodes([0])), container);"
/home/gabriel/Disk/Research/research-javascript-test-smells/repositories/inferno/packages/inferno-create-element/__tests__/patchNonKeyedChildren.spec.js,Duplicate Assert,"{'line': 192, 'column': 4, 'index': 7612}","  190 |     render(template(generateNodes(['a', 'b', 'c', 'd'])), container);
  191 |     render(template(generateNodes(['d', 'c', 'b', 'a'])), container);
> 192 |     expect(container.textContent).toBe('dcba');
      |    ^ Duplicate Assert
  193 |     expect(container.firstChild.childNodes.length).toBe(4);
  194 |     render(template(generateNodes(['a', 'b', 'c'])), container);
  195 |     render(template(generateNodes([0])), container);"
/home/gabriel/Disk/Research/research-javascript-test-smells/repositories/inferno/packages/inferno-create-element/__tests__/patchNonKeyedChildren.spec.js,Duplicate Assert,"{'line': 193, 'column': 4, 'index': 7660}","  191 |     render(template(generateNodes(['d', 'c', 'b', 'a'])), container);
  192 |     expect(container.textContent).toBe('dcba');
> 193 |     expect(container.firstChild.childNodes.length).toBe(4);
      |    ^ Duplicate Assert
  194 |     render(template(generateNodes(['a', 'b', 'c'])), container);
  195 |     render(template(generateNodes([0])), container);
  196 |     expect(container.textContent).toBe('0');"
/home/gabriel/Disk/Research/research-javascript-test-smells/repositories/inferno/packages/inferno-create-element/__tests__/patchNonKeyedChildren.spec.js,Duplicate Assert,"{'line': 193, 'column': 4, 'index': 7660}","  191 |     render(template(generateNodes(['d', 'c', 'b', 'a'])), container);
  192 |     expect(container.textContent).toBe('dcba');
> 193 |     expect(container.firstChild.childNodes.length).toBe(4);
      |    ^ Duplicate Assert
  194 |     render(template(generateNodes(['a', 'b', 'c'])), container);
  195 |     render(template(generateNodes([0])), container);
  196 |     expect(container.textContent).toBe('0');"
/home/gabriel/Disk/Research/research-javascript-test-smells/repositories/inferno/packages/inferno-create-element/__tests__/patchNonKeyedChildren.spec.js,Duplicate Assert,"{'line': 196, 'column': 4, 'index': 7838}","  194 |     render(template(generateNodes(['a', 'b', 'c'])), container);
  195 |     render(template(generateNodes([0])), container);
> 196 |     expect(container.textContent).toBe('0');
      |    ^ Duplicate Assert
  197 |     expect(container.firstChild.childNodes.length).toBe(1);
  198 |     render(template(generateNodes(['a', 'b', 'c', 'd'])), container);
  199 |     render(template(generateNodes(['d', 'c', 'b', 'a'])), container);"
/home/gabriel/Disk/Research/research-javascript-test-smells/repositories/inferno/packages/inferno-create-element/__tests__/patchNonKeyedChildren.spec.js,Duplicate Assert,"{'line': 197, 'column': 4, 'index': 7883}","  195 |     render(template(generateNodes([0])), container);
  196 |     expect(container.textContent).toBe('0');
> 197 |     expect(container.firstChild.childNodes.length).toBe(1);
      |    ^ Duplicate Assert
  198 |     render(template(generateNodes(['a', 'b', 'c', 'd'])), container);
  199 |     render(template(generateNodes(['d', 'c', 'b', 'a'])), container);
  200 |     expect(container.textContent).toBe('dcba');"
/home/gabriel/Disk/Research/research-javascript-test-smells/repositories/inferno/packages/inferno-create-element/__tests__/patchNonKeyedChildren.spec.js,Duplicate Assert,"{'line': 200, 'column': 4, 'index': 8083}","  198 |     render(template(generateNodes(['a', 'b', 'c', 'd'])), container);
  199 |     render(template(generateNodes(['d', 'c', 'b', 'a'])), container);
> 200 |     expect(container.textContent).toBe('dcba');
      |    ^ Duplicate Assert
  201 |     expect(container.firstChild.childNodes.length).toBe(4);
  202 |   });
  203 |"
/home/gabriel/Disk/Research/research-javascript-test-smells/repositories/inferno/packages/inferno-create-element/__tests__/patchNonKeyedChildren.spec.js,Duplicate Assert,"{'line': 200, 'column': 4, 'index': 8083}","  198 |     render(template(generateNodes(['a', 'b', 'c', 'd'])), container);
  199 |     render(template(generateNodes(['d', 'c', 'b', 'a'])), container);
> 200 |     expect(container.textContent).toBe('dcba');
      |    ^ Duplicate Assert
  201 |     expect(container.firstChild.childNodes.length).toBe(4);
  202 |   });
  203 |"
/home/gabriel/Disk/Research/research-javascript-test-smells/repositories/inferno/packages/inferno-create-element/__tests__/patchNonKeyedChildren.spec.js,Duplicate Assert,"{'line': 201, 'column': 4, 'index': 8131}","  199 |     render(template(generateNodes(['d', 'c', 'b', 'a'])), container);
  200 |     expect(container.textContent).toBe('dcba');
> 201 |     expect(container.firstChild.childNodes.length).toBe(4);
      |    ^ Duplicate Assert
  202 |   });
  203 |
  204 |   it('should remove two keys at the start', () => {"
/home/gabriel/Disk/Research/research-javascript-test-smells/repositories/inferno/packages/inferno-create-element/__tests__/patchNonKeyedChildren.spec.js,Duplicate Assert,"{'line': 201, 'column': 4, 'index': 8131}","  199 |     render(template(generateNodes(['d', 'c', 'b', 'a'])), container);
  200 |     expect(container.textContent).toBe('dcba');
> 201 |     expect(container.firstChild.childNodes.length).toBe(4);
      |    ^ Duplicate Assert
  202 |   });
  203 |
  204 |   it('should remove two keys at the start', () => {"
/home/gabriel/Disk/Research/research-javascript-test-smells/repositories/inferno/packages/inferno-create-element/__tests__/patchNonKeyedChildren.spec.js,Duplicate Assert,"{'line': 281, 'column': 4, 'index': 11814}","  279 |   it('should remove a element from the middle', () => {
  280 |     render(template(generateNodes([1, 2, 3, 4, 5])), container);
> 281 |     expect(container.firstChild.childNodes.length).toBe(5);
      |    ^ Duplicate Assert
  282 |     render(template(generateNodes([1, 2, 4, 5])), container);
  283 |     expect(container.textContent).toBe('1245');
  284 |     expect(container.firstChild.childNodes.length).toBe(4);"
/home/gabriel/Disk/Research/research-javascript-test-smells/repositories/inferno/packages/inferno-create-element/__tests__/patchNonKeyedChildren.spec.js,Duplicate Assert,"{'line': 284, 'column': 4, 'index': 11984}","  282 |     render(template(generateNodes([1, 2, 4, 5])), container);
  283 |     expect(container.textContent).toBe('1245');
> 284 |     expect(container.firstChild.childNodes.length).toBe(4);
      |    ^ Duplicate Assert
  285 |   });
  286 |   it('should move a element forward', () => {
  287 |     render(template(generateNodes([1, 2, 3, 4])), container);"
/home/gabriel/Disk/Research/research-javascript-test-smells/repositories/inferno/packages/inferno-create-element/__tests__/patchNonKeyedChildren.spec.js,Duplicate Assert,"{'line': 288, 'column': 4, 'index': 12158}","  286 |   it('should move a element forward', () => {
  287 |     render(template(generateNodes([1, 2, 3, 4])), container);
> 288 |     expect(container.firstChild.childNodes.length).toBe(4);
      |    ^ Duplicate Assert
  289 |     render(template(generateNodes([2, 3, 1, 4])), container);
  290 |     expect(container.textContent).toBe('2314');
  291 |     expect(container.firstChild.childNodes.length).toBe(4);"
/home/gabriel/Disk/Research/research-javascript-test-smells/repositories/inferno/packages/inferno-create-element/__tests__/patchNonKeyedChildren.spec.js,Duplicate Assert,"{'line': 288, 'column': 4, 'index': 12158}","  286 |   it('should move a element forward', () => {
  287 |     render(template(generateNodes([1, 2, 3, 4])), container);
> 288 |     expect(container.firstChild.childNodes.length).toBe(4);
      |    ^ Duplicate Assert
  289 |     render(template(generateNodes([2, 3, 1, 4])), container);
  290 |     expect(container.textContent).toBe('2314');
  291 |     expect(container.firstChild.childNodes.length).toBe(4);"
/home/gabriel/Disk/Research/research-javascript-test-smells/repositories/inferno/packages/inferno-create-element/__tests__/patchNonKeyedChildren.spec.js,Duplicate Assert,"{'line': 291, 'column': 4, 'index': 12328}","  289 |     render(template(generateNodes([2, 3, 1, 4])), container);
  290 |     expect(container.textContent).toBe('2314');
> 291 |     expect(container.firstChild.childNodes.length).toBe(4);
      |    ^ Duplicate Assert
  292 |   });
  293 |   it('should move a element to the end', () => {
  294 |     render(template(generateNodes([1, 2, 3])), container);"
/home/gabriel/Disk/Research/research-javascript-test-smells/repositories/inferno/packages/inferno-create-element/__tests__/patchNonKeyedChildren.spec.js,Duplicate Assert,"{'line': 291, 'column': 4, 'index': 12328}","  289 |     render(template(generateNodes([2, 3, 1, 4])), container);
  290 |     expect(container.textContent).toBe('2314');
> 291 |     expect(container.firstChild.childNodes.length).toBe(4);
      |    ^ Duplicate Assert
  292 |   });
  293 |   it('should move a element to the end', () => {
  294 |     render(template(generateNodes([1, 2, 3])), container);"
/home/gabriel/Disk/Research/research-javascript-test-smells/repositories/inferno/packages/inferno-create-element/__tests__/patchNonKeyedChildren.spec.js,Duplicate Assert,"{'line': 295, 'column': 4, 'index': 12502}","  293 |   it('should move a element to the end', () => {
  294 |     render(template(generateNodes([1, 2, 3])), container);
> 295 |     expect(container.firstChild.childNodes.length).toBe(3);
      |    ^ Duplicate Assert
  296 |     render(template(generateNodes([2, 3, 1])), container);
  297 |     expect(container.textContent).toBe('231');
  298 |     expect(container.firstChild.childNodes.length).toBe(3);"
/home/gabriel/Disk/Research/research-javascript-test-smells/repositories/inferno/packages/inferno-create-element/__tests__/patchNonKeyedChildren.spec.js,Duplicate Assert,"{'line': 295, 'column': 4, 'index': 12502}","  293 |   it('should move a element to the end', () => {
  294 |     render(template(generateNodes([1, 2, 3])), container);
> 295 |     expect(container.firstChild.childNodes.length).toBe(3);
      |    ^ Duplicate Assert
  296 |     render(template(generateNodes([2, 3, 1])), container);
  297 |     expect(container.textContent).toBe('231');
  298 |     expect(container.firstChild.childNodes.length).toBe(3);"
/home/gabriel/Disk/Research/research-javascript-test-smells/repositories/inferno/packages/inferno-create-element/__tests__/patchNonKeyedChildren.spec.js,Duplicate Assert,"{'line': 298, 'column': 4, 'index': 12668}","  296 |     render(template(generateNodes([2, 3, 1])), container);
  297 |     expect(container.textContent).toBe('231');
> 298 |     expect(container.firstChild.childNodes.length).toBe(3);
      |    ^ Duplicate Assert
  299 |   });
  300 |   it('should move a element backwards', () => {
  301 |     render(template(generateNodes([1, 2, 3, 4])), container);"
/home/gabriel/Disk/Research/research-javascript-test-smells/repositories/inferno/packages/inferno-create-element/__tests__/patchNonKeyedChildren.spec.js,Duplicate Assert,"{'line': 298, 'column': 4, 'index': 12668}","  296 |     render(template(generateNodes([2, 3, 1])), container);
  297 |     expect(container.textContent).toBe('231');
> 298 |     expect(container.firstChild.childNodes.length).toBe(3);
      |    ^ Duplicate Assert
  299 |   });
  300 |   it('should move a element backwards', () => {
  301 |     render(template(generateNodes([1, 2, 3, 4])), container);"
/home/gabriel/Disk/Research/research-javascript-test-smells/repositories/inferno/packages/inferno-create-element/__tests__/patchNonKeyedChildren.spec.js,Duplicate Assert,"{'line': 302, 'column': 4, 'index': 12844}","  300 |   it('should move a element backwards', () => {
  301 |     render(template(generateNodes([1, 2, 3, 4])), container);
> 302 |     expect(container.firstChild.childNodes.length).toBe(4);
      |    ^ Duplicate Assert
  303 |     render(template(generateNodes([1, 4, 2, 3])), container);
  304 |     expect(container.textContent).toBe('1423');
  305 |     expect(container.firstChild.childNodes.length).toBe(4);"
/home/gabriel/Disk/Research/research-javascript-test-smells/repositories/inferno/packages/inferno-create-element/__tests__/patchNonKeyedChildren.spec.js,Duplicate Assert,"{'line': 302, 'column': 4, 'index': 12844}","  300 |   it('should move a element backwards', () => {
  301 |     render(template(generateNodes([1, 2, 3, 4])), container);
> 302 |     expect(container.firstChild.childNodes.length).toBe(4);
      |    ^ Duplicate Assert
  303 |     render(template(generateNodes([1, 4, 2, 3])), container);
  304 |     expect(container.textContent).toBe('1423');
  305 |     expect(container.firstChild.childNodes.length).toBe(4);"
/home/gabriel/Disk/Research/research-javascript-test-smells/repositories/inferno/packages/inferno-create-element/__tests__/patchNonKeyedChildren.spec.js,Duplicate Assert,"{'line': 305, 'column': 4, 'index': 13014}","  303 |     render(template(generateNodes([1, 4, 2, 3])), container);
  304 |     expect(container.textContent).toBe('1423');
> 305 |     expect(container.firstChild.childNodes.length).toBe(4);
      |    ^ Duplicate Assert
  306 |   });
  307 |   it('should swap first and last', () => {
  308 |     render(template(generateNodes([1, 2, 3, 4])), container);"
/home/gabriel/Disk/Research/research-javascript-test-smells/repositories/inferno/packages/inferno-create-element/__tests__/patchNonKeyedChildren.spec.js,Duplicate Assert,"{'line': 305, 'column': 4, 'index': 13014}","  303 |     render(template(generateNodes([1, 4, 2, 3])), container);
  304 |     expect(container.textContent).toBe('1423');
> 305 |     expect(container.firstChild.childNodes.length).toBe(4);
      |    ^ Duplicate Assert
  306 |   });
  307 |   it('should swap first and last', () => {
  308 |     render(template(generateNodes([1, 2, 3, 4])), container);"
/home/gabriel/Disk/Research/research-javascript-test-smells/repositories/inferno/packages/inferno-create-element/__tests__/patchNonKeyedChildren.spec.js,Duplicate Assert,"{'line': 309, 'column': 4, 'index': 13185}","  307 |   it('should swap first and last', () => {
  308 |     render(template(generateNodes([1, 2, 3, 4])), container);
> 309 |     expect(container.firstChild.childNodes.length).toBe(4);
      |    ^ Duplicate Assert
  310 |     render(template(generateNodes([4, 2, 3, 1])), container);
  311 |     expect(container.textContent).toBe('4231');
  312 |     expect(container.firstChild.childNodes.length).toBe(4);"
/home/gabriel/Disk/Research/research-javascript-test-smells/repositories/inferno/packages/inferno-create-element/__tests__/patchNonKeyedChildren.spec.js,Duplicate Assert,"{'line': 309, 'column': 4, 'index': 13185}","  307 |   it('should swap first and last', () => {
  308 |     render(template(generateNodes([1, 2, 3, 4])), container);
> 309 |     expect(container.firstChild.childNodes.length).toBe(4);
      |    ^ Duplicate Assert
  310 |     render(template(generateNodes([4, 2, 3, 1])), container);
  311 |     expect(container.textContent).toBe('4231');
  312 |     expect(container.firstChild.childNodes.length).toBe(4);"
/home/gabriel/Disk/Research/research-javascript-test-smells/repositories/inferno/packages/inferno-create-element/__tests__/patchNonKeyedChildren.spec.js,Duplicate Assert,"{'line': 312, 'column': 4, 'index': 13355}","  310 |     render(template(generateNodes([4, 2, 3, 1])), container);
  311 |     expect(container.textContent).toBe('4231');
> 312 |     expect(container.firstChild.childNodes.length).toBe(4);
      |    ^ Duplicate Assert
  313 |   });
  314 |   it('should move to left and replace', () => {
  315 |     render(template(generateNodes([1, 2, 3, 4, 5])), container);"
/home/gabriel/Disk/Research/research-javascript-test-smells/repositories/inferno/packages/inferno-create-element/__tests__/patchNonKeyedChildren.spec.js,Duplicate Assert,"{'line': 312, 'column': 4, 'index': 13355}","  310 |     render(template(generateNodes([4, 2, 3, 1])), container);
  311 |     expect(container.textContent).toBe('4231');
> 312 |     expect(container.firstChild.childNodes.length).toBe(4);
      |    ^ Duplicate Assert
  313 |   });
  314 |   it('should move to left and replace', () => {
  315 |     render(template(generateNodes([1, 2, 3, 4, 5])), container);"
/home/gabriel/Disk/Research/research-javascript-test-smells/repositories/inferno/packages/inferno-create-element/__tests__/patchNonKeyedChildren.spec.js,Duplicate Assert,"{'line': 316, 'column': 4, 'index': 13534}","  314 |   it('should move to left and replace', () => {
  315 |     render(template(generateNodes([1, 2, 3, 4, 5])), container);
> 316 |     expect(container.firstChild.childNodes.length).toBe(5);
      |    ^ Duplicate Assert
  317 |     render(template(generateNodes([4, 1, 2, 3, 6])), container);
  318 |     expect(container.textContent).toBe('41236');
  319 |     expect(container.firstChild.childNodes.length).toBe(5);"
/home/gabriel/Disk/Research/research-javascript-test-smells/repositories/inferno/packages/inferno-create-element/__tests__/patchNonKeyedChildren.spec.js,Duplicate Assert,"{'line': 316, 'column': 4, 'index': 13534}","  314 |   it('should move to left and replace', () => {
  315 |     render(template(generateNodes([1, 2, 3, 4, 5])), container);
> 316 |     expect(container.firstChild.childNodes.length).toBe(5);
      |    ^ Duplicate Assert
  317 |     render(template(generateNodes([4, 1, 2, 3, 6])), container);
  318 |     expect(container.textContent).toBe('41236');
  319 |     expect(container.firstChild.childNodes.length).toBe(5);"
/home/gabriel/Disk/Research/research-javascript-test-smells/repositories/inferno/packages/inferno-create-element/__tests__/patchNonKeyedChildren.spec.js,Duplicate Assert,"{'line': 319, 'column': 4, 'index': 13708}","  317 |     render(template(generateNodes([4, 1, 2, 3, 6])), container);
  318 |     expect(container.textContent).toBe('41236');
> 319 |     expect(container.firstChild.childNodes.length).toBe(5);
      |    ^ Duplicate Assert
  320 |   });
  321 |   it('should move to left and leave a hole', () => {
  322 |     render(template(generateNodes([1, 4, 5])), container);"
/home/gabriel/Disk/Research/research-javascript-test-smells/repositories/inferno/packages/inferno-create-element/__tests__/patchNonKeyedChildren.spec.js,Duplicate Assert,"{'line': 319, 'column': 4, 'index': 13708}","  317 |     render(template(generateNodes([4, 1, 2, 3, 6])), container);
  318 |     expect(container.textContent).toBe('41236');
> 319 |     expect(container.firstChild.childNodes.length).toBe(5);
      |    ^ Duplicate Assert
  320 |   });
  321 |   it('should move to left and leave a hole', () => {
  322 |     render(template(generateNodes([1, 4, 5])), container);"
/home/gabriel/Disk/Research/research-javascript-test-smells/repositories/inferno/packages/inferno-create-element/__tests__/patchNonKeyedChildren.spec.js,Duplicate Assert,"{'line': 323, 'column': 4, 'index': 13886}","  321 |   it('should move to left and leave a hole', () => {
  322 |     render(template(generateNodes([1, 4, 5])), container);
> 323 |     expect(container.firstChild.childNodes.length).toBe(3);
      |    ^ Duplicate Assert
  324 |     render(template(generateNodes([4, 6])), container);
  325 |     expect(container.textContent).toBe('46');
  326 |     expect(container.firstChild.childNodes.length).toBe(2);"
/home/gabriel/Disk/Research/research-javascript-test-smells/repositories/inferno/packages/inferno-create-element/__tests__/patchNonKeyedChildren.spec.js,Duplicate Assert,"{'line': 326, 'column': 4, 'index': 14048}","  324 |     render(template(generateNodes([4, 6])), container);
  325 |     expect(container.textContent).toBe('46');
> 326 |     expect(container.firstChild.childNodes.length).toBe(2);
      |    ^ Duplicate Assert
  327 |   });
  328 |   it('should do something', () => {
  329 |     render(template(generateNodes([0, 1, 2, 3, 4, 5])), container);"
/home/gabriel/Disk/Research/research-javascript-test-smells/repositories/inferno/packages/inferno-create-element/__tests__/patchNonKeyedChildren.spec.js,Duplicate Assert,"{'line': 330, 'column': 4, 'index': 14218}","  328 |   it('should do something', () => {
  329 |     render(template(generateNodes([0, 1, 2, 3, 4, 5])), container);
> 330 |     expect(container.firstChild.childNodes.length).toBe(6);
      |    ^ Duplicate Assert
  331 |     render(template(generateNodes([4, 3, 2, 1, 5, 0])), container);
  332 |     expect(container.textContent).toBe('432150');
  333 |     expect(container.firstChild.childNodes.length).toBe(6);"
/home/gabriel/Disk/Research/research-javascript-test-smells/repositories/inferno/packages/inferno-create-element/__tests__/patchNonKeyedChildren.spec.js,Duplicate Assert,"{'line': 330, 'column': 4, 'index': 14218}","  328 |   it('should do something', () => {
  329 |     render(template(generateNodes([0, 1, 2, 3, 4, 5])), container);
> 330 |     expect(container.firstChild.childNodes.length).toBe(6);
      |    ^ Duplicate Assert
  331 |     render(template(generateNodes([4, 3, 2, 1, 5, 0])), container);
  332 |     expect(container.textContent).toBe('432150');
  333 |     expect(container.firstChild.childNodes.length).toBe(6);"
/home/gabriel/Disk/Research/research-javascript-test-smells/repositories/inferno/packages/inferno-create-element/__tests__/patchNonKeyedChildren.spec.js,Duplicate Assert,"{'line': 333, 'column': 4, 'index': 14396}","  331 |     render(template(generateNodes([4, 3, 2, 1, 5, 0])), container);
  332 |     expect(container.textContent).toBe('432150');
> 333 |     expect(container.firstChild.childNodes.length).toBe(6);
      |    ^ Duplicate Assert
  334 |   });
  335 |
  336 |   describe('Without blueprints', () => {"
/home/gabriel/Disk/Research/research-javascript-test-smells/repositories/inferno/packages/inferno-create-element/__tests__/patchNonKeyedChildren.spec.js,Duplicate Assert,"{'line': 333, 'column': 4, 'index': 14396}","  331 |     render(template(generateNodes([4, 3, 2, 1, 5, 0])), container);
  332 |     expect(container.textContent).toBe('432150');
> 333 |     expect(container.firstChild.childNodes.length).toBe(6);
      |    ^ Duplicate Assert
  334 |   });
  335 |
  336 |   describe('Without blueprints', () => {"
/home/gabriel/Disk/Research/research-javascript-test-smells/repositories/inferno/packages/inferno-create-element/__tests__/patchNonKeyedChildren.spec.js,Duplicate Assert,"{'line': 342, 'column': 6, 'index': 14669}","  340 |         container,
  341 |       );
> 342 |       expect(container.textContent).toBe('ab');
      |      ^ Duplicate Assert
  343 |       render(
  344 |         template([spanTagWithText('b'), null, spanTagWithText('a')]),
  345 |         container,"
/home/gabriel/Disk/Research/research-javascript-test-smells/repositories/inferno/packages/inferno-create-element/__tests__/patchNonKeyedChildren.spec.js,Duplicate Assert,"{'line': 347, 'column': 6, 'index': 14829}","  345 |         container,
  346 |       );
> 347 |       expect(container.textContent).toBe('ba');
      |      ^ Duplicate Assert
  348 |     });
  349 |
  350 |     it('should do a complex move of non-keyed to the beginning', () => {"
/home/gabriel/Disk/Research/research-javascript-test-smells/repositories/inferno/packages/inferno-create-element/__tests__/patchNonKeyedChildren.spec.js,Duplicate Assert,"{'line': 364, 'column': 6, 'index': 15288}","  362 |         container,
  363 |       );
> 364 |       expect(container.textContent).toBe('xyabdcvw');
      |      ^ Duplicate Assert
  365 |       expect(container.firstChild.childNodes.length).toBe(8);
  366 |       render(
  367 |         template(["
/home/gabriel/Disk/Research/research-javascript-test-smells/repositories/inferno/packages/inferno-create-element/__tests__/patchNonKeyedChildren.spec.js,Duplicate Assert,"{'line': 364, 'column': 6, 'index': 15288}","  362 |         container,
  363 |       );
> 364 |       expect(container.textContent).toBe('xyabdcvw');
      |      ^ Duplicate Assert
  365 |       expect(container.firstChild.childNodes.length).toBe(8);
  366 |       render(
  367 |         template(["
/home/gabriel/Disk/Research/research-javascript-test-smells/repositories/inferno/packages/inferno-create-element/__tests__/patchNonKeyedChildren.spec.js,Duplicate Assert,"{'line': 365, 'column': 6, 'index': 15342}","  363 |       );
  364 |       expect(container.textContent).toBe('xyabdcvw');
> 365 |       expect(container.firstChild.childNodes.length).toBe(8);
      |      ^ Duplicate Assert
  366 |       render(
  367 |         template([
  368 |           spanTagWithText('y'),"
/home/gabriel/Disk/Research/research-javascript-test-smells/repositories/inferno/packages/inferno-create-element/__tests__/patchNonKeyedChildren.spec.js,Duplicate Assert,"{'line': 365, 'column': 6, 'index': 15342}","  363 |       );
  364 |       expect(container.textContent).toBe('xyabdcvw');
> 365 |       expect(container.firstChild.childNodes.length).toBe(8);
      |      ^ Duplicate Assert
  366 |       render(
  367 |         template([
  368 |           spanTagWithText('y'),"
/home/gabriel/Disk/Research/research-javascript-test-smells/repositories/inferno/packages/inferno-create-element/__tests__/patchNonKeyedChildren.spec.js,Duplicate Assert,"{'line': 379, 'column': 6, 'index': 15734}","  377 |         container,
  378 |       );
> 379 |       expect(container.textContent).toBe('yxad2fgwv');
      |      ^ Duplicate Assert
  380 |       expect(container.firstChild.childNodes.length).toBe(8);
  381 |       render(
  382 |         template(["
/home/gabriel/Disk/Research/research-javascript-test-smells/repositories/inferno/packages/inferno-create-element/__tests__/patchNonKeyedChildren.spec.js,Duplicate Assert,"{'line': 379, 'column': 6, 'index': 15734}","  377 |         container,
  378 |       );
> 379 |       expect(container.textContent).toBe('yxad2fgwv');
      |      ^ Duplicate Assert
  380 |       expect(container.firstChild.childNodes.length).toBe(8);
  381 |       render(
  382 |         template(["
/home/gabriel/Disk/Research/research-javascript-test-smells/repositories/inferno/packages/inferno-create-element/__tests__/patchNonKeyedChildren.spec.js,Duplicate Assert,"{'line': 380, 'column': 6, 'index': 15789}","  378 |       );
  379 |       expect(container.textContent).toBe('yxad2fgwv');
> 380 |       expect(container.firstChild.childNodes.length).toBe(8);
      |      ^ Duplicate Assert
  381 |       render(
  382 |         template([
  383 |           spanTagWithText('x'),"
/home/gabriel/Disk/Research/research-javascript-test-smells/repositories/inferno/packages/inferno-create-element/__tests__/patchNonKeyedChildren.spec.js,Duplicate Assert,"{'line': 380, 'column': 6, 'index': 15789}","  378 |       );
  379 |       expect(container.textContent).toBe('yxad2fgwv');
> 380 |       expect(container.firstChild.childNodes.length).toBe(8);
      |      ^ Duplicate Assert
  381 |       render(
  382 |         template([
  383 |           spanTagWithText('x'),"
/home/gabriel/Disk/Research/research-javascript-test-smells/repositories/inferno/packages/inferno-create-element/__tests__/patchNonKeyedChildren.spec.js,Duplicate Assert,"{'line': 394, 'column': 6, 'index': 16180}","  392 |         container,
  393 |       );
> 394 |       expect(container.textContent).toBe('xyabdcvw');
      |      ^ Duplicate Assert
  395 |       expect(container.firstChild.childNodes.length).toBe(8);
  396 |       render(
  397 |         template(["
/home/gabriel/Disk/Research/research-javascript-test-smells/repositories/inferno/packages/inferno-create-element/__tests__/patchNonKeyedChildren.spec.js,Duplicate Assert,"{'line': 394, 'column': 6, 'index': 16180}","  392 |         container,
  393 |       );
> 394 |       expect(container.textContent).toBe('xyabdcvw');
      |      ^ Duplicate Assert
  395 |       expect(container.firstChild.childNodes.length).toBe(8);
  396 |       render(
  397 |         template(["
/home/gabriel/Disk/Research/research-javascript-test-smells/repositories/inferno/packages/inferno-create-element/__tests__/patchNonKeyedChildren.spec.js,Duplicate Assert,"{'line': 395, 'column': 6, 'index': 16234}","  393 |       );
  394 |       expect(container.textContent).toBe('xyabdcvw');
> 395 |       expect(container.firstChild.childNodes.length).toBe(8);
      |      ^ Duplicate Assert
  396 |       render(
  397 |         template([
  398 |           spanTagWithText('y'),"
/home/gabriel/Disk/Research/research-javascript-test-smells/repositories/inferno/packages/inferno-create-element/__tests__/patchNonKeyedChildren.spec.js,Duplicate Assert,"{'line': 395, 'column': 6, 'index': 16234}","  393 |       );
  394 |       expect(container.textContent).toBe('xyabdcvw');
> 395 |       expect(container.firstChild.childNodes.length).toBe(8);
      |      ^ Duplicate Assert
  396 |       render(
  397 |         template([
  398 |           spanTagWithText('y'),"
/home/gabriel/Disk/Research/research-javascript-test-smells/repositories/inferno/packages/inferno-create-element/__tests__/patchNonKeyedChildren.spec.js,Duplicate Assert,"{'line': 410, 'column': 6, 'index': 16647}","  408 |         container,
  409 |       );
> 410 |       expect(container.textContent).toBe('yxad2fgwv');
      |      ^ Duplicate Assert
  411 |       expect(container.firstChild.childNodes.length).toBe(8);
  412 |     });
  413 |"
/home/gabriel/Disk/Research/research-javascript-test-smells/repositories/inferno/packages/inferno-create-element/__tests__/patchNonKeyedChildren.spec.js,Duplicate Assert,"{'line': 410, 'column': 6, 'index': 16647}","  408 |         container,
  409 |       );
> 410 |       expect(container.textContent).toBe('yxad2fgwv');
      |      ^ Duplicate Assert
  411 |       expect(container.firstChild.childNodes.length).toBe(8);
  412 |     });
  413 |"
/home/gabriel/Disk/Research/research-javascript-test-smells/repositories/inferno/packages/inferno-create-element/__tests__/patchNonKeyedChildren.spec.js,Duplicate Assert,"{'line': 411, 'column': 6, 'index': 16702}","  409 |       );
  410 |       expect(container.textContent).toBe('yxad2fgwv');
> 411 |       expect(container.firstChild.childNodes.length).toBe(8);
      |      ^ Duplicate Assert
  412 |     });
  413 |
  414 |     it('should do a advanced shuffle', () => {"
/home/gabriel/Disk/Research/research-javascript-test-smells/repositories/inferno/packages/inferno-create-element/__tests__/patchNonKeyedChildren.spec.js,Duplicate Assert,"{'line': 411, 'column': 6, 'index': 16702}","  409 |       );
  410 |       expect(container.textContent).toBe('yxad2fgwv');
> 411 |       expect(container.firstChild.childNodes.length).toBe(8);
      |      ^ Duplicate Assert
  412 |     });
  413 |
  414 |     it('should do a advanced shuffle', () => {"
/home/gabriel/Disk/Research/research-javascript-test-smells/repositories/inferno/packages/inferno-create-element/__tests__/patchNonKeyedChildren.spec.js,Duplicate Assert,"{'line': 424, 'column': 6, 'index': 17021}","  422 |         container,
  423 |       );
> 424 |       expect(container.textContent).toBe('abcd');
      |      ^ Duplicate Assert
  425 |       expect(container.firstChild.childNodes.length).toBe(4);
  426 |       render(
  427 |         template(["
/home/gabriel/Disk/Research/research-javascript-test-smells/repositories/inferno/packages/inferno-create-element/__tests__/patchNonKeyedChildren.spec.js,Duplicate Assert,"{'line': 424, 'column': 6, 'index': 17021}","  422 |         container,
  423 |       );
> 424 |       expect(container.textContent).toBe('abcd');
      |      ^ Duplicate Assert
  425 |       expect(container.firstChild.childNodes.length).toBe(4);
  426 |       render(
  427 |         template(["
/home/gabriel/Disk/Research/research-javascript-test-smells/repositories/inferno/packages/inferno-create-element/__tests__/patchNonKeyedChildren.spec.js,Duplicate Assert,"{'line': 425, 'column': 6, 'index': 17071}","  423 |       );
  424 |       expect(container.textContent).toBe('abcd');
> 425 |       expect(container.firstChild.childNodes.length).toBe(4);
      |      ^ Duplicate Assert
  426 |       render(
  427 |         template([
  428 |           spanTagWithText('e'),"
/home/gabriel/Disk/Research/research-javascript-test-smells/repositories/inferno/packages/inferno-create-element/__tests__/patchNonKeyedChildren.spec.js,Duplicate Assert,"{'line': 425, 'column': 6, 'index': 17071}","  423 |       );
  424 |       expect(container.textContent).toBe('abcd');
> 425 |       expect(container.firstChild.childNodes.length).toBe(4);
      |      ^ Duplicate Assert
  426 |       render(
  427 |         template([
  428 |           spanTagWithText('e'),"
/home/gabriel/Disk/Research/research-javascript-test-smells/repositories/inferno/packages/inferno-create-element/__tests__/patchNonKeyedChildren.spec.js,Duplicate Assert,"{'line': 437, 'column': 6, 'index': 17398}","  435 |         container,
  436 |       );
> 437 |       expect(container.textContent).toBe('ebfgca');
      |      ^ Duplicate Assert
  438 |       expect(container.firstChild.childNodes.length).toBe(6);
  439 |       render(
  440 |         template(["
/home/gabriel/Disk/Research/research-javascript-test-smells/repositories/inferno/packages/inferno-create-element/__tests__/patchNonKeyedChildren.spec.js,Duplicate Assert,"{'line': 437, 'column': 6, 'index': 17398}","  435 |         container,
  436 |       );
> 437 |       expect(container.textContent).toBe('ebfgca');
      |      ^ Duplicate Assert
  438 |       expect(container.firstChild.childNodes.length).toBe(6);
  439 |       render(
  440 |         template(["
/home/gabriel/Disk/Research/research-javascript-test-smells/repositories/inferno/packages/inferno-create-element/__tests__/patchNonKeyedChildren.spec.js,Duplicate Assert,"{'line': 438, 'column': 6, 'index': 17450}","  436 |       );
  437 |       expect(container.textContent).toBe('ebfgca');
> 438 |       expect(container.firstChild.childNodes.length).toBe(6);
      |      ^ Duplicate Assert
  439 |       render(
  440 |         template([
  441 |           spanTagWithText('a'),"
/home/gabriel/Disk/Research/research-javascript-test-smells/repositories/inferno/packages/inferno-create-element/__tests__/patchNonKeyedChildren.spec.js,Duplicate Assert,"{'line': 438, 'column': 6, 'index': 17450}","  436 |       );
  437 |       expect(container.textContent).toBe('ebfgca');
> 438 |       expect(container.firstChild.childNodes.length).toBe(6);
      |      ^ Duplicate Assert
  439 |       render(
  440 |         template([
  441 |           spanTagWithText('a'),"
/home/gabriel/Disk/Research/research-javascript-test-smells/repositories/inferno/packages/inferno-create-element/__tests__/patchNonKeyedChildren.spec.js,Duplicate Assert,"{'line': 449, 'column': 6, 'index': 17729}","  447 |         container,
  448 |       );
> 449 |       expect(container.textContent).toBe('a6cd');
      |      ^ Duplicate Assert
  450 |       expect(container.firstChild.childNodes.length).toBe(4);
  451 |       render(
  452 |         template(["
/home/gabriel/Disk/Research/research-javascript-test-smells/repositories/inferno/packages/inferno-create-element/__tests__/patchNonKeyedChildren.spec.js,Duplicate Assert,"{'line': 450, 'column': 6, 'index': 17779}","  448 |       );
  449 |       expect(container.textContent).toBe('a6cd');
> 450 |       expect(container.firstChild.childNodes.length).toBe(4);
      |      ^ Duplicate Assert
  451 |       render(
  452 |         template([
  453 |           spanTagWithText('e'),"
/home/gabriel/Disk/Research/research-javascript-test-smells/repositories/inferno/packages/inferno-create-element/__tests__/patchNonKeyedChildren.spec.js,Duplicate Assert,"{'line': 450, 'column': 6, 'index': 17779}","  448 |       );
  449 |       expect(container.textContent).toBe('a6cd');
> 450 |       expect(container.firstChild.childNodes.length).toBe(4);
      |      ^ Duplicate Assert
  451 |       render(
  452 |         template([
  453 |           spanTagWithText('e'),"
/home/gabriel/Disk/Research/research-javascript-test-smells/repositories/inferno/packages/inferno-create-element/__tests__/patchNonKeyedChildren.spec.js,Duplicate Assert,"{'line': 462, 'column': 6, 'index': 18106}","  460 |         container,
  461 |       );
> 462 |       expect(container.textContent).toBe('ebfgca');
      |      ^ Duplicate Assert
  463 |       expect(container.firstChild.childNodes.length).toBe(6);
  464 |       render(
  465 |         template(["
/home/gabriel/Disk/Research/research-javascript-test-smells/repositories/inferno/packages/inferno-create-element/__tests__/patchNonKeyedChildren.spec.js,Duplicate Assert,"{'line': 462, 'column': 6, 'index': 18106}","  460 |         container,
  461 |       );
> 462 |       expect(container.textContent).toBe('ebfgca');
      |      ^ Duplicate Assert
  463 |       expect(container.firstChild.childNodes.length).toBe(6);
  464 |       render(
  465 |         template(["
/home/gabriel/Disk/Research/research-javascript-test-smells/repositories/inferno/packages/inferno-create-element/__tests__/patchNonKeyedChildren.spec.js,Duplicate Assert,"{'line': 463, 'column': 6, 'index': 18158}","  461 |       );
  462 |       expect(container.textContent).toBe('ebfgca');
> 463 |       expect(container.firstChild.childNodes.length).toBe(6);
      |      ^ Duplicate Assert
  464 |       render(
  465 |         template([
  466 |           spanTagWithText('a'),"
/home/gabriel/Disk/Research/research-javascript-test-smells/repositories/inferno/packages/inferno-create-element/__tests__/patchNonKeyedChildren.spec.js,Duplicate Assert,"{'line': 463, 'column': 6, 'index': 18158}","  461 |       );
  462 |       expect(container.textContent).toBe('ebfgca');
> 463 |       expect(container.firstChild.childNodes.length).toBe(6);
      |      ^ Duplicate Assert
  464 |       render(
  465 |         template([
  466 |           spanTagWithText('a'),"
/home/gabriel/Disk/Research/research-javascript-test-smells/repositories/inferno/packages/inferno-create-element/__tests__/patchNonKeyedChildren.spec.js,Duplicate Assert,"{'line': 474, 'column': 6, 'index': 18442}","  472 |         container,
  473 |       );
> 474 |       expect(container.textContent).toBe('abcd');
      |      ^ Duplicate Assert
  475 |       expect(container.firstChild.childNodes.length).toBe(4);
  476 |       render(
  477 |         template(["
/home/gabriel/Disk/Research/research-javascript-test-smells/repositories/inferno/packages/inferno-create-element/__tests__/patchNonKeyedChildren.spec.js,Duplicate Assert,"{'line': 474, 'column': 6, 'index': 18442}","  472 |         container,
  473 |       );
> 474 |       expect(container.textContent).toBe('abcd');
      |      ^ Duplicate Assert
  475 |       expect(container.firstChild.childNodes.length).toBe(4);
  476 |       render(
  477 |         template(["
/home/gabriel/Disk/Research/research-javascript-test-smells/repositories/inferno/packages/inferno-create-element/__tests__/patchNonKeyedChildren.spec.js,Duplicate Assert,"{'line': 475, 'column': 6, 'index': 18492}","  473 |       );
  474 |       expect(container.textContent).toBe('abcd');
> 475 |       expect(container.firstChild.childNodes.length).toBe(4);
      |      ^ Duplicate Assert
  476 |       render(
  477 |         template([
  478 |           spanTagWithText('e'),"
/home/gabriel/Disk/Research/research-javascript-test-smells/repositories/inferno/packages/inferno-create-element/__tests__/patchNonKeyedChildren.spec.js,Duplicate Assert,"{'line': 475, 'column': 6, 'index': 18492}","  473 |       );
  474 |       expect(container.textContent).toBe('abcd');
> 475 |       expect(container.firstChild.childNodes.length).toBe(4);
      |      ^ Duplicate Assert
  476 |       render(
  477 |         template([
  478 |           spanTagWithText('e'),"
/home/gabriel/Disk/Research/research-javascript-test-smells/repositories/inferno/packages/inferno-create-element/__tests__/patchNonKeyedChildren.spec.js,Duplicate Assert,"{'line': 487, 'column': 6, 'index': 18819}","  485 |         container,
  486 |       );
> 487 |       expect(container.textContent).toBe('ebfgca');
      |      ^ Duplicate Assert
  488 |       expect(container.firstChild.childNodes.length).toBe(6);
  489 |     });
  490 |"
/home/gabriel/Disk/Research/research-javascript-test-smells/repositories/inferno/packages/inferno-create-element/__tests__/patchNonKeyedChildren.spec.js,Duplicate Assert,"{'line': 487, 'column': 6, 'index': 18819}","  485 |         container,
  486 |       );
> 487 |       expect(container.textContent).toBe('ebfgca');
      |      ^ Duplicate Assert
  488 |       expect(container.firstChild.childNodes.length).toBe(6);
  489 |     });
  490 |"
/home/gabriel/Disk/Research/research-javascript-test-smells/repositories/inferno/packages/inferno-create-element/__tests__/patchNonKeyedChildren.spec.js,Duplicate Assert,"{'line': 488, 'column': 6, 'index': 18871}","  486 |       );
  487 |       expect(container.textContent).toBe('ebfgca');
> 488 |       expect(container.firstChild.childNodes.length).toBe(6);
      |      ^ Duplicate Assert
  489 |     });
  490 |
  491 |     it('should do a complex reverse #2', () => {"
/home/gabriel/Disk/Research/research-javascript-test-smells/repositories/inferno/packages/inferno-create-element/__tests__/patchNonKeyedChildren.spec.js,Duplicate Assert,"{'line': 488, 'column': 6, 'index': 18871}","  486 |       );
  487 |       expect(container.textContent).toBe('ebfgca');
> 488 |       expect(container.firstChild.childNodes.length).toBe(6);
      |      ^ Duplicate Assert
  489 |     });
  490 |
  491 |     it('should do a complex reverse #2', () => {"
/home/gabriel/Disk/Research/research-javascript-test-smells/repositories/inferno/packages/inferno-create-element/__tests__/patchNonKeyedChildren.spec.js,Duplicate Assert,"{'line': 508, 'column': 6, 'index': 19335}","  506 |         container,
  507 |       );
> 508 |       expect(container.textContent).toBe('#2#1#0');
      |      ^ Duplicate Assert
  509 |       expect(container.firstChild.childNodes.length).toBe(3);
  510 |       render(
  511 |         template(["
/home/gabriel/Disk/Research/research-javascript-test-smells/repositories/inferno/packages/inferno-create-element/__tests__/patchNonKeyedChildren.spec.js,Duplicate Assert,"{'line': 508, 'column': 6, 'index': 19335}","  506 |         container,
  507 |       );
> 508 |       expect(container.textContent).toBe('#2#1#0');
      |      ^ Duplicate Assert
  509 |       expect(container.firstChild.childNodes.length).toBe(3);
  510 |       render(
  511 |         template(["
/home/gabriel/Disk/Research/research-javascript-test-smells/repositories/inferno/packages/inferno-create-element/__tests__/patchNonKeyedChildren.spec.js,Duplicate Assert,"{'line': 509, 'column': 6, 'index': 19387}","  507 |       );
  508 |       expect(container.textContent).toBe('#2#1#0');
> 509 |       expect(container.firstChild.childNodes.length).toBe(3);
      |      ^ Duplicate Assert
  510 |       render(
  511 |         template([
  512 |           spanTagWithText('#2'),"
/home/gabriel/Disk/Research/research-javascript-test-smells/repositories/inferno/packages/inferno-create-element/__tests__/patchNonKeyedChildren.spec.js,Duplicate Assert,"{'line': 509, 'column': 6, 'index': 19387}","  507 |       );
  508 |       expect(container.textContent).toBe('#2#1#0');
> 509 |       expect(container.firstChild.childNodes.length).toBe(3);
      |      ^ Duplicate Assert
  510 |       render(
  511 |         template([
  512 |           spanTagWithText('#2'),"
/home/gabriel/Disk/Research/research-javascript-test-smells/repositories/inferno/packages/inferno-create-element/__tests__/patchNonKeyedChildren.spec.js,Duplicate Assert,"{'line': 518, 'column': 6, 'index': 19621}","  516 |         container,
  517 |       );
> 518 |       expect(container.textContent).toBe('#2#1#0');
      |      ^ Duplicate Assert
  519 |       expect(container.firstChild.childNodes.length).toBe(3);
  520 |       render(
  521 |         template(["
/home/gabriel/Disk/Research/research-javascript-test-smells/repositories/inferno/packages/inferno-create-element/__tests__/patchNonKeyedChildren.spec.js,Duplicate Assert,"{'line': 518, 'column': 6, 'index': 19621}","  516 |         container,
  517 |       );
> 518 |       expect(container.textContent).toBe('#2#1#0');
      |      ^ Duplicate Assert
  519 |       expect(container.firstChild.childNodes.length).toBe(3);
  520 |       render(
  521 |         template(["
/home/gabriel/Disk/Research/research-javascript-test-smells/repositories/inferno/packages/inferno-create-element/__tests__/patchNonKeyedChildren.spec.js,Duplicate Assert,"{'line': 519, 'column': 6, 'index': 19673}","  517 |       );
  518 |       expect(container.textContent).toBe('#2#1#0');
> 519 |       expect(container.firstChild.childNodes.length).toBe(3);
      |      ^ Duplicate Assert
  520 |       render(
  521 |         template([
  522 |           spanTagWithText('#2'),"
/home/gabriel/Disk/Research/research-javascript-test-smells/repositories/inferno/packages/inferno-create-element/__tests__/patchNonKeyedChildren.spec.js,Duplicate Assert,"{'line': 519, 'column': 6, 'index': 19673}","  517 |       );
  518 |       expect(container.textContent).toBe('#2#1#0');
> 519 |       expect(container.firstChild.childNodes.length).toBe(3);
      |      ^ Duplicate Assert
  520 |       render(
  521 |         template([
  522 |           spanTagWithText('#2'),"
/home/gabriel/Disk/Research/research-javascript-test-smells/repositories/inferno/packages/inferno-create-element/__tests__/patchNonKeyedChildren.spec.js,Duplicate Assert,"{'line': 531, 'column': 6, 'index': 19955}","  529 |         container,
  530 |       );
> 531 |       expect(container.textContent).toBe('#2#1#0');
      |      ^ Duplicate Assert
  532 |       expect(container.firstChild.childNodes.length).toBe(3);
  533 |       render(
  534 |         template(["
/home/gabriel/Disk/Research/research-javascript-test-smells/repositories/inferno/packages/inferno-create-element/__tests__/patchNonKeyedChildren.spec.js,Duplicate Assert,"{'line': 531, 'column': 6, 'index': 19955}","  529 |         container,
  530 |       );
> 531 |       expect(container.textContent).toBe('#2#1#0');
      |      ^ Duplicate Assert
  532 |       expect(container.firstChild.childNodes.length).toBe(3);
  533 |       render(
  534 |         template(["
/home/gabriel/Disk/Research/research-javascript-test-smells/repositories/inferno/packages/inferno-create-element/__tests__/patchNonKeyedChildren.spec.js,Duplicate Assert,"{'line': 532, 'column': 6, 'index': 20007}","  530 |       );
  531 |       expect(container.textContent).toBe('#2#1#0');
> 532 |       expect(container.firstChild.childNodes.length).toBe(3);
      |      ^ Duplicate Assert
  533 |       render(
  534 |         template([
  535 |           spanTagWithText('#2'),"
/home/gabriel/Disk/Research/research-javascript-test-smells/repositories/inferno/packages/inferno-create-element/__tests__/patchNonKeyedChildren.spec.js,Duplicate Assert,"{'line': 532, 'column': 6, 'index': 20007}","  530 |       );
  531 |       expect(container.textContent).toBe('#2#1#0');
> 532 |       expect(container.firstChild.childNodes.length).toBe(3);
      |      ^ Duplicate Assert
  533 |       render(
  534 |         template([
  535 |           spanTagWithText('#2'),"
/home/gabriel/Disk/Research/research-javascript-test-smells/repositories/inferno/packages/inferno-create-element/__tests__/patchNonKeyedChildren.spec.js,Duplicate Assert,"{'line': 541, 'column': 6, 'index': 20241}","  539 |         container,
  540 |       );
> 541 |       expect(container.textContent).toBe('#2#1#4');
      |      ^ Duplicate Assert
  542 |       expect(container.firstChild.childNodes.length).toBe(3);
  543 |     });
  544 |"
/home/gabriel/Disk/Research/research-javascript-test-smells/repositories/inferno/packages/inferno-create-element/__tests__/patchNonKeyedChildren.spec.js,Duplicate Assert,"{'line': 542, 'column': 6, 'index': 20293}","  540 |       );
  541 |       expect(container.textContent).toBe('#2#1#4');
> 542 |       expect(container.firstChild.childNodes.length).toBe(3);
      |      ^ Duplicate Assert
  543 |     });
  544 |
  545 |     it('should add to end, delete from center & reverse #2', () => {"
/home/gabriel/Disk/Research/research-javascript-test-smells/repositories/inferno/packages/inferno-create-element/__tests__/patchNonKeyedChildren.spec.js,Duplicate Assert,"{'line': 542, 'column': 6, 'index': 20293}","  540 |       );
  541 |       expect(container.textContent).toBe('#2#1#4');
> 542 |       expect(container.firstChild.childNodes.length).toBe(3);
      |      ^ Duplicate Assert
  543 |     });
  544 |
  545 |     it('should add to end, delete from center & reverse #2', () => {"
/home/gabriel/Disk/Research/research-javascript-test-smells/repositories/inferno/packages/inferno-create-element/__tests__/patchNonKeyedChildren.spec.js,Duplicate Assert,"{'line': 564, 'column': 6, 'index': 20835}","  562 |         container,
  563 |       );
> 564 |       expect(container.textContent).toBe('edca');
      |      ^ Duplicate Assert
  565 |       expect(container.firstChild.childNodes.length).toBe(4);
  566 |       render(
  567 |         template(["
/home/gabriel/Disk/Research/research-javascript-test-smells/repositories/inferno/packages/inferno-create-element/__tests__/patchNonKeyedChildren.spec.js,Duplicate Assert,"{'line': 564, 'column': 6, 'index': 20835}","  562 |         container,
  563 |       );
> 564 |       expect(container.textContent).toBe('edca');
      |      ^ Duplicate Assert
  565 |       expect(container.firstChild.childNodes.length).toBe(4);
  566 |       render(
  567 |         template(["
/home/gabriel/Disk/Research/research-javascript-test-smells/repositories/inferno/packages/inferno-create-element/__tests__/patchNonKeyedChildren.spec.js,Duplicate Assert,"{'line': 565, 'column': 6, 'index': 20885}","  563 |       );
  564 |       expect(container.textContent).toBe('edca');
> 565 |       expect(container.firstChild.childNodes.length).toBe(4);
      |      ^ Duplicate Assert
  566 |       render(
  567 |         template([
  568 |           spanTagWithText('#2'),"
/home/gabriel/Disk/Research/research-javascript-test-smells/repositories/inferno/packages/inferno-create-element/__tests__/patchNonKeyedChildren.spec.js,Duplicate Assert,"{'line': 565, 'column': 6, 'index': 20885}","  563 |       );
  564 |       expect(container.textContent).toBe('edca');
> 565 |       expect(container.firstChild.childNodes.length).toBe(4);
      |      ^ Duplicate Assert
  566 |       render(
  567 |         template([
  568 |           spanTagWithText('#2'),"
/home/gabriel/Disk/Research/research-javascript-test-smells/repositories/inferno/packages/inferno-create-element/__tests__/patchNonKeyedChildren.spec.js,Duplicate Assert,"{'line': 574, 'column': 6, 'index': 21119}","  572 |         container,
  573 |       );
> 574 |       expect(container.textContent).toBe('#2#1#0');
      |      ^ Duplicate Assert
  575 |       expect(container.firstChild.childNodes.length).toBe(3);
  576 |       render(
  577 |         template(["
/home/gabriel/Disk/Research/research-javascript-test-smells/repositories/inferno/packages/inferno-create-element/__tests__/patchNonKeyedChildren.spec.js,Duplicate Assert,"{'line': 575, 'column': 6, 'index': 21171}","  573 |       );
  574 |       expect(container.textContent).toBe('#2#1#0');
> 575 |       expect(container.firstChild.childNodes.length).toBe(3);
      |      ^ Duplicate Assert
  576 |       render(
  577 |         template([
  578 |           spanTagWithText('#2'),"
/home/gabriel/Disk/Research/research-javascript-test-smells/repositories/inferno/packages/inferno-create-element/__tests__/patchNonKeyedChildren.spec.js,Duplicate Assert,"{'line': 575, 'column': 6, 'index': 21171}","  573 |       );
  574 |       expect(container.textContent).toBe('#2#1#0');
> 575 |       expect(container.firstChild.childNodes.length).toBe(3);
      |      ^ Duplicate Assert
  576 |       render(
  577 |         template([
  578 |           spanTagWithText('#2'),"
/home/gabriel/Disk/Research/research-javascript-test-smells/repositories/inferno/packages/inferno-create-element/__tests__/patchNonKeyedChildren.spec.js,Duplicate Assert,"{'line': 584, 'column': 6, 'index': 21405}","  582 |         container,
  583 |       );
> 584 |       expect(container.textContent).toBe('#2#1#4');
      |      ^ Duplicate Assert
  585 |       expect(container.firstChild.childNodes.length).toBe(3);
  586 |       render(
  587 |         template(["
/home/gabriel/Disk/Research/research-javascript-test-smells/repositories/inferno/packages/inferno-create-element/__tests__/patchNonKeyedChildren.spec.js,Duplicate Assert,"{'line': 585, 'column': 6, 'index': 21457}","  583 |       );
  584 |       expect(container.textContent).toBe('#2#1#4');
> 585 |       expect(container.firstChild.childNodes.length).toBe(3);
      |      ^ Duplicate Assert
  586 |       render(
  587 |         template([
  588 |           spanTagWithText('a'),"
/home/gabriel/Disk/Research/research-javascript-test-smells/repositories/inferno/packages/inferno-create-element/__tests__/patchNonKeyedChildren.spec.js,Duplicate Assert,"{'line': 585, 'column': 6, 'index': 21457}","  583 |       );
  584 |       expect(container.textContent).toBe('#2#1#4');
> 585 |       expect(container.firstChild.childNodes.length).toBe(3);
      |      ^ Duplicate Assert
  586 |       render(
  587 |         template([
  588 |           spanTagWithText('a'),"
/home/gabriel/Disk/Research/research-javascript-test-smells/repositories/inferno/packages/inferno-create-element/__tests__/patchNonKeyedChildren.spec.js,Duplicate Assert,"{'line': 604, 'column': 6, 'index': 21921}","  602 |         container,
  603 |       );
> 604 |       expect(container.textContent).toBe('edca');
      |      ^ Duplicate Assert
  605 |       expect(container.firstChild.childNodes.length).toBe(4);
  606 |     });
  607 |"
/home/gabriel/Disk/Research/research-javascript-test-smells/repositories/inferno/packages/inferno-create-element/__tests__/patchNonKeyedChildren.spec.js,Duplicate Assert,"{'line': 604, 'column': 6, 'index': 21921}","  602 |         container,
  603 |       );
> 604 |       expect(container.textContent).toBe('edca');
      |      ^ Duplicate Assert
  605 |       expect(container.firstChild.childNodes.length).toBe(4);
  606 |     });
  607 |"
/home/gabriel/Disk/Research/research-javascript-test-smells/repositories/inferno/packages/inferno-create-element/__tests__/patchNonKeyedChildren.spec.js,Duplicate Assert,"{'line': 605, 'column': 6, 'index': 21971}","  603 |       );
  604 |       expect(container.textContent).toBe('edca');
> 605 |       expect(container.firstChild.childNodes.length).toBe(4);
      |      ^ Duplicate Assert
  606 |     });
  607 |
  608 |     it('should insert to the middle #2', () => {"
/home/gabriel/Disk/Research/research-javascript-test-smells/repositories/inferno/packages/inferno-create-element/__tests__/patchNonKeyedChildren.spec.js,Duplicate Assert,"{'line': 605, 'column': 6, 'index': 21971}","  603 |       );
  604 |       expect(container.textContent).toBe('edca');
> 605 |       expect(container.firstChild.childNodes.length).toBe(4);
      |      ^ Duplicate Assert
  606 |     });
  607 |
  608 |     it('should insert to the middle #2', () => {"
/home/gabriel/Disk/Research/research-javascript-test-smells/repositories/inferno/packages/inferno-create-element/__tests__/patchNonKeyedChildren.spec.js,Duplicate Assert,"{'line': 617, 'column': 6, 'index': 22260}","  615 |         container,
  616 |       );
> 617 |       expect(container.textContent).toBe('cde');
      |      ^ Duplicate Assert
  618 |       expect(container.firstChild.childNodes.length).toBe(3);
  619 |       render(
  620 |         template(["
/home/gabriel/Disk/Research/research-javascript-test-smells/repositories/inferno/packages/inferno-create-element/__tests__/patchNonKeyedChildren.spec.js,Duplicate Assert,"{'line': 617, 'column': 6, 'index': 22260}","  615 |         container,
  616 |       );
> 617 |       expect(container.textContent).toBe('cde');
      |      ^ Duplicate Assert
  618 |       expect(container.firstChild.childNodes.length).toBe(3);
  619 |       render(
  620 |         template(["
/home/gabriel/Disk/Research/research-javascript-test-smells/repositories/inferno/packages/inferno-create-element/__tests__/patchNonKeyedChildren.spec.js,Duplicate Assert,"{'line': 618, 'column': 6, 'index': 22309}","  616 |       );
  617 |       expect(container.textContent).toBe('cde');
> 618 |       expect(container.firstChild.childNodes.length).toBe(3);
      |      ^ Duplicate Assert
  619 |       render(
  620 |         template([
  621 |           spanTagWithText('a'),"
/home/gabriel/Disk/Research/research-javascript-test-smells/repositories/inferno/packages/inferno-create-element/__tests__/patchNonKeyedChildren.spec.js,Duplicate Assert,"{'line': 618, 'column': 6, 'index': 22309}","  616 |       );
  617 |       expect(container.textContent).toBe('cde');
> 618 |       expect(container.firstChild.childNodes.length).toBe(3);
      |      ^ Duplicate Assert
  619 |       render(
  620 |         template([
  621 |           spanTagWithText('a'),"
/home/gabriel/Disk/Research/research-javascript-test-smells/repositories/inferno/packages/inferno-create-element/__tests__/patchNonKeyedChildren.spec.js,Duplicate Assert,"{'line': 627, 'column': 6, 'index': 22540}","  625 |         container,
  626 |       );
> 627 |       expect(container.textContent).toBe('abe');
      |      ^ Duplicate Assert
  628 |       expect(container.firstChild.childNodes.length).toBe(3);
  629 |       render(
  630 |         template(["
/home/gabriel/Disk/Research/research-javascript-test-smells/repositories/inferno/packages/inferno-create-element/__tests__/patchNonKeyedChildren.spec.js,Duplicate Assert,"{'line': 628, 'column': 6, 'index': 22589}","  626 |       );
  627 |       expect(container.textContent).toBe('abe');
> 628 |       expect(container.firstChild.childNodes.length).toBe(3);
      |      ^ Duplicate Assert
  629 |       render(
  630 |         template([
  631 |           spanTagWithText('c'),"
/home/gabriel/Disk/Research/research-javascript-test-smells/repositories/inferno/packages/inferno-create-element/__tests__/patchNonKeyedChildren.spec.js,Duplicate Assert,"{'line': 628, 'column': 6, 'index': 22589}","  626 |       );
  627 |       expect(container.textContent).toBe('abe');
> 628 |       expect(container.firstChild.childNodes.length).toBe(3);
      |      ^ Duplicate Assert
  629 |       render(
  630 |         template([
  631 |           spanTagWithText('c'),"
/home/gabriel/Disk/Research/research-javascript-test-smells/repositories/inferno/packages/inferno-create-element/__tests__/patchNonKeyedChildren.spec.js,Duplicate Assert,"{'line': 640, 'column': 6, 'index': 22868}","  638 |         container,
  639 |       );
> 640 |       expect(container.textContent).toBe('cde');
      |      ^ Duplicate Assert
  641 |       expect(container.firstChild.childNodes.length).toBe(3);
  642 |     });
  643 |   });"
/home/gabriel/Disk/Research/research-javascript-test-smells/repositories/inferno/packages/inferno-create-element/__tests__/patchNonKeyedChildren.spec.js,Duplicate Assert,"{'line': 640, 'column': 6, 'index': 22868}","  638 |         container,
  639 |       );
> 640 |       expect(container.textContent).toBe('cde');
      |      ^ Duplicate Assert
  641 |       expect(container.firstChild.childNodes.length).toBe(3);
  642 |     });
  643 |   });"
/home/gabriel/Disk/Research/research-javascript-test-smells/repositories/inferno/packages/inferno-create-element/__tests__/patchNonKeyedChildren.spec.js,Duplicate Assert,"{'line': 641, 'column': 6, 'index': 22917}","  639 |       );
  640 |       expect(container.textContent).toBe('cde');
> 641 |       expect(container.firstChild.childNodes.length).toBe(3);
      |      ^ Duplicate Assert
  642 |     });
  643 |   });
  644 | });"
/home/gabriel/Disk/Research/research-javascript-test-smells/repositories/inferno/packages/inferno-create-element/__tests__/patchNonKeyedChildren.spec.js,Duplicate Assert,"{'line': 641, 'column': 6, 'index': 22917}","  639 |       );
  640 |       expect(container.textContent).toBe('cde');
> 641 |       expect(container.firstChild.childNodes.length).toBe(3);
      |      ^ Duplicate Assert
  642 |     });
  643 |   });
  644 | });"
/home/gabriel/Disk/Research/research-javascript-test-smells/repositories/inferno/packages/inferno-create-element/__tests__/patchNonKeyedChildren.spec.js,Magic Number,"{'line': 48, 'column': 56, 'index': 1113}","  46 |     render(template(generateNodes(['#0', '#1', '#2', '#3'])), container);
  47 |     expect(container.textContent).toBe('#0#1#2#3');
> 48 |     expect(container.firstChild.childNodes.length).toBe(4);
     |                                                        ^ Magic Number
  49 |   });
  50 |   it('should remove two keys at the beginning', () => {
  51 |     render(template(generateNodes(['a', 'b', 'c'])), container);"
/home/gabriel/Disk/Research/research-javascript-test-smells/repositories/inferno/packages/inferno-create-element/__tests__/patchNonKeyedChildren.spec.js,Magic Number,"{'line': 54, 'column': 56, 'index': 1400}","  52 |     render(template(generateNodes(['c'])), container);
  53 |     expect(container.textContent).toBe('c');
> 54 |     expect(container.firstChild.childNodes.length).toBe(1);
     |                                                        ^ Magic Number
  55 |   });
  56 |   it('should size up', () => {
  57 |     render(template(generateNodes(['#0', '#1'])), container);"
/home/gabriel/Disk/Research/research-javascript-test-smells/repositories/inferno/packages/inferno-create-element/__tests__/patchNonKeyedChildren.spec.js,Magic Number,"{'line': 60, 'column': 56, 'index': 1685}","  58 |     render(template(generateNodes(['#0', '#1', '#2', '#3'])), container);
  59 |     expect(container.textContent).toBe('#0#1#2#3');
> 60 |     expect(container.firstChild.childNodes.length).toBe(4);
     |                                                        ^ Magic Number
  61 |   });
  62 |   it('should size down', () => {
  63 |     render(template(generateNodes(['#0', '#1', '#2', '#3'])), container);"
/home/gabriel/Disk/Research/research-javascript-test-smells/repositories/inferno/packages/inferno-create-element/__tests__/patchNonKeyedChildren.spec.js,Magic Number,"{'line': 66, 'column': 56, 'index': 1968}","  64 |     render(template(generateNodes(['#0', '#1'])), container);
  65 |     expect(container.textContent).toBe('#0#1');
> 66 |     expect(container.firstChild.childNodes.length).toBe(2);
     |                                                        ^ Magic Number
  67 |   });
  68 |   it('should clear all nodes', () => {
  69 |     render(template(generateNodes(['#0', '#1', '#2', '#3'])), container);"
/home/gabriel/Disk/Research/research-javascript-test-smells/repositories/inferno/packages/inferno-create-element/__tests__/patchNonKeyedChildren.spec.js,Magic Number,"{'line': 72, 'column': 56, 'index': 2243}","  70 |     render(template(generateNodes([])), container);
  71 |     expect(container.textContent).toBe('');
> 72 |     expect(container.firstChild.childNodes.length).toBe(0);
     |                                                        ^ Magic Number
  73 |   });
  74 |   it('should work with mixed nodes', () => {
  75 |     render(template(generateNodes(['1', '#0', '#1', '#2'])), container);"
/home/gabriel/Disk/Research/research-javascript-test-smells/repositories/inferno/packages/inferno-create-element/__tests__/patchNonKeyedChildren.spec.js,Magic Number,"{'line': 78, 'column': 56, 'index': 2553}","  76 |     render(template(generateNodes(['#0', '#1', '#2', '#3'])), container);
  77 |     expect(container.textContent).toBe('#0#1#2#3');
> 78 |     expect(container.firstChild.childNodes.length).toBe(4);
     |                                                        ^ Magic Number
  79 |   });
  80 |   it('should move a key for start to end', () => {
  81 |     render(template(generateNodes(['a', '#0', '#1', '#2'])), container);"
/home/gabriel/Disk/Research/research-javascript-test-smells/repositories/inferno/packages/inferno-create-element/__tests__/patchNonKeyedChildren.spec.js,Magic Number,"{'line': 84, 'column': 56, 'index': 2867}","  82 |     render(template(generateNodes(['#0', '#1', '#2', 'a'])), container);
  83 |     expect(container.textContent).toBe('#0#1#2a');
> 84 |     expect(container.firstChild.childNodes.length).toBe(4);
     |                                                        ^ Magic Number
  85 |   });
  86 |   it('should move a key', () => {
  87 |     render(template(generateNodes(['#0', 'a', '#2', '#3'])), container);"
/home/gabriel/Disk/Research/research-javascript-test-smells/repositories/inferno/packages/inferno-create-element/__tests__/patchNonKeyedChildren.spec.js,Magic Number,"{'line': 90, 'column': 56, 'index': 3164}","  88 |     render(template(generateNodes(['#0', '#1', 'a', '#3'])), container);
  89 |     expect(container.textContent).toBe('#0#1a#3');
> 90 |     expect(container.firstChild.childNodes.length).toBe(4);
     |                                                        ^ Magic Number
  91 |   });
  92 |   it('should move a key with a size up', () => {
  93 |     render(template(generateNodes(['a', '#1', '#2', '#3'])), container);"
/home/gabriel/Disk/Research/research-javascript-test-smells/repositories/inferno/packages/inferno-create-element/__tests__/patchNonKeyedChildren.spec.js,Magic Number,"{'line': 99, 'column': 56, 'index': 3511}","   97 |     );
   98 |     expect(container.textContent).toBe('#0#1#2#3a#5');
>  99 |     expect(container.firstChild.childNodes.length).toBe(6);
      |                                                        ^ Magic Number
  100 |     render(template(generateNodes(['a', '#1', '#2', '#3'])), container);
  101 |     render(
  102 |       template(generateNodes(['#0', '#1', '#2', '#3', 'a', '#5'])),"
/home/gabriel/Disk/Research/research-javascript-test-smells/repositories/inferno/packages/inferno-create-element/__tests__/patchNonKeyedChildren.spec.js,Magic Number,"{'line': 106, 'column': 56, 'index': 3803}","  104 |     );
  105 |     expect(container.textContent).toBe('#0#1#2#3a#5');
> 106 |     expect(container.firstChild.childNodes.length).toBe(6);
      |                                                        ^ Magic Number
  107 |     render(template(generateNodes(['a', '#1', '#2', '#3'])), container);
  108 |     render(
  109 |       template(generateNodes(['#0', '#1', '#2', '#3', 'a', '#5'])),"
/home/gabriel/Disk/Research/research-javascript-test-smells/repositories/inferno/packages/inferno-create-element/__tests__/patchNonKeyedChildren.spec.js,Magic Number,"{'line': 113, 'column': 56, 'index': 4095}","  111 |     );
  112 |     expect(container.textContent).toBe('#0#1#2#3a#5');
> 113 |     expect(container.firstChild.childNodes.length).toBe(6);
      |                                                        ^ Magic Number
  114 |     render(template(generateNodes(['a', '#1', '#2', '#3'])), container);
  115 |     render(
  116 |       template(generateNodes(['#0', '#1', '#2', '#3', 'a', '#5'])),"
/home/gabriel/Disk/Research/research-javascript-test-smells/repositories/inferno/packages/inferno-create-element/__tests__/patchNonKeyedChildren.spec.js,Magic Number,"{'line': 120, 'column': 56, 'index': 4387}","  118 |     );
  119 |     expect(container.textContent).toBe('#0#1#2#3a#5');
> 120 |     expect(container.firstChild.childNodes.length).toBe(6);
      |                                                        ^ Magic Number
  121 |     render(template(generateNodes(['a', '#1', '#2', '#4'])), container);
  122 |     render(
  123 |       template(generateNodes(['#0', '#1', '#2', '#4', 'a', '#5'])),"
/home/gabriel/Disk/Research/research-javascript-test-smells/repositories/inferno/packages/inferno-create-element/__tests__/patchNonKeyedChildren.spec.js,Magic Number,"{'line': 127, 'column': 56, 'index': 4679}","  125 |     );
  126 |     expect(container.textContent).toBe('#0#1#2#4a#5');
> 127 |     expect(container.firstChild.childNodes.length).toBe(6);
      |                                                        ^ Magic Number
  128 |     render(template(generateNodes(['a', '#1', '#2', '#3'])), container);
  129 |     render(
  130 |       template(generateNodes(['#0', '#1', '#2', '#3', 'a', '#5'])),"
/home/gabriel/Disk/Research/research-javascript-test-smells/repositories/inferno/packages/inferno-create-element/__tests__/patchNonKeyedChildren.spec.js,Magic Number,"{'line': 134, 'column': 56, 'index': 4971}","  132 |     );
  133 |     expect(container.textContent).toBe('#0#1#2#3a#5');
> 134 |     expect(container.firstChild.childNodes.length).toBe(6);
      |                                                        ^ Magic Number
  135 |   });
  136 |
  137 |   it('should move a key with a size down', () => {"
/home/gabriel/Disk/Research/research-javascript-test-smells/repositories/inferno/packages/inferno-create-element/__tests__/patchNonKeyedChildren.spec.js,Magic Number,"{'line': 141, 'column': 56, 'index': 5278}","  139 |     render(template(generateNodes(['#0', 'a', '#2'])), container);
  140 |     expect(container.textContent).toBe('#0a#2');
> 141 |     expect(container.firstChild.childNodes.length).toBe(3);
      |                                                        ^ Magic Number
  142 |   });
  143 |   it('should avoid unnecessary reordering', () => {
  144 |     render(template(generateNodes(['#0', 'a', '#2'])), container);"
/home/gabriel/Disk/Research/research-javascript-test-smells/repositories/inferno/packages/inferno-create-element/__tests__/patchNonKeyedChildren.spec.js,Magic Number,"{'line': 147, 'column': 56, 'index': 5579}","  145 |     render(template(generateNodes(['#0', 'a', '#2'])), container);
  146 |     expect(container.textContent).toBe('#0a#2');
> 147 |     expect(container.firstChild.childNodes.length).toBe(3);
      |                                                        ^ Magic Number
  148 |   });
  149 |   it('should work with keyed nodes', () => {
  150 |     render(template(generateNodes([0, 1, 2, 3, 4])), container);"
/home/gabriel/Disk/Research/research-javascript-test-smells/repositories/inferno/packages/inferno-create-element/__tests__/patchNonKeyedChildren.spec.js,Magic Number,"{'line': 153, 'column': 56, 'index': 5869}","  151 |     render(template(generateNodes([1, 2, 3, 4, 0])), container);
  152 |     expect(container.textContent).toBe('12340');
> 153 |     expect(container.firstChild.childNodes.length).toBe(5);
      |                                                        ^ Magic Number
  154 |     render(template(generateNodes([0, 1, 2, 3, 4])), container);
  155 |     render(template(generateNodes([1, 7, 3, 4, 5])), container); // this originally had duplicate keys!
  156 |     expect(container.textContent).toBe('17345');"
/home/gabriel/Disk/Research/research-javascript-test-smells/repositories/inferno/packages/inferno-create-element/__tests__/patchNonKeyedChildren.spec.js,Magic Number,"{'line': 157, 'column': 56, 'index': 6147}","  155 |     render(template(generateNodes([1, 7, 3, 4, 5])), container); // this originally had duplicate keys!
  156 |     expect(container.textContent).toBe('17345');
> 157 |     expect(container.firstChild.childNodes.length).toBe(5);
      |                                                        ^ Magic Number
  158 |     render(template(generateNodes([1, 2, 3, 4, 0])), container);
  159 |     expect(container.textContent).toBe('12340');
  160 |   });"
/home/gabriel/Disk/Research/research-javascript-test-smells/repositories/inferno/packages/inferno-create-element/__tests__/patchNonKeyedChildren.spec.js,Magic Number,"{'line': 172, 'column': 56, 'index': 6646}","  170 |     );
  171 |     expect(container.textContent).toBe('74326abcdef1');
> 172 |     expect(container.firstChild.childNodes.length).toBe(8);
      |                                                        ^ Magic Number
  173 |   });
  174 |   it('should remove one key at the start', () => {
  175 |     render(template(generateNodes(['a', 'b', 'c'])), container);"
/home/gabriel/Disk/Research/research-javascript-test-smells/repositories/inferno/packages/inferno-create-element/__tests__/patchNonKeyedChildren.spec.js,Magic Number,"{'line': 178, 'column': 56, 'index': 6934}","  176 |     render(template(generateNodes(['b', 'c'])), container);
  177 |     expect(container.textContent).toBe('bc');
> 178 |     expect(container.firstChild.childNodes.length).toBe(2);
      |                                                        ^ Magic Number
  179 |     render(template(generateNodes(['a', 'b', 'c'])), container);
  180 |     render(template(generateNodes(['b', 'c'])), container);
  181 |     expect(container.textContent).toBe('bc');"
/home/gabriel/Disk/Research/research-javascript-test-smells/repositories/inferno/packages/inferno-create-element/__tests__/patchNonKeyedChildren.spec.js,Magic Number,"{'line': 182, 'column': 56, 'index': 7165}","  180 |     render(template(generateNodes(['b', 'c'])), container);
  181 |     expect(container.textContent).toBe('bc');
> 182 |     expect(container.firstChild.childNodes.length).toBe(2);
      |                                                        ^ Magic Number
  183 |     render(template(generateNodes(['a', 'b', 'c', 'd'])), container);
  184 |     render(template(generateNodes(['d', 'c', 'b', 'a'])), container);
  185 |     expect(container.textContent).toBe('dcba');"
/home/gabriel/Disk/Research/research-javascript-test-smells/repositories/inferno/packages/inferno-create-element/__tests__/patchNonKeyedChildren.spec.js,Magic Number,"{'line': 186, 'column': 56, 'index': 7413}","  184 |     render(template(generateNodes(['d', 'c', 'b', 'a'])), container);
  185 |     expect(container.textContent).toBe('dcba');
> 186 |     expect(container.firstChild.childNodes.length).toBe(4);
      |                                                        ^ Magic Number
  187 |   });
  188 |
  189 |   it('should do a complex reverse', () => {"
/home/gabriel/Disk/Research/research-javascript-test-smells/repositories/inferno/packages/inferno-create-element/__tests__/patchNonKeyedChildren.spec.js,Magic Number,"{'line': 193, 'column': 56, 'index': 7712}","  191 |     render(template(generateNodes(['d', 'c', 'b', 'a'])), container);
  192 |     expect(container.textContent).toBe('dcba');
> 193 |     expect(container.firstChild.childNodes.length).toBe(4);
      |                                                        ^ Magic Number
  194 |     render(template(generateNodes(['a', 'b', 'c'])), container);
  195 |     render(template(generateNodes([0])), container);
  196 |     expect(container.textContent).toBe('0');"
/home/gabriel/Disk/Research/research-javascript-test-smells/repositories/inferno/packages/inferno-create-element/__tests__/patchNonKeyedChildren.spec.js,Magic Number,"{'line': 197, 'column': 56, 'index': 7935}","  195 |     render(template(generateNodes([0])), container);
  196 |     expect(container.textContent).toBe('0');
> 197 |     expect(container.firstChild.childNodes.length).toBe(1);
      |                                                        ^ Magic Number
  198 |     render(template(generateNodes(['a', 'b', 'c', 'd'])), container);
  199 |     render(template(generateNodes(['d', 'c', 'b', 'a'])), container);
  200 |     expect(container.textContent).toBe('dcba');"
/home/gabriel/Disk/Research/research-javascript-test-smells/repositories/inferno/packages/inferno-create-element/__tests__/patchNonKeyedChildren.spec.js,Magic Number,"{'line': 201, 'column': 56, 'index': 8183}","  199 |     render(template(generateNodes(['d', 'c', 'b', 'a'])), container);
  200 |     expect(container.textContent).toBe('dcba');
> 201 |     expect(container.firstChild.childNodes.length).toBe(4);
      |                                                        ^ Magic Number
  202 |   });
  203 |
  204 |   it('should remove two keys at the start', () => {"
/home/gabriel/Disk/Research/research-javascript-test-smells/repositories/inferno/packages/inferno-create-element/__tests__/patchNonKeyedChildren.spec.js,Magic Number,"{'line': 208, 'column': 56, 'index': 8467}","  206 |     render(template(generateNodes(['c'])), container);
  207 |     expect(container.textContent).toBe('c');
> 208 |     expect(container.firstChild.childNodes.length).toBe(1);
      |                                                        ^ Magic Number
  209 |   });
  210 |   it('should add one key to start', () => {
  211 |     render(template(generateNodes(['a', 'b'])), container);"
/home/gabriel/Disk/Research/research-javascript-test-smells/repositories/inferno/packages/inferno-create-element/__tests__/patchNonKeyedChildren.spec.js,Magic Number,"{'line': 214, 'column': 56, 'index': 8749}","  212 |     render(template(generateNodes(['a', 'b', 'c'])), container);
  213 |     expect(container.textContent).toBe('abc');
> 214 |     expect(container.firstChild.childNodes.length).toBe(3);
      |                                                        ^ Magic Number
  215 |   });
  216 |   it('should add two key to start', () => {
  217 |     render(template(generateNodes(['c'])), container);"
/home/gabriel/Disk/Research/research-javascript-test-smells/repositories/inferno/packages/inferno-create-element/__tests__/patchNonKeyedChildren.spec.js,Magic Number,"{'line': 220, 'column': 56, 'index': 9026}","  218 |     render(template(generateNodes(['a', 'b', 'c'])), container);
  219 |     expect(container.textContent).toBe('abc');
> 220 |     expect(container.firstChild.childNodes.length).toBe(3);
      |                                                        ^ Magic Number
  221 |   });
  222 |   it('should remove one key at the end', () => {
  223 |     render(template(generateNodes(['a', 'b', 'c'])), container);"
/home/gabriel/Disk/Research/research-javascript-test-smells/repositories/inferno/packages/inferno-create-element/__tests__/patchNonKeyedChildren.spec.js,Magic Number,"{'line': 226, 'column': 56, 'index': 9312}","  224 |     render(template(generateNodes(['a', 'b'])), container);
  225 |     expect(container.textContent).toBe('ab');
> 226 |     expect(container.firstChild.childNodes.length).toBe(2);
      |                                                        ^ Magic Number
  227 |   });
  228 |   it('should remove two keys at the end', () => {
  229 |     render(template(generateNodes(['a', 'b', 'c'])), container);"
/home/gabriel/Disk/Research/research-javascript-test-smells/repositories/inferno/packages/inferno-create-element/__tests__/patchNonKeyedChildren.spec.js,Magic Number,"{'line': 232, 'column': 56, 'index': 9593}","  230 |     render(template(generateNodes(['a'])), container);
  231 |     expect(container.textContent).toBe('a');
> 232 |     expect(container.firstChild.childNodes.length).toBe(1);
      |                                                        ^ Magic Number
  233 |   });
  234 |   it('should add one key at the end', () => {
  235 |     render(template(generateNodes(['a', 'b'])), container);"
/home/gabriel/Disk/Research/research-javascript-test-smells/repositories/inferno/packages/inferno-create-element/__tests__/patchNonKeyedChildren.spec.js,Magic Number,"{'line': 238, 'column': 56, 'index': 9877}","  236 |     render(template(generateNodes(['a', 'b', 'c'])), container);
  237 |     expect(container.textContent).toBe('abc');
> 238 |     expect(container.firstChild.childNodes.length).toBe(3);
      |                                                        ^ Magic Number
  239 |   });
  240 |   it('should add two key at the end', () => {
  241 |     render(template(generateNodes(['a'])), container);"
/home/gabriel/Disk/Research/research-javascript-test-smells/repositories/inferno/packages/inferno-create-element/__tests__/patchNonKeyedChildren.spec.js,Magic Number,"{'line': 244, 'column': 56, 'index': 10156}","  242 |     render(template(generateNodes(['a', 'b', 'c'])), container);
  243 |     expect(container.textContent).toBe('abc');
> 244 |     expect(container.firstChild.childNodes.length).toBe(3);
      |                                                        ^ Magic Number
  245 |   });
  246 |   it('should add to end, delete from center & reverse', () => {
  247 |     render(template(generateNodes(['a', 'b', 'c', 'd'])), container);"
/home/gabriel/Disk/Research/research-javascript-test-smells/repositories/inferno/packages/inferno-create-element/__tests__/patchNonKeyedChildren.spec.js,Magic Number,"{'line': 250, 'column': 56, 'index': 10474}","  248 |     render(template(generateNodes(['e', 'd', 'c', 'a'])), container);
  249 |     expect(container.textContent).toBe('edca');
> 250 |     expect(container.firstChild.childNodes.length).toBe(4);
      |                                                        ^ Magic Number
  251 |   });
  252 |   it('should add to the beginning and remove', () => {
  253 |     render(template(generateNodes(['c', 'd'])), container);"
/home/gabriel/Disk/Research/research-javascript-test-smells/repositories/inferno/packages/inferno-create-element/__tests__/patchNonKeyedChildren.spec.js,Magic Number,"{'line': 256, 'column': 56, 'index': 10773}","  254 |     render(template(generateNodes(['a', 'b', 'c', 'e'])), container);
  255 |     expect(container.textContent).toBe('abce');
> 256 |     expect(container.firstChild.childNodes.length).toBe(4);
      |                                                        ^ Magic Number
  257 |   });
  258 |   it('should keep a central pivot', () => {
  259 |     render(template(generateNodes(['1', '2', '3'])), container);"
/home/gabriel/Disk/Research/research-javascript-test-smells/repositories/inferno/packages/inferno-create-element/__tests__/patchNonKeyedChildren.spec.js,Magic Number,"{'line': 262, 'column': 56, 'index': 11060}","  260 |     render(template(generateNodes(['4', '2', '5'])), container);
  261 |     expect(container.textContent).toBe('425');
> 262 |     expect(container.firstChild.childNodes.length).toBe(3);
      |                                                        ^ Magic Number
  263 |   });
  264 |   it('should insert to the middle', () => {
  265 |     render(template(generateNodes(['c', 'd', 'e'])), container);"
/home/gabriel/Disk/Research/research-javascript-test-smells/repositories/inferno/packages/inferno-create-element/__tests__/patchNonKeyedChildren.spec.js,Magic Number,"{'line': 268, 'column': 56, 'index': 11347}","  266 |     render(template(generateNodes(['a', 'b', 'e'])), container);
  267 |     expect(container.textContent).toBe('abe');
> 268 |     expect(container.firstChild.childNodes.length).toBe(3);
      |                                                        ^ Magic Number
  269 |   });
  270 |   it('should shuffle, insert and remove', () => {
  271 |     render("
/home/gabriel/Disk/Research/research-javascript-test-smells/repositories/inferno/packages/inferno-create-element/__tests__/patchNonKeyedChildren.spec.js,Magic Number,"{'line': 277, 'column': 56, 'index': 11679}","  275 |     render(template(generateNodes(['b', 'c', 'a'])), container);
  276 |     expect(container.textContent).toBe('bca');
> 277 |     expect(container.firstChild.childNodes.length).toBe(3);
      |                                                        ^ Magic Number
  278 |   });
  279 |   it('should remove a element from the middle', () => {
  280 |     render(template(generateNodes([1, 2, 3, 4, 5])), container);"
/home/gabriel/Disk/Research/research-javascript-test-smells/repositories/inferno/packages/inferno-create-element/__tests__/patchNonKeyedChildren.spec.js,Magic Number,"{'line': 281, 'column': 56, 'index': 11866}","  279 |   it('should remove a element from the middle', () => {
  280 |     render(template(generateNodes([1, 2, 3, 4, 5])), container);
> 281 |     expect(container.firstChild.childNodes.length).toBe(5);
      |                                                        ^ Magic Number
  282 |     render(template(generateNodes([1, 2, 4, 5])), container);
  283 |     expect(container.textContent).toBe('1245');
  284 |     expect(container.firstChild.childNodes.length).toBe(4);"
/home/gabriel/Disk/Research/research-javascript-test-smells/repositories/inferno/packages/inferno-create-element/__tests__/patchNonKeyedChildren.spec.js,Magic Number,"{'line': 284, 'column': 56, 'index': 12036}","  282 |     render(template(generateNodes([1, 2, 4, 5])), container);
  283 |     expect(container.textContent).toBe('1245');
> 284 |     expect(container.firstChild.childNodes.length).toBe(4);
      |                                                        ^ Magic Number
  285 |   });
  286 |   it('should move a element forward', () => {
  287 |     render(template(generateNodes([1, 2, 3, 4])), container);"
/home/gabriel/Disk/Research/research-javascript-test-smells/repositories/inferno/packages/inferno-create-element/__tests__/patchNonKeyedChildren.spec.js,Magic Number,"{'line': 288, 'column': 56, 'index': 12210}","  286 |   it('should move a element forward', () => {
  287 |     render(template(generateNodes([1, 2, 3, 4])), container);
> 288 |     expect(container.firstChild.childNodes.length).toBe(4);
      |                                                        ^ Magic Number
  289 |     render(template(generateNodes([2, 3, 1, 4])), container);
  290 |     expect(container.textContent).toBe('2314');
  291 |     expect(container.firstChild.childNodes.length).toBe(4);"
/home/gabriel/Disk/Research/research-javascript-test-smells/repositories/inferno/packages/inferno-create-element/__tests__/patchNonKeyedChildren.spec.js,Magic Number,"{'line': 291, 'column': 56, 'index': 12380}","  289 |     render(template(generateNodes([2, 3, 1, 4])), container);
  290 |     expect(container.textContent).toBe('2314');
> 291 |     expect(container.firstChild.childNodes.length).toBe(4);
      |                                                        ^ Magic Number
  292 |   });
  293 |   it('should move a element to the end', () => {
  294 |     render(template(generateNodes([1, 2, 3])), container);"
/home/gabriel/Disk/Research/research-javascript-test-smells/repositories/inferno/packages/inferno-create-element/__tests__/patchNonKeyedChildren.spec.js,Magic Number,"{'line': 295, 'column': 56, 'index': 12554}","  293 |   it('should move a element to the end', () => {
  294 |     render(template(generateNodes([1, 2, 3])), container);
> 295 |     expect(container.firstChild.childNodes.length).toBe(3);
      |                                                        ^ Magic Number
  296 |     render(template(generateNodes([2, 3, 1])), container);
  297 |     expect(container.textContent).toBe('231');
  298 |     expect(container.firstChild.childNodes.length).toBe(3);"
/home/gabriel/Disk/Research/research-javascript-test-smells/repositories/inferno/packages/inferno-create-element/__tests__/patchNonKeyedChildren.spec.js,Magic Number,"{'line': 298, 'column': 56, 'index': 12720}","  296 |     render(template(generateNodes([2, 3, 1])), container);
  297 |     expect(container.textContent).toBe('231');
> 298 |     expect(container.firstChild.childNodes.length).toBe(3);
      |                                                        ^ Magic Number
  299 |   });
  300 |   it('should move a element backwards', () => {
  301 |     render(template(generateNodes([1, 2, 3, 4])), container);"
/home/gabriel/Disk/Research/research-javascript-test-smells/repositories/inferno/packages/inferno-create-element/__tests__/patchNonKeyedChildren.spec.js,Magic Number,"{'line': 302, 'column': 56, 'index': 12896}","  300 |   it('should move a element backwards', () => {
  301 |     render(template(generateNodes([1, 2, 3, 4])), container);
> 302 |     expect(container.firstChild.childNodes.length).toBe(4);
      |                                                        ^ Magic Number
  303 |     render(template(generateNodes([1, 4, 2, 3])), container);
  304 |     expect(container.textContent).toBe('1423');
  305 |     expect(container.firstChild.childNodes.length).toBe(4);"
/home/gabriel/Disk/Research/research-javascript-test-smells/repositories/inferno/packages/inferno-create-element/__tests__/patchNonKeyedChildren.spec.js,Magic Number,"{'line': 305, 'column': 56, 'index': 13066}","  303 |     render(template(generateNodes([1, 4, 2, 3])), container);
  304 |     expect(container.textContent).toBe('1423');
> 305 |     expect(container.firstChild.childNodes.length).toBe(4);
      |                                                        ^ Magic Number
  306 |   });
  307 |   it('should swap first and last', () => {
  308 |     render(template(generateNodes([1, 2, 3, 4])), container);"
/home/gabriel/Disk/Research/research-javascript-test-smells/repositories/inferno/packages/inferno-create-element/__tests__/patchNonKeyedChildren.spec.js,Magic Number,"{'line': 309, 'column': 56, 'index': 13237}","  307 |   it('should swap first and last', () => {
  308 |     render(template(generateNodes([1, 2, 3, 4])), container);
> 309 |     expect(container.firstChild.childNodes.length).toBe(4);
      |                                                        ^ Magic Number
  310 |     render(template(generateNodes([4, 2, 3, 1])), container);
  311 |     expect(container.textContent).toBe('4231');
  312 |     expect(container.firstChild.childNodes.length).toBe(4);"
/home/gabriel/Disk/Research/research-javascript-test-smells/repositories/inferno/packages/inferno-create-element/__tests__/patchNonKeyedChildren.spec.js,Magic Number,"{'line': 312, 'column': 56, 'index': 13407}","  310 |     render(template(generateNodes([4, 2, 3, 1])), container);
  311 |     expect(container.textContent).toBe('4231');
> 312 |     expect(container.firstChild.childNodes.length).toBe(4);
      |                                                        ^ Magic Number
  313 |   });
  314 |   it('should move to left and replace', () => {
  315 |     render(template(generateNodes([1, 2, 3, 4, 5])), container);"
/home/gabriel/Disk/Research/research-javascript-test-smells/repositories/inferno/packages/inferno-create-element/__tests__/patchNonKeyedChildren.spec.js,Magic Number,"{'line': 316, 'column': 56, 'index': 13586}","  314 |   it('should move to left and replace', () => {
  315 |     render(template(generateNodes([1, 2, 3, 4, 5])), container);
> 316 |     expect(container.firstChild.childNodes.length).toBe(5);
      |                                                        ^ Magic Number
  317 |     render(template(generateNodes([4, 1, 2, 3, 6])), container);
  318 |     expect(container.textContent).toBe('41236');
  319 |     expect(container.firstChild.childNodes.length).toBe(5);"
/home/gabriel/Disk/Research/research-javascript-test-smells/repositories/inferno/packages/inferno-create-element/__tests__/patchNonKeyedChildren.spec.js,Magic Number,"{'line': 319, 'column': 56, 'index': 13760}","  317 |     render(template(generateNodes([4, 1, 2, 3, 6])), container);
  318 |     expect(container.textContent).toBe('41236');
> 319 |     expect(container.firstChild.childNodes.length).toBe(5);
      |                                                        ^ Magic Number
  320 |   });
  321 |   it('should move to left and leave a hole', () => {
  322 |     render(template(generateNodes([1, 4, 5])), container);"
/home/gabriel/Disk/Research/research-javascript-test-smells/repositories/inferno/packages/inferno-create-element/__tests__/patchNonKeyedChildren.spec.js,Magic Number,"{'line': 323, 'column': 56, 'index': 13938}","  321 |   it('should move to left and leave a hole', () => {
  322 |     render(template(generateNodes([1, 4, 5])), container);
> 323 |     expect(container.firstChild.childNodes.length).toBe(3);
      |                                                        ^ Magic Number
  324 |     render(template(generateNodes([4, 6])), container);
  325 |     expect(container.textContent).toBe('46');
  326 |     expect(container.firstChild.childNodes.length).toBe(2);"
/home/gabriel/Disk/Research/research-javascript-test-smells/repositories/inferno/packages/inferno-create-element/__tests__/patchNonKeyedChildren.spec.js,Magic Number,"{'line': 326, 'column': 56, 'index': 14100}","  324 |     render(template(generateNodes([4, 6])), container);
  325 |     expect(container.textContent).toBe('46');
> 326 |     expect(container.firstChild.childNodes.length).toBe(2);
      |                                                        ^ Magic Number
  327 |   });
  328 |   it('should do something', () => {
  329 |     render(template(generateNodes([0, 1, 2, 3, 4, 5])), container);"
/home/gabriel/Disk/Research/research-javascript-test-smells/repositories/inferno/packages/inferno-create-element/__tests__/patchNonKeyedChildren.spec.js,Magic Number,"{'line': 330, 'column': 56, 'index': 14270}","  328 |   it('should do something', () => {
  329 |     render(template(generateNodes([0, 1, 2, 3, 4, 5])), container);
> 330 |     expect(container.firstChild.childNodes.length).toBe(6);
      |                                                        ^ Magic Number
  331 |     render(template(generateNodes([4, 3, 2, 1, 5, 0])), container);
  332 |     expect(container.textContent).toBe('432150');
  333 |     expect(container.firstChild.childNodes.length).toBe(6);"
/home/gabriel/Disk/Research/research-javascript-test-smells/repositories/inferno/packages/inferno-create-element/__tests__/patchNonKeyedChildren.spec.js,Magic Number,"{'line': 333, 'column': 56, 'index': 14448}","  331 |     render(template(generateNodes([4, 3, 2, 1, 5, 0])), container);
  332 |     expect(container.textContent).toBe('432150');
> 333 |     expect(container.firstChild.childNodes.length).toBe(6);
      |                                                        ^ Magic Number
  334 |   });
  335 |
  336 |   describe('Without blueprints', () => {"
/home/gabriel/Disk/Research/research-javascript-test-smells/repositories/inferno/packages/inferno-create-element/__tests__/patchNonKeyedChildren.spec.js,Magic Number,"{'line': 365, 'column': 58, 'index': 15394}","  363 |       );
  364 |       expect(container.textContent).toBe('xyabdcvw');
> 365 |       expect(container.firstChild.childNodes.length).toBe(8);
      |                                                          ^ Magic Number
  366 |       render(
  367 |         template([
  368 |           spanTagWithText('y'),"
/home/gabriel/Disk/Research/research-javascript-test-smells/repositories/inferno/packages/inferno-create-element/__tests__/patchNonKeyedChildren.spec.js,Magic Number,"{'line': 380, 'column': 58, 'index': 15841}","  378 |       );
  379 |       expect(container.textContent).toBe('yxad2fgwv');
> 380 |       expect(container.firstChild.childNodes.length).toBe(8);
      |                                                          ^ Magic Number
  381 |       render(
  382 |         template([
  383 |           spanTagWithText('x'),"
/home/gabriel/Disk/Research/research-javascript-test-smells/repositories/inferno/packages/inferno-create-element/__tests__/patchNonKeyedChildren.spec.js,Magic Number,"{'line': 395, 'column': 58, 'index': 16286}","  393 |       );
  394 |       expect(container.textContent).toBe('xyabdcvw');
> 395 |       expect(container.firstChild.childNodes.length).toBe(8);
      |                                                          ^ Magic Number
  396 |       render(
  397 |         template([
  398 |           spanTagWithText('y'),"
/home/gabriel/Disk/Research/research-javascript-test-smells/repositories/inferno/packages/inferno-create-element/__tests__/patchNonKeyedChildren.spec.js,Magic Number,"{'line': 411, 'column': 58, 'index': 16754}","  409 |       );
  410 |       expect(container.textContent).toBe('yxad2fgwv');
> 411 |       expect(container.firstChild.childNodes.length).toBe(8);
      |                                                          ^ Magic Number
  412 |     });
  413 |
  414 |     it('should do a advanced shuffle', () => {"
/home/gabriel/Disk/Research/research-javascript-test-smells/repositories/inferno/packages/inferno-create-element/__tests__/patchNonKeyedChildren.spec.js,Magic Number,"{'line': 425, 'column': 58, 'index': 17123}","  423 |       );
  424 |       expect(container.textContent).toBe('abcd');
> 425 |       expect(container.firstChild.childNodes.length).toBe(4);
      |                                                          ^ Magic Number
  426 |       render(
  427 |         template([
  428 |           spanTagWithText('e'),"
/home/gabriel/Disk/Research/research-javascript-test-smells/repositories/inferno/packages/inferno-create-element/__tests__/patchNonKeyedChildren.spec.js,Magic Number,"{'line': 438, 'column': 58, 'index': 17502}","  436 |       );
  437 |       expect(container.textContent).toBe('ebfgca');
> 438 |       expect(container.firstChild.childNodes.length).toBe(6);
      |                                                          ^ Magic Number
  439 |       render(
  440 |         template([
  441 |           spanTagWithText('a'),"
/home/gabriel/Disk/Research/research-javascript-test-smells/repositories/inferno/packages/inferno-create-element/__tests__/patchNonKeyedChildren.spec.js,Magic Number,"{'line': 450, 'column': 58, 'index': 17831}","  448 |       );
  449 |       expect(container.textContent).toBe('a6cd');
> 450 |       expect(container.firstChild.childNodes.length).toBe(4);
      |                                                          ^ Magic Number
  451 |       render(
  452 |         template([
  453 |           spanTagWithText('e'),"
/home/gabriel/Disk/Research/research-javascript-test-smells/repositories/inferno/packages/inferno-create-element/__tests__/patchNonKeyedChildren.spec.js,Magic Number,"{'line': 463, 'column': 58, 'index': 18210}","  461 |       );
  462 |       expect(container.textContent).toBe('ebfgca');
> 463 |       expect(container.firstChild.childNodes.length).toBe(6);
      |                                                          ^ Magic Number
  464 |       render(
  465 |         template([
  466 |           spanTagWithText('a'),"
/home/gabriel/Disk/Research/research-javascript-test-smells/repositories/inferno/packages/inferno-create-element/__tests__/patchNonKeyedChildren.spec.js,Magic Number,"{'line': 475, 'column': 58, 'index': 18544}","  473 |       );
  474 |       expect(container.textContent).toBe('abcd');
> 475 |       expect(container.firstChild.childNodes.length).toBe(4);
      |                                                          ^ Magic Number
  476 |       render(
  477 |         template([
  478 |           spanTagWithText('e'),"
/home/gabriel/Disk/Research/research-javascript-test-smells/repositories/inferno/packages/inferno-create-element/__tests__/patchNonKeyedChildren.spec.js,Magic Number,"{'line': 488, 'column': 58, 'index': 18923}","  486 |       );
  487 |       expect(container.textContent).toBe('ebfgca');
> 488 |       expect(container.firstChild.childNodes.length).toBe(6);
      |                                                          ^ Magic Number
  489 |     });
  490 |
  491 |     it('should do a complex reverse #2', () => {"
/home/gabriel/Disk/Research/research-javascript-test-smells/repositories/inferno/packages/inferno-create-element/__tests__/patchNonKeyedChildren.spec.js,Magic Number,"{'line': 509, 'column': 58, 'index': 19439}","  507 |       );
  508 |       expect(container.textContent).toBe('#2#1#0');
> 509 |       expect(container.firstChild.childNodes.length).toBe(3);
      |                                                          ^ Magic Number
  510 |       render(
  511 |         template([
  512 |           spanTagWithText('#2'),"
/home/gabriel/Disk/Research/research-javascript-test-smells/repositories/inferno/packages/inferno-create-element/__tests__/patchNonKeyedChildren.spec.js,Magic Number,"{'line': 519, 'column': 58, 'index': 19725}","  517 |       );
  518 |       expect(container.textContent).toBe('#2#1#0');
> 519 |       expect(container.firstChild.childNodes.length).toBe(3);
      |                                                          ^ Magic Number
  520 |       render(
  521 |         template([
  522 |           spanTagWithText('#2'),"
/home/gabriel/Disk/Research/research-javascript-test-smells/repositories/inferno/packages/inferno-create-element/__tests__/patchNonKeyedChildren.spec.js,Magic Number,"{'line': 532, 'column': 58, 'index': 20059}","  530 |       );
  531 |       expect(container.textContent).toBe('#2#1#0');
> 532 |       expect(container.firstChild.childNodes.length).toBe(3);
      |                                                          ^ Magic Number
  533 |       render(
  534 |         template([
  535 |           spanTagWithText('#2'),"
/home/gabriel/Disk/Research/research-javascript-test-smells/repositories/inferno/packages/inferno-create-element/__tests__/patchNonKeyedChildren.spec.js,Magic Number,"{'line': 542, 'column': 58, 'index': 20345}","  540 |       );
  541 |       expect(container.textContent).toBe('#2#1#4');
> 542 |       expect(container.firstChild.childNodes.length).toBe(3);
      |                                                          ^ Magic Number
  543 |     });
  544 |
  545 |     it('should add to end, delete from center & reverse #2', () => {"
/home/gabriel/Disk/Research/research-javascript-test-smells/repositories/inferno/packages/inferno-create-element/__tests__/patchNonKeyedChildren.spec.js,Magic Number,"{'line': 565, 'column': 58, 'index': 20937}","  563 |       );
  564 |       expect(container.textContent).toBe('edca');
> 565 |       expect(container.firstChild.childNodes.length).toBe(4);
      |                                                          ^ Magic Number
  566 |       render(
  567 |         template([
  568 |           spanTagWithText('#2'),"
/home/gabriel/Disk/Research/research-javascript-test-smells/repositories/inferno/packages/inferno-create-element/__tests__/patchNonKeyedChildren.spec.js,Magic Number,"{'line': 575, 'column': 58, 'index': 21223}","  573 |       );
  574 |       expect(container.textContent).toBe('#2#1#0');
> 575 |       expect(container.firstChild.childNodes.length).toBe(3);
      |                                                          ^ Magic Number
  576 |       render(
  577 |         template([
  578 |           spanTagWithText('#2'),"
/home/gabriel/Disk/Research/research-javascript-test-smells/repositories/inferno/packages/inferno-create-element/__tests__/patchNonKeyedChildren.spec.js,Magic Number,"{'line': 585, 'column': 58, 'index': 21509}","  583 |       );
  584 |       expect(container.textContent).toBe('#2#1#4');
> 585 |       expect(container.firstChild.childNodes.length).toBe(3);
      |                                                          ^ Magic Number
  586 |       render(
  587 |         template([
  588 |           spanTagWithText('a'),"
/home/gabriel/Disk/Research/research-javascript-test-smells/repositories/inferno/packages/inferno-create-element/__tests__/patchNonKeyedChildren.spec.js,Magic Number,"{'line': 605, 'column': 58, 'index': 22023}","  603 |       );
  604 |       expect(container.textContent).toBe('edca');
> 605 |       expect(container.firstChild.childNodes.length).toBe(4);
      |                                                          ^ Magic Number
  606 |     });
  607 |
  608 |     it('should insert to the middle #2', () => {"
/home/gabriel/Disk/Research/research-javascript-test-smells/repositories/inferno/packages/inferno-create-element/__tests__/patchNonKeyedChildren.spec.js,Magic Number,"{'line': 618, 'column': 58, 'index': 22361}","  616 |       );
  617 |       expect(container.textContent).toBe('cde');
> 618 |       expect(container.firstChild.childNodes.length).toBe(3);
      |                                                          ^ Magic Number
  619 |       render(
  620 |         template([
  621 |           spanTagWithText('a'),"
/home/gabriel/Disk/Research/research-javascript-test-smells/repositories/inferno/packages/inferno-create-element/__tests__/patchNonKeyedChildren.spec.js,Magic Number,"{'line': 628, 'column': 58, 'index': 22641}","  626 |       );
  627 |       expect(container.textContent).toBe('abe');
> 628 |       expect(container.firstChild.childNodes.length).toBe(3);
      |                                                          ^ Magic Number
  629 |       render(
  630 |         template([
  631 |           spanTagWithText('c'),"
/home/gabriel/Disk/Research/research-javascript-test-smells/repositories/inferno/packages/inferno-create-element/__tests__/patchNonKeyedChildren.spec.js,Magic Number,"{'line': 641, 'column': 58, 'index': 22969}","  639 |       );
  640 |       expect(container.textContent).toBe('cde');
> 641 |       expect(container.firstChild.childNodes.length).toBe(3);
      |                                                          ^ Magic Number
  642 |     });
  643 |   });
  644 | });"
/home/gabriel/Disk/Research/research-javascript-test-smells/repositories/inferno/packages/inferno-create-element/__tests__/patchMixedKeyed.spec.js,Duplicate Assert,"{'line': 49, 'column': 4, 'index': 1029}","  47 |       container,
  48 |     );
> 49 |     expect(container.textContent).toBe('bc');
     |    ^ Duplicate Assert
  50 |     expect(container.firstChild.childNodes.length).toBe(2);
  51 |     render(
  52 |       template(["
/home/gabriel/Disk/Research/research-javascript-test-smells/repositories/inferno/packages/inferno-create-element/__tests__/patchMixedKeyed.spec.js,Duplicate Assert,"{'line': 49, 'column': 4, 'index': 1029}","  47 |       container,
  48 |     );
> 49 |     expect(container.textContent).toBe('bc');
     |    ^ Duplicate Assert
  50 |     expect(container.firstChild.childNodes.length).toBe(2);
  51 |     render(
  52 |       template(["
/home/gabriel/Disk/Research/research-javascript-test-smells/repositories/inferno/packages/inferno-create-element/__tests__/patchMixedKeyed.spec.js,Duplicate Assert,"{'line': 50, 'column': 4, 'index': 1075}","  48 |     );
  49 |     expect(container.textContent).toBe('bc');
> 50 |     expect(container.firstChild.childNodes.length).toBe(2);
     |    ^ Duplicate Assert
  51 |     render(
  52 |       template([
  53 |         spanTagWithKeyAndText('a', 'a'),"
/home/gabriel/Disk/Research/research-javascript-test-smells/repositories/inferno/packages/inferno-create-element/__tests__/patchMixedKeyed.spec.js,Duplicate Assert,"{'line': 50, 'column': 4, 'index': 1075}","  48 |     );
  49 |     expect(container.textContent).toBe('bc');
> 50 |     expect(container.firstChild.childNodes.length).toBe(2);
     |    ^ Duplicate Assert
  51 |     render(
  52 |       template([
  53 |         spanTagWithKeyAndText('a', 'a'),"
/home/gabriel/Disk/Research/research-javascript-test-smells/repositories/inferno/packages/inferno-create-element/__tests__/patchMixedKeyed.spec.js,Duplicate Assert,"{'line': 60, 'column': 4, 'index': 1351}","  58 |       container,
  59 |     );
> 60 |     expect(container.textContent).toBe('abcc');
     |    ^ Duplicate Assert
  61 |     expect(container.firstChild.childNodes.length).toBe(4);
  62 |     render(
  63 |       template([spanTagWithKeyAndText('d', 'b'), spanTagWithText('c')]),"
/home/gabriel/Disk/Research/research-javascript-test-smells/repositories/inferno/packages/inferno-create-element/__tests__/patchMixedKeyed.spec.js,Duplicate Assert,"{'line': 60, 'column': 4, 'index': 1351}","  58 |       container,
  59 |     );
> 60 |     expect(container.textContent).toBe('abcc');
     |    ^ Duplicate Assert
  61 |     expect(container.firstChild.childNodes.length).toBe(4);
  62 |     render(
  63 |       template([spanTagWithKeyAndText('d', 'b'), spanTagWithText('c')]),"
/home/gabriel/Disk/Research/research-javascript-test-smells/repositories/inferno/packages/inferno-create-element/__tests__/patchMixedKeyed.spec.js,Duplicate Assert,"{'line': 61, 'column': 4, 'index': 1399}","  59 |     );
  60 |     expect(container.textContent).toBe('abcc');
> 61 |     expect(container.firstChild.childNodes.length).toBe(4);
     |    ^ Duplicate Assert
  62 |     render(
  63 |       template([spanTagWithKeyAndText('d', 'b'), spanTagWithText('c')]),
  64 |       container,"
/home/gabriel/Disk/Research/research-javascript-test-smells/repositories/inferno/packages/inferno-create-element/__tests__/patchMixedKeyed.spec.js,Duplicate Assert,"{'line': 61, 'column': 4, 'index': 1399}","  59 |     );
  60 |     expect(container.textContent).toBe('abcc');
> 61 |     expect(container.firstChild.childNodes.length).toBe(4);
     |    ^ Duplicate Assert
  62 |     render(
  63 |       template([spanTagWithKeyAndText('d', 'b'), spanTagWithText('c')]),
  64 |       container,"
/home/gabriel/Disk/Research/research-javascript-test-smells/repositories/inferno/packages/inferno-create-element/__tests__/patchMixedKeyed.spec.js,Duplicate Assert,"{'line': 66, 'column': 4, 'index': 1568}","  64 |       container,
  65 |     );
> 66 |     expect(container.textContent).toBe('bc');
     |    ^ Duplicate Assert
  67 |     expect(container.firstChild.childNodes.length).toBe(2);
  68 |     render(
  69 |       template(["
/home/gabriel/Disk/Research/research-javascript-test-smells/repositories/inferno/packages/inferno-create-element/__tests__/patchMixedKeyed.spec.js,Duplicate Assert,"{'line': 66, 'column': 4, 'index': 1568}","  64 |       container,
  65 |     );
> 66 |     expect(container.textContent).toBe('bc');
     |    ^ Duplicate Assert
  67 |     expect(container.firstChild.childNodes.length).toBe(2);
  68 |     render(
  69 |       template(["
/home/gabriel/Disk/Research/research-javascript-test-smells/repositories/inferno/packages/inferno-create-element/__tests__/patchMixedKeyed.spec.js,Duplicate Assert,"{'line': 67, 'column': 4, 'index': 1614}","  65 |     );
  66 |     expect(container.textContent).toBe('bc');
> 67 |     expect(container.firstChild.childNodes.length).toBe(2);
     |    ^ Duplicate Assert
  68 |     render(
  69 |       template([
  70 |         spanTagWithKeyAndText('a', 'a'),"
/home/gabriel/Disk/Research/research-javascript-test-smells/repositories/inferno/packages/inferno-create-element/__tests__/patchMixedKeyed.spec.js,Duplicate Assert,"{'line': 67, 'column': 4, 'index': 1614}","  65 |     );
  66 |     expect(container.textContent).toBe('bc');
> 67 |     expect(container.firstChild.childNodes.length).toBe(2);
     |    ^ Duplicate Assert
  68 |     render(
  69 |       template([
  70 |         spanTagWithKeyAndText('a', 'a'),"
/home/gabriel/Disk/Research/research-javascript-test-smells/repositories/inferno/packages/inferno-create-element/__tests__/patchMixedKeyed.spec.js,Duplicate Assert,"{'line': 77, 'column': 4, 'index': 1890}","  75 |       container,
  76 |     );
> 77 |     expect(container.textContent).toBe('abcc');
     |    ^ Duplicate Assert
  78 |     expect(container.firstChild.childNodes.length).toBe(4);
  79 |     render(
  80 |       template(["
/home/gabriel/Disk/Research/research-javascript-test-smells/repositories/inferno/packages/inferno-create-element/__tests__/patchMixedKeyed.spec.js,Duplicate Assert,"{'line': 77, 'column': 4, 'index': 1890}","  75 |       container,
  76 |     );
> 77 |     expect(container.textContent).toBe('abcc');
     |    ^ Duplicate Assert
  78 |     expect(container.firstChild.childNodes.length).toBe(4);
  79 |     render(
  80 |       template(["
/home/gabriel/Disk/Research/research-javascript-test-smells/repositories/inferno/packages/inferno-create-element/__tests__/patchMixedKeyed.spec.js,Duplicate Assert,"{'line': 78, 'column': 4, 'index': 1938}","  76 |     );
  77 |     expect(container.textContent).toBe('abcc');
> 78 |     expect(container.firstChild.childNodes.length).toBe(4);
     |    ^ Duplicate Assert
  79 |     render(
  80 |       template([
  81 |         spanTagWithKeyAndText('a', 'a'),"
/home/gabriel/Disk/Research/research-javascript-test-smells/repositories/inferno/packages/inferno-create-element/__tests__/patchMixedKeyed.spec.js,Duplicate Assert,"{'line': 78, 'column': 4, 'index': 1938}","  76 |     );
  77 |     expect(container.textContent).toBe('abcc');
> 78 |     expect(container.firstChild.childNodes.length).toBe(4);
     |    ^ Duplicate Assert
  79 |     render(
  80 |       template([
  81 |         spanTagWithKeyAndText('a', 'a'),"
/home/gabriel/Disk/Research/research-javascript-test-smells/repositories/inferno/packages/inferno-create-element/__tests__/patchMixedKeyed.spec.js,Duplicate Assert,"{'line': 90, 'column': 4, 'index': 2247}","  88 |       container,
  89 |     );
> 90 |     expect(container.textContent).toBe('abcc');
     |    ^ Duplicate Assert
  91 |     expect(container.firstChild.childNodes.length).toBe(4);
  92 |     render(
  93 |       template(["
/home/gabriel/Disk/Research/research-javascript-test-smells/repositories/inferno/packages/inferno-create-element/__tests__/patchMixedKeyed.spec.js,Duplicate Assert,"{'line': 90, 'column': 4, 'index': 2247}","  88 |       container,
  89 |     );
> 90 |     expect(container.textContent).toBe('abcc');
     |    ^ Duplicate Assert
  91 |     expect(container.firstChild.childNodes.length).toBe(4);
  92 |     render(
  93 |       template(["
/home/gabriel/Disk/Research/research-javascript-test-smells/repositories/inferno/packages/inferno-create-element/__tests__/patchMixedKeyed.spec.js,Duplicate Assert,"{'line': 91, 'column': 4, 'index': 2295}","  89 |     );
  90 |     expect(container.textContent).toBe('abcc');
> 91 |     expect(container.firstChild.childNodes.length).toBe(4);
     |    ^ Duplicate Assert
  92 |     render(
  93 |       template([
  94 |         spanTagWithKeyAndText('a', 'a'),"
/home/gabriel/Disk/Research/research-javascript-test-smells/repositories/inferno/packages/inferno-create-element/__tests__/patchMixedKeyed.spec.js,Duplicate Assert,"{'line': 91, 'column': 4, 'index': 2295}","  89 |     );
  90 |     expect(container.textContent).toBe('abcc');
> 91 |     expect(container.firstChild.childNodes.length).toBe(4);
     |    ^ Duplicate Assert
  92 |     render(
  93 |       template([
  94 |         spanTagWithKeyAndText('a', 'a'),"
/home/gabriel/Disk/Research/research-javascript-test-smells/repositories/inferno/packages/inferno-create-element/__tests__/patchMixedKeyed.spec.js,Duplicate Assert,"{'line': 103, 'column': 4, 'index': 2604}","  101 |       container,
  102 |     );
> 103 |     expect(container.textContent).toBe('abcc');
      |    ^ Duplicate Assert
  104 |     expect(container.firstChild.childNodes.length).toBe(4);
  105 |     render(
  106 |       template([spanTagWithKeyAndText('d', 'b'), spanTagWithText('c')]),"
/home/gabriel/Disk/Research/research-javascript-test-smells/repositories/inferno/packages/inferno-create-element/__tests__/patchMixedKeyed.spec.js,Duplicate Assert,"{'line': 103, 'column': 4, 'index': 2604}","  101 |       container,
  102 |     );
> 103 |     expect(container.textContent).toBe('abcc');
      |    ^ Duplicate Assert
  104 |     expect(container.firstChild.childNodes.length).toBe(4);
  105 |     render(
  106 |       template([spanTagWithKeyAndText('d', 'b'), spanTagWithText('c')]),"
/home/gabriel/Disk/Research/research-javascript-test-smells/repositories/inferno/packages/inferno-create-element/__tests__/patchMixedKeyed.spec.js,Duplicate Assert,"{'line': 104, 'column': 4, 'index': 2652}","  102 |     );
  103 |     expect(container.textContent).toBe('abcc');
> 104 |     expect(container.firstChild.childNodes.length).toBe(4);
      |    ^ Duplicate Assert
  105 |     render(
  106 |       template([spanTagWithKeyAndText('d', 'b'), spanTagWithText('c')]),
  107 |       container,"
/home/gabriel/Disk/Research/research-javascript-test-smells/repositories/inferno/packages/inferno-create-element/__tests__/patchMixedKeyed.spec.js,Duplicate Assert,"{'line': 104, 'column': 4, 'index': 2652}","  102 |     );
  103 |     expect(container.textContent).toBe('abcc');
> 104 |     expect(container.firstChild.childNodes.length).toBe(4);
      |    ^ Duplicate Assert
  105 |     render(
  106 |       template([spanTagWithKeyAndText('d', 'b'), spanTagWithText('c')]),
  107 |       container,"
/home/gabriel/Disk/Research/research-javascript-test-smells/repositories/inferno/packages/inferno-create-element/__tests__/patchMixedKeyed.spec.js,Duplicate Assert,"{'line': 109, 'column': 4, 'index': 2821}","  107 |       container,
  108 |     );
> 109 |     expect(container.textContent).toBe('bc');
      |    ^ Duplicate Assert
  110 |     expect(container.firstChild.childNodes.length).toBe(2);
  111 |   });
  112 |"
/home/gabriel/Disk/Research/research-javascript-test-smells/repositories/inferno/packages/inferno-create-element/__tests__/patchMixedKeyed.spec.js,Duplicate Assert,"{'line': 109, 'column': 4, 'index': 2821}","  107 |       container,
  108 |     );
> 109 |     expect(container.textContent).toBe('bc');
      |    ^ Duplicate Assert
  110 |     expect(container.firstChild.childNodes.length).toBe(2);
  111 |   });
  112 |"
/home/gabriel/Disk/Research/research-javascript-test-smells/repositories/inferno/packages/inferno-create-element/__tests__/patchMixedKeyed.spec.js,Duplicate Assert,"{'line': 110, 'column': 4, 'index': 2867}","  108 |     );
  109 |     expect(container.textContent).toBe('bc');
> 110 |     expect(container.firstChild.childNodes.length).toBe(2);
      |    ^ Duplicate Assert
  111 |   });
  112 |
  113 |   it('should swap the last child and add three non-key children', () => {"
/home/gabriel/Disk/Research/research-javascript-test-smells/repositories/inferno/packages/inferno-create-element/__tests__/patchMixedKeyed.spec.js,Duplicate Assert,"{'line': 110, 'column': 4, 'index': 2867}","  108 |     );
  109 |     expect(container.textContent).toBe('bc');
> 110 |     expect(container.firstChild.childNodes.length).toBe(2);
      |    ^ Duplicate Assert
  111 |   });
  112 |
  113 |   it('should swap the last child and add three non-key children', () => {"
/home/gabriel/Disk/Research/research-javascript-test-smells/repositories/inferno/packages/inferno-create-element/__tests__/patchMixedKeyed.spec.js,Duplicate Assert,"{'line': 121, 'column': 4, 'index': 3153}","  119 |       container,
  120 |     );
> 121 |     expect(container.textContent).toBe('ab');
      |    ^ Duplicate Assert
  122 |     expect(container.firstChild.childNodes.length).toBe(2);
  123 |     render(
  124 |       template(["
/home/gabriel/Disk/Research/research-javascript-test-smells/repositories/inferno/packages/inferno-create-element/__tests__/patchMixedKeyed.spec.js,Duplicate Assert,"{'line': 121, 'column': 4, 'index': 3153}","  119 |       container,
  120 |     );
> 121 |     expect(container.textContent).toBe('ab');
      |    ^ Duplicate Assert
  122 |     expect(container.firstChild.childNodes.length).toBe(2);
  123 |     render(
  124 |       template(["
/home/gabriel/Disk/Research/research-javascript-test-smells/repositories/inferno/packages/inferno-create-element/__tests__/patchMixedKeyed.spec.js,Duplicate Assert,"{'line': 122, 'column': 4, 'index': 3199}","  120 |     );
  121 |     expect(container.textContent).toBe('ab');
> 122 |     expect(container.firstChild.childNodes.length).toBe(2);
      |    ^ Duplicate Assert
  123 |     render(
  124 |       template([
  125 |         spanTagWithKeyAndText('d', 'b'),"
/home/gabriel/Disk/Research/research-javascript-test-smells/repositories/inferno/packages/inferno-create-element/__tests__/patchMixedKeyed.spec.js,Duplicate Assert,"{'line': 122, 'column': 4, 'index': 3199}","  120 |     );
  121 |     expect(container.textContent).toBe('ab');
> 122 |     expect(container.firstChild.childNodes.length).toBe(2);
      |    ^ Duplicate Assert
  123 |     render(
  124 |       template([
  125 |         spanTagWithKeyAndText('d', 'b'),"
/home/gabriel/Disk/Research/research-javascript-test-smells/repositories/inferno/packages/inferno-create-element/__tests__/patchMixedKeyed.spec.js,Duplicate Assert,"{'line': 132, 'column': 4, 'index': 3475}","  130 |       container,
  131 |     );
> 132 |     expect(container.textContent).toBe('bcac');
      |    ^ Duplicate Assert
  133 |     expect(container.firstChild.childNodes.length).toBe(4);
  134 |     render(
  135 |       template(["
/home/gabriel/Disk/Research/research-javascript-test-smells/repositories/inferno/packages/inferno-create-element/__tests__/patchMixedKeyed.spec.js,Duplicate Assert,"{'line': 133, 'column': 4, 'index': 3523}","  131 |     );
  132 |     expect(container.textContent).toBe('bcac');
> 133 |     expect(container.firstChild.childNodes.length).toBe(4);
      |    ^ Duplicate Assert
  134 |     render(
  135 |       template([
  136 |         spanTagWithKeyAndText('a', 'a'),"
/home/gabriel/Disk/Research/research-javascript-test-smells/repositories/inferno/packages/inferno-create-element/__tests__/patchMixedKeyed.spec.js,Duplicate Assert,"{'line': 141, 'column': 4, 'index': 3728}","  139 |       container,
  140 |     );
> 141 |     expect(container.textContent).toBe('ab');
      |    ^ Duplicate Assert
  142 |     expect(container.firstChild.childNodes.length).toBe(2);
  143 |   });
  144 |"
/home/gabriel/Disk/Research/research-javascript-test-smells/repositories/inferno/packages/inferno-create-element/__tests__/patchMixedKeyed.spec.js,Duplicate Assert,"{'line': 141, 'column': 4, 'index': 3728}","  139 |       container,
  140 |     );
> 141 |     expect(container.textContent).toBe('ab');
      |    ^ Duplicate Assert
  142 |     expect(container.firstChild.childNodes.length).toBe(2);
  143 |   });
  144 |"
/home/gabriel/Disk/Research/research-javascript-test-smells/repositories/inferno/packages/inferno-create-element/__tests__/patchMixedKeyed.spec.js,Duplicate Assert,"{'line': 142, 'column': 4, 'index': 3774}","  140 |     );
  141 |     expect(container.textContent).toBe('ab');
> 142 |     expect(container.firstChild.childNodes.length).toBe(2);
      |    ^ Duplicate Assert
  143 |   });
  144 |
  145 |   it('should swap, and a keyed child at the end, and add one non-key child', () => {"
/home/gabriel/Disk/Research/research-javascript-test-smells/repositories/inferno/packages/inferno-create-element/__tests__/patchMixedKeyed.spec.js,Duplicate Assert,"{'line': 142, 'column': 4, 'index': 3774}","  140 |     );
  141 |     expect(container.textContent).toBe('ab');
> 142 |     expect(container.firstChild.childNodes.length).toBe(2);
      |    ^ Duplicate Assert
  143 |   });
  144 |
  145 |   it('should swap, and a keyed child at the end, and add one non-key child', () => {"
/home/gabriel/Disk/Research/research-javascript-test-smells/repositories/inferno/packages/inferno-create-element/__tests__/patchMixedKeyed.spec.js,Duplicate Assert,"{'line': 155, 'column': 4, 'index': 4142}","  153 |       container,
  154 |     );
> 155 |     expect(container.textContent).toBe('bacc');
      |    ^ Duplicate Assert
  156 |     expect(container.firstChild.childNodes.length).toBe(4);
  157 |     render(
  158 |       template(["
/home/gabriel/Disk/Research/research-javascript-test-smells/repositories/inferno/packages/inferno-create-element/__tests__/patchMixedKeyed.spec.js,Duplicate Assert,"{'line': 155, 'column': 4, 'index': 4142}","  153 |       container,
  154 |     );
> 155 |     expect(container.textContent).toBe('bacc');
      |    ^ Duplicate Assert
  156 |     expect(container.firstChild.childNodes.length).toBe(4);
  157 |     render(
  158 |       template(["
/home/gabriel/Disk/Research/research-javascript-test-smells/repositories/inferno/packages/inferno-create-element/__tests__/patchMixedKeyed.spec.js,Duplicate Assert,"{'line': 156, 'column': 4, 'index': 4190}","  154 |     );
  155 |     expect(container.textContent).toBe('bacc');
> 156 |     expect(container.firstChild.childNodes.length).toBe(4);
      |    ^ Duplicate Assert
  157 |     render(
  158 |       template([
  159 |         spanTagWithKeyAndText('a', 'a'),"
/home/gabriel/Disk/Research/research-javascript-test-smells/repositories/inferno/packages/inferno-create-element/__tests__/patchMixedKeyed.spec.js,Duplicate Assert,"{'line': 156, 'column': 4, 'index': 4190}","  154 |     );
  155 |     expect(container.textContent).toBe('bacc');
> 156 |     expect(container.firstChild.childNodes.length).toBe(4);
      |    ^ Duplicate Assert
  157 |     render(
  158 |       template([
  159 |         spanTagWithKeyAndText('a', 'a'),"
/home/gabriel/Disk/Research/research-javascript-test-smells/repositories/inferno/packages/inferno-create-element/__tests__/patchMixedKeyed.spec.js,Duplicate Assert,"{'line': 165, 'column': 4, 'index': 4409}","  163 |       container,
  164 |     );
> 165 |     expect(container.textContent).toBe('ab');
      |    ^ Duplicate Assert
  166 |     expect(container.firstChild.childNodes.length).toBe(2);
  167 |     render(
  168 |       template(["
/home/gabriel/Disk/Research/research-javascript-test-smells/repositories/inferno/packages/inferno-create-element/__tests__/patchMixedKeyed.spec.js,Duplicate Assert,"{'line': 165, 'column': 4, 'index': 4409}","  163 |       container,
  164 |     );
> 165 |     expect(container.textContent).toBe('ab');
      |    ^ Duplicate Assert
  166 |     expect(container.firstChild.childNodes.length).toBe(2);
  167 |     render(
  168 |       template(["
/home/gabriel/Disk/Research/research-javascript-test-smells/repositories/inferno/packages/inferno-create-element/__tests__/patchMixedKeyed.spec.js,Duplicate Assert,"{'line': 166, 'column': 4, 'index': 4455}","  164 |     );
  165 |     expect(container.textContent).toBe('ab');
> 166 |     expect(container.firstChild.childNodes.length).toBe(2);
      |    ^ Duplicate Assert
  167 |     render(
  168 |       template([
  169 |         spanTagWithKeyAndText('d', 'b'),"
/home/gabriel/Disk/Research/research-javascript-test-smells/repositories/inferno/packages/inferno-create-element/__tests__/patchMixedKeyed.spec.js,Duplicate Assert,"{'line': 166, 'column': 4, 'index': 4455}","  164 |     );
  165 |     expect(container.textContent).toBe('ab');
> 166 |     expect(container.firstChild.childNodes.length).toBe(2);
      |    ^ Duplicate Assert
  167 |     render(
  168 |       template([
  169 |         spanTagWithKeyAndText('d', 'b'),"
/home/gabriel/Disk/Research/research-javascript-test-smells/repositories/inferno/packages/inferno-create-element/__tests__/patchMixedKeyed.spec.js,Duplicate Assert,"{'line': 176, 'column': 4, 'index': 4731}","  174 |       container,
  175 |     );
> 176 |     expect(container.textContent).toBe('bacc');
      |    ^ Duplicate Assert
  177 |     expect(container.firstChild.childNodes.length).toBe(4);
  178 |     render(
  179 |       template(["
/home/gabriel/Disk/Research/research-javascript-test-smells/repositories/inferno/packages/inferno-create-element/__tests__/patchMixedKeyed.spec.js,Duplicate Assert,"{'line': 176, 'column': 4, 'index': 4731}","  174 |       container,
  175 |     );
> 176 |     expect(container.textContent).toBe('bacc');
      |    ^ Duplicate Assert
  177 |     expect(container.firstChild.childNodes.length).toBe(4);
  178 |     render(
  179 |       template(["
/home/gabriel/Disk/Research/research-javascript-test-smells/repositories/inferno/packages/inferno-create-element/__tests__/patchMixedKeyed.spec.js,Duplicate Assert,"{'line': 177, 'column': 4, 'index': 4779}","  175 |     );
  176 |     expect(container.textContent).toBe('bacc');
> 177 |     expect(container.firstChild.childNodes.length).toBe(4);
      |    ^ Duplicate Assert
  178 |     render(
  179 |       template([
  180 |         spanTagWithKeyAndText('d', 'b'),"
/home/gabriel/Disk/Research/research-javascript-test-smells/repositories/inferno/packages/inferno-create-element/__tests__/patchMixedKeyed.spec.js,Duplicate Assert,"{'line': 177, 'column': 4, 'index': 4779}","  175 |     );
  176 |     expect(container.textContent).toBe('bacc');
> 177 |     expect(container.firstChild.childNodes.length).toBe(4);
      |    ^ Duplicate Assert
  178 |     render(
  179 |       template([
  180 |         spanTagWithKeyAndText('d', 'b'),"
/home/gabriel/Disk/Research/research-javascript-test-smells/repositories/inferno/packages/inferno-create-element/__tests__/patchMixedKeyed.spec.js,Duplicate Assert,"{'line': 188, 'column': 4, 'index': 5074}","  186 |       container,
  187 |     );
> 188 |     expect(container.textContent).toBe('bacc');
      |    ^ Duplicate Assert
  189 |     expect(container.firstChild.childNodes.length).toBe(4);
  190 |     render(
  191 |       template(["
/home/gabriel/Disk/Research/research-javascript-test-smells/repositories/inferno/packages/inferno-create-element/__tests__/patchMixedKeyed.spec.js,Duplicate Assert,"{'line': 188, 'column': 4, 'index': 5074}","  186 |       container,
  187 |     );
> 188 |     expect(container.textContent).toBe('bacc');
      |    ^ Duplicate Assert
  189 |     expect(container.firstChild.childNodes.length).toBe(4);
  190 |     render(
  191 |       template(["
/home/gabriel/Disk/Research/research-javascript-test-smells/repositories/inferno/packages/inferno-create-element/__tests__/patchMixedKeyed.spec.js,Duplicate Assert,"{'line': 189, 'column': 4, 'index': 5122}","  187 |     );
  188 |     expect(container.textContent).toBe('bacc');
> 189 |     expect(container.firstChild.childNodes.length).toBe(4);
      |    ^ Duplicate Assert
  190 |     render(
  191 |       template([
  192 |         spanTagWithKeyAndText('a', 'a'),"
/home/gabriel/Disk/Research/research-javascript-test-smells/repositories/inferno/packages/inferno-create-element/__tests__/patchMixedKeyed.spec.js,Duplicate Assert,"{'line': 189, 'column': 4, 'index': 5122}","  187 |     );
  188 |     expect(container.textContent).toBe('bacc');
> 189 |     expect(container.firstChild.childNodes.length).toBe(4);
      |    ^ Duplicate Assert
  190 |     render(
  191 |       template([
  192 |         spanTagWithKeyAndText('a', 'a'),"
/home/gabriel/Disk/Research/research-javascript-test-smells/repositories/inferno/packages/inferno-create-element/__tests__/patchMixedKeyed.spec.js,Duplicate Assert,"{'line': 197, 'column': 4, 'index': 5327}","  195 |       container,
  196 |     );
> 197 |     expect(container.textContent).toBe('ab');
      |    ^ Duplicate Assert
  198 |     expect(container.firstChild.childNodes.length).toBe(2);
  199 |   });
  200 |"
/home/gabriel/Disk/Research/research-javascript-test-smells/repositories/inferno/packages/inferno-create-element/__tests__/patchMixedKeyed.spec.js,Duplicate Assert,"{'line': 197, 'column': 4, 'index': 5327}","  195 |       container,
  196 |     );
> 197 |     expect(container.textContent).toBe('ab');
      |    ^ Duplicate Assert
  198 |     expect(container.firstChild.childNodes.length).toBe(2);
  199 |   });
  200 |"
/home/gabriel/Disk/Research/research-javascript-test-smells/repositories/inferno/packages/inferno-create-element/__tests__/patchMixedKeyed.spec.js,Duplicate Assert,"{'line': 198, 'column': 4, 'index': 5373}","  196 |     );
  197 |     expect(container.textContent).toBe('ab');
> 198 |     expect(container.firstChild.childNodes.length).toBe(2);
      |    ^ Duplicate Assert
  199 |   });
  200 |
  201 |   it('should insert keyed nodes where the last key is a non-keyed node', () => {"
/home/gabriel/Disk/Research/research-javascript-test-smells/repositories/inferno/packages/inferno-create-element/__tests__/patchMixedKeyed.spec.js,Duplicate Assert,"{'line': 198, 'column': 4, 'index': 5373}","  196 |     );
  197 |     expect(container.textContent).toBe('ab');
> 198 |     expect(container.firstChild.childNodes.length).toBe(2);
      |    ^ Duplicate Assert
  199 |   });
  200 |
  201 |   it('should insert keyed nodes where the last key is a non-keyed node', () => {"
/home/gabriel/Disk/Research/research-javascript-test-smells/repositories/inferno/packages/inferno-create-element/__tests__/patchMixedKeyed.spec.js,Duplicate Assert,"{'line': 209, 'column': 4, 'index': 5666}","  207 |       container,
  208 |     );
> 209 |     expect(container.textContent).toBe('ab');
      |    ^ Duplicate Assert
  210 |     expect(container.firstChild.childNodes.length).toBe(2);
  211 |     render(
  212 |       template(["
/home/gabriel/Disk/Research/research-javascript-test-smells/repositories/inferno/packages/inferno-create-element/__tests__/patchMixedKeyed.spec.js,Duplicate Assert,"{'line': 209, 'column': 4, 'index': 5666}","  207 |       container,
  208 |     );
> 209 |     expect(container.textContent).toBe('ab');
      |    ^ Duplicate Assert
  210 |     expect(container.firstChild.childNodes.length).toBe(2);
  211 |     render(
  212 |       template(["
/home/gabriel/Disk/Research/research-javascript-test-smells/repositories/inferno/packages/inferno-create-element/__tests__/patchMixedKeyed.spec.js,Duplicate Assert,"{'line': 221, 'column': 4, 'index': 6030}","  219 |       container,
  220 |     );
> 221 |     expect(container.textContent).toBe('ccbbg');
      |    ^ Duplicate Assert
  222 |     render(
  223 |       template([
  224 |         spanTagWithKeyAndText('a', 'a'),"
/home/gabriel/Disk/Research/research-javascript-test-smells/repositories/inferno/packages/inferno-create-element/__tests__/patchMixedKeyed.spec.js,Duplicate Assert,"{'line': 229, 'column': 4, 'index': 6224}","  227 |       container,
  228 |     );
> 229 |     expect(container.textContent).toBe('ab');
      |    ^ Duplicate Assert
  230 |     render(
  231 |       template([
  232 |         spanTagWithKeyAndText('a', 'a'),"
/home/gabriel/Disk/Research/research-javascript-test-smells/repositories/inferno/packages/inferno-create-element/__tests__/patchMixedKeyed.spec.js,Duplicate Assert,"{'line': 229, 'column': 4, 'index': 6224}","  227 |       container,
  228 |     );
> 229 |     expect(container.textContent).toBe('ab');
      |    ^ Duplicate Assert
  230 |     render(
  231 |       template([
  232 |         spanTagWithKeyAndText('a', 'a'),"
/home/gabriel/Disk/Research/research-javascript-test-smells/repositories/inferno/packages/inferno-create-element/__tests__/patchMixedKeyed.spec.js,Duplicate Assert,"{'line': 237, 'column': 4, 'index': 6415}","  235 |       container,
  236 |     );
> 237 |     expect(container.textContent).toBe('ab');
      |    ^ Duplicate Assert
  238 |   });
  239 |
  240 |   it('should remove the first keyed node child, and add two non-key child nodes', () => {"
/home/gabriel/Disk/Research/research-javascript-test-smells/repositories/inferno/packages/inferno-create-element/__tests__/patchMixedKeyed.spec.js,Duplicate Assert,"{'line': 237, 'column': 4, 'index': 6415}","  235 |       container,
  236 |     );
> 237 |     expect(container.textContent).toBe('ab');
      |    ^ Duplicate Assert
  238 |   });
  239 |
  240 |   it('should remove the first keyed node child, and add two non-key child nodes', () => {"
/home/gabriel/Disk/Research/research-javascript-test-smells/repositories/inferno/packages/inferno-create-element/__tests__/patchMixedKeyed.spec.js,Duplicate Assert,"{'line': 250, 'column': 4, 'index': 6765}","  248 |       container,
  249 |     );
> 250 |     expect(container.textContent).toBe('bc1c2c');
      |    ^ Duplicate Assert
  251 |     expect(container.firstChild.childNodes.length).toBe(4);
  252 |     render(
  253 |       template(["
/home/gabriel/Disk/Research/research-javascript-test-smells/repositories/inferno/packages/inferno-create-element/__tests__/patchMixedKeyed.spec.js,Duplicate Assert,"{'line': 250, 'column': 4, 'index': 6765}","  248 |       container,
  249 |     );
> 250 |     expect(container.textContent).toBe('bc1c2c');
      |    ^ Duplicate Assert
  251 |     expect(container.firstChild.childNodes.length).toBe(4);
  252 |     render(
  253 |       template(["
/home/gabriel/Disk/Research/research-javascript-test-smells/repositories/inferno/packages/inferno-create-element/__tests__/patchMixedKeyed.spec.js,Duplicate Assert,"{'line': 251, 'column': 4, 'index': 6815}","  249 |     );
  250 |     expect(container.textContent).toBe('bc1c2c');
> 251 |     expect(container.firstChild.childNodes.length).toBe(4);
      |    ^ Duplicate Assert
  252 |     render(
  253 |       template([
  254 |         spanTagWithKeyAndText('a', 'a'),"
/home/gabriel/Disk/Research/research-javascript-test-smells/repositories/inferno/packages/inferno-create-element/__tests__/patchMixedKeyed.spec.js,Duplicate Assert,"{'line': 251, 'column': 4, 'index': 6815}","  249 |     );
  250 |     expect(container.textContent).toBe('bc1c2c');
> 251 |     expect(container.firstChild.childNodes.length).toBe(4);
      |    ^ Duplicate Assert
  252 |     render(
  253 |       template([
  254 |         spanTagWithKeyAndText('a', 'a'),"
/home/gabriel/Disk/Research/research-javascript-test-smells/repositories/inferno/packages/inferno-create-element/__tests__/patchMixedKeyed.spec.js,Duplicate Assert,"{'line': 260, 'column': 4, 'index': 7061}","  258 |       container,
  259 |     );
> 260 |     expect(container.textContent).toBe('abc');
      |    ^ Duplicate Assert
  261 |     expect(container.firstChild.childNodes.length).toBe(3);
  262 |     render(
  263 |       template(["
/home/gabriel/Disk/Research/research-javascript-test-smells/repositories/inferno/packages/inferno-create-element/__tests__/patchMixedKeyed.spec.js,Duplicate Assert,"{'line': 260, 'column': 4, 'index': 7061}","  258 |       container,
  259 |     );
> 260 |     expect(container.textContent).toBe('abc');
      |    ^ Duplicate Assert
  261 |     expect(container.firstChild.childNodes.length).toBe(3);
  262 |     render(
  263 |       template(["
/home/gabriel/Disk/Research/research-javascript-test-smells/repositories/inferno/packages/inferno-create-element/__tests__/patchMixedKeyed.spec.js,Duplicate Assert,"{'line': 261, 'column': 4, 'index': 7108}","  259 |     );
  260 |     expect(container.textContent).toBe('abc');
> 261 |     expect(container.firstChild.childNodes.length).toBe(3);
      |    ^ Duplicate Assert
  262 |     render(
  263 |       template([
  264 |         spanTagWithKeyAndText('d', 'b'),"
/home/gabriel/Disk/Research/research-javascript-test-smells/repositories/inferno/packages/inferno-create-element/__tests__/patchMixedKeyed.spec.js,Duplicate Assert,"{'line': 261, 'column': 4, 'index': 7108}","  259 |     );
  260 |     expect(container.textContent).toBe('abc');
> 261 |     expect(container.firstChild.childNodes.length).toBe(3);
      |    ^ Duplicate Assert
  262 |     render(
  263 |       template([
  264 |         spanTagWithKeyAndText('d', 'b'),"
/home/gabriel/Disk/Research/research-javascript-test-smells/repositories/inferno/packages/inferno-create-element/__tests__/patchMixedKeyed.spec.js,Duplicate Assert,"{'line': 271, 'column': 4, 'index': 7375}","  269 |       container,
  270 |     );
> 271 |     expect(container.textContent).toBe('bc1c2c');
      |    ^ Duplicate Assert
  272 |     expect(container.firstChild.childNodes.length).toBe(4);
  273 |     render(
  274 |       template(["
/home/gabriel/Disk/Research/research-javascript-test-smells/repositories/inferno/packages/inferno-create-element/__tests__/patchMixedKeyed.spec.js,Duplicate Assert,"{'line': 271, 'column': 4, 'index': 7375}","  269 |       container,
  270 |     );
> 271 |     expect(container.textContent).toBe('bc1c2c');
      |    ^ Duplicate Assert
  272 |     expect(container.firstChild.childNodes.length).toBe(4);
  273 |     render(
  274 |       template(["
/home/gabriel/Disk/Research/research-javascript-test-smells/repositories/inferno/packages/inferno-create-element/__tests__/patchMixedKeyed.spec.js,Duplicate Assert,"{'line': 272, 'column': 4, 'index': 7425}","  270 |     );
  271 |     expect(container.textContent).toBe('bc1c2c');
> 272 |     expect(container.firstChild.childNodes.length).toBe(4);
      |    ^ Duplicate Assert
  273 |     render(
  274 |       template([
  275 |         spanTagWithKeyAndText('a', 'a'),"
/home/gabriel/Disk/Research/research-javascript-test-smells/repositories/inferno/packages/inferno-create-element/__tests__/patchMixedKeyed.spec.js,Duplicate Assert,"{'line': 272, 'column': 4, 'index': 7425}","  270 |     );
  271 |     expect(container.textContent).toBe('bc1c2c');
> 272 |     expect(container.firstChild.childNodes.length).toBe(4);
      |    ^ Duplicate Assert
  273 |     render(
  274 |       template([
  275 |         spanTagWithKeyAndText('a', 'a'),"
/home/gabriel/Disk/Research/research-javascript-test-smells/repositories/inferno/packages/inferno-create-element/__tests__/patchMixedKeyed.spec.js,Duplicate Assert,"{'line': 281, 'column': 4, 'index': 7671}","  279 |       container,
  280 |     );
> 281 |     expect(container.textContent).toBe('abc');
      |    ^ Duplicate Assert
  282 |     expect(container.firstChild.childNodes.length).toBe(3);
  283 |     render(
  284 |       template(["
/home/gabriel/Disk/Research/research-javascript-test-smells/repositories/inferno/packages/inferno-create-element/__tests__/patchMixedKeyed.spec.js,Duplicate Assert,"{'line': 281, 'column': 4, 'index': 7671}","  279 |       container,
  280 |     );
> 281 |     expect(container.textContent).toBe('abc');
      |    ^ Duplicate Assert
  282 |     expect(container.firstChild.childNodes.length).toBe(3);
  283 |     render(
  284 |       template(["
/home/gabriel/Disk/Research/research-javascript-test-smells/repositories/inferno/packages/inferno-create-element/__tests__/patchMixedKeyed.spec.js,Duplicate Assert,"{'line': 282, 'column': 4, 'index': 7718}","  280 |     );
  281 |     expect(container.textContent).toBe('abc');
> 282 |     expect(container.firstChild.childNodes.length).toBe(3);
      |    ^ Duplicate Assert
  283 |     render(
  284 |       template([
  285 |         spanTagWithKeyAndText('d', 'b'),"
/home/gabriel/Disk/Research/research-javascript-test-smells/repositories/inferno/packages/inferno-create-element/__tests__/patchMixedKeyed.spec.js,Duplicate Assert,"{'line': 282, 'column': 4, 'index': 7718}","  280 |     );
  281 |     expect(container.textContent).toBe('abc');
> 282 |     expect(container.firstChild.childNodes.length).toBe(3);
      |    ^ Duplicate Assert
  283 |     render(
  284 |       template([
  285 |         spanTagWithKeyAndText('d', 'b'),"
/home/gabriel/Disk/Research/research-javascript-test-smells/repositories/inferno/packages/inferno-create-element/__tests__/patchMixedKeyed.spec.js,Duplicate Assert,"{'line': 292, 'column': 4, 'index': 7985}","  290 |       container,
  291 |     );
> 292 |     expect(container.textContent).toBe('bc1c2c');
      |    ^ Duplicate Assert
  293 |     expect(container.firstChild.childNodes.length).toBe(4);
  294 |     render(
  295 |       template(["
/home/gabriel/Disk/Research/research-javascript-test-smells/repositories/inferno/packages/inferno-create-element/__tests__/patchMixedKeyed.spec.js,Duplicate Assert,"{'line': 292, 'column': 4, 'index': 7985}","  290 |       container,
  291 |     );
> 292 |     expect(container.textContent).toBe('bc1c2c');
      |    ^ Duplicate Assert
  293 |     expect(container.firstChild.childNodes.length).toBe(4);
  294 |     render(
  295 |       template(["
/home/gabriel/Disk/Research/research-javascript-test-smells/repositories/inferno/packages/inferno-create-element/__tests__/patchMixedKeyed.spec.js,Duplicate Assert,"{'line': 293, 'column': 4, 'index': 8035}","  291 |     );
  292 |     expect(container.textContent).toBe('bc1c2c');
> 293 |     expect(container.firstChild.childNodes.length).toBe(4);
      |    ^ Duplicate Assert
  294 |     render(
  295 |       template([
  296 |         spanTagWithKeyAndText('a', 'a'),"
/home/gabriel/Disk/Research/research-javascript-test-smells/repositories/inferno/packages/inferno-create-element/__tests__/patchMixedKeyed.spec.js,Duplicate Assert,"{'line': 293, 'column': 4, 'index': 8035}","  291 |     );
  292 |     expect(container.textContent).toBe('bc1c2c');
> 293 |     expect(container.firstChild.childNodes.length).toBe(4);
      |    ^ Duplicate Assert
  294 |     render(
  295 |       template([
  296 |         spanTagWithKeyAndText('a', 'a'),"
/home/gabriel/Disk/Research/research-javascript-test-smells/repositories/inferno/packages/inferno-create-element/__tests__/patchMixedKeyed.spec.js,Duplicate Assert,"{'line': 302, 'column': 4, 'index': 8281}","  300 |       container,
  301 |     );
> 302 |     expect(container.textContent).toBe('abc');
      |    ^ Duplicate Assert
  303 |     expect(container.firstChild.childNodes.length).toBe(3);
  304 |     render(
  305 |       template(["
/home/gabriel/Disk/Research/research-javascript-test-smells/repositories/inferno/packages/inferno-create-element/__tests__/patchMixedKeyed.spec.js,Duplicate Assert,"{'line': 302, 'column': 4, 'index': 8281}","  300 |       container,
  301 |     );
> 302 |     expect(container.textContent).toBe('abc');
      |    ^ Duplicate Assert
  303 |     expect(container.firstChild.childNodes.length).toBe(3);
  304 |     render(
  305 |       template(["
/home/gabriel/Disk/Research/research-javascript-test-smells/repositories/inferno/packages/inferno-create-element/__tests__/patchMixedKeyed.spec.js,Duplicate Assert,"{'line': 303, 'column': 4, 'index': 8328}","  301 |     );
  302 |     expect(container.textContent).toBe('abc');
> 303 |     expect(container.firstChild.childNodes.length).toBe(3);
      |    ^ Duplicate Assert
  304 |     render(
  305 |       template([
  306 |         spanTagWithKeyAndText('d', 'b'),"
/home/gabriel/Disk/Research/research-javascript-test-smells/repositories/inferno/packages/inferno-create-element/__tests__/patchMixedKeyed.spec.js,Duplicate Assert,"{'line': 303, 'column': 4, 'index': 8328}","  301 |     );
  302 |     expect(container.textContent).toBe('abc');
> 303 |     expect(container.firstChild.childNodes.length).toBe(3);
      |    ^ Duplicate Assert
  304 |     render(
  305 |       template([
  306 |         spanTagWithKeyAndText('d', 'b'),"
/home/gabriel/Disk/Research/research-javascript-test-smells/repositories/inferno/packages/inferno-create-element/__tests__/patchMixedKeyed.spec.js,Duplicate Assert,"{'line': 313, 'column': 4, 'index': 8595}","  311 |       container,
  312 |     );
> 313 |     expect(container.textContent).toBe('bc1c2c');
      |    ^ Duplicate Assert
  314 |     expect(container.firstChild.childNodes.length).toBe(4);
  315 |     render(
  316 |       template(["
/home/gabriel/Disk/Research/research-javascript-test-smells/repositories/inferno/packages/inferno-create-element/__tests__/patchMixedKeyed.spec.js,Duplicate Assert,"{'line': 313, 'column': 4, 'index': 8595}","  311 |       container,
  312 |     );
> 313 |     expect(container.textContent).toBe('bc1c2c');
      |    ^ Duplicate Assert
  314 |     expect(container.firstChild.childNodes.length).toBe(4);
  315 |     render(
  316 |       template(["
/home/gabriel/Disk/Research/research-javascript-test-smells/repositories/inferno/packages/inferno-create-element/__tests__/patchMixedKeyed.spec.js,Duplicate Assert,"{'line': 314, 'column': 4, 'index': 8645}","  312 |     );
  313 |     expect(container.textContent).toBe('bc1c2c');
> 314 |     expect(container.firstChild.childNodes.length).toBe(4);
      |    ^ Duplicate Assert
  315 |     render(
  316 |       template([
  317 |         spanTagWithKeyAndText('a', 'a'),"
/home/gabriel/Disk/Research/research-javascript-test-smells/repositories/inferno/packages/inferno-create-element/__tests__/patchMixedKeyed.spec.js,Duplicate Assert,"{'line': 314, 'column': 4, 'index': 8645}","  312 |     );
  313 |     expect(container.textContent).toBe('bc1c2c');
> 314 |     expect(container.firstChild.childNodes.length).toBe(4);
      |    ^ Duplicate Assert
  315 |     render(
  316 |       template([
  317 |         spanTagWithKeyAndText('a', 'a'),"
/home/gabriel/Disk/Research/research-javascript-test-smells/repositories/inferno/packages/inferno-create-element/__tests__/patchMixedKeyed.spec.js,Duplicate Assert,"{'line': 323, 'column': 4, 'index': 8891}","  321 |       container,
  322 |     );
> 323 |     expect(container.textContent).toBe('abc');
      |    ^ Duplicate Assert
  324 |     expect(container.firstChild.childNodes.length).toBe(3);
  325 |     render(
  326 |       template(["
/home/gabriel/Disk/Research/research-javascript-test-smells/repositories/inferno/packages/inferno-create-element/__tests__/patchMixedKeyed.spec.js,Duplicate Assert,"{'line': 323, 'column': 4, 'index': 8891}","  321 |       container,
  322 |     );
> 323 |     expect(container.textContent).toBe('abc');
      |    ^ Duplicate Assert
  324 |     expect(container.firstChild.childNodes.length).toBe(3);
  325 |     render(
  326 |       template(["
/home/gabriel/Disk/Research/research-javascript-test-smells/repositories/inferno/packages/inferno-create-element/__tests__/patchMixedKeyed.spec.js,Duplicate Assert,"{'line': 324, 'column': 4, 'index': 8938}","  322 |     );
  323 |     expect(container.textContent).toBe('abc');
> 324 |     expect(container.firstChild.childNodes.length).toBe(3);
      |    ^ Duplicate Assert
  325 |     render(
  326 |       template([
  327 |         spanTagWithKeyAndText('d', 'b'),"
/home/gabriel/Disk/Research/research-javascript-test-smells/repositories/inferno/packages/inferno-create-element/__tests__/patchMixedKeyed.spec.js,Duplicate Assert,"{'line': 324, 'column': 4, 'index': 8938}","  322 |     );
  323 |     expect(container.textContent).toBe('abc');
> 324 |     expect(container.firstChild.childNodes.length).toBe(3);
      |    ^ Duplicate Assert
  325 |     render(
  326 |       template([
  327 |         spanTagWithKeyAndText('d', 'b'),"
/home/gabriel/Disk/Research/research-javascript-test-smells/repositories/inferno/packages/inferno-create-element/__tests__/patchMixedKeyed.spec.js,Duplicate Assert,"{'line': 334, 'column': 4, 'index': 9205}","  332 |       container,
  333 |     );
> 334 |     expect(container.textContent).toBe('bc1c2c');
      |    ^ Duplicate Assert
  335 |     expect(container.firstChild.childNodes.length).toBe(4);
  336 |     render(
  337 |       template(["
/home/gabriel/Disk/Research/research-javascript-test-smells/repositories/inferno/packages/inferno-create-element/__tests__/patchMixedKeyed.spec.js,Duplicate Assert,"{'line': 334, 'column': 4, 'index': 9205}","  332 |       container,
  333 |     );
> 334 |     expect(container.textContent).toBe('bc1c2c');
      |    ^ Duplicate Assert
  335 |     expect(container.firstChild.childNodes.length).toBe(4);
  336 |     render(
  337 |       template(["
/home/gabriel/Disk/Research/research-javascript-test-smells/repositories/inferno/packages/inferno-create-element/__tests__/patchMixedKeyed.spec.js,Duplicate Assert,"{'line': 335, 'column': 4, 'index': 9255}","  333 |     );
  334 |     expect(container.textContent).toBe('bc1c2c');
> 335 |     expect(container.firstChild.childNodes.length).toBe(4);
      |    ^ Duplicate Assert
  336 |     render(
  337 |       template([
  338 |         spanTagWithKeyAndText('a', 'a'),"
/home/gabriel/Disk/Research/research-javascript-test-smells/repositories/inferno/packages/inferno-create-element/__tests__/patchMixedKeyed.spec.js,Duplicate Assert,"{'line': 335, 'column': 4, 'index': 9255}","  333 |     );
  334 |     expect(container.textContent).toBe('bc1c2c');
> 335 |     expect(container.firstChild.childNodes.length).toBe(4);
      |    ^ Duplicate Assert
  336 |     render(
  337 |       template([
  338 |         spanTagWithKeyAndText('a', 'a'),"
/home/gabriel/Disk/Research/research-javascript-test-smells/repositories/inferno/packages/inferno-create-element/__tests__/patchMixedKeyed.spec.js,Duplicate Assert,"{'line': 344, 'column': 4, 'index': 9501}","  342 |       container,
  343 |     );
> 344 |     expect(container.textContent).toBe('abc');
      |    ^ Duplicate Assert
  345 |     expect(container.firstChild.childNodes.length).toBe(3);
  346 |     render(
  347 |       template(["
/home/gabriel/Disk/Research/research-javascript-test-smells/repositories/inferno/packages/inferno-create-element/__tests__/patchMixedKeyed.spec.js,Duplicate Assert,"{'line': 344, 'column': 4, 'index': 9501}","  342 |       container,
  343 |     );
> 344 |     expect(container.textContent).toBe('abc');
      |    ^ Duplicate Assert
  345 |     expect(container.firstChild.childNodes.length).toBe(3);
  346 |     render(
  347 |       template(["
/home/gabriel/Disk/Research/research-javascript-test-smells/repositories/inferno/packages/inferno-create-element/__tests__/patchMixedKeyed.spec.js,Duplicate Assert,"{'line': 345, 'column': 4, 'index': 9548}","  343 |     );
  344 |     expect(container.textContent).toBe('abc');
> 345 |     expect(container.firstChild.childNodes.length).toBe(3);
      |    ^ Duplicate Assert
  346 |     render(
  347 |       template([
  348 |         spanTagWithKeyAndText('d', 'b'),"
/home/gabriel/Disk/Research/research-javascript-test-smells/repositories/inferno/packages/inferno-create-element/__tests__/patchMixedKeyed.spec.js,Duplicate Assert,"{'line': 345, 'column': 4, 'index': 9548}","  343 |     );
  344 |     expect(container.textContent).toBe('abc');
> 345 |     expect(container.firstChild.childNodes.length).toBe(3);
      |    ^ Duplicate Assert
  346 |     render(
  347 |       template([
  348 |         spanTagWithKeyAndText('d', 'b'),"
/home/gabriel/Disk/Research/research-javascript-test-smells/repositories/inferno/packages/inferno-create-element/__tests__/patchMixedKeyed.spec.js,Duplicate Assert,"{'line': 355, 'column': 4, 'index': 9815}","  353 |       container,
  354 |     );
> 355 |     expect(container.textContent).toBe('bc1c2c');
      |    ^ Duplicate Assert
  356 |     expect(container.firstChild.childNodes.length).toBe(4);
  357 |     render(
  358 |       template(["
/home/gabriel/Disk/Research/research-javascript-test-smells/repositories/inferno/packages/inferno-create-element/__tests__/patchMixedKeyed.spec.js,Duplicate Assert,"{'line': 355, 'column': 4, 'index': 9815}","  353 |       container,
  354 |     );
> 355 |     expect(container.textContent).toBe('bc1c2c');
      |    ^ Duplicate Assert
  356 |     expect(container.firstChild.childNodes.length).toBe(4);
  357 |     render(
  358 |       template(["
/home/gabriel/Disk/Research/research-javascript-test-smells/repositories/inferno/packages/inferno-create-element/__tests__/patchMixedKeyed.spec.js,Duplicate Assert,"{'line': 356, 'column': 4, 'index': 9865}","  354 |     );
  355 |     expect(container.textContent).toBe('bc1c2c');
> 356 |     expect(container.firstChild.childNodes.length).toBe(4);
      |    ^ Duplicate Assert
  357 |     render(
  358 |       template([
  359 |         spanTagWithKeyAndText('a', 'a'),"
/home/gabriel/Disk/Research/research-javascript-test-smells/repositories/inferno/packages/inferno-create-element/__tests__/patchMixedKeyed.spec.js,Duplicate Assert,"{'line': 356, 'column': 4, 'index': 9865}","  354 |     );
  355 |     expect(container.textContent).toBe('bc1c2c');
> 356 |     expect(container.firstChild.childNodes.length).toBe(4);
      |    ^ Duplicate Assert
  357 |     render(
  358 |       template([
  359 |         spanTagWithKeyAndText('a', 'a'),"
/home/gabriel/Disk/Research/research-javascript-test-smells/repositories/inferno/packages/inferno-create-element/__tests__/patchMixedKeyed.spec.js,Duplicate Assert,"{'line': 365, 'column': 4, 'index': 10111}","  363 |       container,
  364 |     );
> 365 |     expect(container.textContent).toBe('abc');
      |    ^ Duplicate Assert
  366 |     expect(container.firstChild.childNodes.length).toBe(3);
  367 |     render(
  368 |       template(["
/home/gabriel/Disk/Research/research-javascript-test-smells/repositories/inferno/packages/inferno-create-element/__tests__/patchMixedKeyed.spec.js,Duplicate Assert,"{'line': 365, 'column': 4, 'index': 10111}","  363 |       container,
  364 |     );
> 365 |     expect(container.textContent).toBe('abc');
      |    ^ Duplicate Assert
  366 |     expect(container.firstChild.childNodes.length).toBe(3);
  367 |     render(
  368 |       template(["
/home/gabriel/Disk/Research/research-javascript-test-smells/repositories/inferno/packages/inferno-create-element/__tests__/patchMixedKeyed.spec.js,Duplicate Assert,"{'line': 366, 'column': 4, 'index': 10158}","  364 |     );
  365 |     expect(container.textContent).toBe('abc');
> 366 |     expect(container.firstChild.childNodes.length).toBe(3);
      |    ^ Duplicate Assert
  367 |     render(
  368 |       template([
  369 |         spanTagWithKeyAndText('d', 'b'),"
/home/gabriel/Disk/Research/research-javascript-test-smells/repositories/inferno/packages/inferno-create-element/__tests__/patchMixedKeyed.spec.js,Duplicate Assert,"{'line': 366, 'column': 4, 'index': 10158}","  364 |     );
  365 |     expect(container.textContent).toBe('abc');
> 366 |     expect(container.firstChild.childNodes.length).toBe(3);
      |    ^ Duplicate Assert
  367 |     render(
  368 |       template([
  369 |         spanTagWithKeyAndText('d', 'b'),"
/home/gabriel/Disk/Research/research-javascript-test-smells/repositories/inferno/packages/inferno-create-element/__tests__/patchMixedKeyed.spec.js,Duplicate Assert,"{'line': 376, 'column': 4, 'index': 10425}","  374 |       container,
  375 |     );
> 376 |     expect(container.textContent).toBe('bc1c2c');
      |    ^ Duplicate Assert
  377 |     expect(container.firstChild.childNodes.length).toBe(4);
  378 |     render(
  379 |       template(["
/home/gabriel/Disk/Research/research-javascript-test-smells/repositories/inferno/packages/inferno-create-element/__tests__/patchMixedKeyed.spec.js,Duplicate Assert,"{'line': 376, 'column': 4, 'index': 10425}","  374 |       container,
  375 |     );
> 376 |     expect(container.textContent).toBe('bc1c2c');
      |    ^ Duplicate Assert
  377 |     expect(container.firstChild.childNodes.length).toBe(4);
  378 |     render(
  379 |       template(["
/home/gabriel/Disk/Research/research-javascript-test-smells/repositories/inferno/packages/inferno-create-element/__tests__/patchMixedKeyed.spec.js,Duplicate Assert,"{'line': 377, 'column': 4, 'index': 10475}","  375 |     );
  376 |     expect(container.textContent).toBe('bc1c2c');
> 377 |     expect(container.firstChild.childNodes.length).toBe(4);
      |    ^ Duplicate Assert
  378 |     render(
  379 |       template([
  380 |         spanTagWithKeyAndText('a', 'a'),"
/home/gabriel/Disk/Research/research-javascript-test-smells/repositories/inferno/packages/inferno-create-element/__tests__/patchMixedKeyed.spec.js,Duplicate Assert,"{'line': 377, 'column': 4, 'index': 10475}","  375 |     );
  376 |     expect(container.textContent).toBe('bc1c2c');
> 377 |     expect(container.firstChild.childNodes.length).toBe(4);
      |    ^ Duplicate Assert
  378 |     render(
  379 |       template([
  380 |         spanTagWithKeyAndText('a', 'a'),"
/home/gabriel/Disk/Research/research-javascript-test-smells/repositories/inferno/packages/inferno-create-element/__tests__/patchMixedKeyed.spec.js,Duplicate Assert,"{'line': 386, 'column': 4, 'index': 10721}","  384 |       container,
  385 |     );
> 386 |     expect(container.textContent).toBe('abc');
      |    ^ Duplicate Assert
  387 |     expect(container.firstChild.childNodes.length).toBe(3);
  388 |     render(
  389 |       template(["
/home/gabriel/Disk/Research/research-javascript-test-smells/repositories/inferno/packages/inferno-create-element/__tests__/patchMixedKeyed.spec.js,Duplicate Assert,"{'line': 386, 'column': 4, 'index': 10721}","  384 |       container,
  385 |     );
> 386 |     expect(container.textContent).toBe('abc');
      |    ^ Duplicate Assert
  387 |     expect(container.firstChild.childNodes.length).toBe(3);
  388 |     render(
  389 |       template(["
/home/gabriel/Disk/Research/research-javascript-test-smells/repositories/inferno/packages/inferno-create-element/__tests__/patchMixedKeyed.spec.js,Duplicate Assert,"{'line': 387, 'column': 4, 'index': 10768}","  385 |     );
  386 |     expect(container.textContent).toBe('abc');
> 387 |     expect(container.firstChild.childNodes.length).toBe(3);
      |    ^ Duplicate Assert
  388 |     render(
  389 |       template([
  390 |         spanTagWithKeyAndText('d', 'b'),"
/home/gabriel/Disk/Research/research-javascript-test-smells/repositories/inferno/packages/inferno-create-element/__tests__/patchMixedKeyed.spec.js,Duplicate Assert,"{'line': 387, 'column': 4, 'index': 10768}","  385 |     );
  386 |     expect(container.textContent).toBe('abc');
> 387 |     expect(container.firstChild.childNodes.length).toBe(3);
      |    ^ Duplicate Assert
  388 |     render(
  389 |       template([
  390 |         spanTagWithKeyAndText('d', 'b'),"
/home/gabriel/Disk/Research/research-javascript-test-smells/repositories/inferno/packages/inferno-create-element/__tests__/patchMixedKeyed.spec.js,Duplicate Assert,"{'line': 397, 'column': 4, 'index': 11035}","  395 |       container,
  396 |     );
> 397 |     expect(container.textContent).toBe('bc1c2c');
      |    ^ Duplicate Assert
  398 |     expect(container.firstChild.childNodes.length).toBe(4);
  399 |     render(
  400 |       template(["
/home/gabriel/Disk/Research/research-javascript-test-smells/repositories/inferno/packages/inferno-create-element/__tests__/patchMixedKeyed.spec.js,Duplicate Assert,"{'line': 397, 'column': 4, 'index': 11035}","  395 |       container,
  396 |     );
> 397 |     expect(container.textContent).toBe('bc1c2c');
      |    ^ Duplicate Assert
  398 |     expect(container.firstChild.childNodes.length).toBe(4);
  399 |     render(
  400 |       template(["
/home/gabriel/Disk/Research/research-javascript-test-smells/repositories/inferno/packages/inferno-create-element/__tests__/patchMixedKeyed.spec.js,Duplicate Assert,"{'line': 398, 'column': 4, 'index': 11085}","  396 |     );
  397 |     expect(container.textContent).toBe('bc1c2c');
> 398 |     expect(container.firstChild.childNodes.length).toBe(4);
      |    ^ Duplicate Assert
  399 |     render(
  400 |       template([
  401 |         spanTagWithKeyAndText('a', 'a'),"
/home/gabriel/Disk/Research/research-javascript-test-smells/repositories/inferno/packages/inferno-create-element/__tests__/patchMixedKeyed.spec.js,Duplicate Assert,"{'line': 398, 'column': 4, 'index': 11085}","  396 |     );
  397 |     expect(container.textContent).toBe('bc1c2c');
> 398 |     expect(container.firstChild.childNodes.length).toBe(4);
      |    ^ Duplicate Assert
  399 |     render(
  400 |       template([
  401 |         spanTagWithKeyAndText('a', 'a'),"
/home/gabriel/Disk/Research/research-javascript-test-smells/repositories/inferno/packages/inferno-create-element/__tests__/patchMixedKeyed.spec.js,Duplicate Assert,"{'line': 407, 'column': 4, 'index': 11331}","  405 |       container,
  406 |     );
> 407 |     expect(container.textContent).toBe('abc');
      |    ^ Duplicate Assert
  408 |     expect(container.firstChild.childNodes.length).toBe(3);
  409 |     render(
  410 |       template(["
/home/gabriel/Disk/Research/research-javascript-test-smells/repositories/inferno/packages/inferno-create-element/__tests__/patchMixedKeyed.spec.js,Duplicate Assert,"{'line': 407, 'column': 4, 'index': 11331}","  405 |       container,
  406 |     );
> 407 |     expect(container.textContent).toBe('abc');
      |    ^ Duplicate Assert
  408 |     expect(container.firstChild.childNodes.length).toBe(3);
  409 |     render(
  410 |       template(["
/home/gabriel/Disk/Research/research-javascript-test-smells/repositories/inferno/packages/inferno-create-element/__tests__/patchMixedKeyed.spec.js,Duplicate Assert,"{'line': 408, 'column': 4, 'index': 11378}","  406 |     );
  407 |     expect(container.textContent).toBe('abc');
> 408 |     expect(container.firstChild.childNodes.length).toBe(3);
      |    ^ Duplicate Assert
  409 |     render(
  410 |       template([
  411 |         spanTagWithKeyAndText('a', 'a'),"
/home/gabriel/Disk/Research/research-javascript-test-smells/repositories/inferno/packages/inferno-create-element/__tests__/patchMixedKeyed.spec.js,Duplicate Assert,"{'line': 408, 'column': 4, 'index': 11378}","  406 |     );
  407 |     expect(container.textContent).toBe('abc');
> 408 |     expect(container.firstChild.childNodes.length).toBe(3);
      |    ^ Duplicate Assert
  409 |     render(
  410 |       template([
  411 |         spanTagWithKeyAndText('a', 'a'),"
/home/gabriel/Disk/Research/research-javascript-test-smells/repositories/inferno/packages/inferno-create-element/__tests__/patchMixedKeyed.spec.js,Duplicate Assert,"{'line': 417, 'column': 4, 'index': 11624}","  415 |       container,
  416 |     );
> 417 |     expect(container.textContent).toBe('abc');
      |    ^ Duplicate Assert
  418 |     expect(container.firstChild.childNodes.length).toBe(3);
  419 |     render(
  420 |       template(["
/home/gabriel/Disk/Research/research-javascript-test-smells/repositories/inferno/packages/inferno-create-element/__tests__/patchMixedKeyed.spec.js,Duplicate Assert,"{'line': 417, 'column': 4, 'index': 11624}","  415 |       container,
  416 |     );
> 417 |     expect(container.textContent).toBe('abc');
      |    ^ Duplicate Assert
  418 |     expect(container.firstChild.childNodes.length).toBe(3);
  419 |     render(
  420 |       template(["
/home/gabriel/Disk/Research/research-javascript-test-smells/repositories/inferno/packages/inferno-create-element/__tests__/patchMixedKeyed.spec.js,Duplicate Assert,"{'line': 418, 'column': 4, 'index': 11671}","  416 |     );
  417 |     expect(container.textContent).toBe('abc');
> 418 |     expect(container.firstChild.childNodes.length).toBe(3);
      |    ^ Duplicate Assert
  419 |     render(
  420 |       template([
  421 |         spanTagWithKeyAndText('d', 'b'),"
/home/gabriel/Disk/Research/research-javascript-test-smells/repositories/inferno/packages/inferno-create-element/__tests__/patchMixedKeyed.spec.js,Duplicate Assert,"{'line': 418, 'column': 4, 'index': 11671}","  416 |     );
  417 |     expect(container.textContent).toBe('abc');
> 418 |     expect(container.firstChild.childNodes.length).toBe(3);
      |    ^ Duplicate Assert
  419 |     render(
  420 |       template([
  421 |         spanTagWithKeyAndText('d', 'b'),"
/home/gabriel/Disk/Research/research-javascript-test-smells/repositories/inferno/packages/inferno-create-element/__tests__/patchMixedKeyed.spec.js,Duplicate Assert,"{'line': 428, 'column': 4, 'index': 11938}","  426 |       container,
  427 |     );
> 428 |     expect(container.textContent).toBe('bc1c2c');
      |    ^ Duplicate Assert
  429 |     expect(container.firstChild.childNodes.length).toBe(4);
  430 |     render(
  431 |       template(["
/home/gabriel/Disk/Research/research-javascript-test-smells/repositories/inferno/packages/inferno-create-element/__tests__/patchMixedKeyed.spec.js,Duplicate Assert,"{'line': 428, 'column': 4, 'index': 11938}","  426 |       container,
  427 |     );
> 428 |     expect(container.textContent).toBe('bc1c2c');
      |    ^ Duplicate Assert
  429 |     expect(container.firstChild.childNodes.length).toBe(4);
  430 |     render(
  431 |       template(["
/home/gabriel/Disk/Research/research-javascript-test-smells/repositories/inferno/packages/inferno-create-element/__tests__/patchMixedKeyed.spec.js,Duplicate Assert,"{'line': 429, 'column': 4, 'index': 11988}","  427 |     );
  428 |     expect(container.textContent).toBe('bc1c2c');
> 429 |     expect(container.firstChild.childNodes.length).toBe(4);
      |    ^ Duplicate Assert
  430 |     render(
  431 |       template([
  432 |         spanTagWithKeyAndText('a', 'a'),"
/home/gabriel/Disk/Research/research-javascript-test-smells/repositories/inferno/packages/inferno-create-element/__tests__/patchMixedKeyed.spec.js,Duplicate Assert,"{'line': 429, 'column': 4, 'index': 11988}","  427 |     );
  428 |     expect(container.textContent).toBe('bc1c2c');
> 429 |     expect(container.firstChild.childNodes.length).toBe(4);
      |    ^ Duplicate Assert
  430 |     render(
  431 |       template([
  432 |         spanTagWithKeyAndText('a', 'a'),"
/home/gabriel/Disk/Research/research-javascript-test-smells/repositories/inferno/packages/inferno-create-element/__tests__/patchMixedKeyed.spec.js,Duplicate Assert,"{'line': 438, 'column': 4, 'index': 12234}","  436 |       container,
  437 |     );
> 438 |     expect(container.textContent).toBe('abc');
      |    ^ Duplicate Assert
  439 |     expect(container.firstChild.childNodes.length).toBe(3);
  440 |     render(
  441 |       template(["
/home/gabriel/Disk/Research/research-javascript-test-smells/repositories/inferno/packages/inferno-create-element/__tests__/patchMixedKeyed.spec.js,Duplicate Assert,"{'line': 438, 'column': 4, 'index': 12234}","  436 |       container,
  437 |     );
> 438 |     expect(container.textContent).toBe('abc');
      |    ^ Duplicate Assert
  439 |     expect(container.firstChild.childNodes.length).toBe(3);
  440 |     render(
  441 |       template(["
/home/gabriel/Disk/Research/research-javascript-test-smells/repositories/inferno/packages/inferno-create-element/__tests__/patchMixedKeyed.spec.js,Duplicate Assert,"{'line': 439, 'column': 4, 'index': 12281}","  437 |     );
  438 |     expect(container.textContent).toBe('abc');
> 439 |     expect(container.firstChild.childNodes.length).toBe(3);
      |    ^ Duplicate Assert
  440 |     render(
  441 |       template([
  442 |         spanTagWithKeyAndText('d', 'b'),"
/home/gabriel/Disk/Research/research-javascript-test-smells/repositories/inferno/packages/inferno-create-element/__tests__/patchMixedKeyed.spec.js,Duplicate Assert,"{'line': 439, 'column': 4, 'index': 12281}","  437 |     );
  438 |     expect(container.textContent).toBe('abc');
> 439 |     expect(container.firstChild.childNodes.length).toBe(3);
      |    ^ Duplicate Assert
  440 |     render(
  441 |       template([
  442 |         spanTagWithKeyAndText('d', 'b'),"
/home/gabriel/Disk/Research/research-javascript-test-smells/repositories/inferno/packages/inferno-create-element/__tests__/patchMixedKeyed.spec.js,Duplicate Assert,"{'line': 449, 'column': 4, 'index': 12548}","  447 |       container,
  448 |     );
> 449 |     expect(container.textContent).toBe('bc1c2c');
      |    ^ Duplicate Assert
  450 |     expect(container.firstChild.childNodes.length).toBe(4);
  451 |     render(
  452 |       template(["
/home/gabriel/Disk/Research/research-javascript-test-smells/repositories/inferno/packages/inferno-create-element/__tests__/patchMixedKeyed.spec.js,Duplicate Assert,"{'line': 449, 'column': 4, 'index': 12548}","  447 |       container,
  448 |     );
> 449 |     expect(container.textContent).toBe('bc1c2c');
      |    ^ Duplicate Assert
  450 |     expect(container.firstChild.childNodes.length).toBe(4);
  451 |     render(
  452 |       template(["
/home/gabriel/Disk/Research/research-javascript-test-smells/repositories/inferno/packages/inferno-create-element/__tests__/patchMixedKeyed.spec.js,Duplicate Assert,"{'line': 450, 'column': 4, 'index': 12598}","  448 |     );
  449 |     expect(container.textContent).toBe('bc1c2c');
> 450 |     expect(container.firstChild.childNodes.length).toBe(4);
      |    ^ Duplicate Assert
  451 |     render(
  452 |       template([
  453 |         spanTagWithKeyAndText('a', 'a'),"
/home/gabriel/Disk/Research/research-javascript-test-smells/repositories/inferno/packages/inferno-create-element/__tests__/patchMixedKeyed.spec.js,Duplicate Assert,"{'line': 450, 'column': 4, 'index': 12598}","  448 |     );
  449 |     expect(container.textContent).toBe('bc1c2c');
> 450 |     expect(container.firstChild.childNodes.length).toBe(4);
      |    ^ Duplicate Assert
  451 |     render(
  452 |       template([
  453 |         spanTagWithKeyAndText('a', 'a'),"
/home/gabriel/Disk/Research/research-javascript-test-smells/repositories/inferno/packages/inferno-create-element/__tests__/patchMixedKeyed.spec.js,Duplicate Assert,"{'line': 459, 'column': 4, 'index': 12844}","  457 |       container,
  458 |     );
> 459 |     expect(container.textContent).toBe('abc');
      |    ^ Duplicate Assert
  460 |     expect(container.firstChild.childNodes.length).toBe(3);
  461 |     render(
  462 |       template(["
/home/gabriel/Disk/Research/research-javascript-test-smells/repositories/inferno/packages/inferno-create-element/__tests__/patchMixedKeyed.spec.js,Duplicate Assert,"{'line': 459, 'column': 4, 'index': 12844}","  457 |       container,
  458 |     );
> 459 |     expect(container.textContent).toBe('abc');
      |    ^ Duplicate Assert
  460 |     expect(container.firstChild.childNodes.length).toBe(3);
  461 |     render(
  462 |       template(["
/home/gabriel/Disk/Research/research-javascript-test-smells/repositories/inferno/packages/inferno-create-element/__tests__/patchMixedKeyed.spec.js,Duplicate Assert,"{'line': 460, 'column': 4, 'index': 12891}","  458 |     );
  459 |     expect(container.textContent).toBe('abc');
> 460 |     expect(container.firstChild.childNodes.length).toBe(3);
      |    ^ Duplicate Assert
  461 |     render(
  462 |       template([
  463 |         spanTagWithKeyAndText('d', 'b'),"
/home/gabriel/Disk/Research/research-javascript-test-smells/repositories/inferno/packages/inferno-create-element/__tests__/patchMixedKeyed.spec.js,Duplicate Assert,"{'line': 460, 'column': 4, 'index': 12891}","  458 |     );
  459 |     expect(container.textContent).toBe('abc');
> 460 |     expect(container.firstChild.childNodes.length).toBe(3);
      |    ^ Duplicate Assert
  461 |     render(
  462 |       template([
  463 |         spanTagWithKeyAndText('d', 'b'),"
/home/gabriel/Disk/Research/research-javascript-test-smells/repositories/inferno/packages/inferno-create-element/__tests__/patchMixedKeyed.spec.js,Duplicate Assert,"{'line': 470, 'column': 4, 'index': 13158}","  468 |       container,
  469 |     );
> 470 |     expect(container.textContent).toBe('bc1c2c');
      |    ^ Duplicate Assert
  471 |     expect(container.firstChild.childNodes.length).toBe(4);
  472 |     render(
  473 |       template(["
/home/gabriel/Disk/Research/research-javascript-test-smells/repositories/inferno/packages/inferno-create-element/__tests__/patchMixedKeyed.spec.js,Duplicate Assert,"{'line': 470, 'column': 4, 'index': 13158}","  468 |       container,
  469 |     );
> 470 |     expect(container.textContent).toBe('bc1c2c');
      |    ^ Duplicate Assert
  471 |     expect(container.firstChild.childNodes.length).toBe(4);
  472 |     render(
  473 |       template(["
/home/gabriel/Disk/Research/research-javascript-test-smells/repositories/inferno/packages/inferno-create-element/__tests__/patchMixedKeyed.spec.js,Duplicate Assert,"{'line': 471, 'column': 4, 'index': 13208}","  469 |     );
  470 |     expect(container.textContent).toBe('bc1c2c');
> 471 |     expect(container.firstChild.childNodes.length).toBe(4);
      |    ^ Duplicate Assert
  472 |     render(
  473 |       template([
  474 |         spanTagWithKeyAndText('a', 'a'),"
/home/gabriel/Disk/Research/research-javascript-test-smells/repositories/inferno/packages/inferno-create-element/__tests__/patchMixedKeyed.spec.js,Duplicate Assert,"{'line': 471, 'column': 4, 'index': 13208}","  469 |     );
  470 |     expect(container.textContent).toBe('bc1c2c');
> 471 |     expect(container.firstChild.childNodes.length).toBe(4);
      |    ^ Duplicate Assert
  472 |     render(
  473 |       template([
  474 |         spanTagWithKeyAndText('a', 'a'),"
/home/gabriel/Disk/Research/research-javascript-test-smells/repositories/inferno/packages/inferno-create-element/__tests__/patchMixedKeyed.spec.js,Duplicate Assert,"{'line': 480, 'column': 4, 'index': 13454}","  478 |       container,
  479 |     );
> 480 |     expect(container.textContent).toBe('abc');
      |    ^ Duplicate Assert
  481 |     expect(container.firstChild.childNodes.length).toBe(3);
  482 |     render(
  483 |       template(["
/home/gabriel/Disk/Research/research-javascript-test-smells/repositories/inferno/packages/inferno-create-element/__tests__/patchMixedKeyed.spec.js,Duplicate Assert,"{'line': 480, 'column': 4, 'index': 13454}","  478 |       container,
  479 |     );
> 480 |     expect(container.textContent).toBe('abc');
      |    ^ Duplicate Assert
  481 |     expect(container.firstChild.childNodes.length).toBe(3);
  482 |     render(
  483 |       template(["
/home/gabriel/Disk/Research/research-javascript-test-smells/repositories/inferno/packages/inferno-create-element/__tests__/patchMixedKeyed.spec.js,Duplicate Assert,"{'line': 481, 'column': 4, 'index': 13501}","  479 |     );
  480 |     expect(container.textContent).toBe('abc');
> 481 |     expect(container.firstChild.childNodes.length).toBe(3);
      |    ^ Duplicate Assert
  482 |     render(
  483 |       template([
  484 |         spanTagWithKeyAndText('d', 'b'),"
/home/gabriel/Disk/Research/research-javascript-test-smells/repositories/inferno/packages/inferno-create-element/__tests__/patchMixedKeyed.spec.js,Duplicate Assert,"{'line': 481, 'column': 4, 'index': 13501}","  479 |     );
  480 |     expect(container.textContent).toBe('abc');
> 481 |     expect(container.firstChild.childNodes.length).toBe(3);
      |    ^ Duplicate Assert
  482 |     render(
  483 |       template([
  484 |         spanTagWithKeyAndText('d', 'b'),"
/home/gabriel/Disk/Research/research-javascript-test-smells/repositories/inferno/packages/inferno-create-element/__tests__/patchMixedKeyed.spec.js,Duplicate Assert,"{'line': 491, 'column': 4, 'index': 13768}","  489 |       container,
  490 |     );
> 491 |     expect(container.textContent).toBe('bc1c2c');
      |    ^ Duplicate Assert
  492 |     expect(container.firstChild.childNodes.length).toBe(4);
  493 |     render(
  494 |       template(["
/home/gabriel/Disk/Research/research-javascript-test-smells/repositories/inferno/packages/inferno-create-element/__tests__/patchMixedKeyed.spec.js,Duplicate Assert,"{'line': 491, 'column': 4, 'index': 13768}","  489 |       container,
  490 |     );
> 491 |     expect(container.textContent).toBe('bc1c2c');
      |    ^ Duplicate Assert
  492 |     expect(container.firstChild.childNodes.length).toBe(4);
  493 |     render(
  494 |       template(["
/home/gabriel/Disk/Research/research-javascript-test-smells/repositories/inferno/packages/inferno-create-element/__tests__/patchMixedKeyed.spec.js,Duplicate Assert,"{'line': 492, 'column': 4, 'index': 13818}","  490 |     );
  491 |     expect(container.textContent).toBe('bc1c2c');
> 492 |     expect(container.firstChild.childNodes.length).toBe(4);
      |    ^ Duplicate Assert
  493 |     render(
  494 |       template([
  495 |         spanTagWithKeyAndText('a', 'a'),"
/home/gabriel/Disk/Research/research-javascript-test-smells/repositories/inferno/packages/inferno-create-element/__tests__/patchMixedKeyed.spec.js,Duplicate Assert,"{'line': 492, 'column': 4, 'index': 13818}","  490 |     );
  491 |     expect(container.textContent).toBe('bc1c2c');
> 492 |     expect(container.firstChild.childNodes.length).toBe(4);
      |    ^ Duplicate Assert
  493 |     render(
  494 |       template([
  495 |         spanTagWithKeyAndText('a', 'a'),"
/home/gabriel/Disk/Research/research-javascript-test-smells/repositories/inferno/packages/inferno-create-element/__tests__/patchMixedKeyed.spec.js,Duplicate Assert,"{'line': 501, 'column': 4, 'index': 14064}","  499 |       container,
  500 |     );
> 501 |     expect(container.textContent).toBe('abc');
      |    ^ Duplicate Assert
  502 |     expect(container.firstChild.childNodes.length).toBe(3);
  503 |     render(
  504 |       template(["
/home/gabriel/Disk/Research/research-javascript-test-smells/repositories/inferno/packages/inferno-create-element/__tests__/patchMixedKeyed.spec.js,Duplicate Assert,"{'line': 501, 'column': 4, 'index': 14064}","  499 |       container,
  500 |     );
> 501 |     expect(container.textContent).toBe('abc');
      |    ^ Duplicate Assert
  502 |     expect(container.firstChild.childNodes.length).toBe(3);
  503 |     render(
  504 |       template(["
/home/gabriel/Disk/Research/research-javascript-test-smells/repositories/inferno/packages/inferno-create-element/__tests__/patchMixedKeyed.spec.js,Duplicate Assert,"{'line': 502, 'column': 4, 'index': 14111}","  500 |     );
  501 |     expect(container.textContent).toBe('abc');
> 502 |     expect(container.firstChild.childNodes.length).toBe(3);
      |    ^ Duplicate Assert
  503 |     render(
  504 |       template([
  505 |         spanTagWithKeyAndText('d', 'b'),"
/home/gabriel/Disk/Research/research-javascript-test-smells/repositories/inferno/packages/inferno-create-element/__tests__/patchMixedKeyed.spec.js,Duplicate Assert,"{'line': 502, 'column': 4, 'index': 14111}","  500 |     );
  501 |     expect(container.textContent).toBe('abc');
> 502 |     expect(container.firstChild.childNodes.length).toBe(3);
      |    ^ Duplicate Assert
  503 |     render(
  504 |       template([
  505 |         spanTagWithKeyAndText('d', 'b'),"
/home/gabriel/Disk/Research/research-javascript-test-smells/repositories/inferno/packages/inferno-create-element/__tests__/patchMixedKeyed.spec.js,Duplicate Assert,"{'line': 512, 'column': 4, 'index': 14378}","  510 |       container,
  511 |     );
> 512 |     expect(container.textContent).toBe('bc1c2c');
      |    ^ Duplicate Assert
  513 |     expect(container.firstChild.childNodes.length).toBe(4);
  514 |     render(
  515 |       template(["
/home/gabriel/Disk/Research/research-javascript-test-smells/repositories/inferno/packages/inferno-create-element/__tests__/patchMixedKeyed.spec.js,Duplicate Assert,"{'line': 512, 'column': 4, 'index': 14378}","  510 |       container,
  511 |     );
> 512 |     expect(container.textContent).toBe('bc1c2c');
      |    ^ Duplicate Assert
  513 |     expect(container.firstChild.childNodes.length).toBe(4);
  514 |     render(
  515 |       template(["
/home/gabriel/Disk/Research/research-javascript-test-smells/repositories/inferno/packages/inferno-create-element/__tests__/patchMixedKeyed.spec.js,Duplicate Assert,"{'line': 513, 'column': 4, 'index': 14428}","  511 |     );
  512 |     expect(container.textContent).toBe('bc1c2c');
> 513 |     expect(container.firstChild.childNodes.length).toBe(4);
      |    ^ Duplicate Assert
  514 |     render(
  515 |       template([
  516 |         spanTagWithKeyAndText('a', 'a'),"
/home/gabriel/Disk/Research/research-javascript-test-smells/repositories/inferno/packages/inferno-create-element/__tests__/patchMixedKeyed.spec.js,Duplicate Assert,"{'line': 513, 'column': 4, 'index': 14428}","  511 |     );
  512 |     expect(container.textContent).toBe('bc1c2c');
> 513 |     expect(container.firstChild.childNodes.length).toBe(4);
      |    ^ Duplicate Assert
  514 |     render(
  515 |       template([
  516 |         spanTagWithKeyAndText('a', 'a'),"
/home/gabriel/Disk/Research/research-javascript-test-smells/repositories/inferno/packages/inferno-create-element/__tests__/patchMixedKeyed.spec.js,Duplicate Assert,"{'line': 522, 'column': 4, 'index': 14674}","  520 |       container,
  521 |     );
> 522 |     expect(container.textContent).toBe('abc');
      |    ^ Duplicate Assert
  523 |     expect(container.firstChild.childNodes.length).toBe(3);
  524 |     render(
  525 |       template(["
/home/gabriel/Disk/Research/research-javascript-test-smells/repositories/inferno/packages/inferno-create-element/__tests__/patchMixedKeyed.spec.js,Duplicate Assert,"{'line': 522, 'column': 4, 'index': 14674}","  520 |       container,
  521 |     );
> 522 |     expect(container.textContent).toBe('abc');
      |    ^ Duplicate Assert
  523 |     expect(container.firstChild.childNodes.length).toBe(3);
  524 |     render(
  525 |       template(["
/home/gabriel/Disk/Research/research-javascript-test-smells/repositories/inferno/packages/inferno-create-element/__tests__/patchMixedKeyed.spec.js,Duplicate Assert,"{'line': 523, 'column': 4, 'index': 14721}","  521 |     );
  522 |     expect(container.textContent).toBe('abc');
> 523 |     expect(container.firstChild.childNodes.length).toBe(3);
      |    ^ Duplicate Assert
  524 |     render(
  525 |       template([
  526 |         spanTagWithKeyAndText('d', 'b'),"
/home/gabriel/Disk/Research/research-javascript-test-smells/repositories/inferno/packages/inferno-create-element/__tests__/patchMixedKeyed.spec.js,Duplicate Assert,"{'line': 523, 'column': 4, 'index': 14721}","  521 |     );
  522 |     expect(container.textContent).toBe('abc');
> 523 |     expect(container.firstChild.childNodes.length).toBe(3);
      |    ^ Duplicate Assert
  524 |     render(
  525 |       template([
  526 |         spanTagWithKeyAndText('d', 'b'),"
/home/gabriel/Disk/Research/research-javascript-test-smells/repositories/inferno/packages/inferno-create-element/__tests__/patchMixedKeyed.spec.js,Duplicate Assert,"{'line': 533, 'column': 4, 'index': 14988}","  531 |       container,
  532 |     );
> 533 |     expect(container.textContent).toBe('bc1c2c');
      |    ^ Duplicate Assert
  534 |     expect(container.firstChild.childNodes.length).toBe(4);
  535 |     render(
  536 |       template(["
/home/gabriel/Disk/Research/research-javascript-test-smells/repositories/inferno/packages/inferno-create-element/__tests__/patchMixedKeyed.spec.js,Duplicate Assert,"{'line': 533, 'column': 4, 'index': 14988}","  531 |       container,
  532 |     );
> 533 |     expect(container.textContent).toBe('bc1c2c');
      |    ^ Duplicate Assert
  534 |     expect(container.firstChild.childNodes.length).toBe(4);
  535 |     render(
  536 |       template(["
/home/gabriel/Disk/Research/research-javascript-test-smells/repositories/inferno/packages/inferno-create-element/__tests__/patchMixedKeyed.spec.js,Duplicate Assert,"{'line': 534, 'column': 4, 'index': 15038}","  532 |     );
  533 |     expect(container.textContent).toBe('bc1c2c');
> 534 |     expect(container.firstChild.childNodes.length).toBe(4);
      |    ^ Duplicate Assert
  535 |     render(
  536 |       template([
  537 |         spanTagWithKeyAndText('a', 'a'),"
/home/gabriel/Disk/Research/research-javascript-test-smells/repositories/inferno/packages/inferno-create-element/__tests__/patchMixedKeyed.spec.js,Duplicate Assert,"{'line': 534, 'column': 4, 'index': 15038}","  532 |     );
  533 |     expect(container.textContent).toBe('bc1c2c');
> 534 |     expect(container.firstChild.childNodes.length).toBe(4);
      |    ^ Duplicate Assert
  535 |     render(
  536 |       template([
  537 |         spanTagWithKeyAndText('a', 'a'),"
/home/gabriel/Disk/Research/research-javascript-test-smells/repositories/inferno/packages/inferno-create-element/__tests__/patchMixedKeyed.spec.js,Duplicate Assert,"{'line': 543, 'column': 4, 'index': 15284}","  541 |       container,
  542 |     );
> 543 |     expect(container.textContent).toBe('abc');
      |    ^ Duplicate Assert
  544 |     expect(container.firstChild.childNodes.length).toBe(3);
  545 |     render(
  546 |       template(["
/home/gabriel/Disk/Research/research-javascript-test-smells/repositories/inferno/packages/inferno-create-element/__tests__/patchMixedKeyed.spec.js,Duplicate Assert,"{'line': 543, 'column': 4, 'index': 15284}","  541 |       container,
  542 |     );
> 543 |     expect(container.textContent).toBe('abc');
      |    ^ Duplicate Assert
  544 |     expect(container.firstChild.childNodes.length).toBe(3);
  545 |     render(
  546 |       template(["
/home/gabriel/Disk/Research/research-javascript-test-smells/repositories/inferno/packages/inferno-create-element/__tests__/patchMixedKeyed.spec.js,Duplicate Assert,"{'line': 544, 'column': 4, 'index': 15331}","  542 |     );
  543 |     expect(container.textContent).toBe('abc');
> 544 |     expect(container.firstChild.childNodes.length).toBe(3);
      |    ^ Duplicate Assert
  545 |     render(
  546 |       template([
  547 |         spanTagWithKeyAndText('d', 'b'),"
/home/gabriel/Disk/Research/research-javascript-test-smells/repositories/inferno/packages/inferno-create-element/__tests__/patchMixedKeyed.spec.js,Duplicate Assert,"{'line': 544, 'column': 4, 'index': 15331}","  542 |     );
  543 |     expect(container.textContent).toBe('abc');
> 544 |     expect(container.firstChild.childNodes.length).toBe(3);
      |    ^ Duplicate Assert
  545 |     render(
  546 |       template([
  547 |         spanTagWithKeyAndText('d', 'b'),"
/home/gabriel/Disk/Research/research-javascript-test-smells/repositories/inferno/packages/inferno-create-element/__tests__/patchMixedKeyed.spec.js,Duplicate Assert,"{'line': 554, 'column': 4, 'index': 15598}","  552 |       container,
  553 |     );
> 554 |     expect(container.textContent).toBe('bc1c2c');
      |    ^ Duplicate Assert
  555 |     expect(container.firstChild.childNodes.length).toBe(4);
  556 |   });
  557 | });"
/home/gabriel/Disk/Research/research-javascript-test-smells/repositories/inferno/packages/inferno-create-element/__tests__/patchMixedKeyed.spec.js,Duplicate Assert,"{'line': 554, 'column': 4, 'index': 15598}","  552 |       container,
  553 |     );
> 554 |     expect(container.textContent).toBe('bc1c2c');
      |    ^ Duplicate Assert
  555 |     expect(container.firstChild.childNodes.length).toBe(4);
  556 |   });
  557 | });"
/home/gabriel/Disk/Research/research-javascript-test-smells/repositories/inferno/packages/inferno-create-element/__tests__/patchMixedKeyed.spec.js,Duplicate Assert,"{'line': 555, 'column': 4, 'index': 15648}","  553 |     );
  554 |     expect(container.textContent).toBe('bc1c2c');
> 555 |     expect(container.firstChild.childNodes.length).toBe(4);
      |    ^ Duplicate Assert
  556 |   });
  557 | });
  558 |"
/home/gabriel/Disk/Research/research-javascript-test-smells/repositories/inferno/packages/inferno-create-element/__tests__/patchMixedKeyed.spec.js,Duplicate Assert,"{'line': 555, 'column': 4, 'index': 15648}","  553 |     );
  554 |     expect(container.textContent).toBe('bc1c2c');
> 555 |     expect(container.firstChild.childNodes.length).toBe(4);
      |    ^ Duplicate Assert
  556 |   });
  557 | });
  558 |"
/home/gabriel/Disk/Research/research-javascript-test-smells/repositories/inferno/packages/inferno-create-element/__tests__/patchMixedKeyed.spec.js,Magic Number,"{'line': 50, 'column': 56, 'index': 1127}","  48 |     );
  49 |     expect(container.textContent).toBe('bc');
> 50 |     expect(container.firstChild.childNodes.length).toBe(2);
     |                                                        ^ Magic Number
  51 |     render(
  52 |       template([
  53 |         spanTagWithKeyAndText('a', 'a'),"
/home/gabriel/Disk/Research/research-javascript-test-smells/repositories/inferno/packages/inferno-create-element/__tests__/patchMixedKeyed.spec.js,Magic Number,"{'line': 61, 'column': 56, 'index': 1451}","  59 |     );
  60 |     expect(container.textContent).toBe('abcc');
> 61 |     expect(container.firstChild.childNodes.length).toBe(4);
     |                                                        ^ Magic Number
  62 |     render(
  63 |       template([spanTagWithKeyAndText('d', 'b'), spanTagWithText('c')]),
  64 |       container,"
/home/gabriel/Disk/Research/research-javascript-test-smells/repositories/inferno/packages/inferno-create-element/__tests__/patchMixedKeyed.spec.js,Magic Number,"{'line': 67, 'column': 56, 'index': 1666}","  65 |     );
  66 |     expect(container.textContent).toBe('bc');
> 67 |     expect(container.firstChild.childNodes.length).toBe(2);
     |                                                        ^ Magic Number
  68 |     render(
  69 |       template([
  70 |         spanTagWithKeyAndText('a', 'a'),"
/home/gabriel/Disk/Research/research-javascript-test-smells/repositories/inferno/packages/inferno-create-element/__tests__/patchMixedKeyed.spec.js,Magic Number,"{'line': 78, 'column': 56, 'index': 1990}","  76 |     );
  77 |     expect(container.textContent).toBe('abcc');
> 78 |     expect(container.firstChild.childNodes.length).toBe(4);
     |                                                        ^ Magic Number
  79 |     render(
  80 |       template([
  81 |         spanTagWithKeyAndText('a', 'a'),"
/home/gabriel/Disk/Research/research-javascript-test-smells/repositories/inferno/packages/inferno-create-element/__tests__/patchMixedKeyed.spec.js,Magic Number,"{'line': 91, 'column': 56, 'index': 2347}","  89 |     );
  90 |     expect(container.textContent).toBe('abcc');
> 91 |     expect(container.firstChild.childNodes.length).toBe(4);
     |                                                        ^ Magic Number
  92 |     render(
  93 |       template([
  94 |         spanTagWithKeyAndText('a', 'a'),"
/home/gabriel/Disk/Research/research-javascript-test-smells/repositories/inferno/packages/inferno-create-element/__tests__/patchMixedKeyed.spec.js,Magic Number,"{'line': 104, 'column': 56, 'index': 2704}","  102 |     );
  103 |     expect(container.textContent).toBe('abcc');
> 104 |     expect(container.firstChild.childNodes.length).toBe(4);
      |                                                        ^ Magic Number
  105 |     render(
  106 |       template([spanTagWithKeyAndText('d', 'b'), spanTagWithText('c')]),
  107 |       container,"
/home/gabriel/Disk/Research/research-javascript-test-smells/repositories/inferno/packages/inferno-create-element/__tests__/patchMixedKeyed.spec.js,Magic Number,"{'line': 110, 'column': 56, 'index': 2919}","  108 |     );
  109 |     expect(container.textContent).toBe('bc');
> 110 |     expect(container.firstChild.childNodes.length).toBe(2);
      |                                                        ^ Magic Number
  111 |   });
  112 |
  113 |   it('should swap the last child and add three non-key children', () => {"
/home/gabriel/Disk/Research/research-javascript-test-smells/repositories/inferno/packages/inferno-create-element/__tests__/patchMixedKeyed.spec.js,Magic Number,"{'line': 122, 'column': 56, 'index': 3251}","  120 |     );
  121 |     expect(container.textContent).toBe('ab');
> 122 |     expect(container.firstChild.childNodes.length).toBe(2);
      |                                                        ^ Magic Number
  123 |     render(
  124 |       template([
  125 |         spanTagWithKeyAndText('d', 'b'),"
/home/gabriel/Disk/Research/research-javascript-test-smells/repositories/inferno/packages/inferno-create-element/__tests__/patchMixedKeyed.spec.js,Magic Number,"{'line': 133, 'column': 56, 'index': 3575}","  131 |     );
  132 |     expect(container.textContent).toBe('bcac');
> 133 |     expect(container.firstChild.childNodes.length).toBe(4);
      |                                                        ^ Magic Number
  134 |     render(
  135 |       template([
  136 |         spanTagWithKeyAndText('a', 'a'),"
/home/gabriel/Disk/Research/research-javascript-test-smells/repositories/inferno/packages/inferno-create-element/__tests__/patchMixedKeyed.spec.js,Magic Number,"{'line': 142, 'column': 56, 'index': 3826}","  140 |     );
  141 |     expect(container.textContent).toBe('ab');
> 142 |     expect(container.firstChild.childNodes.length).toBe(2);
      |                                                        ^ Magic Number
  143 |   });
  144 |
  145 |   it('should swap, and a keyed child at the end, and add one non-key child', () => {"
/home/gabriel/Disk/Research/research-javascript-test-smells/repositories/inferno/packages/inferno-create-element/__tests__/patchMixedKeyed.spec.js,Magic Number,"{'line': 156, 'column': 56, 'index': 4242}","  154 |     );
  155 |     expect(container.textContent).toBe('bacc');
> 156 |     expect(container.firstChild.childNodes.length).toBe(4);
      |                                                        ^ Magic Number
  157 |     render(
  158 |       template([
  159 |         spanTagWithKeyAndText('a', 'a'),"
/home/gabriel/Disk/Research/research-javascript-test-smells/repositories/inferno/packages/inferno-create-element/__tests__/patchMixedKeyed.spec.js,Magic Number,"{'line': 166, 'column': 56, 'index': 4507}","  164 |     );
  165 |     expect(container.textContent).toBe('ab');
> 166 |     expect(container.firstChild.childNodes.length).toBe(2);
      |                                                        ^ Magic Number
  167 |     render(
  168 |       template([
  169 |         spanTagWithKeyAndText('d', 'b'),"
/home/gabriel/Disk/Research/research-javascript-test-smells/repositories/inferno/packages/inferno-create-element/__tests__/patchMixedKeyed.spec.js,Magic Number,"{'line': 177, 'column': 56, 'index': 4831}","  175 |     );
  176 |     expect(container.textContent).toBe('bacc');
> 177 |     expect(container.firstChild.childNodes.length).toBe(4);
      |                                                        ^ Magic Number
  178 |     render(
  179 |       template([
  180 |         spanTagWithKeyAndText('d', 'b'),"
/home/gabriel/Disk/Research/research-javascript-test-smells/repositories/inferno/packages/inferno-create-element/__tests__/patchMixedKeyed.spec.js,Magic Number,"{'line': 189, 'column': 56, 'index': 5174}","  187 |     );
  188 |     expect(container.textContent).toBe('bacc');
> 189 |     expect(container.firstChild.childNodes.length).toBe(4);
      |                                                        ^ Magic Number
  190 |     render(
  191 |       template([
  192 |         spanTagWithKeyAndText('a', 'a'),"
/home/gabriel/Disk/Research/research-javascript-test-smells/repositories/inferno/packages/inferno-create-element/__tests__/patchMixedKeyed.spec.js,Magic Number,"{'line': 198, 'column': 56, 'index': 5425}","  196 |     );
  197 |     expect(container.textContent).toBe('ab');
> 198 |     expect(container.firstChild.childNodes.length).toBe(2);
      |                                                        ^ Magic Number
  199 |   });
  200 |
  201 |   it('should insert keyed nodes where the last key is a non-keyed node', () => {"
/home/gabriel/Disk/Research/research-javascript-test-smells/repositories/inferno/packages/inferno-create-element/__tests__/patchMixedKeyed.spec.js,Magic Number,"{'line': 210, 'column': 56, 'index': 5764}","  208 |     );
  209 |     expect(container.textContent).toBe('ab');
> 210 |     expect(container.firstChild.childNodes.length).toBe(2);
      |                                                        ^ Magic Number
  211 |     render(
  212 |       template([
  213 |         spanTagWithKeyAndText('a', 'c'),"
/home/gabriel/Disk/Research/research-javascript-test-smells/repositories/inferno/packages/inferno-create-element/__tests__/patchMixedKeyed.spec.js,Magic Number,"{'line': 251, 'column': 56, 'index': 6867}","  249 |     );
  250 |     expect(container.textContent).toBe('bc1c2c');
> 251 |     expect(container.firstChild.childNodes.length).toBe(4);
      |                                                        ^ Magic Number
  252 |     render(
  253 |       template([
  254 |         spanTagWithKeyAndText('a', 'a'),"
/home/gabriel/Disk/Research/research-javascript-test-smells/repositories/inferno/packages/inferno-create-element/__tests__/patchMixedKeyed.spec.js,Magic Number,"{'line': 261, 'column': 56, 'index': 7160}","  259 |     );
  260 |     expect(container.textContent).toBe('abc');
> 261 |     expect(container.firstChild.childNodes.length).toBe(3);
      |                                                        ^ Magic Number
  262 |     render(
  263 |       template([
  264 |         spanTagWithKeyAndText('d', 'b'),"
/home/gabriel/Disk/Research/research-javascript-test-smells/repositories/inferno/packages/inferno-create-element/__tests__/patchMixedKeyed.spec.js,Magic Number,"{'line': 272, 'column': 56, 'index': 7477}","  270 |     );
  271 |     expect(container.textContent).toBe('bc1c2c');
> 272 |     expect(container.firstChild.childNodes.length).toBe(4);
      |                                                        ^ Magic Number
  273 |     render(
  274 |       template([
  275 |         spanTagWithKeyAndText('a', 'a'),"
/home/gabriel/Disk/Research/research-javascript-test-smells/repositories/inferno/packages/inferno-create-element/__tests__/patchMixedKeyed.spec.js,Magic Number,"{'line': 282, 'column': 56, 'index': 7770}","  280 |     );
  281 |     expect(container.textContent).toBe('abc');
> 282 |     expect(container.firstChild.childNodes.length).toBe(3);
      |                                                        ^ Magic Number
  283 |     render(
  284 |       template([
  285 |         spanTagWithKeyAndText('d', 'b'),"
/home/gabriel/Disk/Research/research-javascript-test-smells/repositories/inferno/packages/inferno-create-element/__tests__/patchMixedKeyed.spec.js,Magic Number,"{'line': 293, 'column': 56, 'index': 8087}","  291 |     );
  292 |     expect(container.textContent).toBe('bc1c2c');
> 293 |     expect(container.firstChild.childNodes.length).toBe(4);
      |                                                        ^ Magic Number
  294 |     render(
  295 |       template([
  296 |         spanTagWithKeyAndText('a', 'a'),"
/home/gabriel/Disk/Research/research-javascript-test-smells/repositories/inferno/packages/inferno-create-element/__tests__/patchMixedKeyed.spec.js,Magic Number,"{'line': 303, 'column': 56, 'index': 8380}","  301 |     );
  302 |     expect(container.textContent).toBe('abc');
> 303 |     expect(container.firstChild.childNodes.length).toBe(3);
      |                                                        ^ Magic Number
  304 |     render(
  305 |       template([
  306 |         spanTagWithKeyAndText('d', 'b'),"
/home/gabriel/Disk/Research/research-javascript-test-smells/repositories/inferno/packages/inferno-create-element/__tests__/patchMixedKeyed.spec.js,Magic Number,"{'line': 314, 'column': 56, 'index': 8697}","  312 |     );
  313 |     expect(container.textContent).toBe('bc1c2c');
> 314 |     expect(container.firstChild.childNodes.length).toBe(4);
      |                                                        ^ Magic Number
  315 |     render(
  316 |       template([
  317 |         spanTagWithKeyAndText('a', 'a'),"
/home/gabriel/Disk/Research/research-javascript-test-smells/repositories/inferno/packages/inferno-create-element/__tests__/patchMixedKeyed.spec.js,Magic Number,"{'line': 324, 'column': 56, 'index': 8990}","  322 |     );
  323 |     expect(container.textContent).toBe('abc');
> 324 |     expect(container.firstChild.childNodes.length).toBe(3);
      |                                                        ^ Magic Number
  325 |     render(
  326 |       template([
  327 |         spanTagWithKeyAndText('d', 'b'),"
/home/gabriel/Disk/Research/research-javascript-test-smells/repositories/inferno/packages/inferno-create-element/__tests__/patchMixedKeyed.spec.js,Magic Number,"{'line': 335, 'column': 56, 'index': 9307}","  333 |     );
  334 |     expect(container.textContent).toBe('bc1c2c');
> 335 |     expect(container.firstChild.childNodes.length).toBe(4);
      |                                                        ^ Magic Number
  336 |     render(
  337 |       template([
  338 |         spanTagWithKeyAndText('a', 'a'),"
/home/gabriel/Disk/Research/research-javascript-test-smells/repositories/inferno/packages/inferno-create-element/__tests__/patchMixedKeyed.spec.js,Magic Number,"{'line': 345, 'column': 56, 'index': 9600}","  343 |     );
  344 |     expect(container.textContent).toBe('abc');
> 345 |     expect(container.firstChild.childNodes.length).toBe(3);
      |                                                        ^ Magic Number
  346 |     render(
  347 |       template([
  348 |         spanTagWithKeyAndText('d', 'b'),"
/home/gabriel/Disk/Research/research-javascript-test-smells/repositories/inferno/packages/inferno-create-element/__tests__/patchMixedKeyed.spec.js,Magic Number,"{'line': 356, 'column': 56, 'index': 9917}","  354 |     );
  355 |     expect(container.textContent).toBe('bc1c2c');
> 356 |     expect(container.firstChild.childNodes.length).toBe(4);
      |                                                        ^ Magic Number
  357 |     render(
  358 |       template([
  359 |         spanTagWithKeyAndText('a', 'a'),"
/home/gabriel/Disk/Research/research-javascript-test-smells/repositories/inferno/packages/inferno-create-element/__tests__/patchMixedKeyed.spec.js,Magic Number,"{'line': 366, 'column': 56, 'index': 10210}","  364 |     );
  365 |     expect(container.textContent).toBe('abc');
> 366 |     expect(container.firstChild.childNodes.length).toBe(3);
      |                                                        ^ Magic Number
  367 |     render(
  368 |       template([
  369 |         spanTagWithKeyAndText('d', 'b'),"
/home/gabriel/Disk/Research/research-javascript-test-smells/repositories/inferno/packages/inferno-create-element/__tests__/patchMixedKeyed.spec.js,Magic Number,"{'line': 377, 'column': 56, 'index': 10527}","  375 |     );
  376 |     expect(container.textContent).toBe('bc1c2c');
> 377 |     expect(container.firstChild.childNodes.length).toBe(4);
      |                                                        ^ Magic Number
  378 |     render(
  379 |       template([
  380 |         spanTagWithKeyAndText('a', 'a'),"
/home/gabriel/Disk/Research/research-javascript-test-smells/repositories/inferno/packages/inferno-create-element/__tests__/patchMixedKeyed.spec.js,Magic Number,"{'line': 387, 'column': 56, 'index': 10820}","  385 |     );
  386 |     expect(container.textContent).toBe('abc');
> 387 |     expect(container.firstChild.childNodes.length).toBe(3);
      |                                                        ^ Magic Number
  388 |     render(
  389 |       template([
  390 |         spanTagWithKeyAndText('d', 'b'),"
/home/gabriel/Disk/Research/research-javascript-test-smells/repositories/inferno/packages/inferno-create-element/__tests__/patchMixedKeyed.spec.js,Magic Number,"{'line': 398, 'column': 56, 'index': 11137}","  396 |     );
  397 |     expect(container.textContent).toBe('bc1c2c');
> 398 |     expect(container.firstChild.childNodes.length).toBe(4);
      |                                                        ^ Magic Number
  399 |     render(
  400 |       template([
  401 |         spanTagWithKeyAndText('a', 'a'),"
/home/gabriel/Disk/Research/research-javascript-test-smells/repositories/inferno/packages/inferno-create-element/__tests__/patchMixedKeyed.spec.js,Magic Number,"{'line': 408, 'column': 56, 'index': 11430}","  406 |     );
  407 |     expect(container.textContent).toBe('abc');
> 408 |     expect(container.firstChild.childNodes.length).toBe(3);
      |                                                        ^ Magic Number
  409 |     render(
  410 |       template([
  411 |         spanTagWithKeyAndText('a', 'a'),"
/home/gabriel/Disk/Research/research-javascript-test-smells/repositories/inferno/packages/inferno-create-element/__tests__/patchMixedKeyed.spec.js,Magic Number,"{'line': 418, 'column': 56, 'index': 11723}","  416 |     );
  417 |     expect(container.textContent).toBe('abc');
> 418 |     expect(container.firstChild.childNodes.length).toBe(3);
      |                                                        ^ Magic Number
  419 |     render(
  420 |       template([
  421 |         spanTagWithKeyAndText('d', 'b'),"
/home/gabriel/Disk/Research/research-javascript-test-smells/repositories/inferno/packages/inferno-create-element/__tests__/patchMixedKeyed.spec.js,Magic Number,"{'line': 429, 'column': 56, 'index': 12040}","  427 |     );
  428 |     expect(container.textContent).toBe('bc1c2c');
> 429 |     expect(container.firstChild.childNodes.length).toBe(4);
      |                                                        ^ Magic Number
  430 |     render(
  431 |       template([
  432 |         spanTagWithKeyAndText('a', 'a'),"
/home/gabriel/Disk/Research/research-javascript-test-smells/repositories/inferno/packages/inferno-create-element/__tests__/patchMixedKeyed.spec.js,Magic Number,"{'line': 439, 'column': 56, 'index': 12333}","  437 |     );
  438 |     expect(container.textContent).toBe('abc');
> 439 |     expect(container.firstChild.childNodes.length).toBe(3);
      |                                                        ^ Magic Number
  440 |     render(
  441 |       template([
  442 |         spanTagWithKeyAndText('d', 'b'),"
/home/gabriel/Disk/Research/research-javascript-test-smells/repositories/inferno/packages/inferno-create-element/__tests__/patchMixedKeyed.spec.js,Magic Number,"{'line': 450, 'column': 56, 'index': 12650}","  448 |     );
  449 |     expect(container.textContent).toBe('bc1c2c');
> 450 |     expect(container.firstChild.childNodes.length).toBe(4);
      |                                                        ^ Magic Number
  451 |     render(
  452 |       template([
  453 |         spanTagWithKeyAndText('a', 'a'),"
/home/gabriel/Disk/Research/research-javascript-test-smells/repositories/inferno/packages/inferno-create-element/__tests__/patchMixedKeyed.spec.js,Magic Number,"{'line': 460, 'column': 56, 'index': 12943}","  458 |     );
  459 |     expect(container.textContent).toBe('abc');
> 460 |     expect(container.firstChild.childNodes.length).toBe(3);
      |                                                        ^ Magic Number
  461 |     render(
  462 |       template([
  463 |         spanTagWithKeyAndText('d', 'b'),"
/home/gabriel/Disk/Research/research-javascript-test-smells/repositories/inferno/packages/inferno-create-element/__tests__/patchMixedKeyed.spec.js,Magic Number,"{'line': 471, 'column': 56, 'index': 13260}","  469 |     );
  470 |     expect(container.textContent).toBe('bc1c2c');
> 471 |     expect(container.firstChild.childNodes.length).toBe(4);
      |                                                        ^ Magic Number
  472 |     render(
  473 |       template([
  474 |         spanTagWithKeyAndText('a', 'a'),"
/home/gabriel/Disk/Research/research-javascript-test-smells/repositories/inferno/packages/inferno-create-element/__tests__/patchMixedKeyed.spec.js,Magic Number,"{'line': 481, 'column': 56, 'index': 13553}","  479 |     );
  480 |     expect(container.textContent).toBe('abc');
> 481 |     expect(container.firstChild.childNodes.length).toBe(3);
      |                                                        ^ Magic Number
  482 |     render(
  483 |       template([
  484 |         spanTagWithKeyAndText('d', 'b'),"
/home/gabriel/Disk/Research/research-javascript-test-smells/repositories/inferno/packages/inferno-create-element/__tests__/patchMixedKeyed.spec.js,Magic Number,"{'line': 492, 'column': 56, 'index': 13870}","  490 |     );
  491 |     expect(container.textContent).toBe('bc1c2c');
> 492 |     expect(container.firstChild.childNodes.length).toBe(4);
      |                                                        ^ Magic Number
  493 |     render(
  494 |       template([
  495 |         spanTagWithKeyAndText('a', 'a'),"
/home/gabriel/Disk/Research/research-javascript-test-smells/repositories/inferno/packages/inferno-create-element/__tests__/patchMixedKeyed.spec.js,Magic Number,"{'line': 502, 'column': 56, 'index': 14163}","  500 |     );
  501 |     expect(container.textContent).toBe('abc');
> 502 |     expect(container.firstChild.childNodes.length).toBe(3);
      |                                                        ^ Magic Number
  503 |     render(
  504 |       template([
  505 |         spanTagWithKeyAndText('d', 'b'),"
/home/gabriel/Disk/Research/research-javascript-test-smells/repositories/inferno/packages/inferno-create-element/__tests__/patchMixedKeyed.spec.js,Magic Number,"{'line': 513, 'column': 56, 'index': 14480}","  511 |     );
  512 |     expect(container.textContent).toBe('bc1c2c');
> 513 |     expect(container.firstChild.childNodes.length).toBe(4);
      |                                                        ^ Magic Number
  514 |     render(
  515 |       template([
  516 |         spanTagWithKeyAndText('a', 'a'),"
/home/gabriel/Disk/Research/research-javascript-test-smells/repositories/inferno/packages/inferno-create-element/__tests__/patchMixedKeyed.spec.js,Magic Number,"{'line': 523, 'column': 56, 'index': 14773}","  521 |     );
  522 |     expect(container.textContent).toBe('abc');
> 523 |     expect(container.firstChild.childNodes.length).toBe(3);
      |                                                        ^ Magic Number
  524 |     render(
  525 |       template([
  526 |         spanTagWithKeyAndText('d', 'b'),"
/home/gabriel/Disk/Research/research-javascript-test-smells/repositories/inferno/packages/inferno-create-element/__tests__/patchMixedKeyed.spec.js,Magic Number,"{'line': 534, 'column': 56, 'index': 15090}","  532 |     );
  533 |     expect(container.textContent).toBe('bc1c2c');
> 534 |     expect(container.firstChild.childNodes.length).toBe(4);
      |                                                        ^ Magic Number
  535 |     render(
  536 |       template([
  537 |         spanTagWithKeyAndText('a', 'a'),"
/home/gabriel/Disk/Research/research-javascript-test-smells/repositories/inferno/packages/inferno-create-element/__tests__/patchMixedKeyed.spec.js,Magic Number,"{'line': 544, 'column': 56, 'index': 15383}","  542 |     );
  543 |     expect(container.textContent).toBe('abc');
> 544 |     expect(container.firstChild.childNodes.length).toBe(3);
      |                                                        ^ Magic Number
  545 |     render(
  546 |       template([
  547 |         spanTagWithKeyAndText('d', 'b'),"
/home/gabriel/Disk/Research/research-javascript-test-smells/repositories/inferno/packages/inferno-create-element/__tests__/patchMixedKeyed.spec.js,Magic Number,"{'line': 555, 'column': 56, 'index': 15700}","  553 |     );
  554 |     expect(container.textContent).toBe('bc1c2c');
> 555 |     expect(container.firstChild.childNodes.length).toBe(4);
      |                                                        ^ Magic Number
  556 |   });
  557 | });
  558 |"
/home/gabriel/Disk/Research/research-javascript-test-smells/repositories/inferno/packages/inferno-create-element/__tests__/patchKeyedChildren.spec.js,Conditional Test Logic,"{'line': 10, 'column': 2, 'index': 276}","   8 |   let newKey;
   9 |
> 10 |   for (i = 0; i < array.length; i++) {
     |  ^ Conditional Test Logic
  11 |     id = key = array[i];
  12 |     if (key !== null && (typeof key !== 'string' || key[0] !== '#')) {
  13 |       newKey = key;"
/home/gabriel/Disk/Research/research-javascript-test-smells/repositories/inferno/packages/inferno-create-element/__tests__/patchKeyedChildren.spec.js,Conditional Test Logic,"{'line': 12, 'column': 4, 'index': 342}","  10 |   for (i = 0; i < array.length; i++) {
  11 |     id = key = array[i];
> 12 |     if (key !== null && (typeof key !== 'string' || key[0] !== '#')) {
     |    ^ Conditional Test Logic
  13 |       newKey = key;
  14 |     } else {
  15 |       newKey = null;"
/home/gabriel/Disk/Research/research-javascript-test-smells/repositories/inferno/packages/inferno-create-element/__tests__/patchKeyedChildren.spec.js,Conditional Test Logic,"{'line': 482, 'column': 6, 'index': 20424}","  480 |     beforeEach(function () {
  481 |       items = new Array(1000);
> 482 |       for (let i = 0; i < 1000; i++) {
      |      ^ Conditional Test Logic
  483 |         items[i] = i;
  484 |       }
  485 |     });"
/home/gabriel/Disk/Research/research-javascript-test-smells/repositories/inferno/packages/inferno-create-element/__tests__/patchKeyedChildren.spec.js,Conditional Test Logic,"{'line': 500, 'column': 4, 'index': 20939}","  498 |     });
  499 |
> 500 |     for (let i = 0; i < 10; i++) {
      |    ^ Conditional Test Logic
  501 |       it(
  502 |         'Should handle massive arrays shifting ' + i + ' times by ' + i,
  503 |         () => {"
/home/gabriel/Disk/Research/research-javascript-test-smells/repositories/inferno/packages/inferno-create-element/__tests__/patchKeyedChildren.spec.js,Conditional Test Logic,"{'line': 504, 'column': 10, 'index': 21079}","  502 |         'Should handle massive arrays shifting ' + i + ' times by ' + i,
  503 |         () => {
> 504 |           for (let j = 0; j < i; j++) {
      |          ^ Conditional Test Logic
  505 |             items = items.concat(items.splice(i, j));
  506 |           }
  507 |           render(template(generateKeyNodes(items)), container);"
/home/gabriel/Disk/Research/research-javascript-test-smells/repositories/inferno/packages/inferno-create-element/__tests__/patchKeyedChildren.spec.js,Conditional Test Logic,"{'line': 1335, 'column': 8, 'index': 40730}","  1333 |
  1334 |       function gen(item, keys) {
> 1335 |         if (typeof item === 'number') {
       |        ^ Conditional Test Logic
  1336 |           return keys
  1337 |             ? createVNode(
  1338 |                 VNodeFlags.HtmlElement,"
/home/gabriel/Disk/Research/research-javascript-test-smells/repositories/inferno/packages/inferno-create-element/__tests__/patchKeyedChildren.spec.js,Conditional Test Logic,"{'line': 1353, 'column': 15, 'index': 41268}","  1351 |                 ChildFlags.HasVNodeChildren,
  1352 |               );
> 1353 |         } else if (Array.isArray(item)) {
       |               ^ Conditional Test Logic
  1354 |           const result = [];
  1355 |           for (let i = 0; i < item.length; i++) {
  1356 |             result.push(gen(item[i], keys));"
/home/gabriel/Disk/Research/research-javascript-test-smells/repositories/inferno/packages/inferno-create-element/__tests__/patchKeyedChildren.spec.js,Conditional Test Logic,"{'line': 1355, 'column': 10, 'index': 41334}","  1353 |         } else if (Array.isArray(item)) {
  1354 |           const result = [];
> 1355 |           for (let i = 0; i < item.length; i++) {
       |          ^ Conditional Test Logic
  1356 |             result.push(gen(item[i], keys));
  1357 |           }
  1358 |           return result;"
/home/gabriel/Disk/Research/research-javascript-test-smells/repositories/inferno/packages/inferno-create-element/__tests__/patchKeyedChildren.spec.js,Conditional Test Logic,"{'line': 1360, 'column': 10, 'index': 41483}","  1358 |           return result;
  1359 |         } else {
> 1360 |           if (keys) {
       |          ^ Conditional Test Logic
  1361 |             return createElement(
  1362 |               'div',
  1363 |               { key: item.key },"
/home/gabriel/Disk/Research/research-javascript-test-smells/repositories/inferno/packages/inferno-create-element/__tests__/patchKeyedChildren.spec.js,Conditional Test Logic,"{'line': 1375, 'column': 8, 'index': 41847}","  1373 |         let a, b, c;
  1374 |
> 1375 |         if (keys) {
       |        ^ Conditional Test Logic
  1376 |           a = createElement('div', { key: ax }, ax);
  1377 |           b = createElement('div', { key: bx }, bx);
  1378 |           c = createElement('div', { key: cx }, cx);"
/home/gabriel/Disk/Research/research-javascript-test-smells/repositories/inferno/packages/inferno-create-element/__tests__/patchKeyedChildren.spec.js,Conditional Test Logic,"{'line': 1396, 'column': 8, 'index': 42477}","  1394 |
  1395 |       describe('Keyed algorithm', () => {
> 1396 |         for (const t of TESTS) {
       |        ^ Conditional Test Logic
  1397 |           const name = JSON.stringify(t[0]) + ' => ' + JSON.stringify(t[1]);
  1398 |
  1399 |           it(name, () => {"
/home/gabriel/Disk/Research/research-javascript-test-smells/repositories/inferno/packages/inferno-create-element/__tests__/patchKeyedChildren.spec.js,Conditional Test Logic,"{'line': 1411, 'column': 8, 'index': 42858}","  1409 |
  1410 |       describe('Non keyed algorithm', () => {
> 1411 |         for (const t of TESTS) {
       |        ^ Conditional Test Logic
  1412 |           const name = JSON.stringify(t[0]) + ' => ' + JSON.stringify(t[1]);
  1413 |
  1414 |           it(name, () => {"
/home/gabriel/Disk/Research/research-javascript-test-smells/repositories/inferno/packages/inferno-create-element/__tests__/patchKeyedChildren.spec.js,Duplicate Assert,"{'line': 71, 'column': 4, 'index': 2096}","  69 |     render(template(generateKeyNodes(['#0', '#1', '#2', '#3'])), container);
  70 |     render(template(generateKeyNodes(['#0', '#1'])), container);
> 71 |     expect(container.textContent).toBe('#0#1');
     |    ^ Duplicate Assert
  72 |     expect(container.firstChild.childNodes.length).toBe(2);
  73 |     render(template(generateKeyNodes(['#0', '#1', '#2', '#3'])), container);
  74 |     render(template(generateKeyNodes(['#0', '#1'])), container);"
/home/gabriel/Disk/Research/research-javascript-test-smells/repositories/inferno/packages/inferno-create-element/__tests__/patchKeyedChildren.spec.js,Duplicate Assert,"{'line': 71, 'column': 4, 'index': 2096}","  69 |     render(template(generateKeyNodes(['#0', '#1', '#2', '#3'])), container);
  70 |     render(template(generateKeyNodes(['#0', '#1'])), container);
> 71 |     expect(container.textContent).toBe('#0#1');
     |    ^ Duplicate Assert
  72 |     expect(container.firstChild.childNodes.length).toBe(2);
  73 |     render(template(generateKeyNodes(['#0', '#1', '#2', '#3'])), container);
  74 |     render(template(generateKeyNodes(['#0', '#1'])), container);"
/home/gabriel/Disk/Research/research-javascript-test-smells/repositories/inferno/packages/inferno-create-element/__tests__/patchKeyedChildren.spec.js,Duplicate Assert,"{'line': 72, 'column': 4, 'index': 2144}","  70 |     render(template(generateKeyNodes(['#0', '#1'])), container);
  71 |     expect(container.textContent).toBe('#0#1');
> 72 |     expect(container.firstChild.childNodes.length).toBe(2);
     |    ^ Duplicate Assert
  73 |     render(template(generateKeyNodes(['#0', '#1', '#2', '#3'])), container);
  74 |     render(template(generateKeyNodes(['#0', '#1'])), container);
  75 |     expect(container.textContent).toBe('#0#1');"
/home/gabriel/Disk/Research/research-javascript-test-smells/repositories/inferno/packages/inferno-create-element/__tests__/patchKeyedChildren.spec.js,Duplicate Assert,"{'line': 72, 'column': 4, 'index': 2144}","  70 |     render(template(generateKeyNodes(['#0', '#1'])), container);
  71 |     expect(container.textContent).toBe('#0#1');
> 72 |     expect(container.firstChild.childNodes.length).toBe(2);
     |    ^ Duplicate Assert
  73 |     render(template(generateKeyNodes(['#0', '#1', '#2', '#3'])), container);
  74 |     render(template(generateKeyNodes(['#0', '#1'])), container);
  75 |     expect(container.textContent).toBe('#0#1');"
/home/gabriel/Disk/Research/research-javascript-test-smells/repositories/inferno/packages/inferno-create-element/__tests__/patchKeyedChildren.spec.js,Duplicate Assert,"{'line': 75, 'column': 4, 'index': 2346}","  73 |     render(template(generateKeyNodes(['#0', '#1', '#2', '#3'])), container);
  74 |     render(template(generateKeyNodes(['#0', '#1'])), container);
> 75 |     expect(container.textContent).toBe('#0#1');
     |    ^ Duplicate Assert
  76 |     expect(container.firstChild.childNodes.length).toBe(2);
  77 |   });
  78 |"
/home/gabriel/Disk/Research/research-javascript-test-smells/repositories/inferno/packages/inferno-create-element/__tests__/patchKeyedChildren.spec.js,Duplicate Assert,"{'line': 75, 'column': 4, 'index': 2346}","  73 |     render(template(generateKeyNodes(['#0', '#1', '#2', '#3'])), container);
  74 |     render(template(generateKeyNodes(['#0', '#1'])), container);
> 75 |     expect(container.textContent).toBe('#0#1');
     |    ^ Duplicate Assert
  76 |     expect(container.firstChild.childNodes.length).toBe(2);
  77 |   });
  78 |"
/home/gabriel/Disk/Research/research-javascript-test-smells/repositories/inferno/packages/inferno-create-element/__tests__/patchKeyedChildren.spec.js,Duplicate Assert,"{'line': 76, 'column': 4, 'index': 2394}","  74 |     render(template(generateKeyNodes(['#0', '#1'])), container);
  75 |     expect(container.textContent).toBe('#0#1');
> 76 |     expect(container.firstChild.childNodes.length).toBe(2);
     |    ^ Duplicate Assert
  77 |   });
  78 |
  79 |   it('should clear all nodes', () => {"
/home/gabriel/Disk/Research/research-javascript-test-smells/repositories/inferno/packages/inferno-create-element/__tests__/patchKeyedChildren.spec.js,Duplicate Assert,"{'line': 76, 'column': 4, 'index': 2394}","  74 |     render(template(generateKeyNodes(['#0', '#1'])), container);
  75 |     expect(container.textContent).toBe('#0#1');
> 76 |     expect(container.firstChild.childNodes.length).toBe(2);
     |    ^ Duplicate Assert
  77 |   });
  78 |
  79 |   it('should clear all nodes', () => {"
/home/gabriel/Disk/Research/research-javascript-test-smells/repositories/inferno/packages/inferno-create-element/__tests__/patchKeyedChildren.spec.js,Duplicate Assert,"{'line': 130, 'column': 4, 'index': 4967}","  128 |     render(template(generateKeyNodes([0, 1, 2, 3, 4])), container);
  129 |     render(template(generateKeyNodes([1, 2, 3, 4, 0])), container);
> 130 |     expect(container.textContent).toBe('12340');
      |    ^ Duplicate Assert
  131 |     expect(container.firstChild.childNodes.length).toBe(5);
  132 |     render(template(generateKeyNodes([0, 1, 2, 3, 4])), container);
  133 |     expect(container.textContent).toBe('01234');"
/home/gabriel/Disk/Research/research-javascript-test-smells/repositories/inferno/packages/inferno-create-element/__tests__/patchKeyedChildren.spec.js,Duplicate Assert,"{'line': 131, 'column': 4, 'index': 5016}","  129 |     render(template(generateKeyNodes([1, 2, 3, 4, 0])), container);
  130 |     expect(container.textContent).toBe('12340');
> 131 |     expect(container.firstChild.childNodes.length).toBe(5);
      |    ^ Duplicate Assert
  132 |     render(template(generateKeyNodes([0, 1, 2, 3, 4])), container);
  133 |     expect(container.textContent).toBe('01234');
  134 |     expect(container.firstChild.childNodes.length).toBe(5);"
/home/gabriel/Disk/Research/research-javascript-test-smells/repositories/inferno/packages/inferno-create-element/__tests__/patchKeyedChildren.spec.js,Duplicate Assert,"{'line': 131, 'column': 4, 'index': 5016}","  129 |     render(template(generateKeyNodes([1, 2, 3, 4, 0])), container);
  130 |     expect(container.textContent).toBe('12340');
> 131 |     expect(container.firstChild.childNodes.length).toBe(5);
      |    ^ Duplicate Assert
  132 |     render(template(generateKeyNodes([0, 1, 2, 3, 4])), container);
  133 |     expect(container.textContent).toBe('01234');
  134 |     expect(container.firstChild.childNodes.length).toBe(5);"
/home/gabriel/Disk/Research/research-javascript-test-smells/repositories/inferno/packages/inferno-create-element/__tests__/patchKeyedChildren.spec.js,Duplicate Assert,"{'line': 133, 'column': 4, 'index': 5144}","  131 |     expect(container.firstChild.childNodes.length).toBe(5);
  132 |     render(template(generateKeyNodes([0, 1, 2, 3, 4])), container);
> 133 |     expect(container.textContent).toBe('01234');
      |    ^ Duplicate Assert
  134 |     expect(container.firstChild.childNodes.length).toBe(5);
  135 |     render(
  136 |       template(generateKeyNodes(['7', '4', '3', '2', '6', 'abc', 'def', '1'])),"
/home/gabriel/Disk/Research/research-javascript-test-smells/repositories/inferno/packages/inferno-create-element/__tests__/patchKeyedChildren.spec.js,Duplicate Assert,"{'line': 134, 'column': 4, 'index': 5193}","  132 |     render(template(generateKeyNodes([0, 1, 2, 3, 4])), container);
  133 |     expect(container.textContent).toBe('01234');
> 134 |     expect(container.firstChild.childNodes.length).toBe(5);
      |    ^ Duplicate Assert
  135 |     render(
  136 |       template(generateKeyNodes(['7', '4', '3', '2', '6', 'abc', 'def', '1'])),
  137 |       container,"
/home/gabriel/Disk/Research/research-javascript-test-smells/repositories/inferno/packages/inferno-create-element/__tests__/patchKeyedChildren.spec.js,Duplicate Assert,"{'line': 134, 'column': 4, 'index': 5193}","  132 |     render(template(generateKeyNodes([0, 1, 2, 3, 4])), container);
  133 |     expect(container.textContent).toBe('01234');
> 134 |     expect(container.firstChild.childNodes.length).toBe(5);
      |    ^ Duplicate Assert
  135 |     render(
  136 |       template(generateKeyNodes(['7', '4', '3', '2', '6', 'abc', 'def', '1'])),
  137 |       container,"
/home/gabriel/Disk/Research/research-javascript-test-smells/repositories/inferno/packages/inferno-create-element/__tests__/patchKeyedChildren.spec.js,Duplicate Assert,"{'line': 139, 'column': 4, 'index': 5369}","  137 |       container,
  138 |     );
> 139 |     expect(container.textContent).toBe('74326abcdef1');
      |    ^ Duplicate Assert
  140 |     expect(container.firstChild.childNodes.length).toBe(8);
  141 |     render(template(generateKeyNodes(['#0', 'a', '#2'])), container);
  142 |     expect(container.textContent).toBe('#0a#2');"
/home/gabriel/Disk/Research/research-javascript-test-smells/repositories/inferno/packages/inferno-create-element/__tests__/patchKeyedChildren.spec.js,Duplicate Assert,"{'line': 140, 'column': 4, 'index': 5425}","  138 |     );
  139 |     expect(container.textContent).toBe('74326abcdef1');
> 140 |     expect(container.firstChild.childNodes.length).toBe(8);
      |    ^ Duplicate Assert
  141 |     render(template(generateKeyNodes(['#0', 'a', '#2'])), container);
  142 |     expect(container.textContent).toBe('#0a#2');
  143 |     expect(container.firstChild.childNodes.length).toBe(3);"
/home/gabriel/Disk/Research/research-javascript-test-smells/repositories/inferno/packages/inferno-create-element/__tests__/patchKeyedChildren.spec.js,Duplicate Assert,"{'line': 142, 'column': 4, 'index': 5555}","  140 |     expect(container.firstChild.childNodes.length).toBe(8);
  141 |     render(template(generateKeyNodes(['#0', 'a', '#2'])), container);
> 142 |     expect(container.textContent).toBe('#0a#2');
      |    ^ Duplicate Assert
  143 |     expect(container.firstChild.childNodes.length).toBe(3);
  144 |   });
  145 |"
/home/gabriel/Disk/Research/research-javascript-test-smells/repositories/inferno/packages/inferno-create-element/__tests__/patchKeyedChildren.spec.js,Duplicate Assert,"{'line': 143, 'column': 4, 'index': 5604}","  141 |     render(template(generateKeyNodes(['#0', 'a', '#2'])), container);
  142 |     expect(container.textContent).toBe('#0a#2');
> 143 |     expect(container.firstChild.childNodes.length).toBe(3);
      |    ^ Duplicate Assert
  144 |   });
  145 |
  146 |   it('should reorder keys', () => {"
/home/gabriel/Disk/Research/research-javascript-test-smells/repositories/inferno/packages/inferno-create-element/__tests__/patchKeyedChildren.spec.js,Duplicate Assert,"{'line': 178, 'column': 4, 'index': 7060}","  176 |   it('should add one key to start', () => {
  177 |     render(template(generateKeyNodes(['a', 'b', 'c'])), container);
> 178 |     expect(container.textContent).toBe('abc');
      |    ^ Duplicate Assert
  179 |     expect(container.firstChild.childNodes.length).toBe(3);
  180 |     render(template(generateKeyNodes(['a', 'b'])), container);
  181 |     render(template(generateKeyNodes(['a', 'b', 'c'])), container);"
/home/gabriel/Disk/Research/research-javascript-test-smells/repositories/inferno/packages/inferno-create-element/__tests__/patchKeyedChildren.spec.js,Duplicate Assert,"{'line': 178, 'column': 4, 'index': 7060}","  176 |   it('should add one key to start', () => {
  177 |     render(template(generateKeyNodes(['a', 'b', 'c'])), container);
> 178 |     expect(container.textContent).toBe('abc');
      |    ^ Duplicate Assert
  179 |     expect(container.firstChild.childNodes.length).toBe(3);
  180 |     render(template(generateKeyNodes(['a', 'b'])), container);
  181 |     render(template(generateKeyNodes(['a', 'b', 'c'])), container);"
/home/gabriel/Disk/Research/research-javascript-test-smells/repositories/inferno/packages/inferno-create-element/__tests__/patchKeyedChildren.spec.js,Duplicate Assert,"{'line': 179, 'column': 4, 'index': 7107}","  177 |     render(template(generateKeyNodes(['a', 'b', 'c'])), container);
  178 |     expect(container.textContent).toBe('abc');
> 179 |     expect(container.firstChild.childNodes.length).toBe(3);
      |    ^ Duplicate Assert
  180 |     render(template(generateKeyNodes(['a', 'b'])), container);
  181 |     render(template(generateKeyNodes(['a', 'b', 'c'])), container);
  182 |     expect(container.textContent).toBe('abc');"
/home/gabriel/Disk/Research/research-javascript-test-smells/repositories/inferno/packages/inferno-create-element/__tests__/patchKeyedChildren.spec.js,Duplicate Assert,"{'line': 179, 'column': 4, 'index': 7107}","  177 |     render(template(generateKeyNodes(['a', 'b', 'c'])), container);
  178 |     expect(container.textContent).toBe('abc');
> 179 |     expect(container.firstChild.childNodes.length).toBe(3);
      |    ^ Duplicate Assert
  180 |     render(template(generateKeyNodes(['a', 'b'])), container);
  181 |     render(template(generateKeyNodes(['a', 'b', 'c'])), container);
  182 |     expect(container.textContent).toBe('abc');"
/home/gabriel/Disk/Research/research-javascript-test-smells/repositories/inferno/packages/inferno-create-element/__tests__/patchKeyedChildren.spec.js,Duplicate Assert,"{'line': 182, 'column': 4, 'index': 7298}","  180 |     render(template(generateKeyNodes(['a', 'b'])), container);
  181 |     render(template(generateKeyNodes(['a', 'b', 'c'])), container);
> 182 |     expect(container.textContent).toBe('abc');
      |    ^ Duplicate Assert
  183 |     expect(container.firstChild.childNodes.length).toBe(3);
  184 |   });
  185 |"
/home/gabriel/Disk/Research/research-javascript-test-smells/repositories/inferno/packages/inferno-create-element/__tests__/patchKeyedChildren.spec.js,Duplicate Assert,"{'line': 182, 'column': 4, 'index': 7298}","  180 |     render(template(generateKeyNodes(['a', 'b'])), container);
  181 |     render(template(generateKeyNodes(['a', 'b', 'c'])), container);
> 182 |     expect(container.textContent).toBe('abc');
      |    ^ Duplicate Assert
  183 |     expect(container.firstChild.childNodes.length).toBe(3);
  184 |   });
  185 |"
/home/gabriel/Disk/Research/research-javascript-test-smells/repositories/inferno/packages/inferno-create-element/__tests__/patchKeyedChildren.spec.js,Duplicate Assert,"{'line': 183, 'column': 4, 'index': 7345}","  181 |     render(template(generateKeyNodes(['a', 'b', 'c'])), container);
  182 |     expect(container.textContent).toBe('abc');
> 183 |     expect(container.firstChild.childNodes.length).toBe(3);
      |    ^ Duplicate Assert
  184 |   });
  185 |
  186 |   it('should add two key to start', () => {"
/home/gabriel/Disk/Research/research-javascript-test-smells/repositories/inferno/packages/inferno-create-element/__tests__/patchKeyedChildren.spec.js,Duplicate Assert,"{'line': 183, 'column': 4, 'index': 7345}","  181 |     render(template(generateKeyNodes(['a', 'b', 'c'])), container);
  182 |     expect(container.textContent).toBe('abc');
> 183 |     expect(container.firstChild.childNodes.length).toBe(3);
      |    ^ Duplicate Assert
  184 |   });
  185 |
  186 |   it('should add two key to start', () => {"
/home/gabriel/Disk/Research/research-javascript-test-smells/repositories/inferno/packages/inferno-create-element/__tests__/patchKeyedChildren.spec.js,Duplicate Assert,"{'line': 188, 'column': 4, 'index': 7524}","  186 |   it('should add two key to start', () => {
  187 |     render(template(generateKeyNodes(['a', 'b', 'c'])), container);
> 188 |     expect(container.textContent).toBe('abc');
      |    ^ Duplicate Assert
  189 |     expect(container.firstChild.childNodes.length).toBe(3);
  190 |     render(template(generateKeyNodes(['c'])), container);
  191 |     render(template(generateKeyNodes(['a', 'b', 'c'])), container);"
/home/gabriel/Disk/Research/research-javascript-test-smells/repositories/inferno/packages/inferno-create-element/__tests__/patchKeyedChildren.spec.js,Duplicate Assert,"{'line': 188, 'column': 4, 'index': 7524}","  186 |   it('should add two key to start', () => {
  187 |     render(template(generateKeyNodes(['a', 'b', 'c'])), container);
> 188 |     expect(container.textContent).toBe('abc');
      |    ^ Duplicate Assert
  189 |     expect(container.firstChild.childNodes.length).toBe(3);
  190 |     render(template(generateKeyNodes(['c'])), container);
  191 |     render(template(generateKeyNodes(['a', 'b', 'c'])), container);"
/home/gabriel/Disk/Research/research-javascript-test-smells/repositories/inferno/packages/inferno-create-element/__tests__/patchKeyedChildren.spec.js,Duplicate Assert,"{'line': 189, 'column': 4, 'index': 7571}","  187 |     render(template(generateKeyNodes(['a', 'b', 'c'])), container);
  188 |     expect(container.textContent).toBe('abc');
> 189 |     expect(container.firstChild.childNodes.length).toBe(3);
      |    ^ Duplicate Assert
  190 |     render(template(generateKeyNodes(['c'])), container);
  191 |     render(template(generateKeyNodes(['a', 'b', 'c'])), container);
  192 |     expect(container.textContent).toBe('abc');"
/home/gabriel/Disk/Research/research-javascript-test-smells/repositories/inferno/packages/inferno-create-element/__tests__/patchKeyedChildren.spec.js,Duplicate Assert,"{'line': 189, 'column': 4, 'index': 7571}","  187 |     render(template(generateKeyNodes(['a', 'b', 'c'])), container);
  188 |     expect(container.textContent).toBe('abc');
> 189 |     expect(container.firstChild.childNodes.length).toBe(3);
      |    ^ Duplicate Assert
  190 |     render(template(generateKeyNodes(['c'])), container);
  191 |     render(template(generateKeyNodes(['a', 'b', 'c'])), container);
  192 |     expect(container.textContent).toBe('abc');"
/home/gabriel/Disk/Research/research-javascript-test-smells/repositories/inferno/packages/inferno-create-element/__tests__/patchKeyedChildren.spec.js,Duplicate Assert,"{'line': 192, 'column': 4, 'index': 7757}","  190 |     render(template(generateKeyNodes(['c'])), container);
  191 |     render(template(generateKeyNodes(['a', 'b', 'c'])), container);
> 192 |     expect(container.textContent).toBe('abc');
      |    ^ Duplicate Assert
  193 |     expect(container.firstChild.childNodes.length).toBe(3);
  194 |   });
  195 |   it('should remove one key at the end', () => {"
/home/gabriel/Disk/Research/research-javascript-test-smells/repositories/inferno/packages/inferno-create-element/__tests__/patchKeyedChildren.spec.js,Duplicate Assert,"{'line': 192, 'column': 4, 'index': 7757}","  190 |     render(template(generateKeyNodes(['c'])), container);
  191 |     render(template(generateKeyNodes(['a', 'b', 'c'])), container);
> 192 |     expect(container.textContent).toBe('abc');
      |    ^ Duplicate Assert
  193 |     expect(container.firstChild.childNodes.length).toBe(3);
  194 |   });
  195 |   it('should remove one key at the end', () => {"
/home/gabriel/Disk/Research/research-javascript-test-smells/repositories/inferno/packages/inferno-create-element/__tests__/patchKeyedChildren.spec.js,Duplicate Assert,"{'line': 193, 'column': 4, 'index': 7804}","  191 |     render(template(generateKeyNodes(['a', 'b', 'c'])), container);
  192 |     expect(container.textContent).toBe('abc');
> 193 |     expect(container.firstChild.childNodes.length).toBe(3);
      |    ^ Duplicate Assert
  194 |   });
  195 |   it('should remove one key at the end', () => {
  196 |     render(template(generateKeyNodes(['a', 'b', 'c'])), container);"
/home/gabriel/Disk/Research/research-javascript-test-smells/repositories/inferno/packages/inferno-create-element/__tests__/patchKeyedChildren.spec.js,Duplicate Assert,"{'line': 193, 'column': 4, 'index': 7804}","  191 |     render(template(generateKeyNodes(['a', 'b', 'c'])), container);
  192 |     expect(container.textContent).toBe('abc');
> 193 |     expect(container.firstChild.childNodes.length).toBe(3);
      |    ^ Duplicate Assert
  194 |   });
  195 |   it('should remove one key at the end', () => {
  196 |     render(template(generateKeyNodes(['a', 'b', 'c'])), container);"
/home/gabriel/Disk/Research/research-javascript-test-smells/repositories/inferno/packages/inferno-create-element/__tests__/patchKeyedChildren.spec.js,Duplicate Assert,"{'line': 240, 'column': 4, 'index': 10126}","  238 |     render(template(generateKeyNodes(['c', 'd', 'e'])), container);
  239 |     render(template(generateKeyNodes(['a', 'b', 'e'])), container);
> 240 |     expect(container.textContent).toBe('abe');
      |    ^ Duplicate Assert
  241 |     expect(container.firstChild.childNodes.length).toBe(3);
  242 |     render(template(generateKeyNodes(['c', 'd', 'e'])), container);
  243 |     render(template(generateKeyNodes(['c', 'd', 'e'])), container);"
/home/gabriel/Disk/Research/research-javascript-test-smells/repositories/inferno/packages/inferno-create-element/__tests__/patchKeyedChildren.spec.js,Duplicate Assert,"{'line': 241, 'column': 4, 'index': 10173}","  239 |     render(template(generateKeyNodes(['a', 'b', 'e'])), container);
  240 |     expect(container.textContent).toBe('abe');
> 241 |     expect(container.firstChild.childNodes.length).toBe(3);
      |    ^ Duplicate Assert
  242 |     render(template(generateKeyNodes(['c', 'd', 'e'])), container);
  243 |     render(template(generateKeyNodes(['c', 'd', 'e'])), container);
  244 |     render(template(generateKeyNodes(['a', 'p', 'e'])), container);"
/home/gabriel/Disk/Research/research-javascript-test-smells/repositories/inferno/packages/inferno-create-element/__tests__/patchKeyedChildren.spec.js,Duplicate Assert,"{'line': 241, 'column': 4, 'index': 10173}","  239 |     render(template(generateKeyNodes(['a', 'b', 'e'])), container);
  240 |     expect(container.textContent).toBe('abe');
> 241 |     expect(container.firstChild.childNodes.length).toBe(3);
      |    ^ Duplicate Assert
  242 |     render(template(generateKeyNodes(['c', 'd', 'e'])), container);
  243 |     render(template(generateKeyNodes(['c', 'd', 'e'])), container);
  244 |     render(template(generateKeyNodes(['a', 'p', 'e'])), container);"
/home/gabriel/Disk/Research/research-javascript-test-smells/repositories/inferno/packages/inferno-create-element/__tests__/patchKeyedChildren.spec.js,Duplicate Assert,"{'line': 245, 'column': 4, 'index': 10437}","  243 |     render(template(generateKeyNodes(['c', 'd', 'e'])), container);
  244 |     render(template(generateKeyNodes(['a', 'p', 'e'])), container);
> 245 |     expect(container.textContent).toBe('ape');
      |    ^ Duplicate Assert
  246 |     expect(container.firstChild.childNodes.length).toBe(3);
  247 |   });
  248 |"
/home/gabriel/Disk/Research/research-javascript-test-smells/repositories/inferno/packages/inferno-create-element/__tests__/patchKeyedChildren.spec.js,Duplicate Assert,"{'line': 246, 'column': 4, 'index': 10484}","  244 |     render(template(generateKeyNodes(['a', 'p', 'e'])), container);
  245 |     expect(container.textContent).toBe('ape');
> 246 |     expect(container.firstChild.childNodes.length).toBe(3);
      |    ^ Duplicate Assert
  247 |   });
  248 |
  249 |   it('should shuffle, insert and remove', () => {"
/home/gabriel/Disk/Research/research-javascript-test-smells/repositories/inferno/packages/inferno-create-element/__tests__/patchKeyedChildren.spec.js,Duplicate Assert,"{'line': 246, 'column': 4, 'index': 10484}","  244 |     render(template(generateKeyNodes(['a', 'p', 'e'])), container);
  245 |     expect(container.textContent).toBe('ape');
> 246 |     expect(container.firstChild.childNodes.length).toBe(3);
      |    ^ Duplicate Assert
  247 |   });
  248 |
  249 |   it('should shuffle, insert and remove', () => {"
/home/gabriel/Disk/Research/research-javascript-test-smells/repositories/inferno/packages/inferno-create-element/__tests__/patchKeyedChildren.spec.js,Duplicate Assert,"{'line': 260, 'column': 4, 'index': 11013}","  258 |   it('should remove a element from the middle', () => {
  259 |     render(template(generateKeyNodes([1, 2, 3, 4, 5])), container);
> 260 |     expect(container.firstChild.childNodes.length).toBe(5);
      |    ^ Duplicate Assert
  261 |     render(template(generateKeyNodes([1, 2, 4, 5])), container);
  262 |     expect(container.textContent).toBe('1245');
  263 |     expect(container.firstChild.childNodes.length).toBe(4);"
/home/gabriel/Disk/Research/research-javascript-test-smells/repositories/inferno/packages/inferno-create-element/__tests__/patchKeyedChildren.spec.js,Duplicate Assert,"{'line': 263, 'column': 4, 'index': 11186}","  261 |     render(template(generateKeyNodes([1, 2, 4, 5])), container);
  262 |     expect(container.textContent).toBe('1245');
> 263 |     expect(container.firstChild.childNodes.length).toBe(4);
      |    ^ Duplicate Assert
  264 |   });
  265 |   it('should move a element forward', () => {
  266 |     render(template(generateKeyNodes([1, 2, 3, 4])), container);"
/home/gabriel/Disk/Research/research-javascript-test-smells/repositories/inferno/packages/inferno-create-element/__tests__/patchKeyedChildren.spec.js,Duplicate Assert,"{'line': 267, 'column': 4, 'index': 11363}","  265 |   it('should move a element forward', () => {
  266 |     render(template(generateKeyNodes([1, 2, 3, 4])), container);
> 267 |     expect(container.firstChild.childNodes.length).toBe(4);
      |    ^ Duplicate Assert
  268 |     render(template(generateKeyNodes([2, 3, 1, 4])), container);
  269 |     expect(container.textContent).toBe('2314');
  270 |     expect(container.firstChild.childNodes.length).toBe(4);"
/home/gabriel/Disk/Research/research-javascript-test-smells/repositories/inferno/packages/inferno-create-element/__tests__/patchKeyedChildren.spec.js,Duplicate Assert,"{'line': 267, 'column': 4, 'index': 11363}","  265 |   it('should move a element forward', () => {
  266 |     render(template(generateKeyNodes([1, 2, 3, 4])), container);
> 267 |     expect(container.firstChild.childNodes.length).toBe(4);
      |    ^ Duplicate Assert
  268 |     render(template(generateKeyNodes([2, 3, 1, 4])), container);
  269 |     expect(container.textContent).toBe('2314');
  270 |     expect(container.firstChild.childNodes.length).toBe(4);"
/home/gabriel/Disk/Research/research-javascript-test-smells/repositories/inferno/packages/inferno-create-element/__tests__/patchKeyedChildren.spec.js,Duplicate Assert,"{'line': 269, 'column': 4, 'index': 11488}","  267 |     expect(container.firstChild.childNodes.length).toBe(4);
  268 |     render(template(generateKeyNodes([2, 3, 1, 4])), container);
> 269 |     expect(container.textContent).toBe('2314');
      |    ^ Duplicate Assert
  270 |     expect(container.firstChild.childNodes.length).toBe(4);
  271 |     render(template(generateKeyNodes([3, 2, 1, 4])), container);
  272 |     expect(container.textContent).toBe('3214');"
/home/gabriel/Disk/Research/research-javascript-test-smells/repositories/inferno/packages/inferno-create-element/__tests__/patchKeyedChildren.spec.js,Duplicate Assert,"{'line': 270, 'column': 4, 'index': 11536}","  268 |     render(template(generateKeyNodes([2, 3, 1, 4])), container);
  269 |     expect(container.textContent).toBe('2314');
> 270 |     expect(container.firstChild.childNodes.length).toBe(4);
      |    ^ Duplicate Assert
  271 |     render(template(generateKeyNodes([3, 2, 1, 4])), container);
  272 |     expect(container.textContent).toBe('3214');
  273 |     expect(container.firstChild.childNodes.length).toBe(4);"
/home/gabriel/Disk/Research/research-javascript-test-smells/repositories/inferno/packages/inferno-create-element/__tests__/patchKeyedChildren.spec.js,Duplicate Assert,"{'line': 270, 'column': 4, 'index': 11536}","  268 |     render(template(generateKeyNodes([2, 3, 1, 4])), container);
  269 |     expect(container.textContent).toBe('2314');
> 270 |     expect(container.firstChild.childNodes.length).toBe(4);
      |    ^ Duplicate Assert
  271 |     render(template(generateKeyNodes([3, 2, 1, 4])), container);
  272 |     expect(container.textContent).toBe('3214');
  273 |     expect(container.firstChild.childNodes.length).toBe(4);"
/home/gabriel/Disk/Research/research-javascript-test-smells/repositories/inferno/packages/inferno-create-element/__tests__/patchKeyedChildren.spec.js,Duplicate Assert,"{'line': 272, 'column': 4, 'index': 11661}","  270 |     expect(container.firstChild.childNodes.length).toBe(4);
  271 |     render(template(generateKeyNodes([3, 2, 1, 4])), container);
> 272 |     expect(container.textContent).toBe('3214');
      |    ^ Duplicate Assert
  273 |     expect(container.firstChild.childNodes.length).toBe(4);
  274 |     render(template(generateKeyNodes([3, 2, 4, 1])), container);
  275 |     expect(container.textContent).toBe('3241');"
/home/gabriel/Disk/Research/research-javascript-test-smells/repositories/inferno/packages/inferno-create-element/__tests__/patchKeyedChildren.spec.js,Duplicate Assert,"{'line': 273, 'column': 4, 'index': 11709}","  271 |     render(template(generateKeyNodes([3, 2, 1, 4])), container);
  272 |     expect(container.textContent).toBe('3214');
> 273 |     expect(container.firstChild.childNodes.length).toBe(4);
      |    ^ Duplicate Assert
  274 |     render(template(generateKeyNodes([3, 2, 4, 1])), container);
  275 |     expect(container.textContent).toBe('3241');
  276 |     expect(container.firstChild.childNodes.length).toBe(4);"
/home/gabriel/Disk/Research/research-javascript-test-smells/repositories/inferno/packages/inferno-create-element/__tests__/patchKeyedChildren.spec.js,Duplicate Assert,"{'line': 273, 'column': 4, 'index': 11709}","  271 |     render(template(generateKeyNodes([3, 2, 1, 4])), container);
  272 |     expect(container.textContent).toBe('3214');
> 273 |     expect(container.firstChild.childNodes.length).toBe(4);
      |    ^ Duplicate Assert
  274 |     render(template(generateKeyNodes([3, 2, 4, 1])), container);
  275 |     expect(container.textContent).toBe('3241');
  276 |     expect(container.firstChild.childNodes.length).toBe(4);"
/home/gabriel/Disk/Research/research-javascript-test-smells/repositories/inferno/packages/inferno-create-element/__tests__/patchKeyedChildren.spec.js,Duplicate Assert,"{'line': 275, 'column': 4, 'index': 11834}","  273 |     expect(container.firstChild.childNodes.length).toBe(4);
  274 |     render(template(generateKeyNodes([3, 2, 4, 1])), container);
> 275 |     expect(container.textContent).toBe('3241');
      |    ^ Duplicate Assert
  276 |     expect(container.firstChild.childNodes.length).toBe(4);
  277 |   });
  278 |"
/home/gabriel/Disk/Research/research-javascript-test-smells/repositories/inferno/packages/inferno-create-element/__tests__/patchKeyedChildren.spec.js,Duplicate Assert,"{'line': 276, 'column': 4, 'index': 11882}","  274 |     render(template(generateKeyNodes([3, 2, 4, 1])), container);
  275 |     expect(container.textContent).toBe('3241');
> 276 |     expect(container.firstChild.childNodes.length).toBe(4);
      |    ^ Duplicate Assert
  277 |   });
  278 |
  279 |   it('should move a element to the end', () => {"
/home/gabriel/Disk/Research/research-javascript-test-smells/repositories/inferno/packages/inferno-create-element/__tests__/patchKeyedChildren.spec.js,Duplicate Assert,"{'line': 276, 'column': 4, 'index': 11882}","  274 |     render(template(generateKeyNodes([3, 2, 4, 1])), container);
  275 |     expect(container.textContent).toBe('3241');
> 276 |     expect(container.firstChild.childNodes.length).toBe(4);
      |    ^ Duplicate Assert
  277 |   });
  278 |
  279 |   it('should move a element to the end', () => {"
/home/gabriel/Disk/Research/research-javascript-test-smells/repositories/inferno/packages/inferno-create-element/__tests__/patchKeyedChildren.spec.js,Duplicate Assert,"{'line': 281, 'column': 4, 'index': 12060}","  279 |   it('should move a element to the end', () => {
  280 |     render(template(generateKeyNodes([1, 2, 3])), container);
> 281 |     expect(container.firstChild.childNodes.length).toBe(3);
      |    ^ Duplicate Assert
  282 |     render(template(generateKeyNodes([2, 3, 1])), container);
  283 |     expect(container.textContent).toBe('231');
  284 |     expect(container.firstChild.childNodes.length).toBe(3);"
/home/gabriel/Disk/Research/research-javascript-test-smells/repositories/inferno/packages/inferno-create-element/__tests__/patchKeyedChildren.spec.js,Duplicate Assert,"{'line': 281, 'column': 4, 'index': 12060}","  279 |   it('should move a element to the end', () => {
  280 |     render(template(generateKeyNodes([1, 2, 3])), container);
> 281 |     expect(container.firstChild.childNodes.length).toBe(3);
      |    ^ Duplicate Assert
  282 |     render(template(generateKeyNodes([2, 3, 1])), container);
  283 |     expect(container.textContent).toBe('231');
  284 |     expect(container.firstChild.childNodes.length).toBe(3);"
/home/gabriel/Disk/Research/research-javascript-test-smells/repositories/inferno/packages/inferno-create-element/__tests__/patchKeyedChildren.spec.js,Duplicate Assert,"{'line': 284, 'column': 4, 'index': 12229}","  282 |     render(template(generateKeyNodes([2, 3, 1])), container);
  283 |     expect(container.textContent).toBe('231');
> 284 |     expect(container.firstChild.childNodes.length).toBe(3);
      |    ^ Duplicate Assert
  285 |   });
  286 |   it('should move a element backwards', () => {
  287 |     render(template(generateKeyNodes([1, 2, 3, 4])), container);"
/home/gabriel/Disk/Research/research-javascript-test-smells/repositories/inferno/packages/inferno-create-element/__tests__/patchKeyedChildren.spec.js,Duplicate Assert,"{'line': 284, 'column': 4, 'index': 12229}","  282 |     render(template(generateKeyNodes([2, 3, 1])), container);
  283 |     expect(container.textContent).toBe('231');
> 284 |     expect(container.firstChild.childNodes.length).toBe(3);
      |    ^ Duplicate Assert
  285 |   });
  286 |   it('should move a element backwards', () => {
  287 |     render(template(generateKeyNodes([1, 2, 3, 4])), container);"
/home/gabriel/Disk/Research/research-javascript-test-smells/repositories/inferno/packages/inferno-create-element/__tests__/patchKeyedChildren.spec.js,Duplicate Assert,"{'line': 288, 'column': 4, 'index': 12408}","  286 |   it('should move a element backwards', () => {
  287 |     render(template(generateKeyNodes([1, 2, 3, 4])), container);
> 288 |     expect(container.firstChild.childNodes.length).toBe(4);
      |    ^ Duplicate Assert
  289 |     render(template(generateKeyNodes([1, 4, 2, 3])), container);
  290 |     expect(container.textContent).toBe('1423');
  291 |     expect(container.firstChild.childNodes.length).toBe(4);"
/home/gabriel/Disk/Research/research-javascript-test-smells/repositories/inferno/packages/inferno-create-element/__tests__/patchKeyedChildren.spec.js,Duplicate Assert,"{'line': 288, 'column': 4, 'index': 12408}","  286 |   it('should move a element backwards', () => {
  287 |     render(template(generateKeyNodes([1, 2, 3, 4])), container);
> 288 |     expect(container.firstChild.childNodes.length).toBe(4);
      |    ^ Duplicate Assert
  289 |     render(template(generateKeyNodes([1, 4, 2, 3])), container);
  290 |     expect(container.textContent).toBe('1423');
  291 |     expect(container.firstChild.childNodes.length).toBe(4);"
/home/gabriel/Disk/Research/research-javascript-test-smells/repositories/inferno/packages/inferno-create-element/__tests__/patchKeyedChildren.spec.js,Duplicate Assert,"{'line': 291, 'column': 4, 'index': 12581}","  289 |     render(template(generateKeyNodes([1, 4, 2, 3])), container);
  290 |     expect(container.textContent).toBe('1423');
> 291 |     expect(container.firstChild.childNodes.length).toBe(4);
      |    ^ Duplicate Assert
  292 |   });
  293 |   it('should swap first and last', () => {
  294 |     render(template(generateKeyNodes([1, 2, 3, 4])), container);"
/home/gabriel/Disk/Research/research-javascript-test-smells/repositories/inferno/packages/inferno-create-element/__tests__/patchKeyedChildren.spec.js,Duplicate Assert,"{'line': 291, 'column': 4, 'index': 12581}","  289 |     render(template(generateKeyNodes([1, 4, 2, 3])), container);
  290 |     expect(container.textContent).toBe('1423');
> 291 |     expect(container.firstChild.childNodes.length).toBe(4);
      |    ^ Duplicate Assert
  292 |   });
  293 |   it('should swap first and last', () => {
  294 |     render(template(generateKeyNodes([1, 2, 3, 4])), container);"
/home/gabriel/Disk/Research/research-javascript-test-smells/repositories/inferno/packages/inferno-create-element/__tests__/patchKeyedChildren.spec.js,Duplicate Assert,"{'line': 295, 'column': 4, 'index': 12755}","  293 |   it('should swap first and last', () => {
  294 |     render(template(generateKeyNodes([1, 2, 3, 4])), container);
> 295 |     expect(container.firstChild.childNodes.length).toBe(4);
      |    ^ Duplicate Assert
  296 |     render(template(generateKeyNodes([4, 2, 3, 1])), container);
  297 |     expect(container.textContent).toBe('4231');
  298 |     expect(container.firstChild.childNodes.length).toBe(4);"
/home/gabriel/Disk/Research/research-javascript-test-smells/repositories/inferno/packages/inferno-create-element/__tests__/patchKeyedChildren.spec.js,Duplicate Assert,"{'line': 295, 'column': 4, 'index': 12755}","  293 |   it('should swap first and last', () => {
  294 |     render(template(generateKeyNodes([1, 2, 3, 4])), container);
> 295 |     expect(container.firstChild.childNodes.length).toBe(4);
      |    ^ Duplicate Assert
  296 |     render(template(generateKeyNodes([4, 2, 3, 1])), container);
  297 |     expect(container.textContent).toBe('4231');
  298 |     expect(container.firstChild.childNodes.length).toBe(4);"
/home/gabriel/Disk/Research/research-javascript-test-smells/repositories/inferno/packages/inferno-create-element/__tests__/patchKeyedChildren.spec.js,Duplicate Assert,"{'line': 298, 'column': 4, 'index': 12928}","  296 |     render(template(generateKeyNodes([4, 2, 3, 1])), container);
  297 |     expect(container.textContent).toBe('4231');
> 298 |     expect(container.firstChild.childNodes.length).toBe(4);
      |    ^ Duplicate Assert
  299 |     render(template(generateKeyNodes([1, 2, 3, 4])), container);
  300 |     expect(container.firstChild.childNodes.length).toBe(4);
  301 |   });"
/home/gabriel/Disk/Research/research-javascript-test-smells/repositories/inferno/packages/inferno-create-element/__tests__/patchKeyedChildren.spec.js,Duplicate Assert,"{'line': 298, 'column': 4, 'index': 12928}","  296 |     render(template(generateKeyNodes([4, 2, 3, 1])), container);
  297 |     expect(container.textContent).toBe('4231');
> 298 |     expect(container.firstChild.childNodes.length).toBe(4);
      |    ^ Duplicate Assert
  299 |     render(template(generateKeyNodes([1, 2, 3, 4])), container);
  300 |     expect(container.firstChild.childNodes.length).toBe(4);
  301 |   });"
/home/gabriel/Disk/Research/research-javascript-test-smells/repositories/inferno/packages/inferno-create-element/__tests__/patchKeyedChildren.spec.js,Duplicate Assert,"{'line': 300, 'column': 4, 'index': 13053}","  298 |     expect(container.firstChild.childNodes.length).toBe(4);
  299 |     render(template(generateKeyNodes([1, 2, 3, 4])), container);
> 300 |     expect(container.firstChild.childNodes.length).toBe(4);
      |    ^ Duplicate Assert
  301 |   });
  302 |
  303 |   it('should move to left and replace', () => {"
/home/gabriel/Disk/Research/research-javascript-test-smells/repositories/inferno/packages/inferno-create-element/__tests__/patchKeyedChildren.spec.js,Duplicate Assert,"{'line': 300, 'column': 4, 'index': 13053}","  298 |     expect(container.firstChild.childNodes.length).toBe(4);
  299 |     render(template(generateKeyNodes([1, 2, 3, 4])), container);
> 300 |     expect(container.firstChild.childNodes.length).toBe(4);
      |    ^ Duplicate Assert
  301 |   });
  302 |
  303 |   it('should move to left and replace', () => {"
/home/gabriel/Disk/Research/research-javascript-test-smells/repositories/inferno/packages/inferno-create-element/__tests__/patchKeyedChildren.spec.js,Duplicate Assert,"{'line': 305, 'column': 4, 'index': 13236}","  303 |   it('should move to left and replace', () => {
  304 |     render(template(generateKeyNodes([1, 2, 3, 4, 5])), container);
> 305 |     expect(container.firstChild.childNodes.length).toBe(5);
      |    ^ Duplicate Assert
  306 |     render(template(generateKeyNodes([4, 1, 2, 3, 6])), container);
  307 |     expect(container.textContent).toBe('41236');
  308 |     expect(container.firstChild.childNodes.length).toBe(5);"
/home/gabriel/Disk/Research/research-javascript-test-smells/repositories/inferno/packages/inferno-create-element/__tests__/patchKeyedChildren.spec.js,Duplicate Assert,"{'line': 305, 'column': 4, 'index': 13236}","  303 |   it('should move to left and replace', () => {
  304 |     render(template(generateKeyNodes([1, 2, 3, 4, 5])), container);
> 305 |     expect(container.firstChild.childNodes.length).toBe(5);
      |    ^ Duplicate Assert
  306 |     render(template(generateKeyNodes([4, 1, 2, 3, 6])), container);
  307 |     expect(container.textContent).toBe('41236');
  308 |     expect(container.firstChild.childNodes.length).toBe(5);"
/home/gabriel/Disk/Research/research-javascript-test-smells/repositories/inferno/packages/inferno-create-element/__tests__/patchKeyedChildren.spec.js,Duplicate Assert,"{'line': 307, 'column': 4, 'index': 13364}","  305 |     expect(container.firstChild.childNodes.length).toBe(5);
  306 |     render(template(generateKeyNodes([4, 1, 2, 3, 6])), container);
> 307 |     expect(container.textContent).toBe('41236');
      |    ^ Duplicate Assert
  308 |     expect(container.firstChild.childNodes.length).toBe(5);
  309 |     render(template(generateKeyNodes([4, 5, 2, 3, 0])), container);
  310 |     expect(container.textContent).toBe('45230');"
/home/gabriel/Disk/Research/research-javascript-test-smells/repositories/inferno/packages/inferno-create-element/__tests__/patchKeyedChildren.spec.js,Duplicate Assert,"{'line': 308, 'column': 4, 'index': 13413}","  306 |     render(template(generateKeyNodes([4, 1, 2, 3, 6])), container);
  307 |     expect(container.textContent).toBe('41236');
> 308 |     expect(container.firstChild.childNodes.length).toBe(5);
      |    ^ Duplicate Assert
  309 |     render(template(generateKeyNodes([4, 5, 2, 3, 0])), container);
  310 |     expect(container.textContent).toBe('45230');
  311 |     render(template(generateKeyNodes([1, 2, 3, 4, 5])), container);"
/home/gabriel/Disk/Research/research-javascript-test-smells/repositories/inferno/packages/inferno-create-element/__tests__/patchKeyedChildren.spec.js,Duplicate Assert,"{'line': 308, 'column': 4, 'index': 13413}","  306 |     render(template(generateKeyNodes([4, 1, 2, 3, 6])), container);
  307 |     expect(container.textContent).toBe('41236');
> 308 |     expect(container.firstChild.childNodes.length).toBe(5);
      |    ^ Duplicate Assert
  309 |     render(template(generateKeyNodes([4, 5, 2, 3, 0])), container);
  310 |     expect(container.textContent).toBe('45230');
  311 |     render(template(generateKeyNodes([1, 2, 3, 4, 5])), container);"
/home/gabriel/Disk/Research/research-javascript-test-smells/repositories/inferno/packages/inferno-create-element/__tests__/patchKeyedChildren.spec.js,Duplicate Assert,"{'line': 310, 'column': 4, 'index': 13541}","  308 |     expect(container.firstChild.childNodes.length).toBe(5);
  309 |     render(template(generateKeyNodes([4, 5, 2, 3, 0])), container);
> 310 |     expect(container.textContent).toBe('45230');
      |    ^ Duplicate Assert
  311 |     render(template(generateKeyNodes([1, 2, 3, 4, 5])), container);
  312 |     expect(container.firstChild.childNodes.length).toBe(5);
  313 |   });"
/home/gabriel/Disk/Research/research-javascript-test-smells/repositories/inferno/packages/inferno-create-element/__tests__/patchKeyedChildren.spec.js,Duplicate Assert,"{'line': 312, 'column': 4, 'index': 13658}","  310 |     expect(container.textContent).toBe('45230');
  311 |     render(template(generateKeyNodes([1, 2, 3, 4, 5])), container);
> 312 |     expect(container.firstChild.childNodes.length).toBe(5);
      |    ^ Duplicate Assert
  313 |   });
  314 |
  315 |   it('should move to left and leave a hole', () => {"
/home/gabriel/Disk/Research/research-javascript-test-smells/repositories/inferno/packages/inferno-create-element/__tests__/patchKeyedChildren.spec.js,Duplicate Assert,"{'line': 312, 'column': 4, 'index': 13658}","  310 |     expect(container.textContent).toBe('45230');
  311 |     render(template(generateKeyNodes([1, 2, 3, 4, 5])), container);
> 312 |     expect(container.firstChild.childNodes.length).toBe(5);
      |    ^ Duplicate Assert
  313 |   });
  314 |
  315 |   it('should move to left and leave a hole', () => {"
/home/gabriel/Disk/Research/research-javascript-test-smells/repositories/inferno/packages/inferno-create-element/__tests__/patchKeyedChildren.spec.js,Duplicate Assert,"{'line': 317, 'column': 4, 'index': 13840}","  315 |   it('should move to left and leave a hole', () => {
  316 |     render(template(generateKeyNodes([1, 4, 5])), container);
> 317 |     expect(container.firstChild.childNodes.length).toBe(3);
      |    ^ Duplicate Assert
  318 |     render(template(generateKeyNodes([4, 6])), container);
  319 |     expect(container.textContent).toBe('46');
  320 |     expect(container.firstChild.childNodes.length).toBe(2);"
/home/gabriel/Disk/Research/research-javascript-test-smells/repositories/inferno/packages/inferno-create-element/__tests__/patchKeyedChildren.spec.js,Duplicate Assert,"{'line': 320, 'column': 4, 'index': 14005}","  318 |     render(template(generateKeyNodes([4, 6])), container);
  319 |     expect(container.textContent).toBe('46');
> 320 |     expect(container.firstChild.childNodes.length).toBe(2);
      |    ^ Duplicate Assert
  321 |   });
  322 |   it('should do something', () => {
  323 |     render(template(generateKeyNodes([0, 1, 2, 3, 4, 5])), container);"
/home/gabriel/Disk/Research/research-javascript-test-smells/repositories/inferno/packages/inferno-create-element/__tests__/patchKeyedChildren.spec.js,Duplicate Assert,"{'line': 324, 'column': 4, 'index': 14178}","  322 |   it('should do something', () => {
  323 |     render(template(generateKeyNodes([0, 1, 2, 3, 4, 5])), container);
> 324 |     expect(container.firstChild.childNodes.length).toBe(6);
      |    ^ Duplicate Assert
  325 |     render(template(generateKeyNodes([4, 3, 2, 1, 5, 0])), container);
  326 |     expect(container.textContent).toBe('432150');
  327 |     expect(container.firstChild.childNodes.length).toBe(6);"
/home/gabriel/Disk/Research/research-javascript-test-smells/repositories/inferno/packages/inferno-create-element/__tests__/patchKeyedChildren.spec.js,Duplicate Assert,"{'line': 324, 'column': 4, 'index': 14178}","  322 |   it('should do something', () => {
  323 |     render(template(generateKeyNodes([0, 1, 2, 3, 4, 5])), container);
> 324 |     expect(container.firstChild.childNodes.length).toBe(6);
      |    ^ Duplicate Assert
  325 |     render(template(generateKeyNodes([4, 3, 2, 1, 5, 0])), container);
  326 |     expect(container.textContent).toBe('432150');
  327 |     expect(container.firstChild.childNodes.length).toBe(6);"
/home/gabriel/Disk/Research/research-javascript-test-smells/repositories/inferno/packages/inferno-create-element/__tests__/patchKeyedChildren.spec.js,Duplicate Assert,"{'line': 327, 'column': 4, 'index': 14359}","  325 |     render(template(generateKeyNodes([4, 3, 2, 1, 5, 0])), container);
  326 |     expect(container.textContent).toBe('432150');
> 327 |     expect(container.firstChild.childNodes.length).toBe(6);
      |    ^ Duplicate Assert
  328 |   });
  329 |
  330 |   it('should cycle order correctly', () => {"
/home/gabriel/Disk/Research/research-javascript-test-smells/repositories/inferno/packages/inferno-create-element/__tests__/patchKeyedChildren.spec.js,Duplicate Assert,"{'line': 327, 'column': 4, 'index': 14359}","  325 |     render(template(generateKeyNodes([4, 3, 2, 1, 5, 0])), container);
  326 |     expect(container.textContent).toBe('432150');
> 327 |     expect(container.firstChild.childNodes.length).toBe(6);
      |    ^ Duplicate Assert
  328 |   });
  329 |
  330 |   it('should cycle order correctly', () => {"
/home/gabriel/Disk/Research/research-javascript-test-smells/repositories/inferno/packages/inferno-create-element/__tests__/patchKeyedChildren.spec.js,Duplicate Assert,"{'line': 332, 'column': 4, 'index': 14536}","  330 |   it('should cycle order correctly', () => {
  331 |     render(template(generateKeyNodes([1, 2, 3, 4])), container);
> 332 |     expect(container.firstChild.childNodes.length).toBe(4);
      |    ^ Duplicate Assert
  333 |     expect(container.textContent).toBe('1234');
  334 |     render(template(generateKeyNodes([2, 3, 4, 1])), container);
  335 |     expect(container.firstChild.childNodes.length).toBe(4);"
/home/gabriel/Disk/Research/research-javascript-test-smells/repositories/inferno/packages/inferno-create-element/__tests__/patchKeyedChildren.spec.js,Duplicate Assert,"{'line': 332, 'column': 4, 'index': 14536}","  330 |   it('should cycle order correctly', () => {
  331 |     render(template(generateKeyNodes([1, 2, 3, 4])), container);
> 332 |     expect(container.firstChild.childNodes.length).toBe(4);
      |    ^ Duplicate Assert
  333 |     expect(container.textContent).toBe('1234');
  334 |     render(template(generateKeyNodes([2, 3, 4, 1])), container);
  335 |     expect(container.firstChild.childNodes.length).toBe(4);"
/home/gabriel/Disk/Research/research-javascript-test-smells/repositories/inferno/packages/inferno-create-element/__tests__/patchKeyedChildren.spec.js,Duplicate Assert,"{'line': 333, 'column': 4, 'index': 14596}","  331 |     render(template(generateKeyNodes([1, 2, 3, 4])), container);
  332 |     expect(container.firstChild.childNodes.length).toBe(4);
> 333 |     expect(container.textContent).toBe('1234');
      |    ^ Duplicate Assert
  334 |     render(template(generateKeyNodes([2, 3, 4, 1])), container);
  335 |     expect(container.firstChild.childNodes.length).toBe(4);
  336 |     expect(container.textContent).toBe('2341');"
/home/gabriel/Disk/Research/research-javascript-test-smells/repositories/inferno/packages/inferno-create-element/__tests__/patchKeyedChildren.spec.js,Duplicate Assert,"{'line': 333, 'column': 4, 'index': 14596}","  331 |     render(template(generateKeyNodes([1, 2, 3, 4])), container);
  332 |     expect(container.firstChild.childNodes.length).toBe(4);
> 333 |     expect(container.textContent).toBe('1234');
      |    ^ Duplicate Assert
  334 |     render(template(generateKeyNodes([2, 3, 4, 1])), container);
  335 |     expect(container.firstChild.childNodes.length).toBe(4);
  336 |     expect(container.textContent).toBe('2341');"
/home/gabriel/Disk/Research/research-javascript-test-smells/repositories/inferno/packages/inferno-create-element/__tests__/patchKeyedChildren.spec.js,Duplicate Assert,"{'line': 335, 'column': 4, 'index': 14709}","  333 |     expect(container.textContent).toBe('1234');
  334 |     render(template(generateKeyNodes([2, 3, 4, 1])), container);
> 335 |     expect(container.firstChild.childNodes.length).toBe(4);
      |    ^ Duplicate Assert
  336 |     expect(container.textContent).toBe('2341');
  337 |     render(template(generateKeyNodes([3, 4, 1, 2])), container);
  338 |     expect(container.firstChild.childNodes.length).toBe(4);"
/home/gabriel/Disk/Research/research-javascript-test-smells/repositories/inferno/packages/inferno-create-element/__tests__/patchKeyedChildren.spec.js,Duplicate Assert,"{'line': 335, 'column': 4, 'index': 14709}","  333 |     expect(container.textContent).toBe('1234');
  334 |     render(template(generateKeyNodes([2, 3, 4, 1])), container);
> 335 |     expect(container.firstChild.childNodes.length).toBe(4);
      |    ^ Duplicate Assert
  336 |     expect(container.textContent).toBe('2341');
  337 |     render(template(generateKeyNodes([3, 4, 1, 2])), container);
  338 |     expect(container.firstChild.childNodes.length).toBe(4);"
/home/gabriel/Disk/Research/research-javascript-test-smells/repositories/inferno/packages/inferno-create-element/__tests__/patchKeyedChildren.spec.js,Duplicate Assert,"{'line': 336, 'column': 4, 'index': 14769}","  334 |     render(template(generateKeyNodes([2, 3, 4, 1])), container);
  335 |     expect(container.firstChild.childNodes.length).toBe(4);
> 336 |     expect(container.textContent).toBe('2341');
      |    ^ Duplicate Assert
  337 |     render(template(generateKeyNodes([3, 4, 1, 2])), container);
  338 |     expect(container.firstChild.childNodes.length).toBe(4);
  339 |     expect(container.textContent).toBe('3412');"
/home/gabriel/Disk/Research/research-javascript-test-smells/repositories/inferno/packages/inferno-create-element/__tests__/patchKeyedChildren.spec.js,Duplicate Assert,"{'line': 338, 'column': 4, 'index': 14882}","  336 |     expect(container.textContent).toBe('2341');
  337 |     render(template(generateKeyNodes([3, 4, 1, 2])), container);
> 338 |     expect(container.firstChild.childNodes.length).toBe(4);
      |    ^ Duplicate Assert
  339 |     expect(container.textContent).toBe('3412');
  340 |     render(template(generateKeyNodes([4, 1, 2, 3])), container);
  341 |     expect(container.firstChild.childNodes.length).toBe(4);"
/home/gabriel/Disk/Research/research-javascript-test-smells/repositories/inferno/packages/inferno-create-element/__tests__/patchKeyedChildren.spec.js,Duplicate Assert,"{'line': 338, 'column': 4, 'index': 14882}","  336 |     expect(container.textContent).toBe('2341');
  337 |     render(template(generateKeyNodes([3, 4, 1, 2])), container);
> 338 |     expect(container.firstChild.childNodes.length).toBe(4);
      |    ^ Duplicate Assert
  339 |     expect(container.textContent).toBe('3412');
  340 |     render(template(generateKeyNodes([4, 1, 2, 3])), container);
  341 |     expect(container.firstChild.childNodes.length).toBe(4);"
/home/gabriel/Disk/Research/research-javascript-test-smells/repositories/inferno/packages/inferno-create-element/__tests__/patchKeyedChildren.spec.js,Duplicate Assert,"{'line': 339, 'column': 4, 'index': 14942}","  337 |     render(template(generateKeyNodes([3, 4, 1, 2])), container);
  338 |     expect(container.firstChild.childNodes.length).toBe(4);
> 339 |     expect(container.textContent).toBe('3412');
      |    ^ Duplicate Assert
  340 |     render(template(generateKeyNodes([4, 1, 2, 3])), container);
  341 |     expect(container.firstChild.childNodes.length).toBe(4);
  342 |     expect(container.textContent).toBe('4123');"
/home/gabriel/Disk/Research/research-javascript-test-smells/repositories/inferno/packages/inferno-create-element/__tests__/patchKeyedChildren.spec.js,Duplicate Assert,"{'line': 341, 'column': 4, 'index': 15055}","  339 |     expect(container.textContent).toBe('3412');
  340 |     render(template(generateKeyNodes([4, 1, 2, 3])), container);
> 341 |     expect(container.firstChild.childNodes.length).toBe(4);
      |    ^ Duplicate Assert
  342 |     expect(container.textContent).toBe('4123');
  343 |     render(template(generateKeyNodes([1, 2, 3, 4])), container);
  344 |     expect(container.firstChild.childNodes.length).toBe(4);"
/home/gabriel/Disk/Research/research-javascript-test-smells/repositories/inferno/packages/inferno-create-element/__tests__/patchKeyedChildren.spec.js,Duplicate Assert,"{'line': 341, 'column': 4, 'index': 15055}","  339 |     expect(container.textContent).toBe('3412');
  340 |     render(template(generateKeyNodes([4, 1, 2, 3])), container);
> 341 |     expect(container.firstChild.childNodes.length).toBe(4);
      |    ^ Duplicate Assert
  342 |     expect(container.textContent).toBe('4123');
  343 |     render(template(generateKeyNodes([1, 2, 3, 4])), container);
  344 |     expect(container.firstChild.childNodes.length).toBe(4);"
/home/gabriel/Disk/Research/research-javascript-test-smells/repositories/inferno/packages/inferno-create-element/__tests__/patchKeyedChildren.spec.js,Duplicate Assert,"{'line': 342, 'column': 4, 'index': 15115}","  340 |     render(template(generateKeyNodes([4, 1, 2, 3])), container);
  341 |     expect(container.firstChild.childNodes.length).toBe(4);
> 342 |     expect(container.textContent).toBe('4123');
      |    ^ Duplicate Assert
  343 |     render(template(generateKeyNodes([1, 2, 3, 4])), container);
  344 |     expect(container.firstChild.childNodes.length).toBe(4);
  345 |     expect(container.textContent).toBe('1234');"
/home/gabriel/Disk/Research/research-javascript-test-smells/repositories/inferno/packages/inferno-create-element/__tests__/patchKeyedChildren.spec.js,Duplicate Assert,"{'line': 344, 'column': 4, 'index': 15228}","  342 |     expect(container.textContent).toBe('4123');
  343 |     render(template(generateKeyNodes([1, 2, 3, 4])), container);
> 344 |     expect(container.firstChild.childNodes.length).toBe(4);
      |    ^ Duplicate Assert
  345 |     expect(container.textContent).toBe('1234');
  346 |   });
  347 |"
/home/gabriel/Disk/Research/research-javascript-test-smells/repositories/inferno/packages/inferno-create-element/__tests__/patchKeyedChildren.spec.js,Duplicate Assert,"{'line': 344, 'column': 4, 'index': 15228}","  342 |     expect(container.textContent).toBe('4123');
  343 |     render(template(generateKeyNodes([1, 2, 3, 4])), container);
> 344 |     expect(container.firstChild.childNodes.length).toBe(4);
      |    ^ Duplicate Assert
  345 |     expect(container.textContent).toBe('1234');
  346 |   });
  347 |"
/home/gabriel/Disk/Research/research-javascript-test-smells/repositories/inferno/packages/inferno-create-element/__tests__/patchKeyedChildren.spec.js,Duplicate Assert,"{'line': 345, 'column': 4, 'index': 15288}","  343 |     render(template(generateKeyNodes([1, 2, 3, 4])), container);
  344 |     expect(container.firstChild.childNodes.length).toBe(4);
> 345 |     expect(container.textContent).toBe('1234');
      |    ^ Duplicate Assert
  346 |   });
  347 |
  348 |   it('should cycle order correctly in the other direction', () => {"
/home/gabriel/Disk/Research/research-javascript-test-smells/repositories/inferno/packages/inferno-create-element/__tests__/patchKeyedChildren.spec.js,Duplicate Assert,"{'line': 345, 'column': 4, 'index': 15288}","  343 |     render(template(generateKeyNodes([1, 2, 3, 4])), container);
  344 |     expect(container.firstChild.childNodes.length).toBe(4);
> 345 |     expect(container.textContent).toBe('1234');
      |    ^ Duplicate Assert
  346 |   });
  347 |
  348 |   it('should cycle order correctly in the other direction', () => {"
/home/gabriel/Disk/Research/research-javascript-test-smells/repositories/inferno/packages/inferno-create-element/__tests__/patchKeyedChildren.spec.js,Duplicate Assert,"{'line': 350, 'column': 4, 'index': 15476}","  348 |   it('should cycle order correctly in the other direction', () => {
  349 |     render(template(generateKeyNodes([1, 2, 3, 4])), container);
> 350 |     expect(container.firstChild.childNodes.length).toBe(4);
      |    ^ Duplicate Assert
  351 |     expect(container.textContent).toBe('1234');
  352 |     render(template(generateKeyNodes([4, 1, 2, 3])), container);
  353 |     expect(container.firstChild.childNodes.length).toBe(4);"
/home/gabriel/Disk/Research/research-javascript-test-smells/repositories/inferno/packages/inferno-create-element/__tests__/patchKeyedChildren.spec.js,Duplicate Assert,"{'line': 350, 'column': 4, 'index': 15476}","  348 |   it('should cycle order correctly in the other direction', () => {
  349 |     render(template(generateKeyNodes([1, 2, 3, 4])), container);
> 350 |     expect(container.firstChild.childNodes.length).toBe(4);
      |    ^ Duplicate Assert
  351 |     expect(container.textContent).toBe('1234');
  352 |     render(template(generateKeyNodes([4, 1, 2, 3])), container);
  353 |     expect(container.firstChild.childNodes.length).toBe(4);"
/home/gabriel/Disk/Research/research-javascript-test-smells/repositories/inferno/packages/inferno-create-element/__tests__/patchKeyedChildren.spec.js,Duplicate Assert,"{'line': 351, 'column': 4, 'index': 15536}","  349 |     render(template(generateKeyNodes([1, 2, 3, 4])), container);
  350 |     expect(container.firstChild.childNodes.length).toBe(4);
> 351 |     expect(container.textContent).toBe('1234');
      |    ^ Duplicate Assert
  352 |     render(template(generateKeyNodes([4, 1, 2, 3])), container);
  353 |     expect(container.firstChild.childNodes.length).toBe(4);
  354 |     expect(container.textContent).toBe('4123');"
/home/gabriel/Disk/Research/research-javascript-test-smells/repositories/inferno/packages/inferno-create-element/__tests__/patchKeyedChildren.spec.js,Duplicate Assert,"{'line': 351, 'column': 4, 'index': 15536}","  349 |     render(template(generateKeyNodes([1, 2, 3, 4])), container);
  350 |     expect(container.firstChild.childNodes.length).toBe(4);
> 351 |     expect(container.textContent).toBe('1234');
      |    ^ Duplicate Assert
  352 |     render(template(generateKeyNodes([4, 1, 2, 3])), container);
  353 |     expect(container.firstChild.childNodes.length).toBe(4);
  354 |     expect(container.textContent).toBe('4123');"
/home/gabriel/Disk/Research/research-javascript-test-smells/repositories/inferno/packages/inferno-create-element/__tests__/patchKeyedChildren.spec.js,Duplicate Assert,"{'line': 353, 'column': 4, 'index': 15649}","  351 |     expect(container.textContent).toBe('1234');
  352 |     render(template(generateKeyNodes([4, 1, 2, 3])), container);
> 353 |     expect(container.firstChild.childNodes.length).toBe(4);
      |    ^ Duplicate Assert
  354 |     expect(container.textContent).toBe('4123');
  355 |     render(template(generateKeyNodes([3, 4, 1, 2])), container);
  356 |     expect(container.firstChild.childNodes.length).toBe(4);"
/home/gabriel/Disk/Research/research-javascript-test-smells/repositories/inferno/packages/inferno-create-element/__tests__/patchKeyedChildren.spec.js,Duplicate Assert,"{'line': 353, 'column': 4, 'index': 15649}","  351 |     expect(container.textContent).toBe('1234');
  352 |     render(template(generateKeyNodes([4, 1, 2, 3])), container);
> 353 |     expect(container.firstChild.childNodes.length).toBe(4);
      |    ^ Duplicate Assert
  354 |     expect(container.textContent).toBe('4123');
  355 |     render(template(generateKeyNodes([3, 4, 1, 2])), container);
  356 |     expect(container.firstChild.childNodes.length).toBe(4);"
/home/gabriel/Disk/Research/research-javascript-test-smells/repositories/inferno/packages/inferno-create-element/__tests__/patchKeyedChildren.spec.js,Duplicate Assert,"{'line': 354, 'column': 4, 'index': 15709}","  352 |     render(template(generateKeyNodes([4, 1, 2, 3])), container);
  353 |     expect(container.firstChild.childNodes.length).toBe(4);
> 354 |     expect(container.textContent).toBe('4123');
      |    ^ Duplicate Assert
  355 |     render(template(generateKeyNodes([3, 4, 1, 2])), container);
  356 |     expect(container.firstChild.childNodes.length).toBe(4);
  357 |     expect(container.textContent).toBe('3412');"
/home/gabriel/Disk/Research/research-javascript-test-smells/repositories/inferno/packages/inferno-create-element/__tests__/patchKeyedChildren.spec.js,Duplicate Assert,"{'line': 356, 'column': 4, 'index': 15822}","  354 |     expect(container.textContent).toBe('4123');
  355 |     render(template(generateKeyNodes([3, 4, 1, 2])), container);
> 356 |     expect(container.firstChild.childNodes.length).toBe(4);
      |    ^ Duplicate Assert
  357 |     expect(container.textContent).toBe('3412');
  358 |     render(template(generateKeyNodes([2, 3, 4, 1])), container);
  359 |     expect(container.firstChild.childNodes.length).toBe(4);"
/home/gabriel/Disk/Research/research-javascript-test-smells/repositories/inferno/packages/inferno-create-element/__tests__/patchKeyedChildren.spec.js,Duplicate Assert,"{'line': 356, 'column': 4, 'index': 15822}","  354 |     expect(container.textContent).toBe('4123');
  355 |     render(template(generateKeyNodes([3, 4, 1, 2])), container);
> 356 |     expect(container.firstChild.childNodes.length).toBe(4);
      |    ^ Duplicate Assert
  357 |     expect(container.textContent).toBe('3412');
  358 |     render(template(generateKeyNodes([2, 3, 4, 1])), container);
  359 |     expect(container.firstChild.childNodes.length).toBe(4);"
/home/gabriel/Disk/Research/research-javascript-test-smells/repositories/inferno/packages/inferno-create-element/__tests__/patchKeyedChildren.spec.js,Duplicate Assert,"{'line': 357, 'column': 4, 'index': 15882}","  355 |     render(template(generateKeyNodes([3, 4, 1, 2])), container);
  356 |     expect(container.firstChild.childNodes.length).toBe(4);
> 357 |     expect(container.textContent).toBe('3412');
      |    ^ Duplicate Assert
  358 |     render(template(generateKeyNodes([2, 3, 4, 1])), container);
  359 |     expect(container.firstChild.childNodes.length).toBe(4);
  360 |     expect(container.textContent).toBe('2341');"
/home/gabriel/Disk/Research/research-javascript-test-smells/repositories/inferno/packages/inferno-create-element/__tests__/patchKeyedChildren.spec.js,Duplicate Assert,"{'line': 359, 'column': 4, 'index': 15995}","  357 |     expect(container.textContent).toBe('3412');
  358 |     render(template(generateKeyNodes([2, 3, 4, 1])), container);
> 359 |     expect(container.firstChild.childNodes.length).toBe(4);
      |    ^ Duplicate Assert
  360 |     expect(container.textContent).toBe('2341');
  361 |     render(template(generateKeyNodes([1, 2, 3, 4])), container);
  362 |     expect(container.firstChild.childNodes.length).toBe(4);"
/home/gabriel/Disk/Research/research-javascript-test-smells/repositories/inferno/packages/inferno-create-element/__tests__/patchKeyedChildren.spec.js,Duplicate Assert,"{'line': 359, 'column': 4, 'index': 15995}","  357 |     expect(container.textContent).toBe('3412');
  358 |     render(template(generateKeyNodes([2, 3, 4, 1])), container);
> 359 |     expect(container.firstChild.childNodes.length).toBe(4);
      |    ^ Duplicate Assert
  360 |     expect(container.textContent).toBe('2341');
  361 |     render(template(generateKeyNodes([1, 2, 3, 4])), container);
  362 |     expect(container.firstChild.childNodes.length).toBe(4);"
/home/gabriel/Disk/Research/research-javascript-test-smells/repositories/inferno/packages/inferno-create-element/__tests__/patchKeyedChildren.spec.js,Duplicate Assert,"{'line': 360, 'column': 4, 'index': 16055}","  358 |     render(template(generateKeyNodes([2, 3, 4, 1])), container);
  359 |     expect(container.firstChild.childNodes.length).toBe(4);
> 360 |     expect(container.textContent).toBe('2341');
      |    ^ Duplicate Assert
  361 |     render(template(generateKeyNodes([1, 2, 3, 4])), container);
  362 |     expect(container.firstChild.childNodes.length).toBe(4);
  363 |     expect(container.textContent).toBe('1234');"
/home/gabriel/Disk/Research/research-javascript-test-smells/repositories/inferno/packages/inferno-create-element/__tests__/patchKeyedChildren.spec.js,Duplicate Assert,"{'line': 362, 'column': 4, 'index': 16168}","  360 |     expect(container.textContent).toBe('2341');
  361 |     render(template(generateKeyNodes([1, 2, 3, 4])), container);
> 362 |     expect(container.firstChild.childNodes.length).toBe(4);
      |    ^ Duplicate Assert
  363 |     expect(container.textContent).toBe('1234');
  364 |   });
  365 |"
/home/gabriel/Disk/Research/research-javascript-test-smells/repositories/inferno/packages/inferno-create-element/__tests__/patchKeyedChildren.spec.js,Duplicate Assert,"{'line': 362, 'column': 4, 'index': 16168}","  360 |     expect(container.textContent).toBe('2341');
  361 |     render(template(generateKeyNodes([1, 2, 3, 4])), container);
> 362 |     expect(container.firstChild.childNodes.length).toBe(4);
      |    ^ Duplicate Assert
  363 |     expect(container.textContent).toBe('1234');
  364 |   });
  365 |"
/home/gabriel/Disk/Research/research-javascript-test-smells/repositories/inferno/packages/inferno-create-element/__tests__/patchKeyedChildren.spec.js,Duplicate Assert,"{'line': 363, 'column': 4, 'index': 16228}","  361 |     render(template(generateKeyNodes([1, 2, 3, 4])), container);
  362 |     expect(container.firstChild.childNodes.length).toBe(4);
> 363 |     expect(container.textContent).toBe('1234');
      |    ^ Duplicate Assert
  364 |   });
  365 |
  366 |   it('should allow any character as a key', () => {"
/home/gabriel/Disk/Research/research-javascript-test-smells/repositories/inferno/packages/inferno-create-element/__tests__/patchKeyedChildren.spec.js,Duplicate Assert,"{'line': 363, 'column': 4, 'index': 16228}","  361 |     render(template(generateKeyNodes([1, 2, 3, 4])), container);
  362 |     expect(container.firstChild.childNodes.length).toBe(4);
> 363 |     expect(container.textContent).toBe('1234');
      |    ^ Duplicate Assert
  364 |   });
  365 |
  366 |   it('should allow any character as a key', () => {"
/home/gabriel/Disk/Research/research-javascript-test-smells/repositories/inferno/packages/inferno-create-element/__tests__/patchKeyedChildren.spec.js,Duplicate Assert,"{'line': 389, 'column': 4, 'index': 16911}","  387 |       container,
  388 |     );
> 389 |     expect(container.textContent).toBe('74326abcdef1');
      |    ^ Duplicate Assert
  390 |     expect(container.firstChild.childNodes.length).toBe(8);
  391 |     render(
  392 |       template(generateKeyNodes(['1', '2', '3', '4', 'abc', '6', 'def', '7'])),"
/home/gabriel/Disk/Research/research-javascript-test-smells/repositories/inferno/packages/inferno-create-element/__tests__/patchKeyedChildren.spec.js,Duplicate Assert,"{'line': 389, 'column': 4, 'index': 16911}","  387 |       container,
  388 |     );
> 389 |     expect(container.textContent).toBe('74326abcdef1');
      |    ^ Duplicate Assert
  390 |     expect(container.firstChild.childNodes.length).toBe(8);
  391 |     render(
  392 |       template(generateKeyNodes(['1', '2', '3', '4', 'abc', '6', 'def', '7'])),"
/home/gabriel/Disk/Research/research-javascript-test-smells/repositories/inferno/packages/inferno-create-element/__tests__/patchKeyedChildren.spec.js,Duplicate Assert,"{'line': 390, 'column': 4, 'index': 16967}","  388 |     );
  389 |     expect(container.textContent).toBe('74326abcdef1');
> 390 |     expect(container.firstChild.childNodes.length).toBe(8);
      |    ^ Duplicate Assert
  391 |     render(
  392 |       template(generateKeyNodes(['1', '2', '3', '4', 'abc', '6', 'def', '7'])),
  393 |       container,"
/home/gabriel/Disk/Research/research-javascript-test-smells/repositories/inferno/packages/inferno-create-element/__tests__/patchKeyedChildren.spec.js,Duplicate Assert,"{'line': 390, 'column': 4, 'index': 16967}","  388 |     );
  389 |     expect(container.textContent).toBe('74326abcdef1');
> 390 |     expect(container.firstChild.childNodes.length).toBe(8);
      |    ^ Duplicate Assert
  391 |     render(
  392 |       template(generateKeyNodes(['1', '2', '3', '4', 'abc', '6', 'def', '7'])),
  393 |       container,"
/home/gabriel/Disk/Research/research-javascript-test-smells/repositories/inferno/packages/inferno-create-element/__tests__/patchKeyedChildren.spec.js,Duplicate Assert,"{'line': 399, 'column': 4, 'index': 17259}","  397 |       container,
  398 |     );
> 399 |     expect(container.textContent).toBe('74326abcdef1');
      |    ^ Duplicate Assert
  400 |     expect(container.firstChild.childNodes.length).toBe(8);
  401 |     render(
  402 |       template(generateKeyNodes(['7', '4', '3', '2', '6', 'abc', 'def', '1'])),"
/home/gabriel/Disk/Research/research-javascript-test-smells/repositories/inferno/packages/inferno-create-element/__tests__/patchKeyedChildren.spec.js,Duplicate Assert,"{'line': 399, 'column': 4, 'index': 17259}","  397 |       container,
  398 |     );
> 399 |     expect(container.textContent).toBe('74326abcdef1');
      |    ^ Duplicate Assert
  400 |     expect(container.firstChild.childNodes.length).toBe(8);
  401 |     render(
  402 |       template(generateKeyNodes(['7', '4', '3', '2', '6', 'abc', 'def', '1'])),"
/home/gabriel/Disk/Research/research-javascript-test-smells/repositories/inferno/packages/inferno-create-element/__tests__/patchKeyedChildren.spec.js,Duplicate Assert,"{'line': 400, 'column': 4, 'index': 17315}","  398 |     );
  399 |     expect(container.textContent).toBe('74326abcdef1');
> 400 |     expect(container.firstChild.childNodes.length).toBe(8);
      |    ^ Duplicate Assert
  401 |     render(
  402 |       template(generateKeyNodes(['7', '4', '3', '2', '6', 'abc', 'def', '1'])),
  403 |       container,"
/home/gabriel/Disk/Research/research-javascript-test-smells/repositories/inferno/packages/inferno-create-element/__tests__/patchKeyedChildren.spec.js,Duplicate Assert,"{'line': 400, 'column': 4, 'index': 17315}","  398 |     );
  399 |     expect(container.textContent).toBe('74326abcdef1');
> 400 |     expect(container.firstChild.childNodes.length).toBe(8);
      |    ^ Duplicate Assert
  401 |     render(
  402 |       template(generateKeyNodes(['7', '4', '3', '2', '6', 'abc', 'def', '1'])),
  403 |       container,"
/home/gabriel/Disk/Research/research-javascript-test-smells/repositories/inferno/packages/inferno-create-element/__tests__/patchKeyedChildren.spec.js,Duplicate Assert,"{'line': 405, 'column': 4, 'index': 17491}","  403 |       container,
  404 |     );
> 405 |     expect(container.textContent).toBe('74326abcdef1');
      |    ^ Duplicate Assert
  406 |     expect(container.firstChild.childNodes.length).toBe(8);
  407 |   });
  408 |"
/home/gabriel/Disk/Research/research-javascript-test-smells/repositories/inferno/packages/inferno-create-element/__tests__/patchKeyedChildren.spec.js,Duplicate Assert,"{'line': 405, 'column': 4, 'index': 17491}","  403 |       container,
  404 |     );
> 405 |     expect(container.textContent).toBe('74326abcdef1');
      |    ^ Duplicate Assert
  406 |     expect(container.firstChild.childNodes.length).toBe(8);
  407 |   });
  408 |"
/home/gabriel/Disk/Research/research-javascript-test-smells/repositories/inferno/packages/inferno-create-element/__tests__/patchKeyedChildren.spec.js,Duplicate Assert,"{'line': 406, 'column': 4, 'index': 17547}","  404 |     );
  405 |     expect(container.textContent).toBe('74326abcdef1');
> 406 |     expect(container.firstChild.childNodes.length).toBe(8);
      |    ^ Duplicate Assert
  407 |   });
  408 |
  409 |   it('should do a advanced shuffle - numbers and letters', () => {"
/home/gabriel/Disk/Research/research-javascript-test-smells/repositories/inferno/packages/inferno-create-element/__tests__/patchKeyedChildren.spec.js,Duplicate Assert,"{'line': 406, 'column': 4, 'index': 17547}","  404 |     );
  405 |     expect(container.textContent).toBe('74326abcdef1');
> 406 |     expect(container.firstChild.childNodes.length).toBe(8);
      |    ^ Duplicate Assert
  407 |   });
  408 |
  409 |   it('should do a advanced shuffle - numbers and letters', () => {"
/home/gabriel/Disk/Research/research-javascript-test-smells/repositories/inferno/packages/inferno-create-element/__tests__/patchKeyedChildren.spec.js,Duplicate Assert,"{'line': 414, 'column': 4, 'index': 17782}","  412 |       container,
  413 |     );
> 414 |     expect(container.textContent).toBe('abcd123');
      |    ^ Duplicate Assert
  415 |     expect(container.firstChild.childNodes.length).toBe(7);
  416 |     render(
  417 |       template(generateKeyNodes([1, 'e', 2, 'b', 'f', 'g', 'c', 'a', 3])),"
/home/gabriel/Disk/Research/research-javascript-test-smells/repositories/inferno/packages/inferno-create-element/__tests__/patchKeyedChildren.spec.js,Duplicate Assert,"{'line': 414, 'column': 4, 'index': 17782}","  412 |       container,
  413 |     );
> 414 |     expect(container.textContent).toBe('abcd123');
      |    ^ Duplicate Assert
  415 |     expect(container.firstChild.childNodes.length).toBe(7);
  416 |     render(
  417 |       template(generateKeyNodes([1, 'e', 2, 'b', 'f', 'g', 'c', 'a', 3])),"
/home/gabriel/Disk/Research/research-javascript-test-smells/repositories/inferno/packages/inferno-create-element/__tests__/patchKeyedChildren.spec.js,Duplicate Assert,"{'line': 415, 'column': 4, 'index': 17833}","  413 |     );
  414 |     expect(container.textContent).toBe('abcd123');
> 415 |     expect(container.firstChild.childNodes.length).toBe(7);
      |    ^ Duplicate Assert
  416 |     render(
  417 |       template(generateKeyNodes([1, 'e', 2, 'b', 'f', 'g', 'c', 'a', 3])),
  418 |       container,"
/home/gabriel/Disk/Research/research-javascript-test-smells/repositories/inferno/packages/inferno-create-element/__tests__/patchKeyedChildren.spec.js,Duplicate Assert,"{'line': 415, 'column': 4, 'index': 17833}","  413 |     );
  414 |     expect(container.textContent).toBe('abcd123');
> 415 |     expect(container.firstChild.childNodes.length).toBe(7);
      |    ^ Duplicate Assert
  416 |     render(
  417 |       template(generateKeyNodes([1, 'e', 2, 'b', 'f', 'g', 'c', 'a', 3])),
  418 |       container,"
/home/gabriel/Disk/Research/research-javascript-test-smells/repositories/inferno/packages/inferno-create-element/__tests__/patchKeyedChildren.spec.js,Duplicate Assert,"{'line': 420, 'column': 4, 'index': 18004}","  418 |       container,
  419 |     );
> 420 |     expect(container.textContent).toBe('1e2bfgca3');
      |    ^ Duplicate Assert
  421 |     expect(container.firstChild.childNodes.length).toBe(9);
  422 |     render(
  423 |       template(generateKeyNodes(['a', 'b', 'c', 'd', 1, 2, 3])),"
/home/gabriel/Disk/Research/research-javascript-test-smells/repositories/inferno/packages/inferno-create-element/__tests__/patchKeyedChildren.spec.js,Duplicate Assert,"{'line': 420, 'column': 4, 'index': 18004}","  418 |       container,
  419 |     );
> 420 |     expect(container.textContent).toBe('1e2bfgca3');
      |    ^ Duplicate Assert
  421 |     expect(container.firstChild.childNodes.length).toBe(9);
  422 |     render(
  423 |       template(generateKeyNodes(['a', 'b', 'c', 'd', 1, 2, 3])),"
/home/gabriel/Disk/Research/research-javascript-test-smells/repositories/inferno/packages/inferno-create-element/__tests__/patchKeyedChildren.spec.js,Duplicate Assert,"{'line': 421, 'column': 4, 'index': 18057}","  419 |     );
  420 |     expect(container.textContent).toBe('1e2bfgca3');
> 421 |     expect(container.firstChild.childNodes.length).toBe(9);
      |    ^ Duplicate Assert
  422 |     render(
  423 |       template(generateKeyNodes(['a', 'b', 'c', 'd', 1, 2, 3])),
  424 |       container,"
/home/gabriel/Disk/Research/research-javascript-test-smells/repositories/inferno/packages/inferno-create-element/__tests__/patchKeyedChildren.spec.js,Duplicate Assert,"{'line': 421, 'column': 4, 'index': 18057}","  419 |     );
  420 |     expect(container.textContent).toBe('1e2bfgca3');
> 421 |     expect(container.firstChild.childNodes.length).toBe(9);
      |    ^ Duplicate Assert
  422 |     render(
  423 |       template(generateKeyNodes(['a', 'b', 'c', 'd', 1, 2, 3])),
  424 |       container,"
/home/gabriel/Disk/Research/research-javascript-test-smells/repositories/inferno/packages/inferno-create-element/__tests__/patchKeyedChildren.spec.js,Duplicate Assert,"{'line': 426, 'column': 4, 'index': 18218}","  424 |       container,
  425 |     );
> 426 |     expect(container.textContent).toBe('abcd123');
      |    ^ Duplicate Assert
  427 |     expect(container.firstChild.childNodes.length).toBe(7);
  428 |     render(
  429 |       template(generateKeyNodes([0, 'e', 2, 'b', 'f', 'g', 'c', 'a', 4])),"
/home/gabriel/Disk/Research/research-javascript-test-smells/repositories/inferno/packages/inferno-create-element/__tests__/patchKeyedChildren.spec.js,Duplicate Assert,"{'line': 426, 'column': 4, 'index': 18218}","  424 |       container,
  425 |     );
> 426 |     expect(container.textContent).toBe('abcd123');
      |    ^ Duplicate Assert
  427 |     expect(container.firstChild.childNodes.length).toBe(7);
  428 |     render(
  429 |       template(generateKeyNodes([0, 'e', 2, 'b', 'f', 'g', 'c', 'a', 4])),"
/home/gabriel/Disk/Research/research-javascript-test-smells/repositories/inferno/packages/inferno-create-element/__tests__/patchKeyedChildren.spec.js,Duplicate Assert,"{'line': 427, 'column': 4, 'index': 18269}","  425 |     );
  426 |     expect(container.textContent).toBe('abcd123');
> 427 |     expect(container.firstChild.childNodes.length).toBe(7);
      |    ^ Duplicate Assert
  428 |     render(
  429 |       template(generateKeyNodes([0, 'e', 2, 'b', 'f', 'g', 'c', 'a', 4])),
  430 |       container,"
/home/gabriel/Disk/Research/research-javascript-test-smells/repositories/inferno/packages/inferno-create-element/__tests__/patchKeyedChildren.spec.js,Duplicate Assert,"{'line': 427, 'column': 4, 'index': 18269}","  425 |     );
  426 |     expect(container.textContent).toBe('abcd123');
> 427 |     expect(container.firstChild.childNodes.length).toBe(7);
      |    ^ Duplicate Assert
  428 |     render(
  429 |       template(generateKeyNodes([0, 'e', 2, 'b', 'f', 'g', 'c', 'a', 4])),
  430 |       container,"
/home/gabriel/Disk/Research/research-javascript-test-smells/repositories/inferno/packages/inferno-create-element/__tests__/patchKeyedChildren.spec.js,Duplicate Assert,"{'line': 432, 'column': 4, 'index': 18440}","  430 |       container,
  431 |     );
> 432 |     expect(container.textContent).toBe('0e2bfgca4');
      |    ^ Duplicate Assert
  433 |     expect(container.firstChild.childNodes.length).toBe(9);
  434 |     render(
  435 |       template(generateKeyNodes(['a', 'b', 'c', 'd', 1, 2, 3])),"
/home/gabriel/Disk/Research/research-javascript-test-smells/repositories/inferno/packages/inferno-create-element/__tests__/patchKeyedChildren.spec.js,Duplicate Assert,"{'line': 433, 'column': 4, 'index': 18493}","  431 |     );
  432 |     expect(container.textContent).toBe('0e2bfgca4');
> 433 |     expect(container.firstChild.childNodes.length).toBe(9);
      |    ^ Duplicate Assert
  434 |     render(
  435 |       template(generateKeyNodes(['a', 'b', 'c', 'd', 1, 2, 3])),
  436 |       container,"
/home/gabriel/Disk/Research/research-javascript-test-smells/repositories/inferno/packages/inferno-create-element/__tests__/patchKeyedChildren.spec.js,Duplicate Assert,"{'line': 433, 'column': 4, 'index': 18493}","  431 |     );
  432 |     expect(container.textContent).toBe('0e2bfgca4');
> 433 |     expect(container.firstChild.childNodes.length).toBe(9);
      |    ^ Duplicate Assert
  434 |     render(
  435 |       template(generateKeyNodes(['a', 'b', 'c', 'd', 1, 2, 3])),
  436 |       container,"
/home/gabriel/Disk/Research/research-javascript-test-smells/repositories/inferno/packages/inferno-create-element/__tests__/patchKeyedChildren.spec.js,Duplicate Assert,"{'line': 438, 'column': 4, 'index': 18654}","  436 |       container,
  437 |     );
> 438 |     expect(container.textContent).toBe('abcd123');
      |    ^ Duplicate Assert
  439 |     expect(container.firstChild.childNodes.length).toBe(7);
  440 |     render(
  441 |       template(generateKeyNodes([1, 'e', 2, 'b', 'f', 'g', 'c', 'a', 3])),"
/home/gabriel/Disk/Research/research-javascript-test-smells/repositories/inferno/packages/inferno-create-element/__tests__/patchKeyedChildren.spec.js,Duplicate Assert,"{'line': 438, 'column': 4, 'index': 18654}","  436 |       container,
  437 |     );
> 438 |     expect(container.textContent).toBe('abcd123');
      |    ^ Duplicate Assert
  439 |     expect(container.firstChild.childNodes.length).toBe(7);
  440 |     render(
  441 |       template(generateKeyNodes([1, 'e', 2, 'b', 'f', 'g', 'c', 'a', 3])),"
/home/gabriel/Disk/Research/research-javascript-test-smells/repositories/inferno/packages/inferno-create-element/__tests__/patchKeyedChildren.spec.js,Duplicate Assert,"{'line': 439, 'column': 4, 'index': 18705}","  437 |     );
  438 |     expect(container.textContent).toBe('abcd123');
> 439 |     expect(container.firstChild.childNodes.length).toBe(7);
      |    ^ Duplicate Assert
  440 |     render(
  441 |       template(generateKeyNodes([1, 'e', 2, 'b', 'f', 'g', 'c', 'a', 3])),
  442 |       container,"
/home/gabriel/Disk/Research/research-javascript-test-smells/repositories/inferno/packages/inferno-create-element/__tests__/patchKeyedChildren.spec.js,Duplicate Assert,"{'line': 439, 'column': 4, 'index': 18705}","  437 |     );
  438 |     expect(container.textContent).toBe('abcd123');
> 439 |     expect(container.firstChild.childNodes.length).toBe(7);
      |    ^ Duplicate Assert
  440 |     render(
  441 |       template(generateKeyNodes([1, 'e', 2, 'b', 'f', 'g', 'c', 'a', 3])),
  442 |       container,"
/home/gabriel/Disk/Research/research-javascript-test-smells/repositories/inferno/packages/inferno-create-element/__tests__/patchKeyedChildren.spec.js,Duplicate Assert,"{'line': 444, 'column': 4, 'index': 18876}","  442 |       container,
  443 |     );
> 444 |     expect(container.textContent).toBe('1e2bfgca3');
      |    ^ Duplicate Assert
  445 |     expect(container.firstChild.childNodes.length).toBe(9);
  446 |   });
  447 |"
/home/gabriel/Disk/Research/research-javascript-test-smells/repositories/inferno/packages/inferno-create-element/__tests__/patchKeyedChildren.spec.js,Duplicate Assert,"{'line': 444, 'column': 4, 'index': 18876}","  442 |       container,
  443 |     );
> 444 |     expect(container.textContent).toBe('1e2bfgca3');
      |    ^ Duplicate Assert
  445 |     expect(container.firstChild.childNodes.length).toBe(9);
  446 |   });
  447 |"
/home/gabriel/Disk/Research/research-javascript-test-smells/repositories/inferno/packages/inferno-create-element/__tests__/patchKeyedChildren.spec.js,Duplicate Assert,"{'line': 445, 'column': 4, 'index': 18929}","  443 |     );
  444 |     expect(container.textContent).toBe('1e2bfgca3');
> 445 |     expect(container.firstChild.childNodes.length).toBe(9);
      |    ^ Duplicate Assert
  446 |   });
  447 |
  448 |   it('should do a complex removal at the beginning', () => {"
/home/gabriel/Disk/Research/research-javascript-test-smells/repositories/inferno/packages/inferno-create-element/__tests__/patchKeyedChildren.spec.js,Duplicate Assert,"{'line': 445, 'column': 4, 'index': 18929}","  443 |     );
  444 |     expect(container.textContent).toBe('1e2bfgca3');
> 445 |     expect(container.firstChild.childNodes.length).toBe(9);
      |    ^ Duplicate Assert
  446 |   });
  447 |
  448 |   it('should do a complex removal at the beginning', () => {"
/home/gabriel/Disk/Research/research-javascript-test-smells/repositories/inferno/packages/inferno-create-element/__tests__/patchKeyedChildren.spec.js,Duplicate Assert,"{'line': 450, 'column': 4, 'index': 19130}","  448 |   it('should do a complex removal at the beginning', () => {
  449 |     render(template(generateKeyNodes(['a', 'b', 'c', 'd'])), container);
> 450 |     expect(container.textContent).toBe('abcd');
      |    ^ Duplicate Assert
  451 |     expect(container.firstChild.childNodes.length).toBe(4);
  452 |     render(template(generateKeyNodes(['c', 'd'])), container);
  453 |     expect(container.textContent).toBe('cd');"
/home/gabriel/Disk/Research/research-javascript-test-smells/repositories/inferno/packages/inferno-create-element/__tests__/patchKeyedChildren.spec.js,Duplicate Assert,"{'line': 450, 'column': 4, 'index': 19130}","  448 |   it('should do a complex removal at the beginning', () => {
  449 |     render(template(generateKeyNodes(['a', 'b', 'c', 'd'])), container);
> 450 |     expect(container.textContent).toBe('abcd');
      |    ^ Duplicate Assert
  451 |     expect(container.firstChild.childNodes.length).toBe(4);
  452 |     render(template(generateKeyNodes(['c', 'd'])), container);
  453 |     expect(container.textContent).toBe('cd');"
/home/gabriel/Disk/Research/research-javascript-test-smells/repositories/inferno/packages/inferno-create-element/__tests__/patchKeyedChildren.spec.js,Duplicate Assert,"{'line': 451, 'column': 4, 'index': 19178}","  449 |     render(template(generateKeyNodes(['a', 'b', 'c', 'd'])), container);
  450 |     expect(container.textContent).toBe('abcd');
> 451 |     expect(container.firstChild.childNodes.length).toBe(4);
      |    ^ Duplicate Assert
  452 |     render(template(generateKeyNodes(['c', 'd'])), container);
  453 |     expect(container.textContent).toBe('cd');
  454 |     expect(container.firstChild.childNodes.length).toBe(2);"
/home/gabriel/Disk/Research/research-javascript-test-smells/repositories/inferno/packages/inferno-create-element/__tests__/patchKeyedChildren.spec.js,Duplicate Assert,"{'line': 451, 'column': 4, 'index': 19178}","  449 |     render(template(generateKeyNodes(['a', 'b', 'c', 'd'])), container);
  450 |     expect(container.textContent).toBe('abcd');
> 451 |     expect(container.firstChild.childNodes.length).toBe(4);
      |    ^ Duplicate Assert
  452 |     render(template(generateKeyNodes(['c', 'd'])), container);
  453 |     expect(container.textContent).toBe('cd');
  454 |     expect(container.firstChild.childNodes.length).toBe(2);"
/home/gabriel/Disk/Research/research-javascript-test-smells/repositories/inferno/packages/inferno-create-element/__tests__/patchKeyedChildren.spec.js,Duplicate Assert,"{'line': 453, 'column': 4, 'index': 19301}","  451 |     expect(container.firstChild.childNodes.length).toBe(4);
  452 |     render(template(generateKeyNodes(['c', 'd'])), container);
> 453 |     expect(container.textContent).toBe('cd');
      |    ^ Duplicate Assert
  454 |     expect(container.firstChild.childNodes.length).toBe(2);
  455 |     render(template(generateKeyNodes(['a', 'b', 'c', 'd'])), container);
  456 |     expect(container.textContent).toBe('abcd');"
/home/gabriel/Disk/Research/research-javascript-test-smells/repositories/inferno/packages/inferno-create-element/__tests__/patchKeyedChildren.spec.js,Duplicate Assert,"{'line': 454, 'column': 4, 'index': 19347}","  452 |     render(template(generateKeyNodes(['c', 'd'])), container);
  453 |     expect(container.textContent).toBe('cd');
> 454 |     expect(container.firstChild.childNodes.length).toBe(2);
      |    ^ Duplicate Assert
  455 |     render(template(generateKeyNodes(['a', 'b', 'c', 'd'])), container);
  456 |     expect(container.textContent).toBe('abcd');
  457 |     expect(container.firstChild.childNodes.length).toBe(4);"
/home/gabriel/Disk/Research/research-javascript-test-smells/repositories/inferno/packages/inferno-create-element/__tests__/patchKeyedChildren.spec.js,Duplicate Assert,"{'line': 456, 'column': 4, 'index': 19480}","  454 |     expect(container.firstChild.childNodes.length).toBe(2);
  455 |     render(template(generateKeyNodes(['a', 'b', 'c', 'd'])), container);
> 456 |     expect(container.textContent).toBe('abcd');
      |    ^ Duplicate Assert
  457 |     expect(container.firstChild.childNodes.length).toBe(4);
  458 |     render(template(generateKeyNodes(['a', 'b', 'c', 'd'])), container);
  459 |     expect(container.textContent).toBe('abcd');"
/home/gabriel/Disk/Research/research-javascript-test-smells/repositories/inferno/packages/inferno-create-element/__tests__/patchKeyedChildren.spec.js,Duplicate Assert,"{'line': 456, 'column': 4, 'index': 19480}","  454 |     expect(container.firstChild.childNodes.length).toBe(2);
  455 |     render(template(generateKeyNodes(['a', 'b', 'c', 'd'])), container);
> 456 |     expect(container.textContent).toBe('abcd');
      |    ^ Duplicate Assert
  457 |     expect(container.firstChild.childNodes.length).toBe(4);
  458 |     render(template(generateKeyNodes(['a', 'b', 'c', 'd'])), container);
  459 |     expect(container.textContent).toBe('abcd');"
/home/gabriel/Disk/Research/research-javascript-test-smells/repositories/inferno/packages/inferno-create-element/__tests__/patchKeyedChildren.spec.js,Duplicate Assert,"{'line': 457, 'column': 4, 'index': 19528}","  455 |     render(template(generateKeyNodes(['a', 'b', 'c', 'd'])), container);
  456 |     expect(container.textContent).toBe('abcd');
> 457 |     expect(container.firstChild.childNodes.length).toBe(4);
      |    ^ Duplicate Assert
  458 |     render(template(generateKeyNodes(['a', 'b', 'c', 'd'])), container);
  459 |     expect(container.textContent).toBe('abcd');
  460 |     expect(container.firstChild.childNodes.length).toBe(4);"
/home/gabriel/Disk/Research/research-javascript-test-smells/repositories/inferno/packages/inferno-create-element/__tests__/patchKeyedChildren.spec.js,Duplicate Assert,"{'line': 457, 'column': 4, 'index': 19528}","  455 |     render(template(generateKeyNodes(['a', 'b', 'c', 'd'])), container);
  456 |     expect(container.textContent).toBe('abcd');
> 457 |     expect(container.firstChild.childNodes.length).toBe(4);
      |    ^ Duplicate Assert
  458 |     render(template(generateKeyNodes(['a', 'b', 'c', 'd'])), container);
  459 |     expect(container.textContent).toBe('abcd');
  460 |     expect(container.firstChild.childNodes.length).toBe(4);"
/home/gabriel/Disk/Research/research-javascript-test-smells/repositories/inferno/packages/inferno-create-element/__tests__/patchKeyedChildren.spec.js,Duplicate Assert,"{'line': 459, 'column': 4, 'index': 19661}","  457 |     expect(container.firstChild.childNodes.length).toBe(4);
  458 |     render(template(generateKeyNodes(['a', 'b', 'c', 'd'])), container);
> 459 |     expect(container.textContent).toBe('abcd');
      |    ^ Duplicate Assert
  460 |     expect(container.firstChild.childNodes.length).toBe(4);
  461 |   });
  462 |"
/home/gabriel/Disk/Research/research-javascript-test-smells/repositories/inferno/packages/inferno-create-element/__tests__/patchKeyedChildren.spec.js,Duplicate Assert,"{'line': 459, 'column': 4, 'index': 19661}","  457 |     expect(container.firstChild.childNodes.length).toBe(4);
  458 |     render(template(generateKeyNodes(['a', 'b', 'c', 'd'])), container);
> 459 |     expect(container.textContent).toBe('abcd');
      |    ^ Duplicate Assert
  460 |     expect(container.firstChild.childNodes.length).toBe(4);
  461 |   });
  462 |"
/home/gabriel/Disk/Research/research-javascript-test-smells/repositories/inferno/packages/inferno-create-element/__tests__/patchKeyedChildren.spec.js,Duplicate Assert,"{'line': 460, 'column': 4, 'index': 19709}","  458 |     render(template(generateKeyNodes(['a', 'b', 'c', 'd'])), container);
  459 |     expect(container.textContent).toBe('abcd');
> 460 |     expect(container.firstChild.childNodes.length).toBe(4);
      |    ^ Duplicate Assert
  461 |   });
  462 |
  463 |   it('should do move and sync nodes from right to left', () => {"
/home/gabriel/Disk/Research/research-javascript-test-smells/repositories/inferno/packages/inferno-create-element/__tests__/patchKeyedChildren.spec.js,Duplicate Assert,"{'line': 460, 'column': 4, 'index': 19709}","  458 |     render(template(generateKeyNodes(['a', 'b', 'c', 'd'])), container);
  459 |     expect(container.textContent).toBe('abcd');
> 460 |     expect(container.firstChild.childNodes.length).toBe(4);
      |    ^ Duplicate Assert
  461 |   });
  462 |
  463 |   it('should do move and sync nodes from right to left', () => {"
/home/gabriel/Disk/Research/research-javascript-test-smells/repositories/inferno/packages/inferno-create-element/__tests__/patchKeyedChildren.spec.js,Duplicate Assert,"{'line': 465, 'column': 4, 'index': 19914}","  463 |   it('should do move and sync nodes from right to left', () => {
  464 |     render(template(generateKeyNodes(['a', 'b', 'c', 'd'])), container);
> 465 |     expect(container.textContent).toBe('abcd');
      |    ^ Duplicate Assert
  466 |     expect(container.firstChild.childNodes.length).toBe(4);
  467 |     render(
  468 |       template("
/home/gabriel/Disk/Research/research-javascript-test-smells/repositories/inferno/packages/inferno-create-element/__tests__/patchKeyedChildren.spec.js,Duplicate Assert,"{'line': 466, 'column': 4, 'index': 19962}","  464 |     render(template(generateKeyNodes(['a', 'b', 'c', 'd'])), container);
  465 |     expect(container.textContent).toBe('abcd');
> 466 |     expect(container.firstChild.childNodes.length).toBe(4);
      |    ^ Duplicate Assert
  467 |     render(
  468 |       template(
  469 |         generateKeyNodes(['c', 'l', 1, 2, 3, 4, 5, 6, 7, 8, 9, 'd', 'g', 'b']),"
/home/gabriel/Disk/Research/research-javascript-test-smells/repositories/inferno/packages/inferno-create-element/__tests__/patchKeyedChildren.spec.js,Duplicate Assert,"{'line': 473, 'column': 4, 'index': 20163}","  471 |       container,
  472 |     );
> 473 |     expect(container.textContent).toBe('cl123456789dgb');
      |    ^ Duplicate Assert
  474 |     expect(container.firstChild.childNodes.length).toBe(14);
  475 |   });
  476 |"
/home/gabriel/Disk/Research/research-javascript-test-smells/repositories/inferno/packages/inferno-create-element/__tests__/patchKeyedChildren.spec.js,Duplicate Assert,"{'line': 474, 'column': 4, 'index': 20221}","  472 |     );
  473 |     expect(container.textContent).toBe('cl123456789dgb');
> 474 |     expect(container.firstChild.childNodes.length).toBe(14);
      |    ^ Duplicate Assert
  475 |   });
  476 |
  477 |   describe('Should handle massive large arrays', () => {"
/home/gabriel/Disk/Research/research-javascript-test-smells/repositories/inferno/packages/inferno-create-element/__tests__/patchKeyedChildren.spec.js,Duplicate Assert,"{'line': 598, 'column': 6, 'index': 22695}","  596 |       render(template(layout1), container);
  597 |
> 598 |       expect(container.textContent).toBe(
      |      ^ Duplicate Assert
  599 |         ',wk31,d1,d2,d3,d4,d5,d6,d7,wk32,d8,d9,d10,d11,d12,d13,d14,wk33,d15,d16,d17,d18,d19,d20,d21,wk34,d22,d23,d24,d25,d26,d27,d28,wk35,d29,d30,d31,o1,o2,o3,o4,wk36,o5,o6,o7,o8,o9,o10,o11',
  600 |       );
  601 |"
/home/gabriel/Disk/Research/research-javascript-test-smells/repositories/inferno/packages/inferno-create-element/__tests__/patchKeyedChildren.spec.js,Duplicate Assert,"{'line': 654, 'column': 6, 'index': 23725}","  652 |       render(template(layout2), container);
  653 |
> 654 |       expect(container.textContent).toBe(
      |      ^ Duplicate Assert
  655 |         ',wk35,o29,o30,o31,d1,d2,d3,d4,wk36,d5,d6,d7,d8,d9,d10,d11,wk37,d12,d13,d14,d15,d16,d17,d18,wk38,d19,d20,d21,d22,d23,d24,d25,wk39,d26,d27,d28,d29,d30,o1,o2,wk40,o3,o4,o5,o6,o7,o8,o9',
  656 |       );
  657 |     });"
/home/gabriel/Disk/Research/research-javascript-test-smells/repositories/inferno/packages/inferno-create-element/__tests__/patchKeyedChildren.spec.js,Magic Number,"{'line': 54, 'column': 56, 'index': 1323}","  52 |     render(template(generateKeyNodes(['#0', '#1', '#2', '#3'])), container);
  53 |     expect(container.textContent).toBe('#0#1#2#3');
> 54 |     expect(container.firstChild.childNodes.length).toBe(4);
     |                                                        ^ Magic Number
  55 |   });
  56 |   it('should remove two keys at the beginning', () => {
  57 |     render(template(generateKeyNodes(['a', 'b', 'c'])), container);"
/home/gabriel/Disk/Research/research-javascript-test-smells/repositories/inferno/packages/inferno-create-element/__tests__/patchKeyedChildren.spec.js,Magic Number,"{'line': 60, 'column': 56, 'index': 1616}","  58 |     render(template(generateKeyNodes(['c'])), container);
  59 |     expect(container.textContent).toBe('c');
> 60 |     expect(container.firstChild.childNodes.length).toBe(1);
     |                                                        ^ Magic Number
  61 |   });
  62 |   it('should size up', () => {
  63 |     render(template(generateKeyNodes(['#0', '#1'])), container);"
/home/gabriel/Disk/Research/research-javascript-test-smells/repositories/inferno/packages/inferno-create-element/__tests__/patchKeyedChildren.spec.js,Magic Number,"{'line': 66, 'column': 56, 'index': 1907}","  64 |     render(template(generateKeyNodes(['#0', '#1', '#2', '#3'])), container);
  65 |     expect(container.textContent).toBe('#0#1#2#3');
> 66 |     expect(container.firstChild.childNodes.length).toBe(4);
     |                                                        ^ Magic Number
  67 |   });
  68 |   it('should size down', () => {
  69 |     render(template(generateKeyNodes(['#0', '#1', '#2', '#3'])), container);"
/home/gabriel/Disk/Research/research-javascript-test-smells/repositories/inferno/packages/inferno-create-element/__tests__/patchKeyedChildren.spec.js,Magic Number,"{'line': 72, 'column': 56, 'index': 2196}","  70 |     render(template(generateKeyNodes(['#0', '#1'])), container);
  71 |     expect(container.textContent).toBe('#0#1');
> 72 |     expect(container.firstChild.childNodes.length).toBe(2);
     |                                                        ^ Magic Number
  73 |     render(template(generateKeyNodes(['#0', '#1', '#2', '#3'])), container);
  74 |     render(template(generateKeyNodes(['#0', '#1'])), container);
  75 |     expect(container.textContent).toBe('#0#1');"
/home/gabriel/Disk/Research/research-javascript-test-smells/repositories/inferno/packages/inferno-create-element/__tests__/patchKeyedChildren.spec.js,Magic Number,"{'line': 76, 'column': 56, 'index': 2446}","  74 |     render(template(generateKeyNodes(['#0', '#1'])), container);
  75 |     expect(container.textContent).toBe('#0#1');
> 76 |     expect(container.firstChild.childNodes.length).toBe(2);
     |                                                        ^ Magic Number
  77 |   });
  78 |
  79 |   it('should clear all nodes', () => {"
/home/gabriel/Disk/Research/research-javascript-test-smells/repositories/inferno/packages/inferno-create-element/__tests__/patchKeyedChildren.spec.js,Magic Number,"{'line': 83, 'column': 56, 'index': 2728}","  81 |     render(template(generateKeyNodes([])), container);
  82 |     expect(container.textContent).toBe('');
> 83 |     expect(container.firstChild.childNodes.length).toBe(0);
     |                                                        ^ Magic Number
  84 |     render(template(generateKeyNodes(['#0', '#1', '#2', '#3'])), container);
  85 |     render(template(generateKeyNodes([])), container);
  86 |   });"
/home/gabriel/Disk/Research/research-javascript-test-smells/repositories/inferno/packages/inferno-create-element/__tests__/patchKeyedChildren.spec.js,Magic Number,"{'line': 92, 'column': 56, 'index': 3177}","  90 |     render(template(generateKeyNodes(['#0', '#1', '#2', '#3'])), container);
  91 |     expect(container.textContent).toBe('#0#1#2#3');
> 92 |     expect(container.firstChild.childNodes.length).toBe(4);
     |                                                        ^ Magic Number
  93 |   });
  94 |   it('should move a key for start to end', () => {
  95 |     render(template(generateKeyNodes(['a', '#0', '#1', '#2'])), container);"
/home/gabriel/Disk/Research/research-javascript-test-smells/repositories/inferno/packages/inferno-create-element/__tests__/patchKeyedChildren.spec.js,Magic Number,"{'line': 98, 'column': 56, 'index': 3497}","   96 |     render(template(generateKeyNodes(['#0', '#1', '#2', 'a'])), container);
   97 |     expect(container.textContent).toBe('#0#1#2a');
>  98 |     expect(container.firstChild.childNodes.length).toBe(4);
      |                                                        ^ Magic Number
   99 |   });
  100 |   it('should move a key', () => {
  101 |     render(template(generateKeyNodes(['#0', 'a', '#2', '#3'])), container);"
/home/gabriel/Disk/Research/research-javascript-test-smells/repositories/inferno/packages/inferno-create-element/__tests__/patchKeyedChildren.spec.js,Magic Number,"{'line': 104, 'column': 56, 'index': 3800}","  102 |     render(template(generateKeyNodes(['#0', '#1', 'a', '#3'])), container);
  103 |     expect(container.textContent).toBe('#0#1a#3');
> 104 |     expect(container.firstChild.childNodes.length).toBe(4);
      |                                                        ^ Magic Number
  105 |   });
  106 |   it('should move a key with a size up', () => {
  107 |     render(template(generateKeyNodes(['a', '#1', '#2', '#3'])), container);"
/home/gabriel/Disk/Research/research-javascript-test-smells/repositories/inferno/packages/inferno-create-element/__tests__/patchKeyedChildren.spec.js,Magic Number,"{'line': 113, 'column': 56, 'index': 4153}","  111 |     );
  112 |     expect(container.textContent).toBe('#0#1#2#3a#5');
> 113 |     expect(container.firstChild.childNodes.length).toBe(6);
      |                                                        ^ Magic Number
  114 |   });
  115 |   it('should move a key with a size down', () => {
  116 |     render(template(generateKeyNodes(['a', '#1', '#2', '#3'])), container);"
/home/gabriel/Disk/Research/research-javascript-test-smells/repositories/inferno/packages/inferno-create-element/__tests__/patchKeyedChildren.spec.js,Magic Number,"{'line': 119, 'column': 56, 'index': 4465}","  117 |     render(template(generateKeyNodes(['#0', 'a', '#2'])), container);
  118 |     expect(container.textContent).toBe('#0a#2');
> 119 |     expect(container.firstChild.childNodes.length).toBe(3);
      |                                                        ^ Magic Number
  120 |   });
  121 |   it('should avoid unnecessary reordering', () => {
  122 |     render(template(generateKeyNodes(['#0', 'a', '#2'])), container);"
/home/gabriel/Disk/Research/research-javascript-test-smells/repositories/inferno/packages/inferno-create-element/__tests__/patchKeyedChildren.spec.js,Magic Number,"{'line': 125, 'column': 56, 'index': 4772}","  123 |     render(template(generateKeyNodes(['#0', 'a', '#2'])), container);
  124 |     expect(container.textContent).toBe('#0a#2');
> 125 |     expect(container.firstChild.childNodes.length).toBe(3);
      |                                                        ^ Magic Number
  126 |   });
  127 |   it('should work with keyed nodes', () => {
  128 |     render(template(generateKeyNodes([0, 1, 2, 3, 4])), container);"
/home/gabriel/Disk/Research/research-javascript-test-smells/repositories/inferno/packages/inferno-create-element/__tests__/patchKeyedChildren.spec.js,Magic Number,"{'line': 131, 'column': 56, 'index': 5068}","  129 |     render(template(generateKeyNodes([1, 2, 3, 4, 0])), container);
  130 |     expect(container.textContent).toBe('12340');
> 131 |     expect(container.firstChild.childNodes.length).toBe(5);
      |                                                        ^ Magic Number
  132 |     render(template(generateKeyNodes([0, 1, 2, 3, 4])), container);
  133 |     expect(container.textContent).toBe('01234');
  134 |     expect(container.firstChild.childNodes.length).toBe(5);"
/home/gabriel/Disk/Research/research-javascript-test-smells/repositories/inferno/packages/inferno-create-element/__tests__/patchKeyedChildren.spec.js,Magic Number,"{'line': 134, 'column': 56, 'index': 5245}","  132 |     render(template(generateKeyNodes([0, 1, 2, 3, 4])), container);
  133 |     expect(container.textContent).toBe('01234');
> 134 |     expect(container.firstChild.childNodes.length).toBe(5);
      |                                                        ^ Magic Number
  135 |     render(
  136 |       template(generateKeyNodes(['7', '4', '3', '2', '6', 'abc', 'def', '1'])),
  137 |       container,"
/home/gabriel/Disk/Research/research-javascript-test-smells/repositories/inferno/packages/inferno-create-element/__tests__/patchKeyedChildren.spec.js,Magic Number,"{'line': 140, 'column': 56, 'index': 5477}","  138 |     );
  139 |     expect(container.textContent).toBe('74326abcdef1');
> 140 |     expect(container.firstChild.childNodes.length).toBe(8);
      |                                                        ^ Magic Number
  141 |     render(template(generateKeyNodes(['#0', 'a', '#2'])), container);
  142 |     expect(container.textContent).toBe('#0a#2');
  143 |     expect(container.firstChild.childNodes.length).toBe(3);"
/home/gabriel/Disk/Research/research-javascript-test-smells/repositories/inferno/packages/inferno-create-element/__tests__/patchKeyedChildren.spec.js,Magic Number,"{'line': 143, 'column': 56, 'index': 5656}","  141 |     render(template(generateKeyNodes(['#0', 'a', '#2'])), container);
  142 |     expect(container.textContent).toBe('#0a#2');
> 143 |     expect(container.firstChild.childNodes.length).toBe(3);
      |                                                        ^ Magic Number
  144 |   });
  145 |
  146 |   it('should reorder keys', () => {"
/home/gabriel/Disk/Research/research-javascript-test-smells/repositories/inferno/packages/inferno-create-element/__tests__/patchKeyedChildren.spec.js,Magic Number,"{'line': 156, 'column': 56, 'index': 6047}","  154 |     );
  155 |     expect(container.textContent).toBe('74326abcdef1');
> 156 |     expect(container.firstChild.childNodes.length).toBe(8);
      |                                                        ^ Magic Number
  157 |   });
  158 |   it('should remove one key at the start', () => {
  159 |     render(template(generateKeyNodes(['a', 'b', 'c'])), container);"
/home/gabriel/Disk/Research/research-javascript-test-smells/repositories/inferno/packages/inferno-create-element/__tests__/patchKeyedChildren.spec.js,Magic Number,"{'line': 162, 'column': 56, 'index': 6341}","  160 |     render(template(generateKeyNodes(['b', 'c'])), container);
  161 |     expect(container.textContent).toBe('bc');
> 162 |     expect(container.firstChild.childNodes.length).toBe(2);
      |                                                        ^ Magic Number
  163 |   });
  164 |   it('should do a complex reverse', () => {
  165 |     render(template(generateKeyNodes(['a', 'b', 'c', 'd'])), container);"
/home/gabriel/Disk/Research/research-javascript-test-smells/repositories/inferno/packages/inferno-create-element/__tests__/patchKeyedChildren.spec.js,Magic Number,"{'line': 168, 'column': 56, 'index': 6645}","  166 |     render(template(generateKeyNodes(['d', 'c', 'b', 'a'])), container);
  167 |     expect(container.textContent).toBe('dcba');
> 168 |     expect(container.firstChild.childNodes.length).toBe(4);
      |                                                        ^ Magic Number
  169 |   });
  170 |   it('should remove two keys at the start', () => {
  171 |     render(template(generateKeyNodes(['a', 'b', 'c'])), container);"
/home/gabriel/Disk/Research/research-javascript-test-smells/repositories/inferno/packages/inferno-create-element/__tests__/patchKeyedChildren.spec.js,Magic Number,"{'line': 174, 'column': 56, 'index': 6934}","  172 |     render(template(generateKeyNodes(['c'])), container);
  173 |     expect(container.textContent).toBe('c');
> 174 |     expect(container.firstChild.childNodes.length).toBe(1);
      |                                                        ^ Magic Number
  175 |   });
  176 |   it('should add one key to start', () => {
  177 |     render(template(generateKeyNodes(['a', 'b', 'c'])), container);"
/home/gabriel/Disk/Research/research-javascript-test-smells/repositories/inferno/packages/inferno-create-element/__tests__/patchKeyedChildren.spec.js,Magic Number,"{'line': 179, 'column': 56, 'index': 7159}","  177 |     render(template(generateKeyNodes(['a', 'b', 'c'])), container);
  178 |     expect(container.textContent).toBe('abc');
> 179 |     expect(container.firstChild.childNodes.length).toBe(3);
      |                                                        ^ Magic Number
  180 |     render(template(generateKeyNodes(['a', 'b'])), container);
  181 |     render(template(generateKeyNodes(['a', 'b', 'c'])), container);
  182 |     expect(container.textContent).toBe('abc');"
/home/gabriel/Disk/Research/research-javascript-test-smells/repositories/inferno/packages/inferno-create-element/__tests__/patchKeyedChildren.spec.js,Magic Number,"{'line': 183, 'column': 56, 'index': 7397}","  181 |     render(template(generateKeyNodes(['a', 'b', 'c'])), container);
  182 |     expect(container.textContent).toBe('abc');
> 183 |     expect(container.firstChild.childNodes.length).toBe(3);
      |                                                        ^ Magic Number
  184 |   });
  185 |
  186 |   it('should add two key to start', () => {"
/home/gabriel/Disk/Research/research-javascript-test-smells/repositories/inferno/packages/inferno-create-element/__tests__/patchKeyedChildren.spec.js,Magic Number,"{'line': 189, 'column': 56, 'index': 7623}","  187 |     render(template(generateKeyNodes(['a', 'b', 'c'])), container);
  188 |     expect(container.textContent).toBe('abc');
> 189 |     expect(container.firstChild.childNodes.length).toBe(3);
      |                                                        ^ Magic Number
  190 |     render(template(generateKeyNodes(['c'])), container);
  191 |     render(template(generateKeyNodes(['a', 'b', 'c'])), container);
  192 |     expect(container.textContent).toBe('abc');"
/home/gabriel/Disk/Research/research-javascript-test-smells/repositories/inferno/packages/inferno-create-element/__tests__/patchKeyedChildren.spec.js,Magic Number,"{'line': 193, 'column': 56, 'index': 7856}","  191 |     render(template(generateKeyNodes(['a', 'b', 'c'])), container);
  192 |     expect(container.textContent).toBe('abc');
> 193 |     expect(container.firstChild.childNodes.length).toBe(3);
      |                                                        ^ Magic Number
  194 |   });
  195 |   it('should remove one key at the end', () => {
  196 |     render(template(generateKeyNodes(['a', 'b', 'c'])), container);"
/home/gabriel/Disk/Research/research-javascript-test-smells/repositories/inferno/packages/inferno-create-element/__tests__/patchKeyedChildren.spec.js,Magic Number,"{'line': 199, 'column': 56, 'index': 8148}","  197 |     render(template(generateKeyNodes(['a', 'b'])), container);
  198 |     expect(container.textContent).toBe('ab');
> 199 |     expect(container.firstChild.childNodes.length).toBe(2);
      |                                                        ^ Magic Number
  200 |   });
  201 |   it('should remove two keys at the end', () => {
  202 |     render(template(generateKeyNodes(['a', 'b', 'c'])), container);"
/home/gabriel/Disk/Research/research-javascript-test-smells/repositories/inferno/packages/inferno-create-element/__tests__/patchKeyedChildren.spec.js,Magic Number,"{'line': 205, 'column': 56, 'index': 8435}","  203 |     render(template(generateKeyNodes(['a'])), container);
  204 |     expect(container.textContent).toBe('a');
> 205 |     expect(container.firstChild.childNodes.length).toBe(1);
      |                                                        ^ Magic Number
  206 |   });
  207 |   it('should add one key at the end', () => {
  208 |     render(template(generateKeyNodes(['a', 'b'])), container);"
/home/gabriel/Disk/Research/research-javascript-test-smells/repositories/inferno/packages/inferno-create-element/__tests__/patchKeyedChildren.spec.js,Magic Number,"{'line': 211, 'column': 56, 'index': 8725}","  209 |     render(template(generateKeyNodes(['a', 'b', 'c'])), container);
  210 |     expect(container.textContent).toBe('abc');
> 211 |     expect(container.firstChild.childNodes.length).toBe(3);
      |                                                        ^ Magic Number
  212 |   });
  213 |   it('should add two key at the end', () => {
  214 |     render(template(generateKeyNodes(['a'])), container);"
/home/gabriel/Disk/Research/research-javascript-test-smells/repositories/inferno/packages/inferno-create-element/__tests__/patchKeyedChildren.spec.js,Magic Number,"{'line': 217, 'column': 56, 'index': 9010}","  215 |     render(template(generateKeyNodes(['a', 'b', 'c'])), container);
  216 |     expect(container.textContent).toBe('abc');
> 217 |     expect(container.firstChild.childNodes.length).toBe(3);
      |                                                        ^ Magic Number
  218 |   });
  219 |   it('should add to end, delete from center & reverse', () => {
  220 |     render(template(generateKeyNodes(['a', 'b', 'c', 'd'])), container);"
/home/gabriel/Disk/Research/research-javascript-test-smells/repositories/inferno/packages/inferno-create-element/__tests__/patchKeyedChildren.spec.js,Magic Number,"{'line': 223, 'column': 56, 'index': 9334}","  221 |     render(template(generateKeyNodes(['e', 'd', 'c', 'a'])), container);
  222 |     expect(container.textContent).toBe('edca');
> 223 |     expect(container.firstChild.childNodes.length).toBe(4);
      |                                                        ^ Magic Number
  224 |   });
  225 |   it('should add to the beginning and remove', () => {
  226 |     render(template(generateKeyNodes(['c', 'd'])), container);"
/home/gabriel/Disk/Research/research-javascript-test-smells/repositories/inferno/packages/inferno-create-element/__tests__/patchKeyedChildren.spec.js,Magic Number,"{'line': 229, 'column': 56, 'index': 9639}","  227 |     render(template(generateKeyNodes(['a', 'b', 'c', 'e'])), container);
  228 |     expect(container.textContent).toBe('abce');
> 229 |     expect(container.firstChild.childNodes.length).toBe(4);
      |                                                        ^ Magic Number
  230 |   });
  231 |   it('should keep a central pivot', () => {
  232 |     render(template(generateKeyNodes(['1', '2', '3'])), container);"
/home/gabriel/Disk/Research/research-javascript-test-smells/repositories/inferno/packages/inferno-create-element/__tests__/patchKeyedChildren.spec.js,Magic Number,"{'line': 235, 'column': 56, 'index': 9932}","  233 |     render(template(generateKeyNodes(['4', '2', '5'])), container);
  234 |     expect(container.textContent).toBe('425');
> 235 |     expect(container.firstChild.childNodes.length).toBe(3);
      |                                                        ^ Magic Number
  236 |   });
  237 |   it('should insert to the middle', () => {
  238 |     render(template(generateKeyNodes(['c', 'd', 'e'])), container);"
/home/gabriel/Disk/Research/research-javascript-test-smells/repositories/inferno/packages/inferno-create-element/__tests__/patchKeyedChildren.spec.js,Magic Number,"{'line': 241, 'column': 56, 'index': 10225}","  239 |     render(template(generateKeyNodes(['a', 'b', 'e'])), container);
  240 |     expect(container.textContent).toBe('abe');
> 241 |     expect(container.firstChild.childNodes.length).toBe(3);
      |                                                        ^ Magic Number
  242 |     render(template(generateKeyNodes(['c', 'd', 'e'])), container);
  243 |     render(template(generateKeyNodes(['c', 'd', 'e'])), container);
  244 |     render(template(generateKeyNodes(['a', 'p', 'e'])), container);"
/home/gabriel/Disk/Research/research-javascript-test-smells/repositories/inferno/packages/inferno-create-element/__tests__/patchKeyedChildren.spec.js,Magic Number,"{'line': 246, 'column': 56, 'index': 10536}","  244 |     render(template(generateKeyNodes(['a', 'p', 'e'])), container);
  245 |     expect(container.textContent).toBe('ape');
> 246 |     expect(container.firstChild.childNodes.length).toBe(3);
      |                                                        ^ Magic Number
  247 |   });
  248 |
  249 |   it('should shuffle, insert and remove', () => {"
/home/gabriel/Disk/Research/research-javascript-test-smells/repositories/inferno/packages/inferno-create-element/__tests__/patchKeyedChildren.spec.js,Magic Number,"{'line': 256, 'column': 56, 'index': 10875}","  254 |     render(template(generateKeyNodes(['b', 'c', 'a'])), container);
  255 |     expect(container.textContent).toBe('bca');
> 256 |     expect(container.firstChild.childNodes.length).toBe(3);
      |                                                        ^ Magic Number
  257 |   });
  258 |   it('should remove a element from the middle', () => {
  259 |     render(template(generateKeyNodes([1, 2, 3, 4, 5])), container);"
/home/gabriel/Disk/Research/research-javascript-test-smells/repositories/inferno/packages/inferno-create-element/__tests__/patchKeyedChildren.spec.js,Magic Number,"{'line': 260, 'column': 56, 'index': 11065}","  258 |   it('should remove a element from the middle', () => {
  259 |     render(template(generateKeyNodes([1, 2, 3, 4, 5])), container);
> 260 |     expect(container.firstChild.childNodes.length).toBe(5);
      |                                                        ^ Magic Number
  261 |     render(template(generateKeyNodes([1, 2, 4, 5])), container);
  262 |     expect(container.textContent).toBe('1245');
  263 |     expect(container.firstChild.childNodes.length).toBe(4);"
/home/gabriel/Disk/Research/research-javascript-test-smells/repositories/inferno/packages/inferno-create-element/__tests__/patchKeyedChildren.spec.js,Magic Number,"{'line': 263, 'column': 56, 'index': 11238}","  261 |     render(template(generateKeyNodes([1, 2, 4, 5])), container);
  262 |     expect(container.textContent).toBe('1245');
> 263 |     expect(container.firstChild.childNodes.length).toBe(4);
      |                                                        ^ Magic Number
  264 |   });
  265 |   it('should move a element forward', () => {
  266 |     render(template(generateKeyNodes([1, 2, 3, 4])), container);"
/home/gabriel/Disk/Research/research-javascript-test-smells/repositories/inferno/packages/inferno-create-element/__tests__/patchKeyedChildren.spec.js,Magic Number,"{'line': 267, 'column': 56, 'index': 11415}","  265 |   it('should move a element forward', () => {
  266 |     render(template(generateKeyNodes([1, 2, 3, 4])), container);
> 267 |     expect(container.firstChild.childNodes.length).toBe(4);
      |                                                        ^ Magic Number
  268 |     render(template(generateKeyNodes([2, 3, 1, 4])), container);
  269 |     expect(container.textContent).toBe('2314');
  270 |     expect(container.firstChild.childNodes.length).toBe(4);"
/home/gabriel/Disk/Research/research-javascript-test-smells/repositories/inferno/packages/inferno-create-element/__tests__/patchKeyedChildren.spec.js,Magic Number,"{'line': 270, 'column': 56, 'index': 11588}","  268 |     render(template(generateKeyNodes([2, 3, 1, 4])), container);
  269 |     expect(container.textContent).toBe('2314');
> 270 |     expect(container.firstChild.childNodes.length).toBe(4);
      |                                                        ^ Magic Number
  271 |     render(template(generateKeyNodes([3, 2, 1, 4])), container);
  272 |     expect(container.textContent).toBe('3214');
  273 |     expect(container.firstChild.childNodes.length).toBe(4);"
/home/gabriel/Disk/Research/research-javascript-test-smells/repositories/inferno/packages/inferno-create-element/__tests__/patchKeyedChildren.spec.js,Magic Number,"{'line': 273, 'column': 56, 'index': 11761}","  271 |     render(template(generateKeyNodes([3, 2, 1, 4])), container);
  272 |     expect(container.textContent).toBe('3214');
> 273 |     expect(container.firstChild.childNodes.length).toBe(4);
      |                                                        ^ Magic Number
  274 |     render(template(generateKeyNodes([3, 2, 4, 1])), container);
  275 |     expect(container.textContent).toBe('3241');
  276 |     expect(container.firstChild.childNodes.length).toBe(4);"
/home/gabriel/Disk/Research/research-javascript-test-smells/repositories/inferno/packages/inferno-create-element/__tests__/patchKeyedChildren.spec.js,Magic Number,"{'line': 276, 'column': 56, 'index': 11934}","  274 |     render(template(generateKeyNodes([3, 2, 4, 1])), container);
  275 |     expect(container.textContent).toBe('3241');
> 276 |     expect(container.firstChild.childNodes.length).toBe(4);
      |                                                        ^ Magic Number
  277 |   });
  278 |
  279 |   it('should move a element to the end', () => {"
/home/gabriel/Disk/Research/research-javascript-test-smells/repositories/inferno/packages/inferno-create-element/__tests__/patchKeyedChildren.spec.js,Magic Number,"{'line': 281, 'column': 56, 'index': 12112}","  279 |   it('should move a element to the end', () => {
  280 |     render(template(generateKeyNodes([1, 2, 3])), container);
> 281 |     expect(container.firstChild.childNodes.length).toBe(3);
      |                                                        ^ Magic Number
  282 |     render(template(generateKeyNodes([2, 3, 1])), container);
  283 |     expect(container.textContent).toBe('231');
  284 |     expect(container.firstChild.childNodes.length).toBe(3);"
/home/gabriel/Disk/Research/research-javascript-test-smells/repositories/inferno/packages/inferno-create-element/__tests__/patchKeyedChildren.spec.js,Magic Number,"{'line': 284, 'column': 56, 'index': 12281}","  282 |     render(template(generateKeyNodes([2, 3, 1])), container);
  283 |     expect(container.textContent).toBe('231');
> 284 |     expect(container.firstChild.childNodes.length).toBe(3);
      |                                                        ^ Magic Number
  285 |   });
  286 |   it('should move a element backwards', () => {
  287 |     render(template(generateKeyNodes([1, 2, 3, 4])), container);"
/home/gabriel/Disk/Research/research-javascript-test-smells/repositories/inferno/packages/inferno-create-element/__tests__/patchKeyedChildren.spec.js,Magic Number,"{'line': 288, 'column': 56, 'index': 12460}","  286 |   it('should move a element backwards', () => {
  287 |     render(template(generateKeyNodes([1, 2, 3, 4])), container);
> 288 |     expect(container.firstChild.childNodes.length).toBe(4);
      |                                                        ^ Magic Number
  289 |     render(template(generateKeyNodes([1, 4, 2, 3])), container);
  290 |     expect(container.textContent).toBe('1423');
  291 |     expect(container.firstChild.childNodes.length).toBe(4);"
/home/gabriel/Disk/Research/research-javascript-test-smells/repositories/inferno/packages/inferno-create-element/__tests__/patchKeyedChildren.spec.js,Magic Number,"{'line': 291, 'column': 56, 'index': 12633}","  289 |     render(template(generateKeyNodes([1, 4, 2, 3])), container);
  290 |     expect(container.textContent).toBe('1423');
> 291 |     expect(container.firstChild.childNodes.length).toBe(4);
      |                                                        ^ Magic Number
  292 |   });
  293 |   it('should swap first and last', () => {
  294 |     render(template(generateKeyNodes([1, 2, 3, 4])), container);"
/home/gabriel/Disk/Research/research-javascript-test-smells/repositories/inferno/packages/inferno-create-element/__tests__/patchKeyedChildren.spec.js,Magic Number,"{'line': 295, 'column': 56, 'index': 12807}","  293 |   it('should swap first and last', () => {
  294 |     render(template(generateKeyNodes([1, 2, 3, 4])), container);
> 295 |     expect(container.firstChild.childNodes.length).toBe(4);
      |                                                        ^ Magic Number
  296 |     render(template(generateKeyNodes([4, 2, 3, 1])), container);
  297 |     expect(container.textContent).toBe('4231');
  298 |     expect(container.firstChild.childNodes.length).toBe(4);"
/home/gabriel/Disk/Research/research-javascript-test-smells/repositories/inferno/packages/inferno-create-element/__tests__/patchKeyedChildren.spec.js,Magic Number,"{'line': 298, 'column': 56, 'index': 12980}","  296 |     render(template(generateKeyNodes([4, 2, 3, 1])), container);
  297 |     expect(container.textContent).toBe('4231');
> 298 |     expect(container.firstChild.childNodes.length).toBe(4);
      |                                                        ^ Magic Number
  299 |     render(template(generateKeyNodes([1, 2, 3, 4])), container);
  300 |     expect(container.firstChild.childNodes.length).toBe(4);
  301 |   });"
/home/gabriel/Disk/Research/research-javascript-test-smells/repositories/inferno/packages/inferno-create-element/__tests__/patchKeyedChildren.spec.js,Magic Number,"{'line': 300, 'column': 56, 'index': 13105}","  298 |     expect(container.firstChild.childNodes.length).toBe(4);
  299 |     render(template(generateKeyNodes([1, 2, 3, 4])), container);
> 300 |     expect(container.firstChild.childNodes.length).toBe(4);
      |                                                        ^ Magic Number
  301 |   });
  302 |
  303 |   it('should move to left and replace', () => {"
/home/gabriel/Disk/Research/research-javascript-test-smells/repositories/inferno/packages/inferno-create-element/__tests__/patchKeyedChildren.spec.js,Magic Number,"{'line': 305, 'column': 56, 'index': 13288}","  303 |   it('should move to left and replace', () => {
  304 |     render(template(generateKeyNodes([1, 2, 3, 4, 5])), container);
> 305 |     expect(container.firstChild.childNodes.length).toBe(5);
      |                                                        ^ Magic Number
  306 |     render(template(generateKeyNodes([4, 1, 2, 3, 6])), container);
  307 |     expect(container.textContent).toBe('41236');
  308 |     expect(container.firstChild.childNodes.length).toBe(5);"
/home/gabriel/Disk/Research/research-javascript-test-smells/repositories/inferno/packages/inferno-create-element/__tests__/patchKeyedChildren.spec.js,Magic Number,"{'line': 308, 'column': 56, 'index': 13465}","  306 |     render(template(generateKeyNodes([4, 1, 2, 3, 6])), container);
  307 |     expect(container.textContent).toBe('41236');
> 308 |     expect(container.firstChild.childNodes.length).toBe(5);
      |                                                        ^ Magic Number
  309 |     render(template(generateKeyNodes([4, 5, 2, 3, 0])), container);
  310 |     expect(container.textContent).toBe('45230');
  311 |     render(template(generateKeyNodes([1, 2, 3, 4, 5])), container);"
/home/gabriel/Disk/Research/research-javascript-test-smells/repositories/inferno/packages/inferno-create-element/__tests__/patchKeyedChildren.spec.js,Magic Number,"{'line': 312, 'column': 56, 'index': 13710}","  310 |     expect(container.textContent).toBe('45230');
  311 |     render(template(generateKeyNodes([1, 2, 3, 4, 5])), container);
> 312 |     expect(container.firstChild.childNodes.length).toBe(5);
      |                                                        ^ Magic Number
  313 |   });
  314 |
  315 |   it('should move to left and leave a hole', () => {"
/home/gabriel/Disk/Research/research-javascript-test-smells/repositories/inferno/packages/inferno-create-element/__tests__/patchKeyedChildren.spec.js,Magic Number,"{'line': 317, 'column': 56, 'index': 13892}","  315 |   it('should move to left and leave a hole', () => {
  316 |     render(template(generateKeyNodes([1, 4, 5])), container);
> 317 |     expect(container.firstChild.childNodes.length).toBe(3);
      |                                                        ^ Magic Number
  318 |     render(template(generateKeyNodes([4, 6])), container);
  319 |     expect(container.textContent).toBe('46');
  320 |     expect(container.firstChild.childNodes.length).toBe(2);"
/home/gabriel/Disk/Research/research-javascript-test-smells/repositories/inferno/packages/inferno-create-element/__tests__/patchKeyedChildren.spec.js,Magic Number,"{'line': 320, 'column': 56, 'index': 14057}","  318 |     render(template(generateKeyNodes([4, 6])), container);
  319 |     expect(container.textContent).toBe('46');
> 320 |     expect(container.firstChild.childNodes.length).toBe(2);
      |                                                        ^ Magic Number
  321 |   });
  322 |   it('should do something', () => {
  323 |     render(template(generateKeyNodes([0, 1, 2, 3, 4, 5])), container);"
/home/gabriel/Disk/Research/research-javascript-test-smells/repositories/inferno/packages/inferno-create-element/__tests__/patchKeyedChildren.spec.js,Magic Number,"{'line': 324, 'column': 56, 'index': 14230}","  322 |   it('should do something', () => {
  323 |     render(template(generateKeyNodes([0, 1, 2, 3, 4, 5])), container);
> 324 |     expect(container.firstChild.childNodes.length).toBe(6);
      |                                                        ^ Magic Number
  325 |     render(template(generateKeyNodes([4, 3, 2, 1, 5, 0])), container);
  326 |     expect(container.textContent).toBe('432150');
  327 |     expect(container.firstChild.childNodes.length).toBe(6);"
/home/gabriel/Disk/Research/research-javascript-test-smells/repositories/inferno/packages/inferno-create-element/__tests__/patchKeyedChildren.spec.js,Magic Number,"{'line': 327, 'column': 56, 'index': 14411}","  325 |     render(template(generateKeyNodes([4, 3, 2, 1, 5, 0])), container);
  326 |     expect(container.textContent).toBe('432150');
> 327 |     expect(container.firstChild.childNodes.length).toBe(6);
      |                                                        ^ Magic Number
  328 |   });
  329 |
  330 |   it('should cycle order correctly', () => {"
/home/gabriel/Disk/Research/research-javascript-test-smells/repositories/inferno/packages/inferno-create-element/__tests__/patchKeyedChildren.spec.js,Magic Number,"{'line': 332, 'column': 56, 'index': 14588}","  330 |   it('should cycle order correctly', () => {
  331 |     render(template(generateKeyNodes([1, 2, 3, 4])), container);
> 332 |     expect(container.firstChild.childNodes.length).toBe(4);
      |                                                        ^ Magic Number
  333 |     expect(container.textContent).toBe('1234');
  334 |     render(template(generateKeyNodes([2, 3, 4, 1])), container);
  335 |     expect(container.firstChild.childNodes.length).toBe(4);"
/home/gabriel/Disk/Research/research-javascript-test-smells/repositories/inferno/packages/inferno-create-element/__tests__/patchKeyedChildren.spec.js,Magic Number,"{'line': 335, 'column': 56, 'index': 14761}","  333 |     expect(container.textContent).toBe('1234');
  334 |     render(template(generateKeyNodes([2, 3, 4, 1])), container);
> 335 |     expect(container.firstChild.childNodes.length).toBe(4);
      |                                                        ^ Magic Number
  336 |     expect(container.textContent).toBe('2341');
  337 |     render(template(generateKeyNodes([3, 4, 1, 2])), container);
  338 |     expect(container.firstChild.childNodes.length).toBe(4);"
/home/gabriel/Disk/Research/research-javascript-test-smells/repositories/inferno/packages/inferno-create-element/__tests__/patchKeyedChildren.spec.js,Magic Number,"{'line': 338, 'column': 56, 'index': 14934}","  336 |     expect(container.textContent).toBe('2341');
  337 |     render(template(generateKeyNodes([3, 4, 1, 2])), container);
> 338 |     expect(container.firstChild.childNodes.length).toBe(4);
      |                                                        ^ Magic Number
  339 |     expect(container.textContent).toBe('3412');
  340 |     render(template(generateKeyNodes([4, 1, 2, 3])), container);
  341 |     expect(container.firstChild.childNodes.length).toBe(4);"
/home/gabriel/Disk/Research/research-javascript-test-smells/repositories/inferno/packages/inferno-create-element/__tests__/patchKeyedChildren.spec.js,Magic Number,"{'line': 341, 'column': 56, 'index': 15107}","  339 |     expect(container.textContent).toBe('3412');
  340 |     render(template(generateKeyNodes([4, 1, 2, 3])), container);
> 341 |     expect(container.firstChild.childNodes.length).toBe(4);
      |                                                        ^ Magic Number
  342 |     expect(container.textContent).toBe('4123');
  343 |     render(template(generateKeyNodes([1, 2, 3, 4])), container);
  344 |     expect(container.firstChild.childNodes.length).toBe(4);"
/home/gabriel/Disk/Research/research-javascript-test-smells/repositories/inferno/packages/inferno-create-element/__tests__/patchKeyedChildren.spec.js,Magic Number,"{'line': 344, 'column': 56, 'index': 15280}","  342 |     expect(container.textContent).toBe('4123');
  343 |     render(template(generateKeyNodes([1, 2, 3, 4])), container);
> 344 |     expect(container.firstChild.childNodes.length).toBe(4);
      |                                                        ^ Magic Number
  345 |     expect(container.textContent).toBe('1234');
  346 |   });
  347 |"
/home/gabriel/Disk/Research/research-javascript-test-smells/repositories/inferno/packages/inferno-create-element/__tests__/patchKeyedChildren.spec.js,Magic Number,"{'line': 350, 'column': 56, 'index': 15528}","  348 |   it('should cycle order correctly in the other direction', () => {
  349 |     render(template(generateKeyNodes([1, 2, 3, 4])), container);
> 350 |     expect(container.firstChild.childNodes.length).toBe(4);
      |                                                        ^ Magic Number
  351 |     expect(container.textContent).toBe('1234');
  352 |     render(template(generateKeyNodes([4, 1, 2, 3])), container);
  353 |     expect(container.firstChild.childNodes.length).toBe(4);"
/home/gabriel/Disk/Research/research-javascript-test-smells/repositories/inferno/packages/inferno-create-element/__tests__/patchKeyedChildren.spec.js,Magic Number,"{'line': 353, 'column': 56, 'index': 15701}","  351 |     expect(container.textContent).toBe('1234');
  352 |     render(template(generateKeyNodes([4, 1, 2, 3])), container);
> 353 |     expect(container.firstChild.childNodes.length).toBe(4);
      |                                                        ^ Magic Number
  354 |     expect(container.textContent).toBe('4123');
  355 |     render(template(generateKeyNodes([3, 4, 1, 2])), container);
  356 |     expect(container.firstChild.childNodes.length).toBe(4);"
/home/gabriel/Disk/Research/research-javascript-test-smells/repositories/inferno/packages/inferno-create-element/__tests__/patchKeyedChildren.spec.js,Magic Number,"{'line': 356, 'column': 56, 'index': 15874}","  354 |     expect(container.textContent).toBe('4123');
  355 |     render(template(generateKeyNodes([3, 4, 1, 2])), container);
> 356 |     expect(container.firstChild.childNodes.length).toBe(4);
      |                                                        ^ Magic Number
  357 |     expect(container.textContent).toBe('3412');
  358 |     render(template(generateKeyNodes([2, 3, 4, 1])), container);
  359 |     expect(container.firstChild.childNodes.length).toBe(4);"
/home/gabriel/Disk/Research/research-javascript-test-smells/repositories/inferno/packages/inferno-create-element/__tests__/patchKeyedChildren.spec.js,Magic Number,"{'line': 359, 'column': 56, 'index': 16047}","  357 |     expect(container.textContent).toBe('3412');
  358 |     render(template(generateKeyNodes([2, 3, 4, 1])), container);
> 359 |     expect(container.firstChild.childNodes.length).toBe(4);
      |                                                        ^ Magic Number
  360 |     expect(container.textContent).toBe('2341');
  361 |     render(template(generateKeyNodes([1, 2, 3, 4])), container);
  362 |     expect(container.firstChild.childNodes.length).toBe(4);"
/home/gabriel/Disk/Research/research-javascript-test-smells/repositories/inferno/packages/inferno-create-element/__tests__/patchKeyedChildren.spec.js,Magic Number,"{'line': 362, 'column': 56, 'index': 16220}","  360 |     expect(container.textContent).toBe('2341');
  361 |     render(template(generateKeyNodes([1, 2, 3, 4])), container);
> 362 |     expect(container.firstChild.childNodes.length).toBe(4);
      |                                                        ^ Magic Number
  363 |     expect(container.textContent).toBe('1234');
  364 |   });
  365 |"
/home/gabriel/Disk/Research/research-javascript-test-smells/repositories/inferno/packages/inferno-create-element/__tests__/patchKeyedChildren.spec.js,Magic Number,"{'line': 381, 'column': 56, 'index': 16743}","  379 |       'INSANE/(/&\\key<CRAZY/&\\key><WEIRD/&\\key>',
  380 |     );
> 381 |     expect(container.firstChild.childNodes.length).toBe(3);
      |                                                        ^ Magic Number
  382 |   });
  383 |
  384 |   it('should reorder nodes', () => {"
/home/gabriel/Disk/Research/research-javascript-test-smells/repositories/inferno/packages/inferno-create-element/__tests__/patchKeyedChildren.spec.js,Magic Number,"{'line': 390, 'column': 56, 'index': 17019}","  388 |     );
  389 |     expect(container.textContent).toBe('74326abcdef1');
> 390 |     expect(container.firstChild.childNodes.length).toBe(8);
      |                                                        ^ Magic Number
  391 |     render(
  392 |       template(generateKeyNodes(['1', '2', '3', '4', 'abc', '6', 'def', '7'])),
  393 |       container,"
/home/gabriel/Disk/Research/research-javascript-test-smells/repositories/inferno/packages/inferno-create-element/__tests__/patchKeyedChildren.spec.js,Magic Number,"{'line': 400, 'column': 56, 'index': 17367}","  398 |     );
  399 |     expect(container.textContent).toBe('74326abcdef1');
> 400 |     expect(container.firstChild.childNodes.length).toBe(8);
      |                                                        ^ Magic Number
  401 |     render(
  402 |       template(generateKeyNodes(['7', '4', '3', '2', '6', 'abc', 'def', '1'])),
  403 |       container,"
/home/gabriel/Disk/Research/research-javascript-test-smells/repositories/inferno/packages/inferno-create-element/__tests__/patchKeyedChildren.spec.js,Magic Number,"{'line': 406, 'column': 56, 'index': 17599}","  404 |     );
  405 |     expect(container.textContent).toBe('74326abcdef1');
> 406 |     expect(container.firstChild.childNodes.length).toBe(8);
      |                                                        ^ Magic Number
  407 |   });
  408 |
  409 |   it('should do a advanced shuffle - numbers and letters', () => {"
/home/gabriel/Disk/Research/research-javascript-test-smells/repositories/inferno/packages/inferno-create-element/__tests__/patchKeyedChildren.spec.js,Magic Number,"{'line': 415, 'column': 56, 'index': 17885}","  413 |     );
  414 |     expect(container.textContent).toBe('abcd123');
> 415 |     expect(container.firstChild.childNodes.length).toBe(7);
      |                                                        ^ Magic Number
  416 |     render(
  417 |       template(generateKeyNodes([1, 'e', 2, 'b', 'f', 'g', 'c', 'a', 3])),
  418 |       container,"
/home/gabriel/Disk/Research/research-javascript-test-smells/repositories/inferno/packages/inferno-create-element/__tests__/patchKeyedChildren.spec.js,Magic Number,"{'line': 421, 'column': 56, 'index': 18109}","  419 |     );
  420 |     expect(container.textContent).toBe('1e2bfgca3');
> 421 |     expect(container.firstChild.childNodes.length).toBe(9);
      |                                                        ^ Magic Number
  422 |     render(
  423 |       template(generateKeyNodes(['a', 'b', 'c', 'd', 1, 2, 3])),
  424 |       container,"
/home/gabriel/Disk/Research/research-javascript-test-smells/repositories/inferno/packages/inferno-create-element/__tests__/patchKeyedChildren.spec.js,Magic Number,"{'line': 427, 'column': 56, 'index': 18321}","  425 |     );
  426 |     expect(container.textContent).toBe('abcd123');
> 427 |     expect(container.firstChild.childNodes.length).toBe(7);
      |                                                        ^ Magic Number
  428 |     render(
  429 |       template(generateKeyNodes([0, 'e', 2, 'b', 'f', 'g', 'c', 'a', 4])),
  430 |       container,"
/home/gabriel/Disk/Research/research-javascript-test-smells/repositories/inferno/packages/inferno-create-element/__tests__/patchKeyedChildren.spec.js,Magic Number,"{'line': 433, 'column': 56, 'index': 18545}","  431 |     );
  432 |     expect(container.textContent).toBe('0e2bfgca4');
> 433 |     expect(container.firstChild.childNodes.length).toBe(9);
      |                                                        ^ Magic Number
  434 |     render(
  435 |       template(generateKeyNodes(['a', 'b', 'c', 'd', 1, 2, 3])),
  436 |       container,"
/home/gabriel/Disk/Research/research-javascript-test-smells/repositories/inferno/packages/inferno-create-element/__tests__/patchKeyedChildren.spec.js,Magic Number,"{'line': 439, 'column': 56, 'index': 18757}","  437 |     );
  438 |     expect(container.textContent).toBe('abcd123');
> 439 |     expect(container.firstChild.childNodes.length).toBe(7);
      |                                                        ^ Magic Number
  440 |     render(
  441 |       template(generateKeyNodes([1, 'e', 2, 'b', 'f', 'g', 'c', 'a', 3])),
  442 |       container,"
/home/gabriel/Disk/Research/research-javascript-test-smells/repositories/inferno/packages/inferno-create-element/__tests__/patchKeyedChildren.spec.js,Magic Number,"{'line': 445, 'column': 56, 'index': 18981}","  443 |     );
  444 |     expect(container.textContent).toBe('1e2bfgca3');
> 445 |     expect(container.firstChild.childNodes.length).toBe(9);
      |                                                        ^ Magic Number
  446 |   });
  447 |
  448 |   it('should do a complex removal at the beginning', () => {"
/home/gabriel/Disk/Research/research-javascript-test-smells/repositories/inferno/packages/inferno-create-element/__tests__/patchKeyedChildren.spec.js,Magic Number,"{'line': 451, 'column': 56, 'index': 19230}","  449 |     render(template(generateKeyNodes(['a', 'b', 'c', 'd'])), container);
  450 |     expect(container.textContent).toBe('abcd');
> 451 |     expect(container.firstChild.childNodes.length).toBe(4);
      |                                                        ^ Magic Number
  452 |     render(template(generateKeyNodes(['c', 'd'])), container);
  453 |     expect(container.textContent).toBe('cd');
  454 |     expect(container.firstChild.childNodes.length).toBe(2);"
/home/gabriel/Disk/Research/research-javascript-test-smells/repositories/inferno/packages/inferno-create-element/__tests__/patchKeyedChildren.spec.js,Magic Number,"{'line': 454, 'column': 56, 'index': 19399}","  452 |     render(template(generateKeyNodes(['c', 'd'])), container);
  453 |     expect(container.textContent).toBe('cd');
> 454 |     expect(container.firstChild.childNodes.length).toBe(2);
      |                                                        ^ Magic Number
  455 |     render(template(generateKeyNodes(['a', 'b', 'c', 'd'])), container);
  456 |     expect(container.textContent).toBe('abcd');
  457 |     expect(container.firstChild.childNodes.length).toBe(4);"
/home/gabriel/Disk/Research/research-javascript-test-smells/repositories/inferno/packages/inferno-create-element/__tests__/patchKeyedChildren.spec.js,Magic Number,"{'line': 457, 'column': 56, 'index': 19580}","  455 |     render(template(generateKeyNodes(['a', 'b', 'c', 'd'])), container);
  456 |     expect(container.textContent).toBe('abcd');
> 457 |     expect(container.firstChild.childNodes.length).toBe(4);
      |                                                        ^ Magic Number
  458 |     render(template(generateKeyNodes(['a', 'b', 'c', 'd'])), container);
  459 |     expect(container.textContent).toBe('abcd');
  460 |     expect(container.firstChild.childNodes.length).toBe(4);"
/home/gabriel/Disk/Research/research-javascript-test-smells/repositories/inferno/packages/inferno-create-element/__tests__/patchKeyedChildren.spec.js,Magic Number,"{'line': 460, 'column': 56, 'index': 19761}","  458 |     render(template(generateKeyNodes(['a', 'b', 'c', 'd'])), container);
  459 |     expect(container.textContent).toBe('abcd');
> 460 |     expect(container.firstChild.childNodes.length).toBe(4);
      |                                                        ^ Magic Number
  461 |   });
  462 |
  463 |   it('should do move and sync nodes from right to left', () => {"
/home/gabriel/Disk/Research/research-javascript-test-smells/repositories/inferno/packages/inferno-create-element/__tests__/patchKeyedChildren.spec.js,Magic Number,"{'line': 466, 'column': 56, 'index': 20014}","  464 |     render(template(generateKeyNodes(['a', 'b', 'c', 'd'])), container);
  465 |     expect(container.textContent).toBe('abcd');
> 466 |     expect(container.firstChild.childNodes.length).toBe(4);
      |                                                        ^ Magic Number
  467 |     render(
  468 |       template(
  469 |         generateKeyNodes(['c', 'l', 1, 2, 3, 4, 5, 6, 7, 8, 9, 'd', 'g', 'b']),"
/home/gabriel/Disk/Research/research-javascript-test-smells/repositories/inferno/packages/inferno-create-element/__tests__/patchKeyedChildren.spec.js,Magic Number,"{'line': 474, 'column': 56, 'index': 20273}","  472 |     );
  473 |     expect(container.textContent).toBe('cl123456789dgb');
> 474 |     expect(container.firstChild.childNodes.length).toBe(14);
      |                                                        ^ Magic Number
  475 |   });
  476 |
  477 |   describe('Should handle massive large arrays', () => {"
/home/gabriel/Disk/Research/research-javascript-test-smells/repositories/inferno/packages/inferno-create-element/__tests__/patchKeyedChildren.spec.js,Magic Number,"{'line': 1291, 'column': 52, 'index': 39166}","  1289 |         render(a, f);
  1290 |         render(b, f);
> 1291 |         expect(f.firstChild.childNodes.length).toBe(1);
       |                                                    ^ Magic Number
  1292 |         expect(f.firstChild.firstChild.nodeValue).toBe('abc');
  1293 |       });
  1294 |"
/home/gabriel/Disk/Research/research-javascript-test-smells/repositories/inferno/packages/inferno-create-element/__tests__/patchKeyedChildren.spec.js,Magic Number,"{'line': 1301, 'column': 52, 'index': 39526}","  1299 |         render(a, f);
  1300 |         render(b, f);
> 1301 |         expect(f.firstChild.childNodes.length).toBe(0);
       |                                                    ^ Magic Number
  1302 |       });
  1303 |
  1304 |       it(""'abc' => 'cde'"", () => {"
/home/gabriel/Disk/Research/research-javascript-test-smells/repositories/inferno/packages/inferno-create-element/__tests__/patchKeyedChildren.spec.js,Magic Number,"{'line': 1310, 'column': 52, 'index': 39831}","  1308 |         render(a, f);
  1309 |         render(b, f);
> 1310 |         expect(f.firstChild.childNodes.length).toBe(1);
       |                                                    ^ Magic Number
  1311 |         expect(f.firstChild.firstChild.nodeValue).toBe('cde');
  1312 |       });
  1313 |"
/home/gabriel/Disk/Research/research-javascript-test-smells/repositories/inferno/packages/inferno-create-element/__tests__/patchKeyedChildren.spec.js,Magic Number,"{'line': 1320, 'column': 52, 'index': 40222}","  1318 |         render(a, f);
  1319 |         render(b, f);
> 1320 |         expect(f.firstChild.childNodes.length).toBe(1);
       |                                                    ^ Magic Number
  1321 |         expect(f.firstChild.firstChild.nodeValue).toBe('cde');
  1322 |       });
  1323 |"
/home/gabriel/Disk/Research/research-javascript-test-smells/repositories/inferno/packages/inferno-create-element/__tests__/patchKeyedChildren.spec.js,Magic Number,"{'line': 1330, 'column': 52, 'index': 40613}","  1328 |         render(a, f);
  1329 |         render(b, f);
> 1330 |         expect(f.firstChild.childNodes.length).toBe(1);
       |                                                    ^ Magic Number
  1331 |         expect(f.firstChild.firstChild.tagName).toBe('DIV');
  1332 |       });
  1333 |"
/home/gabriel/Disk/Research/research-javascript-test-smells/repositories/inferno/packages/inferno-create-element/__tests__/hooks.spec.js,Duplicate Assert,"{'line': 123, 'column': 6, 'index': 3119}","  121 |       )({ a: 1 });
  122 |       render(node, container);
> 123 |       expect(spy.calls.count()).toBe(0);
      |      ^ Duplicate Assert
  124 |       // do unmount
  125 |       render(null, container);
  126 |"
/home/gabriel/Disk/Research/research-javascript-test-smells/repositories/inferno/packages/inferno-create-element/__tests__/hooks.spec.js,Duplicate Assert,"{'line': 127, 'column': 6, 'index': 3212}","  125 |       render(null, container);
  126 |
> 127 |       expect(spy.calls.count()).toBe(1);
      |      ^ Duplicate Assert
  128 |       expect(spy.calls.argsFor(0).length).toBe(2);
  129 |       expect(spy.calls.argsFor(0)[0].outerHTML).toBe('<div>Hello world!</div>');
  130 |       expect(spy.calls.argsFor(0)[1]).toEqual({ a: 1, children: null });"
/home/gabriel/Disk/Research/research-javascript-test-smells/repositories/inferno/packages/inferno-create-element/__tests__/hooks.spec.js,Duplicate Assert,"{'line': 150, 'column': 6, 'index': 3859}","  148 |       const node1 = t({ a: 1 });
  149 |       render(node1, container);
> 150 |       expect(spy.calls.count()).toBe(0);
      |      ^ Duplicate Assert
  151 |
  152 |       const node2 = t({ a: 2 });
  153 |       render(node2, container);"
/home/gabriel/Disk/Research/research-javascript-test-smells/repositories/inferno/packages/inferno-create-element/__tests__/hooks.spec.js,Duplicate Assert,"{'line': 154, 'column': 6, 'index': 3966}","  152 |       const node2 = t({ a: 2 });
  153 |       render(node2, container);
> 154 |       expect(spy.calls.count()).toBe(1);
      |      ^ Duplicate Assert
  155 |       expect(spy.calls.argsFor(0).length).toBe(2);
  156 |       expect(spy.calls.argsFor(0)[0]).toEqual({ a: 1, children: null });
  157 |       expect(spy.calls.argsFor(0)[1]).toEqual({ a: 2, children: null });"
/home/gabriel/Disk/Research/research-javascript-test-smells/repositories/inferno/packages/inferno-create-element/__tests__/hooks.spec.js,Duplicate Assert,"{'line': 177, 'column': 6, 'index': 4604}","  175 |       const node1 = t({ a: 1 });
  176 |       render(node1, container);
> 177 |       expect(spy.calls.count()).toBe(0); // Update 1
      |      ^ Duplicate Assert
  178 |
  179 |       const node2 = t({ a: 2 });
  180 |       render(node2, container);"
/home/gabriel/Disk/Research/research-javascript-test-smells/repositories/inferno/packages/inferno-create-element/__tests__/hooks.spec.js,Duplicate Assert,"{'line': 181, 'column': 6, 'index': 4723}","  179 |       const node2 = t({ a: 2 });
  180 |       render(node2, container);
> 181 |       expect(spy.calls.count()).toBe(1); // Update 2
      |      ^ Duplicate Assert
  182 |       expect(spy.calls.argsFor(0).length).toBe(2);
  183 |       expect(spy.calls.argsFor(0)[0]).toEqual({ a: 1, children: null });
  184 |       expect(spy.calls.argsFor(0)[1]).toEqual({ a: 2, children: null });"
/home/gabriel/Disk/Research/research-javascript-test-smells/repositories/inferno/packages/inferno-create-element/__tests__/hooks.spec.js,Duplicate Assert,"{'line': 213, 'column': 6, 'index': 5670}","  211 |       const node1 = t({ a: 1 });
  212 |       render(node1, container);
> 213 |       expect(onComponentShouldUpdateCount).toBe(0); // Update 1
      |      ^ Duplicate Assert
  214 |       expect(renderCount).toBe(1); // Rendered 1 time
  215 |
  216 |       const node2 = t({ a: 2 });"
/home/gabriel/Disk/Research/research-javascript-test-smells/repositories/inferno/packages/inferno-create-element/__tests__/hooks.spec.js,Duplicate Assert,"{'line': 214, 'column': 6, 'index': 5734}","  212 |       render(node1, container);
  213 |       expect(onComponentShouldUpdateCount).toBe(0); // Update 1
> 214 |       expect(renderCount).toBe(1); // Rendered 1 time
      |      ^ Duplicate Assert
  215 |
  216 |       const node2 = t({ a: 2 });
  217 |       render(node2, container);"
/home/gabriel/Disk/Research/research-javascript-test-smells/repositories/inferno/packages/inferno-create-element/__tests__/hooks.spec.js,Duplicate Assert,"{'line': 218, 'column': 6, 'index': 5854}","  216 |       const node2 = t({ a: 2 });
  217 |       render(node2, container);
> 218 |       expect(onComponentShouldUpdateCount).toBe(1); // Update 2
      |      ^ Duplicate Assert
  219 |       expect(renderCount).toBe(2); // Rendered 2 time
  220 |       expect(spy.calls.argsFor(0).length).toBe(2);
  221 |       expect(spy.calls.argsFor(0)[0]).toEqual({ a: 1, children: null });"
/home/gabriel/Disk/Research/research-javascript-test-smells/repositories/inferno/packages/inferno-create-element/__tests__/hooks.spec.js,Duplicate Assert,"{'line': 219, 'column': 6, 'index': 5918}","  217 |       render(node2, container);
  218 |       expect(onComponentShouldUpdateCount).toBe(1); // Update 2
> 219 |       expect(renderCount).toBe(2); // Rendered 2 time
      |      ^ Duplicate Assert
  220 |       expect(spy.calls.argsFor(0).length).toBe(2);
  221 |       expect(spy.calls.argsFor(0)[0]).toEqual({ a: 1, children: null });
  222 |       expect(spy.calls.argsFor(0)[1]).toEqual({ a: 2, children: null });"
/home/gabriel/Disk/Research/research-javascript-test-smells/repositories/inferno/packages/inferno-create-element/__tests__/hooks.spec.js,Duplicate Assert,"{'line': 251, 'column': 6, 'index': 6872}","  249 |       const node1 = t({ a: 1 });
  250 |       render(node1, container);
> 251 |       expect(onComponentShouldUpdateCount).toBe(0); // Update 1
      |      ^ Duplicate Assert
  252 |       expect(renderCount).toBe(1); // Rendered 1 time
  253 |
  254 |       const node2 = t({ a: 2 });"
/home/gabriel/Disk/Research/research-javascript-test-smells/repositories/inferno/packages/inferno-create-element/__tests__/hooks.spec.js,Duplicate Assert,"{'line': 252, 'column': 6, 'index': 6936}","  250 |       render(node1, container);
  251 |       expect(onComponentShouldUpdateCount).toBe(0); // Update 1
> 252 |       expect(renderCount).toBe(1); // Rendered 1 time
      |      ^ Duplicate Assert
  253 |
  254 |       const node2 = t({ a: 2 });
  255 |       render(node2, container);"
/home/gabriel/Disk/Research/research-javascript-test-smells/repositories/inferno/packages/inferno-create-element/__tests__/hooks.spec.js,Duplicate Assert,"{'line': 252, 'column': 6, 'index': 6936}","  250 |       render(node1, container);
  251 |       expect(onComponentShouldUpdateCount).toBe(0); // Update 1
> 252 |       expect(renderCount).toBe(1); // Rendered 1 time
      |      ^ Duplicate Assert
  253 |
  254 |       const node2 = t({ a: 2 });
  255 |       render(node2, container);"
/home/gabriel/Disk/Research/research-javascript-test-smells/repositories/inferno/packages/inferno-create-element/__tests__/hooks.spec.js,Duplicate Assert,"{'line': 256, 'column': 6, 'index': 7056}","  254 |       const node2 = t({ a: 2 });
  255 |       render(node2, container);
> 256 |       expect(onComponentShouldUpdateCount).toBe(1); // Update 2
      |      ^ Duplicate Assert
  257 |       expect(renderCount).toBe(1); // Rendered 1 time
  258 |       expect(spy.calls.argsFor(0).length).toBe(2);
  259 |       expect(spy.calls.argsFor(0)[0]).toEqual({ a: 1, children: null });"
/home/gabriel/Disk/Research/research-javascript-test-smells/repositories/inferno/packages/inferno-create-element/__tests__/hooks.spec.js,Duplicate Assert,"{'line': 257, 'column': 6, 'index': 7120}","  255 |       render(node2, container);
  256 |       expect(onComponentShouldUpdateCount).toBe(1); // Update 2
> 257 |       expect(renderCount).toBe(1); // Rendered 1 time
      |      ^ Duplicate Assert
  258 |       expect(spy.calls.argsFor(0).length).toBe(2);
  259 |       expect(spy.calls.argsFor(0)[0]).toEqual({ a: 1, children: null });
  260 |       expect(spy.calls.argsFor(0)[1]).toEqual({ a: 2, children: null });"
/home/gabriel/Disk/Research/research-javascript-test-smells/repositories/inferno/packages/inferno-create-element/__tests__/hooks.spec.js,Duplicate Assert,"{'line': 257, 'column': 6, 'index': 7120}","  255 |       render(node2, container);
  256 |       expect(onComponentShouldUpdateCount).toBe(1); // Update 2
> 257 |       expect(renderCount).toBe(1); // Rendered 1 time
      |      ^ Duplicate Assert
  258 |       expect(spy.calls.argsFor(0).length).toBe(2);
  259 |       expect(spy.calls.argsFor(0)[0]).toEqual({ a: 1, children: null });
  260 |       expect(spy.calls.argsFor(0)[1]).toEqual({ a: 2, children: null });"
/home/gabriel/Disk/Research/research-javascript-test-smells/repositories/inferno/packages/inferno-create-element/__tests__/hooks.spec.js,Duplicate Assert,"{'line': 273, 'column': 6, 'index': 7686}","  271 |       const node1 = t({ a: 1 });
  272 |       render(node1, container);
> 273 |       expect(spy.calls.count()).toBe(1); // Update 1
      |      ^ Duplicate Assert
  274 |       expect(spy.calls.argsFor(0).length).toBe(2);
  275 |       expect(spy.calls.argsFor(0)[0] instanceof HTMLDivElement).toEqual(true);
  276 |       expect(typeof spy.calls.argsFor(0)[1] === 'object').toEqual(true);"
/home/gabriel/Disk/Research/research-javascript-test-smells/repositories/inferno/packages/inferno-create-element/__tests__/hooks.spec.js,Duplicate Assert,"{'line': 273, 'column': 6, 'index': 7686}","  271 |       const node1 = t({ a: 1 });
  272 |       render(node1, container);
> 273 |       expect(spy.calls.count()).toBe(1); // Update 1
      |      ^ Duplicate Assert
  274 |       expect(spy.calls.argsFor(0).length).toBe(2);
  275 |       expect(spy.calls.argsFor(0)[0] instanceof HTMLDivElement).toEqual(true);
  276 |       expect(typeof spy.calls.argsFor(0)[1] === 'object').toEqual(true);"
/home/gabriel/Disk/Research/research-javascript-test-smells/repositories/inferno/packages/inferno-create-element/__tests__/hooks.spec.js,Duplicate Assert,"{'line': 280, 'column': 6, 'index': 8008}","  278 |       const node2 = t({ a: 2 });
  279 |       render(node2, container);
> 280 |       expect(spy.calls.count()).toBe(1); // Update 2 (shouldn't trigger animation)
      |      ^ Duplicate Assert
  281 |     });
  282 |
  283 |     it('""onComponentWillDisappear"" hook should fire, args dom props', () => {"
/home/gabriel/Disk/Research/research-javascript-test-smells/repositories/inferno/packages/inferno-create-element/__tests__/hooks.spec.js,Duplicate Assert,"{'line': 280, 'column': 6, 'index': 8008}","  278 |       const node2 = t({ a: 2 });
  279 |       render(node2, container);
> 280 |       expect(spy.calls.count()).toBe(1); // Update 2 (shouldn't trigger animation)
      |      ^ Duplicate Assert
  281 |     });
  282 |
  283 |     it('""onComponentWillDisappear"" hook should fire, args dom props', () => {"
/home/gabriel/Disk/Research/research-javascript-test-smells/repositories/inferno/packages/inferno-create-element/__tests__/hooks.spec.js,Duplicate Assert,"{'line': 319, 'column': 6, 'index': 9304}","  317 |       render(node, container);
  318 |
> 319 |       expect(spy.calls.count()).toBe(1);
      |      ^ Duplicate Assert
  320 |       expect(spy.calls.argsFor(0).length).toBe(1);
  321 |       expect(spy.calls.argsFor(0)[0]).not.toEqual(null);
  322 |"
/home/gabriel/Disk/Research/research-javascript-test-smells/repositories/inferno/packages/inferno-create-element/__tests__/hooks.spec.js,Duplicate Assert,"{'line': 325, 'column': 6, 'index': 9486}","  323 |       render(null, container);
  324 |
> 325 |       expect(spy.calls.count()).toBe(2);
      |      ^ Duplicate Assert
  326 |       expect(spy.calls.argsFor(1).length).toBe(1);
  327 |       expect(spy.calls.argsFor(1)[0]).toEqual(null);
  328 |     });"
/home/gabriel/Disk/Research/research-javascript-test-smells/repositories/inferno/packages/inferno-create-element/__tests__/hooks.spec.js,Magic Number,"{'line': 81, 'column': 37, 'index': 2008}","  79 |       render(node, container);
  80 |
> 81 |       expect(spy.calls.count()).toBe(1);
     |                                     ^ Magic Number
  82 |       expect(spy.calls.argsFor(0).length).toBe(1);
  83 |       expect(spy.calls.argsFor(0)[0]).toEqual({ a: 1, children: null });
  84 |     });"
/home/gabriel/Disk/Research/research-javascript-test-smells/repositories/inferno/packages/inferno-create-element/__tests__/hooks.spec.js,Magic Number,"{'line': 82, 'column': 47, 'index': 2059}","  80 |
  81 |       expect(spy.calls.count()).toBe(1);
> 82 |       expect(spy.calls.argsFor(0).length).toBe(1);
     |                                               ^ Magic Number
  83 |       expect(spy.calls.argsFor(0)[0]).toEqual({ a: 1, children: null });
  84 |     });
  85 |"
/home/gabriel/Disk/Research/research-javascript-test-smells/repositories/inferno/packages/inferno-create-element/__tests__/hooks.spec.js,Magic Number,"{'line': 102, 'column': 37, 'index': 2545}","  100 |       render(node, container);
  101 |
> 102 |       expect(spy.calls.count()).toBe(1);
      |                                     ^ Magic Number
  103 |       expect(spy.calls.argsFor(0).length).toBe(2);
  104 |       expect(spy.calls.argsFor(0)[0]).toBe(container.firstChild);
  105 |       expect(spy.calls.argsFor(0)[1]).toEqual({ a: 1, children: null });"
/home/gabriel/Disk/Research/research-javascript-test-smells/repositories/inferno/packages/inferno-create-element/__tests__/hooks.spec.js,Magic Number,"{'line': 103, 'column': 47, 'index': 2596}","  101 |
  102 |       expect(spy.calls.count()).toBe(1);
> 103 |       expect(spy.calls.argsFor(0).length).toBe(2);
      |                                               ^ Magic Number
  104 |       expect(spy.calls.argsFor(0)[0]).toBe(container.firstChild);
  105 |       expect(spy.calls.argsFor(0)[1]).toEqual({ a: 1, children: null });
  106 |     });"
/home/gabriel/Disk/Research/research-javascript-test-smells/repositories/inferno/packages/inferno-create-element/__tests__/hooks.spec.js,Magic Number,"{'line': 123, 'column': 37, 'index': 3150}","  121 |       )({ a: 1 });
  122 |       render(node, container);
> 123 |       expect(spy.calls.count()).toBe(0);
      |                                     ^ Magic Number
  124 |       // do unmount
  125 |       render(null, container);
  126 |"
/home/gabriel/Disk/Research/research-javascript-test-smells/repositories/inferno/packages/inferno-create-element/__tests__/hooks.spec.js,Magic Number,"{'line': 127, 'column': 37, 'index': 3243}","  125 |       render(null, container);
  126 |
> 127 |       expect(spy.calls.count()).toBe(1);
      |                                     ^ Magic Number
  128 |       expect(spy.calls.argsFor(0).length).toBe(2);
  129 |       expect(spy.calls.argsFor(0)[0].outerHTML).toBe('<div>Hello world!</div>');
  130 |       expect(spy.calls.argsFor(0)[1]).toEqual({ a: 1, children: null });"
/home/gabriel/Disk/Research/research-javascript-test-smells/repositories/inferno/packages/inferno-create-element/__tests__/hooks.spec.js,Magic Number,"{'line': 128, 'column': 47, 'index': 3294}","  126 |
  127 |       expect(spy.calls.count()).toBe(1);
> 128 |       expect(spy.calls.argsFor(0).length).toBe(2);
      |                                               ^ Magic Number
  129 |       expect(spy.calls.argsFor(0)[0].outerHTML).toBe('<div>Hello world!</div>');
  130 |       expect(spy.calls.argsFor(0)[1]).toEqual({ a: 1, children: null });
  131 |     });"
/home/gabriel/Disk/Research/research-javascript-test-smells/repositories/inferno/packages/inferno-create-element/__tests__/hooks.spec.js,Magic Number,"{'line': 150, 'column': 37, 'index': 3890}","  148 |       const node1 = t({ a: 1 });
  149 |       render(node1, container);
> 150 |       expect(spy.calls.count()).toBe(0);
      |                                     ^ Magic Number
  151 |
  152 |       const node2 = t({ a: 2 });
  153 |       render(node2, container);"
/home/gabriel/Disk/Research/research-javascript-test-smells/repositories/inferno/packages/inferno-create-element/__tests__/hooks.spec.js,Magic Number,"{'line': 154, 'column': 37, 'index': 3997}","  152 |       const node2 = t({ a: 2 });
  153 |       render(node2, container);
> 154 |       expect(spy.calls.count()).toBe(1);
      |                                     ^ Magic Number
  155 |       expect(spy.calls.argsFor(0).length).toBe(2);
  156 |       expect(spy.calls.argsFor(0)[0]).toEqual({ a: 1, children: null });
  157 |       expect(spy.calls.argsFor(0)[1]).toEqual({ a: 2, children: null });"
/home/gabriel/Disk/Research/research-javascript-test-smells/repositories/inferno/packages/inferno-create-element/__tests__/hooks.spec.js,Magic Number,"{'line': 155, 'column': 47, 'index': 4048}","  153 |       render(node2, container);
  154 |       expect(spy.calls.count()).toBe(1);
> 155 |       expect(spy.calls.argsFor(0).length).toBe(2);
      |                                               ^ Magic Number
  156 |       expect(spy.calls.argsFor(0)[0]).toEqual({ a: 1, children: null });
  157 |       expect(spy.calls.argsFor(0)[1]).toEqual({ a: 2, children: null });
  158 |     });"
/home/gabriel/Disk/Research/research-javascript-test-smells/repositories/inferno/packages/inferno-create-element/__tests__/hooks.spec.js,Magic Number,"{'line': 177, 'column': 37, 'index': 4635}","  175 |       const node1 = t({ a: 1 });
  176 |       render(node1, container);
> 177 |       expect(spy.calls.count()).toBe(0); // Update 1
      |                                     ^ Magic Number
  178 |
  179 |       const node2 = t({ a: 2 });
  180 |       render(node2, container);"
/home/gabriel/Disk/Research/research-javascript-test-smells/repositories/inferno/packages/inferno-create-element/__tests__/hooks.spec.js,Magic Number,"{'line': 181, 'column': 37, 'index': 4754}","  179 |       const node2 = t({ a: 2 });
  180 |       render(node2, container);
> 181 |       expect(spy.calls.count()).toBe(1); // Update 2
      |                                     ^ Magic Number
  182 |       expect(spy.calls.argsFor(0).length).toBe(2);
  183 |       expect(spy.calls.argsFor(0)[0]).toEqual({ a: 1, children: null });
  184 |       expect(spy.calls.argsFor(0)[1]).toEqual({ a: 2, children: null });"
/home/gabriel/Disk/Research/research-javascript-test-smells/repositories/inferno/packages/inferno-create-element/__tests__/hooks.spec.js,Magic Number,"{'line': 182, 'column': 47, 'index': 4817}","  180 |       render(node2, container);
  181 |       expect(spy.calls.count()).toBe(1); // Update 2
> 182 |       expect(spy.calls.argsFor(0).length).toBe(2);
      |                                               ^ Magic Number
  183 |       expect(spy.calls.argsFor(0)[0]).toEqual({ a: 1, children: null });
  184 |       expect(spy.calls.argsFor(0)[1]).toEqual({ a: 2, children: null });
  185 |     });"
/home/gabriel/Disk/Research/research-javascript-test-smells/repositories/inferno/packages/inferno-create-element/__tests__/hooks.spec.js,Magic Number,"{'line': 213, 'column': 48, 'index': 5712}","  211 |       const node1 = t({ a: 1 });
  212 |       render(node1, container);
> 213 |       expect(onComponentShouldUpdateCount).toBe(0); // Update 1
      |                                                ^ Magic Number
  214 |       expect(renderCount).toBe(1); // Rendered 1 time
  215 |
  216 |       const node2 = t({ a: 2 });"
/home/gabriel/Disk/Research/research-javascript-test-smells/repositories/inferno/packages/inferno-create-element/__tests__/hooks.spec.js,Magic Number,"{'line': 214, 'column': 31, 'index': 5759}","  212 |       render(node1, container);
  213 |       expect(onComponentShouldUpdateCount).toBe(0); // Update 1
> 214 |       expect(renderCount).toBe(1); // Rendered 1 time
      |                               ^ Magic Number
  215 |
  216 |       const node2 = t({ a: 2 });
  217 |       render(node2, container);"
/home/gabriel/Disk/Research/research-javascript-test-smells/repositories/inferno/packages/inferno-create-element/__tests__/hooks.spec.js,Magic Number,"{'line': 218, 'column': 48, 'index': 5896}","  216 |       const node2 = t({ a: 2 });
  217 |       render(node2, container);
> 218 |       expect(onComponentShouldUpdateCount).toBe(1); // Update 2
      |                                                ^ Magic Number
  219 |       expect(renderCount).toBe(2); // Rendered 2 time
  220 |       expect(spy.calls.argsFor(0).length).toBe(2);
  221 |       expect(spy.calls.argsFor(0)[0]).toEqual({ a: 1, children: null });"
/home/gabriel/Disk/Research/research-javascript-test-smells/repositories/inferno/packages/inferno-create-element/__tests__/hooks.spec.js,Magic Number,"{'line': 219, 'column': 31, 'index': 5943}","  217 |       render(node2, container);
  218 |       expect(onComponentShouldUpdateCount).toBe(1); // Update 2
> 219 |       expect(renderCount).toBe(2); // Rendered 2 time
      |                               ^ Magic Number
  220 |       expect(spy.calls.argsFor(0).length).toBe(2);
  221 |       expect(spy.calls.argsFor(0)[0]).toEqual({ a: 1, children: null });
  222 |       expect(spy.calls.argsFor(0)[1]).toEqual({ a: 2, children: null });"
/home/gabriel/Disk/Research/research-javascript-test-smells/repositories/inferno/packages/inferno-create-element/__tests__/hooks.spec.js,Magic Number,"{'line': 220, 'column': 47, 'index': 6013}","  218 |       expect(onComponentShouldUpdateCount).toBe(1); // Update 2
  219 |       expect(renderCount).toBe(2); // Rendered 2 time
> 220 |       expect(spy.calls.argsFor(0).length).toBe(2);
      |                                               ^ Magic Number
  221 |       expect(spy.calls.argsFor(0)[0]).toEqual({ a: 1, children: null });
  222 |       expect(spy.calls.argsFor(0)[1]).toEqual({ a: 2, children: null });
  223 |     });"
/home/gabriel/Disk/Research/research-javascript-test-smells/repositories/inferno/packages/inferno-create-element/__tests__/hooks.spec.js,Magic Number,"{'line': 251, 'column': 48, 'index': 6914}","  249 |       const node1 = t({ a: 1 });
  250 |       render(node1, container);
> 251 |       expect(onComponentShouldUpdateCount).toBe(0); // Update 1
      |                                                ^ Magic Number
  252 |       expect(renderCount).toBe(1); // Rendered 1 time
  253 |
  254 |       const node2 = t({ a: 2 });"
/home/gabriel/Disk/Research/research-javascript-test-smells/repositories/inferno/packages/inferno-create-element/__tests__/hooks.spec.js,Magic Number,"{'line': 252, 'column': 31, 'index': 6961}","  250 |       render(node1, container);
  251 |       expect(onComponentShouldUpdateCount).toBe(0); // Update 1
> 252 |       expect(renderCount).toBe(1); // Rendered 1 time
      |                               ^ Magic Number
  253 |
  254 |       const node2 = t({ a: 2 });
  255 |       render(node2, container);"
/home/gabriel/Disk/Research/research-javascript-test-smells/repositories/inferno/packages/inferno-create-element/__tests__/hooks.spec.js,Magic Number,"{'line': 256, 'column': 48, 'index': 7098}","  254 |       const node2 = t({ a: 2 });
  255 |       render(node2, container);
> 256 |       expect(onComponentShouldUpdateCount).toBe(1); // Update 2
      |                                                ^ Magic Number
  257 |       expect(renderCount).toBe(1); // Rendered 1 time
  258 |       expect(spy.calls.argsFor(0).length).toBe(2);
  259 |       expect(spy.calls.argsFor(0)[0]).toEqual({ a: 1, children: null });"
/home/gabriel/Disk/Research/research-javascript-test-smells/repositories/inferno/packages/inferno-create-element/__tests__/hooks.spec.js,Magic Number,"{'line': 257, 'column': 31, 'index': 7145}","  255 |       render(node2, container);
  256 |       expect(onComponentShouldUpdateCount).toBe(1); // Update 2
> 257 |       expect(renderCount).toBe(1); // Rendered 1 time
      |                               ^ Magic Number
  258 |       expect(spy.calls.argsFor(0).length).toBe(2);
  259 |       expect(spy.calls.argsFor(0)[0]).toEqual({ a: 1, children: null });
  260 |       expect(spy.calls.argsFor(0)[1]).toEqual({ a: 2, children: null });"
/home/gabriel/Disk/Research/research-javascript-test-smells/repositories/inferno/packages/inferno-create-element/__tests__/hooks.spec.js,Magic Number,"{'line': 258, 'column': 47, 'index': 7215}","  256 |       expect(onComponentShouldUpdateCount).toBe(1); // Update 2
  257 |       expect(renderCount).toBe(1); // Rendered 1 time
> 258 |       expect(spy.calls.argsFor(0).length).toBe(2);
      |                                               ^ Magic Number
  259 |       expect(spy.calls.argsFor(0)[0]).toEqual({ a: 1, children: null });
  260 |       expect(spy.calls.argsFor(0)[1]).toEqual({ a: 2, children: null });
  261 |     });"
/home/gabriel/Disk/Research/research-javascript-test-smells/repositories/inferno/packages/inferno-create-element/__tests__/hooks.spec.js,Magic Number,"{'line': 273, 'column': 37, 'index': 7717}","  271 |       const node1 = t({ a: 1 });
  272 |       render(node1, container);
> 273 |       expect(spy.calls.count()).toBe(1); // Update 1
      |                                     ^ Magic Number
  274 |       expect(spy.calls.argsFor(0).length).toBe(2);
  275 |       expect(spy.calls.argsFor(0)[0] instanceof HTMLDivElement).toEqual(true);
  276 |       expect(typeof spy.calls.argsFor(0)[1] === 'object').toEqual(true);"
/home/gabriel/Disk/Research/research-javascript-test-smells/repositories/inferno/packages/inferno-create-element/__tests__/hooks.spec.js,Magic Number,"{'line': 274, 'column': 47, 'index': 7780}","  272 |       render(node1, container);
  273 |       expect(spy.calls.count()).toBe(1); // Update 1
> 274 |       expect(spy.calls.argsFor(0).length).toBe(2);
      |                                               ^ Magic Number
  275 |       expect(spy.calls.argsFor(0)[0] instanceof HTMLDivElement).toEqual(true);
  276 |       expect(typeof spy.calls.argsFor(0)[1] === 'object').toEqual(true);
  277 |"
/home/gabriel/Disk/Research/research-javascript-test-smells/repositories/inferno/packages/inferno-create-element/__tests__/hooks.spec.js,Magic Number,"{'line': 280, 'column': 37, 'index': 8039}","  278 |       const node2 = t({ a: 2 });
  279 |       render(node2, container);
> 280 |       expect(spy.calls.count()).toBe(1); // Update 2 (shouldn't trigger animation)
      |                                     ^ Magic Number
  281 |     });
  282 |
  283 |     it('""onComponentWillDisappear"" hook should fire, args dom props', () => {"
/home/gabriel/Disk/Research/research-javascript-test-smells/repositories/inferno/packages/inferno-create-element/__tests__/hooks.spec.js,Magic Number,"{'line': 295, 'column': 37, 'index': 8473}","  293 |       render(null, container);
  294 |
> 295 |       expect(spy.calls.count()).toBe(1); // animation triggers on remove
      |                                     ^ Magic Number
  296 |       expect(spy.calls.argsFor(0).length).toBe(3);
  297 |       expect(spy.calls.argsFor(0)[0] instanceof HTMLDivElement).toEqual(true);
  298 |       expect(typeof spy.calls.argsFor(0)[1] === 'object').toEqual(true);"
/home/gabriel/Disk/Research/research-javascript-test-smells/repositories/inferno/packages/inferno-create-element/__tests__/hooks.spec.js,Magic Number,"{'line': 296, 'column': 47, 'index': 8556}","  294 |
  295 |       expect(spy.calls.count()).toBe(1); // animation triggers on remove
> 296 |       expect(spy.calls.argsFor(0).length).toBe(3);
      |                                               ^ Magic Number
  297 |       expect(spy.calls.argsFor(0)[0] instanceof HTMLDivElement).toEqual(true);
  298 |       expect(typeof spy.calls.argsFor(0)[1] === 'object').toEqual(true);
  299 |       expect(typeof spy.calls.argsFor(0)[2] === 'function').toEqual(true);"
/home/gabriel/Disk/Research/research-javascript-test-smells/repositories/inferno/packages/inferno-create-element/__tests__/hooks.spec.js,Magic Number,"{'line': 319, 'column': 37, 'index': 9335}","  317 |       render(node, container);
  318 |
> 319 |       expect(spy.calls.count()).toBe(1);
      |                                     ^ Magic Number
  320 |       expect(spy.calls.argsFor(0).length).toBe(1);
  321 |       expect(spy.calls.argsFor(0)[0]).not.toEqual(null);
  322 |"
/home/gabriel/Disk/Research/research-javascript-test-smells/repositories/inferno/packages/inferno-create-element/__tests__/hooks.spec.js,Magic Number,"{'line': 320, 'column': 47, 'index': 9386}","  318 |
  319 |       expect(spy.calls.count()).toBe(1);
> 320 |       expect(spy.calls.argsFor(0).length).toBe(1);
      |                                               ^ Magic Number
  321 |       expect(spy.calls.argsFor(0)[0]).not.toEqual(null);
  322 |
  323 |       render(null, container);"
/home/gabriel/Disk/Research/research-javascript-test-smells/repositories/inferno/packages/inferno-create-element/__tests__/hooks.spec.js,Magic Number,"{'line': 325, 'column': 37, 'index': 9517}","  323 |       render(null, container);
  324 |
> 325 |       expect(spy.calls.count()).toBe(2);
      |                                     ^ Magic Number
  326 |       expect(spy.calls.argsFor(1).length).toBe(1);
  327 |       expect(spy.calls.argsFor(1)[0]).toEqual(null);
  328 |     });"
/home/gabriel/Disk/Research/research-javascript-test-smells/repositories/inferno/packages/inferno-create-element/__tests__/hooks.spec.js,Magic Number,"{'line': 326, 'column': 47, 'index': 9568}","  324 |
  325 |       expect(spy.calls.count()).toBe(2);
> 326 |       expect(spy.calls.argsFor(1).length).toBe(1);
      |                                               ^ Magic Number
  327 |       expect(spy.calls.argsFor(1)[0]).toEqual(null);
  328 |     });
  329 |   });"
/home/gabriel/Disk/Research/research-javascript-test-smells/repositories/inferno/packages/inferno-create-element/__tests__/events.spec.js,Conditional Test Logic,"{'line': 41, 'column': 4, 'index': 875}","  39 |
  40 |     let divs = container.querySelectorAll('div');
> 41 |     for (const div of divs) {
     |    ^ Conditional Test Logic
  42 |       div.click();
  43 |     }
  44 |     expect(calledFirstTest).toBe(true);"
/home/gabriel/Disk/Research/research-javascript-test-smells/repositories/inferno/packages/inferno-create-element/__tests__/events.spec.js,Conditional Test Logic,"{'line': 51, 'column': 4, 'index': 1100}","  49 |     render(template(test2), container);
  50 |     divs = container.querySelectorAll('div');
> 51 |     for (const div of divs) {
     |    ^ Conditional Test Logic
  52 |       div.click();
  53 |     }
  54 |"
/home/gabriel/Disk/Research/research-javascript-test-smells/repositories/inferno/packages/inferno-create-element/__tests__/events.spec.js,Conditional Test Logic,"{'line': 64, 'column': 4, 'index': 1387}","  62 |     render(null, container);
  63 |     divs = container.querySelectorAll('div');
> 64 |     for (const div of divs) {
     |    ^ Conditional Test Logic
  65 |       div.click();
  66 |     }
  67 |"
/home/gabriel/Disk/Research/research-javascript-test-smells/repositories/inferno/packages/inferno-create-element/__tests__/events.spec.js,Conditional Test Logic,"{'line': 106, 'column': 4, 'index': 2160}","  104 |     expect(container.firstChild.innerHTML).toBe('Count 0');
  105 |     expect(data.count).toBe(0);
> 106 |     for (const button of buttons) {
      |    ^ Conditional Test Logic
  107 |       button.click();
  108 |     }
  109 |     expect(container.firstChild.innerHTML).toBe('Count 1');"
/home/gabriel/Disk/Research/research-javascript-test-smells/repositories/inferno/packages/inferno-create-element/__tests__/events.spec.js,Conditional Test Logic,"{'line': 111, 'column': 4, 'index': 2316}","  109 |     expect(container.firstChild.innerHTML).toBe('Count 1');
  110 |     expect(data.count).toBe(1);
> 111 |     for (const button of buttons) {
      |    ^ Conditional Test Logic
  112 |       button.click();
  113 |     }
  114 |     expect(container.firstChild.innerHTML).toBe('Count 2');"
/home/gabriel/Disk/Research/research-javascript-test-smells/repositories/inferno/packages/inferno-create-element/__tests__/events.spec.js,Conditional Test Logic,"{'line': 151, 'column': 4, 'index': 3191}","  149 |     expect(container.firstChild.innerHTML).toBe('<span>Count 0</span>');
  150 |     expect(data.count).toBe(0);
> 151 |     for (const button of buttons) {
      |    ^ Conditional Test Logic
  152 |       button.click();
  153 |     }
  154 |     expect(container.firstChild.innerHTML).toBe('<span>Count 0</span>');"
/home/gabriel/Disk/Research/research-javascript-test-smells/repositories/inferno/packages/inferno-create-element/__tests__/events.spec.js,Duplicate Assert,"{'line': 44, 'column': 4, 'index': 930}","  42 |       div.click();
  43 |     }
> 44 |     expect(calledFirstTest).toBe(true);
     |    ^ Duplicate Assert
  45 |
  46 |     // reset
  47 |     calledFirstTest = false;"
/home/gabriel/Disk/Research/research-javascript-test-smells/repositories/inferno/packages/inferno-create-element/__tests__/events.spec.js,Duplicate Assert,"{'line': 55, 'column': 4, 'index': 1156}","  53 |     }
  54 |
> 55 |     expect(calledFirstTest).toBe(false);
     |    ^ Duplicate Assert
  56 |     expect(calledSecondTest).toBe(true);
  57 |
  58 |     // reset"
/home/gabriel/Disk/Research/research-javascript-test-smells/repositories/inferno/packages/inferno-create-element/__tests__/events.spec.js,Duplicate Assert,"{'line': 55, 'column': 4, 'index': 1156}","  53 |     }
  54 |
> 55 |     expect(calledFirstTest).toBe(false);
     |    ^ Duplicate Assert
  56 |     expect(calledSecondTest).toBe(true);
  57 |
  58 |     // reset"
/home/gabriel/Disk/Research/research-javascript-test-smells/repositories/inferno/packages/inferno-create-element/__tests__/events.spec.js,Duplicate Assert,"{'line': 56, 'column': 4, 'index': 1197}","  54 |
  55 |     expect(calledFirstTest).toBe(false);
> 56 |     expect(calledSecondTest).toBe(true);
     |    ^ Duplicate Assert
  57 |
  58 |     // reset
  59 |     calledFirstTest = false;"
/home/gabriel/Disk/Research/research-javascript-test-smells/repositories/inferno/packages/inferno-create-element/__tests__/events.spec.js,Duplicate Assert,"{'line': 68, 'column': 4, 'index': 1443}","  66 |     }
  67 |
> 68 |     expect(calledFirstTest).toBe(false);
     |    ^ Duplicate Assert
  69 |     expect(calledSecondTest).toBe(false);
  70 |     done();
  71 |   });"
/home/gabriel/Disk/Research/research-javascript-test-smells/repositories/inferno/packages/inferno-create-element/__tests__/events.spec.js,Duplicate Assert,"{'line': 68, 'column': 4, 'index': 1443}","  66 |     }
  67 |
> 68 |     expect(calledFirstTest).toBe(false);
     |    ^ Duplicate Assert
  69 |     expect(calledSecondTest).toBe(false);
  70 |     done();
  71 |   });"
/home/gabriel/Disk/Research/research-javascript-test-smells/repositories/inferno/packages/inferno-create-element/__tests__/events.spec.js,Duplicate Assert,"{'line': 69, 'column': 4, 'index': 1484}","  67 |
  68 |     expect(calledFirstTest).toBe(false);
> 69 |     expect(calledSecondTest).toBe(false);
     |    ^ Duplicate Assert
  70 |     done();
  71 |   });
  72 |"
/home/gabriel/Disk/Research/research-javascript-test-smells/repositories/inferno/packages/inferno-create-element/__tests__/events.spec.js,Duplicate Assert,"{'line': 104, 'column': 4, 'index': 2068}","  102 |     const buttons = container.querySelectorAll('button');
  103 |
> 104 |     expect(container.firstChild.innerHTML).toBe('Count 0');
      |    ^ Duplicate Assert
  105 |     expect(data.count).toBe(0);
  106 |     for (const button of buttons) {
  107 |       button.click();"
/home/gabriel/Disk/Research/research-javascript-test-smells/repositories/inferno/packages/inferno-create-element/__tests__/events.spec.js,Duplicate Assert,"{'line': 105, 'column': 4, 'index': 2128}","  103 |
  104 |     expect(container.firstChild.innerHTML).toBe('Count 0');
> 105 |     expect(data.count).toBe(0);
      |    ^ Duplicate Assert
  106 |     for (const button of buttons) {
  107 |       button.click();
  108 |     }"
/home/gabriel/Disk/Research/research-javascript-test-smells/repositories/inferno/packages/inferno-create-element/__tests__/events.spec.js,Duplicate Assert,"{'line': 109, 'column': 4, 'index': 2224}","  107 |       button.click();
  108 |     }
> 109 |     expect(container.firstChild.innerHTML).toBe('Count 1');
      |    ^ Duplicate Assert
  110 |     expect(data.count).toBe(1);
  111 |     for (const button of buttons) {
  112 |       button.click();"
/home/gabriel/Disk/Research/research-javascript-test-smells/repositories/inferno/packages/inferno-create-element/__tests__/events.spec.js,Duplicate Assert,"{'line': 110, 'column': 4, 'index': 2284}","  108 |     }
  109 |     expect(container.firstChild.innerHTML).toBe('Count 1');
> 110 |     expect(data.count).toBe(1);
      |    ^ Duplicate Assert
  111 |     for (const button of buttons) {
  112 |       button.click();
  113 |     }"
/home/gabriel/Disk/Research/research-javascript-test-smells/repositories/inferno/packages/inferno-create-element/__tests__/events.spec.js,Duplicate Assert,"{'line': 114, 'column': 4, 'index': 2380}","  112 |       button.click();
  113 |     }
> 114 |     expect(container.firstChild.innerHTML).toBe('Count 2');
      |    ^ Duplicate Assert
  115 |     expect(data.count).toBe(2);
  116 |   });
  117 |"
/home/gabriel/Disk/Research/research-javascript-test-smells/repositories/inferno/packages/inferno-create-element/__tests__/events.spec.js,Duplicate Assert,"{'line': 115, 'column': 4, 'index': 2440}","  113 |     }
  114 |     expect(container.firstChild.innerHTML).toBe('Count 2');
> 115 |     expect(data.count).toBe(2);
      |    ^ Duplicate Assert
  116 |   });
  117 |
  118 |   it('should not trigger click at all if target is disabled', () => {"
/home/gabriel/Disk/Research/research-javascript-test-smells/repositories/inferno/packages/inferno-create-element/__tests__/events.spec.js,Duplicate Assert,"{'line': 149, 'column': 4, 'index': 3086}","  147 |     const buttons = container.querySelectorAll('span');
  148 |
> 149 |     expect(container.firstChild.innerHTML).toBe('<span>Count 0</span>');
      |    ^ Duplicate Assert
  150 |     expect(data.count).toBe(0);
  151 |     for (const button of buttons) {
  152 |       button.click();"
/home/gabriel/Disk/Research/research-javascript-test-smells/repositories/inferno/packages/inferno-create-element/__tests__/events.spec.js,Duplicate Assert,"{'line': 149, 'column': 4, 'index': 3086}","  147 |     const buttons = container.querySelectorAll('span');
  148 |
> 149 |     expect(container.firstChild.innerHTML).toBe('<span>Count 0</span>');
      |    ^ Duplicate Assert
  150 |     expect(data.count).toBe(0);
  151 |     for (const button of buttons) {
  152 |       button.click();"
/home/gabriel/Disk/Research/research-javascript-test-smells/repositories/inferno/packages/inferno-create-element/__tests__/events.spec.js,Duplicate Assert,"{'line': 154, 'column': 4, 'index': 3255}","  152 |       button.click();
  153 |     }
> 154 |     expect(container.firstChild.innerHTML).toBe('<span>Count 0</span>');
      |    ^ Duplicate Assert
  155 |   });
  156 |
  157 |   it('should not leak memory', () => {"
/home/gabriel/Disk/Research/research-javascript-test-smells/repositories/inferno/packages/inferno-create-element/__tests__/events.spec.js,Duplicate Assert,"{'line': 154, 'column': 4, 'index': 3255}","  152 |       button.click();
  153 |     }
> 154 |     expect(container.firstChild.innerHTML).toBe('<span>Count 0</span>');
      |    ^ Duplicate Assert
  155 |   });
  156 |
  157 |   it('should not leak memory', () => {"
/home/gabriel/Disk/Research/research-javascript-test-smells/repositories/inferno/packages/inferno-create-element/__tests__/events.spec.js,Duplicate Assert,"{'line': 175, 'column': 4, 'index': 3679}","  173 |
  174 |     render(App(), container);
> 175 |     expect(container.firstChild.innerHTML).toBe('1');
      |    ^ Duplicate Assert
  176 |
  177 |     render(App(), container);
  178 |     expect(container.firstChild.innerHTML).toBe('1');"
/home/gabriel/Disk/Research/research-javascript-test-smells/repositories/inferno/packages/inferno-create-element/__tests__/events.spec.js,Duplicate Assert,"{'line': 175, 'column': 4, 'index': 3679}","  173 |
  174 |     render(App(), container);
> 175 |     expect(container.firstChild.innerHTML).toBe('1');
      |    ^ Duplicate Assert
  176 |
  177 |     render(App(), container);
  178 |     expect(container.firstChild.innerHTML).toBe('1');"
/home/gabriel/Disk/Research/research-javascript-test-smells/repositories/inferno/packages/inferno-create-element/__tests__/events.spec.js,Duplicate Assert,"{'line': 178, 'column': 4, 'index': 3764}","  176 |
  177 |     render(App(), container);
> 178 |     expect(container.firstChild.innerHTML).toBe('1');
      |    ^ Duplicate Assert
  179 |
  180 |     render(AppTwo(), container);
  181 |     expect(container.firstChild.innerHTML).toBe('2');"
/home/gabriel/Disk/Research/research-javascript-test-smells/repositories/inferno/packages/inferno-create-element/__tests__/events.spec.js,Duplicate Assert,"{'line': 178, 'column': 4, 'index': 3764}","  176 |
  177 |     render(App(), container);
> 178 |     expect(container.firstChild.innerHTML).toBe('1');
      |    ^ Duplicate Assert
  179 |
  180 |     render(AppTwo(), container);
  181 |     expect(container.firstChild.innerHTML).toBe('2');"
/home/gabriel/Disk/Research/research-javascript-test-smells/repositories/inferno/packages/inferno-create-element/__tests__/events.spec.js,Duplicate Assert,"{'line': 181, 'column': 4, 'index': 3852}","  179 |
  180 |     render(AppTwo(), container);
> 181 |     expect(container.firstChild.innerHTML).toBe('2');
      |    ^ Duplicate Assert
  182 |   });
  183 |
  184 |   it('should not leak memory #2', () => {"
/home/gabriel/Disk/Research/research-javascript-test-smells/repositories/inferno/packages/inferno-create-element/__tests__/events.spec.js,Duplicate Assert,"{'line': 198, 'column': 4, 'index': 4222}","  196 |
  197 |     render(App({ toggle: true }), container);
> 198 |     expect(container.firstChild.innerHTML).toBe('1');
      |    ^ Duplicate Assert
  199 |
  200 |     render(App({ toggle: false }), container);
  201 |     expect(container.firstChild.innerHTML).toBe('1');"
/home/gabriel/Disk/Research/research-javascript-test-smells/repositories/inferno/packages/inferno-create-element/__tests__/events.spec.js,Duplicate Assert,"{'line': 198, 'column': 4, 'index': 4222}","  196 |
  197 |     render(App({ toggle: true }), container);
> 198 |     expect(container.firstChild.innerHTML).toBe('1');
      |    ^ Duplicate Assert
  199 |
  200 |     render(App({ toggle: false }), container);
  201 |     expect(container.firstChild.innerHTML).toBe('1');"
/home/gabriel/Disk/Research/research-javascript-test-smells/repositories/inferno/packages/inferno-create-element/__tests__/events.spec.js,Duplicate Assert,"{'line': 201, 'column': 4, 'index': 4324}","  199 |
  200 |     render(App({ toggle: false }), container);
> 201 |     expect(container.firstChild.innerHTML).toBe('1');
      |    ^ Duplicate Assert
  202 |   });
  203 |
  204 |   it('should not leak memory when child changes', () => {"
/home/gabriel/Disk/Research/research-javascript-test-smells/repositories/inferno/packages/inferno-create-element/__tests__/events.spec.js,Duplicate Assert,"{'line': 201, 'column': 4, 'index': 4324}","  199 |
  200 |     render(App({ toggle: false }), container);
> 201 |     expect(container.firstChild.innerHTML).toBe('1');
      |    ^ Duplicate Assert
  202 |   });
  203 |
  204 |   it('should not leak memory when child changes', () => {"
/home/gabriel/Disk/Research/research-javascript-test-smells/repositories/inferno/packages/inferno-create-element/__tests__/events.spec.js,Duplicate Assert,"{'line': 238, 'column': 4, 'index': 5040}","  236 |
  237 |     render(App(childrenArray), container);
> 238 |     expect(container.innerHTML).toBe(
      |    ^ Duplicate Assert
  239 |       '<p><div>2</div><div>2</div><div>2</div></p>',
  240 |     );
  241 |"
/home/gabriel/Disk/Research/research-javascript-test-smells/repositories/inferno/packages/inferno-create-element/__tests__/events.spec.js,Duplicate Assert,"{'line': 245, 'column': 4, 'index': 5208}","  243 |
  244 |     render(App(childrenArray), container);
> 245 |     expect(container.innerHTML).toBe('<p><div>2</div><div>2</div></p>');
      |    ^ Duplicate Assert
  246 |
  247 |     render(AppTwo(), container);
  248 |     expect(container.innerHTML).toBe('<p>2</p>');"
/home/gabriel/Disk/Research/research-javascript-test-smells/repositories/inferno/packages/inferno-create-element/__tests__/events.spec.js,Duplicate Assert,"{'line': 248, 'column': 4, 'index': 5315}","  246 |
  247 |     render(AppTwo(), container);
> 248 |     expect(container.innerHTML).toBe('<p>2</p>');
      |    ^ Duplicate Assert
  249 |   });
  250 |
  251 |   describe('Event Propagation', () => {"
/home/gabriel/Disk/Research/research-javascript-test-smells/repositories/inferno/packages/inferno-create-element/__tests__/events.spec.js,Duplicate Assert,"{'line': 382, 'column': 6, 'index': 9063}","  380 |       render(<FooBarCom test=""1"" />, container);
  381 |       container.querySelector('span').click();
> 382 |       expect(spy2.calls.count()).toBe(1);
      |      ^ Duplicate Assert
  383 |       expect(spy1.calls.count()).toBe(1);
  384 |
  385 |       render(<FooBarCom test=""2"" />, container);"
/home/gabriel/Disk/Research/research-javascript-test-smells/repositories/inferno/packages/inferno-create-element/__tests__/events.spec.js,Duplicate Assert,"{'line': 383, 'column': 6, 'index': 9105}","  381 |       container.querySelector('span').click();
  382 |       expect(spy2.calls.count()).toBe(1);
> 383 |       expect(spy1.calls.count()).toBe(1);
      |      ^ Duplicate Assert
  384 |
  385 |       render(<FooBarCom test=""2"" />, container);
  386 |       container.querySelector('span').click();"
/home/gabriel/Disk/Research/research-javascript-test-smells/repositories/inferno/packages/inferno-create-element/__tests__/events.spec.js,Duplicate Assert,"{'line': 383, 'column': 6, 'index': 9105}","  381 |       container.querySelector('span').click();
  382 |       expect(spy2.calls.count()).toBe(1);
> 383 |       expect(spy1.calls.count()).toBe(1);
      |      ^ Duplicate Assert
  384 |
  385 |       render(<FooBarCom test=""2"" />, container);
  386 |       container.querySelector('span').click();"
/home/gabriel/Disk/Research/research-javascript-test-smells/repositories/inferno/packages/inferno-create-element/__tests__/events.spec.js,Duplicate Assert,"{'line': 387, 'column': 6, 'index': 9244}","  385 |       render(<FooBarCom test=""2"" />, container);
  386 |       container.querySelector('span').click();
> 387 |       expect(spy2.calls.count()).toBe(2);
      |      ^ Duplicate Assert
  388 |       expect(spy1.calls.count()).toBe(1);
  389 |
  390 |       render(<FooBarCom test=""3"" />, container);"
/home/gabriel/Disk/Research/research-javascript-test-smells/repositories/inferno/packages/inferno-create-element/__tests__/events.spec.js,Duplicate Assert,"{'line': 388, 'column': 6, 'index': 9286}","  386 |       container.querySelector('span').click();
  387 |       expect(spy2.calls.count()).toBe(2);
> 388 |       expect(spy1.calls.count()).toBe(1);
      |      ^ Duplicate Assert
  389 |
  390 |       render(<FooBarCom test=""3"" />, container);
  391 |       container.querySelector('span').click();"
/home/gabriel/Disk/Research/research-javascript-test-smells/repositories/inferno/packages/inferno-create-element/__tests__/events.spec.js,Duplicate Assert,"{'line': 388, 'column': 6, 'index': 9286}","  386 |       container.querySelector('span').click();
  387 |       expect(spy2.calls.count()).toBe(2);
> 388 |       expect(spy1.calls.count()).toBe(1);
      |      ^ Duplicate Assert
  389 |
  390 |       render(<FooBarCom test=""3"" />, container);
  391 |       container.querySelector('span').click();"
/home/gabriel/Disk/Research/research-javascript-test-smells/repositories/inferno/packages/inferno-create-element/__tests__/events.spec.js,Duplicate Assert,"{'line': 392, 'column': 6, 'index': 9425}","  390 |       render(<FooBarCom test=""3"" />, container);
  391 |       container.querySelector('span').click();
> 392 |       expect(spy2.calls.count()).toBe(3);
      |      ^ Duplicate Assert
  393 |       expect(spy1.calls.count()).toBe(1);
  394 |     });
  395 |"
/home/gabriel/Disk/Research/research-javascript-test-smells/repositories/inferno/packages/inferno-create-element/__tests__/events.spec.js,Duplicate Assert,"{'line': 393, 'column': 6, 'index': 9467}","  391 |       container.querySelector('span').click();
  392 |       expect(spy2.calls.count()).toBe(3);
> 393 |       expect(spy1.calls.count()).toBe(1);
      |      ^ Duplicate Assert
  394 |     });
  395 |
  396 |     it('Should remove synthetic listener if patched to null/undef', () => {"
/home/gabriel/Disk/Research/research-javascript-test-smells/repositories/inferno/packages/inferno-create-element/__tests__/events.spec.js,Duplicate Assert,"{'line': 393, 'column': 6, 'index': 9467}","  391 |       container.querySelector('span').click();
  392 |       expect(spy2.calls.count()).toBe(3);
> 393 |       expect(spy1.calls.count()).toBe(1);
      |      ^ Duplicate Assert
  394 |     });
  395 |
  396 |     it('Should remove synthetic listener if patched to null/undef', () => {"
/home/gabriel/Disk/Research/research-javascript-test-smells/repositories/inferno/packages/inferno-create-element/__tests__/events.spec.js,Duplicate Assert,"{'line': 418, 'column': 6, 'index': 10141}","  416 |       render(<FooBarCom test={true} />, container);
  417 |       container.querySelector('span').click();
> 418 |       expect(spy2.calls.count()).toBe(1);
      |      ^ Duplicate Assert
  419 |       expect(spy1.calls.count()).toBe(1);
  420 |
  421 |       render(<FooBarCom test={false} />, container);"
/home/gabriel/Disk/Research/research-javascript-test-smells/repositories/inferno/packages/inferno-create-element/__tests__/events.spec.js,Duplicate Assert,"{'line': 419, 'column': 6, 'index': 10183}","  417 |       container.querySelector('span').click();
  418 |       expect(spy2.calls.count()).toBe(1);
> 419 |       expect(spy1.calls.count()).toBe(1);
      |      ^ Duplicate Assert
  420 |
  421 |       render(<FooBarCom test={false} />, container);
  422 |       container.querySelector('span').click();"
/home/gabriel/Disk/Research/research-javascript-test-smells/repositories/inferno/packages/inferno-create-element/__tests__/events.spec.js,Duplicate Assert,"{'line': 419, 'column': 6, 'index': 10183}","  417 |       container.querySelector('span').click();
  418 |       expect(spy2.calls.count()).toBe(1);
> 419 |       expect(spy1.calls.count()).toBe(1);
      |      ^ Duplicate Assert
  420 |
  421 |       render(<FooBarCom test={false} />, container);
  422 |       container.querySelector('span').click();"
/home/gabriel/Disk/Research/research-javascript-test-smells/repositories/inferno/packages/inferno-create-element/__tests__/events.spec.js,Duplicate Assert,"{'line': 423, 'column': 6, 'index': 10326}","  421 |       render(<FooBarCom test={false} />, container);
  422 |       container.querySelector('span').click();
> 423 |       expect(spy2.calls.count()).toBe(2);
      |      ^ Duplicate Assert
  424 |       expect(spy1.calls.count()).toBe(1);
  425 |
  426 |       render(<FooBarCom test={true} />, container);"
/home/gabriel/Disk/Research/research-javascript-test-smells/repositories/inferno/packages/inferno-create-element/__tests__/events.spec.js,Duplicate Assert,"{'line': 424, 'column': 6, 'index': 10368}","  422 |       container.querySelector('span').click();
  423 |       expect(spy2.calls.count()).toBe(2);
> 424 |       expect(spy1.calls.count()).toBe(1);
      |      ^ Duplicate Assert
  425 |
  426 |       render(<FooBarCom test={true} />, container);
  427 |       container.querySelector('span').click();"
/home/gabriel/Disk/Research/research-javascript-test-smells/repositories/inferno/packages/inferno-create-element/__tests__/events.spec.js,Duplicate Assert,"{'line': 424, 'column': 6, 'index': 10368}","  422 |       container.querySelector('span').click();
  423 |       expect(spy2.calls.count()).toBe(2);
> 424 |       expect(spy1.calls.count()).toBe(1);
      |      ^ Duplicate Assert
  425 |
  426 |       render(<FooBarCom test={true} />, container);
  427 |       container.querySelector('span').click();"
/home/gabriel/Disk/Research/research-javascript-test-smells/repositories/inferno/packages/inferno-create-element/__tests__/events.spec.js,Duplicate Assert,"{'line': 428, 'column': 6, 'index': 10510}","  426 |       render(<FooBarCom test={true} />, container);
  427 |       container.querySelector('span').click();
> 428 |       expect(spy2.calls.count()).toBe(3);
      |      ^ Duplicate Assert
  429 |       expect(spy1.calls.count()).toBe(2);
  430 |     });
  431 |"
/home/gabriel/Disk/Research/research-javascript-test-smells/repositories/inferno/packages/inferno-create-element/__tests__/events.spec.js,Duplicate Assert,"{'line': 429, 'column': 6, 'index': 10552}","  427 |       container.querySelector('span').click();
  428 |       expect(spy2.calls.count()).toBe(3);
> 429 |       expect(spy1.calls.count()).toBe(2);
      |      ^ Duplicate Assert
  430 |     });
  431 |
  432 |     it('Should remove native listener if patched to null/undef', () => {"
/home/gabriel/Disk/Research/research-javascript-test-smells/repositories/inferno/packages/inferno-create-element/__tests__/events.spec.js,Duplicate Assert,"{'line': 454, 'column': 6, 'index': 11223}","  452 |       render(<FooBarCom test={true} />, container);
  453 |       container.querySelector('span').click();
> 454 |       expect(spy2.calls.count()).toBe(1);
      |      ^ Duplicate Assert
  455 |       expect(spy1.calls.count()).toBe(1);
  456 |
  457 |       render(<FooBarCom test={false} />, container);"
/home/gabriel/Disk/Research/research-javascript-test-smells/repositories/inferno/packages/inferno-create-element/__tests__/events.spec.js,Duplicate Assert,"{'line': 455, 'column': 6, 'index': 11265}","  453 |       container.querySelector('span').click();
  454 |       expect(spy2.calls.count()).toBe(1);
> 455 |       expect(spy1.calls.count()).toBe(1);
      |      ^ Duplicate Assert
  456 |
  457 |       render(<FooBarCom test={false} />, container);
  458 |       container.querySelector('span').click();"
/home/gabriel/Disk/Research/research-javascript-test-smells/repositories/inferno/packages/inferno-create-element/__tests__/events.spec.js,Duplicate Assert,"{'line': 455, 'column': 6, 'index': 11265}","  453 |       container.querySelector('span').click();
  454 |       expect(spy2.calls.count()).toBe(1);
> 455 |       expect(spy1.calls.count()).toBe(1);
      |      ^ Duplicate Assert
  456 |
  457 |       render(<FooBarCom test={false} />, container);
  458 |       container.querySelector('span').click();"
/home/gabriel/Disk/Research/research-javascript-test-smells/repositories/inferno/packages/inferno-create-element/__tests__/events.spec.js,Duplicate Assert,"{'line': 459, 'column': 6, 'index': 11408}","  457 |       render(<FooBarCom test={false} />, container);
  458 |       container.querySelector('span').click();
> 459 |       expect(spy2.calls.count()).toBe(2);
      |      ^ Duplicate Assert
  460 |       expect(spy1.calls.count()).toBe(1);
  461 |
  462 |       render(<FooBarCom test={true} />, container);"
/home/gabriel/Disk/Research/research-javascript-test-smells/repositories/inferno/packages/inferno-create-element/__tests__/events.spec.js,Duplicate Assert,"{'line': 460, 'column': 6, 'index': 11450}","  458 |       container.querySelector('span').click();
  459 |       expect(spy2.calls.count()).toBe(2);
> 460 |       expect(spy1.calls.count()).toBe(1);
      |      ^ Duplicate Assert
  461 |
  462 |       render(<FooBarCom test={true} />, container);
  463 |       container.querySelector('span').click();"
/home/gabriel/Disk/Research/research-javascript-test-smells/repositories/inferno/packages/inferno-create-element/__tests__/events.spec.js,Duplicate Assert,"{'line': 460, 'column': 6, 'index': 11450}","  458 |       container.querySelector('span').click();
  459 |       expect(spy2.calls.count()).toBe(2);
> 460 |       expect(spy1.calls.count()).toBe(1);
      |      ^ Duplicate Assert
  461 |
  462 |       render(<FooBarCom test={true} />, container);
  463 |       container.querySelector('span').click();"
/home/gabriel/Disk/Research/research-javascript-test-smells/repositories/inferno/packages/inferno-create-element/__tests__/events.spec.js,Duplicate Assert,"{'line': 464, 'column': 6, 'index': 11592}","  462 |       render(<FooBarCom test={true} />, container);
  463 |       container.querySelector('span').click();
> 464 |       expect(spy2.calls.count()).toBe(3);
      |      ^ Duplicate Assert
  465 |       expect(spy1.calls.count()).toBe(2);
  466 |     });
  467 |"
/home/gabriel/Disk/Research/research-javascript-test-smells/repositories/inferno/packages/inferno-create-element/__tests__/events.spec.js,Duplicate Assert,"{'line': 465, 'column': 6, 'index': 11634}","  463 |       container.querySelector('span').click();
  464 |       expect(spy2.calls.count()).toBe(3);
> 465 |       expect(spy1.calls.count()).toBe(2);
      |      ^ Duplicate Assert
  466 |     });
  467 |
  468 |     it('Should stop propagating normal event to document', () => {"
/home/gabriel/Disk/Research/research-javascript-test-smells/repositories/inferno/packages/inferno-create-element/__tests__/events.spec.js,Duplicate Assert,"{'line': 744, 'column': 6, 'index': 18762}","  742 |       );
  743 |
> 744 |       expect(spy.calls.count()).toBe(0);
      |      ^ Duplicate Assert
  745 |       container.querySelector('#test').click();
  746 |       expect(spy.calls.count()).toBe(1);
  747 |"
/home/gabriel/Disk/Research/research-javascript-test-smells/repositories/inferno/packages/inferno-create-element/__tests__/events.spec.js,Duplicate Assert,"{'line': 746, 'column': 6, 'index': 18851}","  744 |       expect(spy.calls.count()).toBe(0);
  745 |       container.querySelector('#test').click();
> 746 |       expect(spy.calls.count()).toBe(1);
      |      ^ Duplicate Assert
  747 |
  748 |       render(
  749 |         <div>"
/home/gabriel/Disk/Research/research-javascript-test-smells/repositories/inferno/packages/inferno-create-element/__tests__/events.spec.js,Duplicate Assert,"{'line': 746, 'column': 6, 'index': 18851}","  744 |       expect(spy.calls.count()).toBe(0);
  745 |       container.querySelector('#test').click();
> 746 |       expect(spy.calls.count()).toBe(1);
      |      ^ Duplicate Assert
  747 |
  748 |       render(
  749 |         <div>"
/home/gabriel/Disk/Research/research-javascript-test-smells/repositories/inferno/packages/inferno-create-element/__tests__/events.spec.js,Duplicate Assert,"{'line': 756, 'column': 6, 'index': 19047}","  754 |
  755 |       container.querySelector('#test').click();
> 756 |       expect(spy.calls.count()).toBe(1);
      |      ^ Duplicate Assert
  757 |     });
  758 |
  759 |     it('Should NOT remove events when listener remains there', () => {"
/home/gabriel/Disk/Research/research-javascript-test-smells/repositories/inferno/packages/inferno-create-element/__tests__/events.spec.js,Duplicate Assert,"{'line': 756, 'column': 6, 'index': 19047}","  754 |
  755 |       container.querySelector('#test').click();
> 756 |       expect(spy.calls.count()).toBe(1);
      |      ^ Duplicate Assert
  757 |     });
  758 |
  759 |     it('Should NOT remove events when listener remains there', () => {"
/home/gabriel/Disk/Research/research-javascript-test-smells/repositories/inferno/packages/inferno-create-element/__tests__/events.spec.js,Duplicate Assert,"{'line': 770, 'column': 6, 'index': 19356}","  768 |       );
  769 |
> 770 |       expect(spy.calls.count()).toBe(0);
      |      ^ Duplicate Assert
  771 |       container.querySelector('#test').click();
  772 |       expect(spy.calls.count()).toBe(1);
  773 |"
/home/gabriel/Disk/Research/research-javascript-test-smells/repositories/inferno/packages/inferno-create-element/__tests__/events.spec.js,Duplicate Assert,"{'line': 772, 'column': 6, 'index': 19445}","  770 |       expect(spy.calls.count()).toBe(0);
  771 |       container.querySelector('#test').click();
> 772 |       expect(spy.calls.count()).toBe(1);
      |      ^ Duplicate Assert
  773 |
  774 |       render(
  775 |         <div>"
/home/gabriel/Disk/Research/research-javascript-test-smells/repositories/inferno/packages/inferno-create-element/__tests__/events.spec.js,Duplicate Assert,"{'line': 784, 'column': 6, 'index': 19679}","  782 |
  783 |       container.querySelector('#test').click();
> 784 |       expect(spy.calls.count()).toBe(2);
      |      ^ Duplicate Assert
  785 |     });
  786 |
  787 |     it('Should remove events when listener is nulled', () => {"
/home/gabriel/Disk/Research/research-javascript-test-smells/repositories/inferno/packages/inferno-create-element/__tests__/events.spec.js,Duplicate Assert,"{'line': 798, 'column': 6, 'index': 19980}","  796 |       );
  797 |
> 798 |       expect(spy.calls.count()).toBe(0);
      |      ^ Duplicate Assert
  799 |       container.querySelector('#test').click();
  800 |       expect(spy.calls.count()).toBe(1);
  801 |"
/home/gabriel/Disk/Research/research-javascript-test-smells/repositories/inferno/packages/inferno-create-element/__tests__/events.spec.js,Duplicate Assert,"{'line': 800, 'column': 6, 'index': 20069}","  798 |       expect(spy.calls.count()).toBe(0);
  799 |       container.querySelector('#test').click();
> 800 |       expect(spy.calls.count()).toBe(1);
      |      ^ Duplicate Assert
  801 |
  802 |       render(
  803 |         <div>"
/home/gabriel/Disk/Research/research-javascript-test-smells/repositories/inferno/packages/inferno-create-element/__tests__/events.spec.js,Duplicate Assert,"{'line': 800, 'column': 6, 'index': 20069}","  798 |       expect(spy.calls.count()).toBe(0);
  799 |       container.querySelector('#test').click();
> 800 |       expect(spy.calls.count()).toBe(1);
      |      ^ Duplicate Assert
  801 |
  802 |       render(
  803 |         <div>"
/home/gabriel/Disk/Research/research-javascript-test-smells/repositories/inferno/packages/inferno-create-element/__tests__/events.spec.js,Duplicate Assert,"{'line': 812, 'column': 6, 'index': 20304}","  810 |
  811 |       container.querySelector('#test').click();
> 812 |       expect(spy.calls.count()).toBe(1);
      |      ^ Duplicate Assert
  813 |     });
  814 |   });
  815 | });"
/home/gabriel/Disk/Research/research-javascript-test-smells/repositories/inferno/packages/inferno-create-element/__tests__/events.spec.js,Duplicate Assert,"{'line': 812, 'column': 6, 'index': 20304}","  810 |
  811 |       container.querySelector('#test').click();
> 812 |       expect(spy.calls.count()).toBe(1);
      |      ^ Duplicate Assert
  813 |     });
  814 |   });
  815 | });"
/home/gabriel/Disk/Research/research-javascript-test-smells/repositories/inferno/packages/inferno-create-element/__tests__/events.spec.js,Magic Number,"{'line': 105, 'column': 28, 'index': 2152}","  103 |
  104 |     expect(container.firstChild.innerHTML).toBe('Count 0');
> 105 |     expect(data.count).toBe(0);
      |                            ^ Magic Number
  106 |     for (const button of buttons) {
  107 |       button.click();
  108 |     }"
/home/gabriel/Disk/Research/research-javascript-test-smells/repositories/inferno/packages/inferno-create-element/__tests__/events.spec.js,Magic Number,"{'line': 110, 'column': 28, 'index': 2308}","  108 |     }
  109 |     expect(container.firstChild.innerHTML).toBe('Count 1');
> 110 |     expect(data.count).toBe(1);
      |                            ^ Magic Number
  111 |     for (const button of buttons) {
  112 |       button.click();
  113 |     }"
/home/gabriel/Disk/Research/research-javascript-test-smells/repositories/inferno/packages/inferno-create-element/__tests__/events.spec.js,Magic Number,"{'line': 115, 'column': 28, 'index': 2464}","  113 |     }
  114 |     expect(container.firstChild.innerHTML).toBe('Count 2');
> 115 |     expect(data.count).toBe(2);
      |                            ^ Magic Number
  116 |   });
  117 |
  118 |   it('should not trigger click at all if target is disabled', () => {"
/home/gabriel/Disk/Research/research-javascript-test-smells/repositories/inferno/packages/inferno-create-element/__tests__/events.spec.js,Magic Number,"{'line': 150, 'column': 28, 'index': 3183}","  148 |
  149 |     expect(container.firstChild.innerHTML).toBe('<span>Count 0</span>');
> 150 |     expect(data.count).toBe(0);
      |                            ^ Magic Number
  151 |     for (const button of buttons) {
  152 |       button.click();
  153 |     }"
/home/gabriel/Disk/Research/research-javascript-test-smells/repositories/inferno/packages/inferno-create-element/__tests__/events.spec.js,Magic Number,"{'line': 277, 'column': 51, 'index': 6134}","  275 |       container.querySelector('#tester').click();
  276 |       setTimeout(function () {
> 277 |         expect(eventHandlerSpy.calls.count()).toBe(1);
      |                                                   ^ Magic Number
  278 |         expect(bodySpy.calls.count()).toBe(0);
  279 |         document.removeEventListener('click', bodySpy);
  280 |         done();"
/home/gabriel/Disk/Research/research-javascript-test-smells/repositories/inferno/packages/inferno-create-element/__tests__/events.spec.js,Magic Number,"{'line': 278, 'column': 43, 'index': 6181}","  276 |       setTimeout(function () {
  277 |         expect(eventHandlerSpy.calls.count()).toBe(1);
> 278 |         expect(bodySpy.calls.count()).toBe(0);
      |                                           ^ Magic Number
  279 |         document.removeEventListener('click', bodySpy);
  280 |         done();
  281 |       }, 20);"
/home/gabriel/Disk/Research/research-javascript-test-smells/repositories/inferno/packages/inferno-create-element/__tests__/events.spec.js,Magic Number,"{'line': 318, 'column': 51, 'index': 7228}","  316 |       container.querySelector('#tester').click();
  317 |       setTimeout(function () {
> 318 |         expect(eventHandlerSpy.calls.count()).toBe(1);
      |                                                   ^ Magic Number
  319 |         expect(eventHandlerSpy2.calls.count()).toBe(0);
  320 |         done();
  321 |       }, 20);"
/home/gabriel/Disk/Research/research-javascript-test-smells/repositories/inferno/packages/inferno-create-element/__tests__/events.spec.js,Magic Number,"{'line': 319, 'column': 52, 'index': 7284}","  317 |       setTimeout(function () {
  318 |         expect(eventHandlerSpy.calls.count()).toBe(1);
> 319 |         expect(eventHandlerSpy2.calls.count()).toBe(0);
      |                                                    ^ Magic Number
  320 |         done();
  321 |       }, 20);
  322 |     });"
/home/gabriel/Disk/Research/research-javascript-test-smells/repositories/inferno/packages/inferno-create-element/__tests__/events.spec.js,Magic Number,"{'line': 359, 'column': 51, 'index': 8368}","  357 |       container.querySelector('#tester').click();
  358 |       setTimeout(function () {
> 359 |         expect(eventHandlerSpy.calls.count()).toBe(1);
      |                                                   ^ Magic Number
  360 |         expect(eventHandlerSpy2.calls.count()).toBe(1);
  361 |         done();
  362 |       }, 20);"
/home/gabriel/Disk/Research/research-javascript-test-smells/repositories/inferno/packages/inferno-create-element/__tests__/events.spec.js,Magic Number,"{'line': 360, 'column': 52, 'index': 8424}","  358 |       setTimeout(function () {
  359 |         expect(eventHandlerSpy.calls.count()).toBe(1);
> 360 |         expect(eventHandlerSpy2.calls.count()).toBe(1);
      |                                                    ^ Magic Number
  361 |         done();
  362 |       }, 20);
  363 |     });"
/home/gabriel/Disk/Research/research-javascript-test-smells/repositories/inferno/packages/inferno-create-element/__tests__/events.spec.js,Magic Number,"{'line': 382, 'column': 38, 'index': 9095}","  380 |       render(<FooBarCom test=""1"" />, container);
  381 |       container.querySelector('span').click();
> 382 |       expect(spy2.calls.count()).toBe(1);
      |                                      ^ Magic Number
  383 |       expect(spy1.calls.count()).toBe(1);
  384 |
  385 |       render(<FooBarCom test=""2"" />, container);"
/home/gabriel/Disk/Research/research-javascript-test-smells/repositories/inferno/packages/inferno-create-element/__tests__/events.spec.js,Magic Number,"{'line': 383, 'column': 38, 'index': 9137}","  381 |       container.querySelector('span').click();
  382 |       expect(spy2.calls.count()).toBe(1);
> 383 |       expect(spy1.calls.count()).toBe(1);
      |                                      ^ Magic Number
  384 |
  385 |       render(<FooBarCom test=""2"" />, container);
  386 |       container.querySelector('span').click();"
/home/gabriel/Disk/Research/research-javascript-test-smells/repositories/inferno/packages/inferno-create-element/__tests__/events.spec.js,Magic Number,"{'line': 387, 'column': 38, 'index': 9276}","  385 |       render(<FooBarCom test=""2"" />, container);
  386 |       container.querySelector('span').click();
> 387 |       expect(spy2.calls.count()).toBe(2);
      |                                      ^ Magic Number
  388 |       expect(spy1.calls.count()).toBe(1);
  389 |
  390 |       render(<FooBarCom test=""3"" />, container);"
/home/gabriel/Disk/Research/research-javascript-test-smells/repositories/inferno/packages/inferno-create-element/__tests__/events.spec.js,Magic Number,"{'line': 388, 'column': 38, 'index': 9318}","  386 |       container.querySelector('span').click();
  387 |       expect(spy2.calls.count()).toBe(2);
> 388 |       expect(spy1.calls.count()).toBe(1);
      |                                      ^ Magic Number
  389 |
  390 |       render(<FooBarCom test=""3"" />, container);
  391 |       container.querySelector('span').click();"
/home/gabriel/Disk/Research/research-javascript-test-smells/repositories/inferno/packages/inferno-create-element/__tests__/events.spec.js,Magic Number,"{'line': 392, 'column': 38, 'index': 9457}","  390 |       render(<FooBarCom test=""3"" />, container);
  391 |       container.querySelector('span').click();
> 392 |       expect(spy2.calls.count()).toBe(3);
      |                                      ^ Magic Number
  393 |       expect(spy1.calls.count()).toBe(1);
  394 |     });
  395 |"
/home/gabriel/Disk/Research/research-javascript-test-smells/repositories/inferno/packages/inferno-create-element/__tests__/events.spec.js,Magic Number,"{'line': 393, 'column': 38, 'index': 9499}","  391 |       container.querySelector('span').click();
  392 |       expect(spy2.calls.count()).toBe(3);
> 393 |       expect(spy1.calls.count()).toBe(1);
      |                                      ^ Magic Number
  394 |     });
  395 |
  396 |     it('Should remove synthetic listener if patched to null/undef', () => {"
/home/gabriel/Disk/Research/research-javascript-test-smells/repositories/inferno/packages/inferno-create-element/__tests__/events.spec.js,Magic Number,"{'line': 418, 'column': 38, 'index': 10173}","  416 |       render(<FooBarCom test={true} />, container);
  417 |       container.querySelector('span').click();
> 418 |       expect(spy2.calls.count()).toBe(1);
      |                                      ^ Magic Number
  419 |       expect(spy1.calls.count()).toBe(1);
  420 |
  421 |       render(<FooBarCom test={false} />, container);"
/home/gabriel/Disk/Research/research-javascript-test-smells/repositories/inferno/packages/inferno-create-element/__tests__/events.spec.js,Magic Number,"{'line': 419, 'column': 38, 'index': 10215}","  417 |       container.querySelector('span').click();
  418 |       expect(spy2.calls.count()).toBe(1);
> 419 |       expect(spy1.calls.count()).toBe(1);
      |                                      ^ Magic Number
  420 |
  421 |       render(<FooBarCom test={false} />, container);
  422 |       container.querySelector('span').click();"
/home/gabriel/Disk/Research/research-javascript-test-smells/repositories/inferno/packages/inferno-create-element/__tests__/events.spec.js,Magic Number,"{'line': 423, 'column': 38, 'index': 10358}","  421 |       render(<FooBarCom test={false} />, container);
  422 |       container.querySelector('span').click();
> 423 |       expect(spy2.calls.count()).toBe(2);
      |                                      ^ Magic Number
  424 |       expect(spy1.calls.count()).toBe(1);
  425 |
  426 |       render(<FooBarCom test={true} />, container);"
/home/gabriel/Disk/Research/research-javascript-test-smells/repositories/inferno/packages/inferno-create-element/__tests__/events.spec.js,Magic Number,"{'line': 424, 'column': 38, 'index': 10400}","  422 |       container.querySelector('span').click();
  423 |       expect(spy2.calls.count()).toBe(2);
> 424 |       expect(spy1.calls.count()).toBe(1);
      |                                      ^ Magic Number
  425 |
  426 |       render(<FooBarCom test={true} />, container);
  427 |       container.querySelector('span').click();"
/home/gabriel/Disk/Research/research-javascript-test-smells/repositories/inferno/packages/inferno-create-element/__tests__/events.spec.js,Magic Number,"{'line': 428, 'column': 38, 'index': 10542}","  426 |       render(<FooBarCom test={true} />, container);
  427 |       container.querySelector('span').click();
> 428 |       expect(spy2.calls.count()).toBe(3);
      |                                      ^ Magic Number
  429 |       expect(spy1.calls.count()).toBe(2);
  430 |     });
  431 |"
/home/gabriel/Disk/Research/research-javascript-test-smells/repositories/inferno/packages/inferno-create-element/__tests__/events.spec.js,Magic Number,"{'line': 429, 'column': 38, 'index': 10584}","  427 |       container.querySelector('span').click();
  428 |       expect(spy2.calls.count()).toBe(3);
> 429 |       expect(spy1.calls.count()).toBe(2);
      |                                      ^ Magic Number
  430 |     });
  431 |
  432 |     it('Should remove native listener if patched to null/undef', () => {"
/home/gabriel/Disk/Research/research-javascript-test-smells/repositories/inferno/packages/inferno-create-element/__tests__/events.spec.js,Magic Number,"{'line': 454, 'column': 38, 'index': 11255}","  452 |       render(<FooBarCom test={true} />, container);
  453 |       container.querySelector('span').click();
> 454 |       expect(spy2.calls.count()).toBe(1);
      |                                      ^ Magic Number
  455 |       expect(spy1.calls.count()).toBe(1);
  456 |
  457 |       render(<FooBarCom test={false} />, container);"
/home/gabriel/Disk/Research/research-javascript-test-smells/repositories/inferno/packages/inferno-create-element/__tests__/events.spec.js,Magic Number,"{'line': 455, 'column': 38, 'index': 11297}","  453 |       container.querySelector('span').click();
  454 |       expect(spy2.calls.count()).toBe(1);
> 455 |       expect(spy1.calls.count()).toBe(1);
      |                                      ^ Magic Number
  456 |
  457 |       render(<FooBarCom test={false} />, container);
  458 |       container.querySelector('span').click();"
/home/gabriel/Disk/Research/research-javascript-test-smells/repositories/inferno/packages/inferno-create-element/__tests__/events.spec.js,Magic Number,"{'line': 459, 'column': 38, 'index': 11440}","  457 |       render(<FooBarCom test={false} />, container);
  458 |       container.querySelector('span').click();
> 459 |       expect(spy2.calls.count()).toBe(2);
      |                                      ^ Magic Number
  460 |       expect(spy1.calls.count()).toBe(1);
  461 |
  462 |       render(<FooBarCom test={true} />, container);"
/home/gabriel/Disk/Research/research-javascript-test-smells/repositories/inferno/packages/inferno-create-element/__tests__/events.spec.js,Magic Number,"{'line': 460, 'column': 38, 'index': 11482}","  458 |       container.querySelector('span').click();
  459 |       expect(spy2.calls.count()).toBe(2);
> 460 |       expect(spy1.calls.count()).toBe(1);
      |                                      ^ Magic Number
  461 |
  462 |       render(<FooBarCom test={true} />, container);
  463 |       container.querySelector('span').click();"
/home/gabriel/Disk/Research/research-javascript-test-smells/repositories/inferno/packages/inferno-create-element/__tests__/events.spec.js,Magic Number,"{'line': 464, 'column': 38, 'index': 11624}","  462 |       render(<FooBarCom test={true} />, container);
  463 |       container.querySelector('span').click();
> 464 |       expect(spy2.calls.count()).toBe(3);
      |                                      ^ Magic Number
  465 |       expect(spy1.calls.count()).toBe(2);
  466 |     });
  467 |"
/home/gabriel/Disk/Research/research-javascript-test-smells/repositories/inferno/packages/inferno-create-element/__tests__/events.spec.js,Magic Number,"{'line': 465, 'column': 38, 'index': 11666}","  463 |       container.querySelector('span').click();
  464 |       expect(spy2.calls.count()).toBe(3);
> 465 |       expect(spy1.calls.count()).toBe(2);
      |                                      ^ Magic Number
  466 |     });
  467 |
  468 |     it('Should stop propagating normal event to document', () => {"
/home/gabriel/Disk/Research/research-javascript-test-smells/repositories/inferno/packages/inferno-create-element/__tests__/events.spec.js,Magic Number,"{'line': 492, 'column': 49, 'index': 12365}","  490 |       container.querySelector('#tester').click();
  491 |
> 492 |       expect(eventHandlerSpy.calls.count()).toBe(1);
      |                                                 ^ Magic Number
  493 |       expect(bodySpy.calls.count()).toBe(0);
  494 |       document.removeEventListener('click', bodySpy);
  495 |     });"
/home/gabriel/Disk/Research/research-javascript-test-smells/repositories/inferno/packages/inferno-create-element/__tests__/events.spec.js,Magic Number,"{'line': 493, 'column': 41, 'index': 12410}","  491 |
  492 |       expect(eventHandlerSpy.calls.count()).toBe(1);
> 493 |       expect(bodySpy.calls.count()).toBe(0);
      |                                         ^ Magic Number
  494 |       document.removeEventListener('click', bodySpy);
  495 |     });
  496 |"
/home/gabriel/Disk/Research/research-javascript-test-smells/repositories/inferno/packages/inferno-create-element/__tests__/events.spec.js,Magic Number,"{'line': 531, 'column': 51, 'index': 13422}","  529 |       container.querySelector('#tester').click();
  530 |       setTimeout(function () {
> 531 |         expect(eventHandlerSpy.calls.count()).toBe(1);
      |                                                   ^ Magic Number
  532 |         expect(eventHandlerSpy2.calls.count()).toBe(0);
  533 |         done();
  534 |       }, 20);"
/home/gabriel/Disk/Research/research-javascript-test-smells/repositories/inferno/packages/inferno-create-element/__tests__/events.spec.js,Magic Number,"{'line': 532, 'column': 52, 'index': 13478}","  530 |       setTimeout(function () {
  531 |         expect(eventHandlerSpy.calls.count()).toBe(1);
> 532 |         expect(eventHandlerSpy2.calls.count()).toBe(0);
      |                                                    ^ Magic Number
  533 |         done();
  534 |       }, 20);
  535 |     });"
/home/gabriel/Disk/Research/research-javascript-test-smells/repositories/inferno/packages/inferno-create-element/__tests__/events.spec.js,Magic Number,"{'line': 571, 'column': 51, 'index': 14439}","  569 |       container.querySelector('#tester').click();
  570 |       setTimeout(function () {
> 571 |         expect(eventHandlerSpy.calls.count()).toBe(1);
      |                                                   ^ Magic Number
  572 |         expect(eventHandlerSpy2.calls.count()).toBe(0);
  573 |         done();
  574 |       }, 20);"
/home/gabriel/Disk/Research/research-javascript-test-smells/repositories/inferno/packages/inferno-create-element/__tests__/events.spec.js,Magic Number,"{'line': 572, 'column': 52, 'index': 14495}","  570 |       setTimeout(function () {
  571 |         expect(eventHandlerSpy.calls.count()).toBe(1);
> 572 |         expect(eventHandlerSpy2.calls.count()).toBe(0);
      |                                                    ^ Magic Number
  573 |         done();
  574 |       }, 20);
  575 |     });"
/home/gabriel/Disk/Research/research-javascript-test-smells/repositories/inferno/packages/inferno-create-element/__tests__/events.spec.js,Magic Number,"{'line': 623, 'column': 35, 'index': 15796}","  621 |     root4.firstChild.click();
  622 |
> 623 |     expect(spy.calls.count()).toBe(1);
      |                                   ^ Magic Number
  624 |
  625 |     render(null, root1);
  626 |     render(null, root2);"
/home/gabriel/Disk/Research/research-javascript-test-smells/repositories/inferno/packages/inferno-create-element/__tests__/events.spec.js,Magic Number,"{'line': 744, 'column': 37, 'index': 18793}","  742 |       );
  743 |
> 744 |       expect(spy.calls.count()).toBe(0);
      |                                     ^ Magic Number
  745 |       container.querySelector('#test').click();
  746 |       expect(spy.calls.count()).toBe(1);
  747 |"
/home/gabriel/Disk/Research/research-javascript-test-smells/repositories/inferno/packages/inferno-create-element/__tests__/events.spec.js,Magic Number,"{'line': 746, 'column': 37, 'index': 18882}","  744 |       expect(spy.calls.count()).toBe(0);
  745 |       container.querySelector('#test').click();
> 746 |       expect(spy.calls.count()).toBe(1);
      |                                     ^ Magic Number
  747 |
  748 |       render(
  749 |         <div>"
/home/gabriel/Disk/Research/research-javascript-test-smells/repositories/inferno/packages/inferno-create-element/__tests__/events.spec.js,Magic Number,"{'line': 756, 'column': 37, 'index': 19078}","  754 |
  755 |       container.querySelector('#test').click();
> 756 |       expect(spy.calls.count()).toBe(1);
      |                                     ^ Magic Number
  757 |     });
  758 |
  759 |     it('Should NOT remove events when listener remains there', () => {"
/home/gabriel/Disk/Research/research-javascript-test-smells/repositories/inferno/packages/inferno-create-element/__tests__/events.spec.js,Magic Number,"{'line': 770, 'column': 37, 'index': 19387}","  768 |       );
  769 |
> 770 |       expect(spy.calls.count()).toBe(0);
      |                                     ^ Magic Number
  771 |       container.querySelector('#test').click();
  772 |       expect(spy.calls.count()).toBe(1);
  773 |"
/home/gabriel/Disk/Research/research-javascript-test-smells/repositories/inferno/packages/inferno-create-element/__tests__/events.spec.js,Magic Number,"{'line': 772, 'column': 37, 'index': 19476}","  770 |       expect(spy.calls.count()).toBe(0);
  771 |       container.querySelector('#test').click();
> 772 |       expect(spy.calls.count()).toBe(1);
      |                                     ^ Magic Number
  773 |
  774 |       render(
  775 |         <div>"
/home/gabriel/Disk/Research/research-javascript-test-smells/repositories/inferno/packages/inferno-create-element/__tests__/events.spec.js,Magic Number,"{'line': 784, 'column': 37, 'index': 19710}","  782 |
  783 |       container.querySelector('#test').click();
> 784 |       expect(spy.calls.count()).toBe(2);
      |                                     ^ Magic Number
  785 |     });
  786 |
  787 |     it('Should remove events when listener is nulled', () => {"
/home/gabriel/Disk/Research/research-javascript-test-smells/repositories/inferno/packages/inferno-create-element/__tests__/events.spec.js,Magic Number,"{'line': 798, 'column': 37, 'index': 20011}","  796 |       );
  797 |
> 798 |       expect(spy.calls.count()).toBe(0);
      |                                     ^ Magic Number
  799 |       container.querySelector('#test').click();
  800 |       expect(spy.calls.count()).toBe(1);
  801 |"
/home/gabriel/Disk/Research/research-javascript-test-smells/repositories/inferno/packages/inferno-create-element/__tests__/events.spec.js,Magic Number,"{'line': 800, 'column': 37, 'index': 20100}","  798 |       expect(spy.calls.count()).toBe(0);
  799 |       container.querySelector('#test').click();
> 800 |       expect(spy.calls.count()).toBe(1);
      |                                     ^ Magic Number
  801 |
  802 |       render(
  803 |         <div>"
/home/gabriel/Disk/Research/research-javascript-test-smells/repositories/inferno/packages/inferno-create-element/__tests__/events.spec.js,Magic Number,"{'line': 812, 'column': 37, 'index': 20335}","  810 |
  811 |       container.querySelector('#test').click();
> 812 |       expect(spy.calls.count()).toBe(1);
      |                                     ^ Magic Number
  813 |     });
  814 |   });
  815 | });"
/home/gabriel/Disk/Research/research-javascript-test-smells/repositories/inferno/packages/inferno-create-element/__tests__/events.spec.js,Sleepy Test,"{'line': 276, 'column': 6, 'index': 6058}","  274 |
  275 |       container.querySelector('#tester').click();
> 276 |       setTimeout(function () {
      |      ^ Sleepy Test
  277 |         expect(eventHandlerSpy.calls.count()).toBe(1);
  278 |         expect(bodySpy.calls.count()).toBe(0);
  279 |         document.removeEventListener('click', bodySpy);"
/home/gabriel/Disk/Research/research-javascript-test-smells/repositories/inferno/packages/inferno-create-element/__tests__/events.spec.js,Sleepy Test,"{'line': 317, 'column': 6, 'index': 7152}","  315 |
  316 |       container.querySelector('#tester').click();
> 317 |       setTimeout(function () {
      |      ^ Sleepy Test
  318 |         expect(eventHandlerSpy.calls.count()).toBe(1);
  319 |         expect(eventHandlerSpy2.calls.count()).toBe(0);
  320 |         done();"
/home/gabriel/Disk/Research/research-javascript-test-smells/repositories/inferno/packages/inferno-create-element/__tests__/events.spec.js,Sleepy Test,"{'line': 358, 'column': 6, 'index': 8292}","  356 |
  357 |       container.querySelector('#tester').click();
> 358 |       setTimeout(function () {
      |      ^ Sleepy Test
  359 |         expect(eventHandlerSpy.calls.count()).toBe(1);
  360 |         expect(eventHandlerSpy2.calls.count()).toBe(1);
  361 |         done();"
/home/gabriel/Disk/Research/research-javascript-test-smells/repositories/inferno/packages/inferno-create-element/__tests__/events.spec.js,Sleepy Test,"{'line': 530, 'column': 6, 'index': 13346}","  528 |
  529 |       container.querySelector('#tester').click();
> 530 |       setTimeout(function () {
      |      ^ Sleepy Test
  531 |         expect(eventHandlerSpy.calls.count()).toBe(1);
  532 |         expect(eventHandlerSpy2.calls.count()).toBe(0);
  533 |         done();"
/home/gabriel/Disk/Research/research-javascript-test-smells/repositories/inferno/packages/inferno-create-element/__tests__/events.spec.js,Sleepy Test,"{'line': 570, 'column': 6, 'index': 14363}","  568 |
  569 |       container.querySelector('#tester').click();
> 570 |       setTimeout(function () {
      |      ^ Sleepy Test
  571 |         expect(eventHandlerSpy.calls.count()).toBe(1);
  572 |         expect(eventHandlerSpy2.calls.count()).toBe(0);
  573 |         done();"
/home/gabriel/Disk/Research/research-javascript-test-smells/repositories/inferno/packages/inferno-create-element/__tests__/events.spec.js,Unknown Test,"{'column': 2, 'line': 578}","  576 |   });
  577 |
> 578 |   it('Should work with spread attributes', (done) => {
      |  ^ Unknown Test
  579 |     function SmallComponent(props) {
  580 |       return (
  581 |         <div id=""testClick"" {...props}>"
