file,type,line,frame
/home/gabriel/Disk/Research/research-javascript-test-smells/repositories/github-readme-stats/tests/wakatime.test.js,Duplicate Assert,"{'line': 138, 'column': 4, 'index': 3543}","  136 |     await wakatime(req, res);
  137 |
> 138 |     expect(res.setHeader).toHaveBeenCalledWith(""Content-Type"", ""image/svg+xml"");
      |    ^ Duplicate Assert
  139 |     expect(res.setHeader).toHaveBeenCalledWith(
  140 |       ""Cache-Control"",
  141 |       `max-age=${CACHE_TTL.WAKATIME_CARD.DEFAULT}, ` +"
/home/gabriel/Disk/Research/research-javascript-test-smells/repositories/github-readme-stats/tests/wakatime.test.js,Duplicate Assert,"{'line': 139, 'column': 4, 'index': 3624}","  137 |
  138 |     expect(res.setHeader).toHaveBeenCalledWith(""Content-Type"", ""image/svg+xml"");
> 139 |     expect(res.setHeader).toHaveBeenCalledWith(
      |    ^ Duplicate Assert
  140 |       ""Cache-Control"",
  141 |       `max-age=${CACHE_TTL.WAKATIME_CARD.DEFAULT}, ` +
  142 |         `s-maxage=${CACHE_TTL.WAKATIME_CARD.DEFAULT}, ` +"
/home/gabriel/Disk/Research/research-javascript-test-smells/repositories/github-readme-stats/tests/top-langs.test.js,Duplicate Assert,"{'line': 239, 'column': 4, 'index': 5769}","  237 |     await topLangs(req, res);
  238 |
> 239 |     expect(res.setHeader).toHaveBeenCalledWith(""Content-Type"", ""image/svg+xml"");
      |    ^ Duplicate Assert
  240 |     expect(res.setHeader).toHaveBeenCalledWith(
  241 |       ""Cache-Control"",
  242 |       `max-age=${CACHE_TTL.TOP_LANGS_CARD.DEFAULT}, ` +"
/home/gabriel/Disk/Research/research-javascript-test-smells/repositories/github-readme-stats/tests/top-langs.test.js,Duplicate Assert,"{'line': 240, 'column': 4, 'index': 5850}","  238 |
  239 |     expect(res.setHeader).toHaveBeenCalledWith(""Content-Type"", ""image/svg+xml"");
> 240 |     expect(res.setHeader).toHaveBeenCalledWith(
      |    ^ Duplicate Assert
  241 |       ""Cache-Control"",
  242 |       `max-age=${CACHE_TTL.TOP_LANGS_CARD.DEFAULT}, ` +
  243 |         `s-maxage=${CACHE_TTL.TOP_LANGS_CARD.DEFAULT}, ` +"
/home/gabriel/Disk/Research/research-javascript-test-smells/repositories/github-readme-stats/tests/top-langs.test.js,Lazy Test,"{'line': 93, 'column': 42, 'index': 2062}","  91 |
  92 |     expect(res.setHeader).toHaveBeenCalledWith(""Content-Type"", ""image/svg+xml"");
> 93 |     expect(res.send).toHaveBeenCalledWith(renderTopLanguages(langs));
     |                                          ^ Lazy Test
  94 |   });
  95 |
  96 |   it(""should work with the query options"", async () => {"
/home/gabriel/Disk/Research/research-javascript-test-smells/repositories/github-readme-stats/tests/top-langs.test.js,Lazy Test,"{'line': 118, 'column': 6, 'index': 2706}","  116 |     expect(res.setHeader).toHaveBeenCalledWith(""Content-Type"", ""image/svg+xml"");
  117 |     expect(res.send).toHaveBeenCalledWith(
> 118 |       renderTopLanguages(langs, {
      |      ^ Lazy Test
  119 |         hide_title: true,
  120 |         card_width: 100,
  121 |         title_color: ""fff"","
/home/gabriel/Disk/Research/research-javascript-test-smells/repositories/github-readme-stats/tests/top-langs.test.js,Lazy Test,"{'line': 145, 'column': 6, 'index': 3377}","  143 |     expect(res.setHeader).toHaveBeenCalledWith(""Content-Type"", ""image/svg+xml"");
  144 |     expect(res.send).toHaveBeenCalledWith(
> 145 |       renderError({
      |      ^ Lazy Test
  146 |         message: error.errors[0].message,
  147 |         secondaryMessage:
  148 |           ""Make sure the provided username is not an organization"","
/home/gabriel/Disk/Research/research-javascript-test-smells/repositories/github-readme-stats/tests/top-langs.test.js,Lazy Test,"{'line': 170, 'column': 6, 'index': 4043}","  168 |     expect(res.setHeader).toHaveBeenCalledWith(""Content-Type"", ""image/svg+xml"");
  169 |     expect(res.send).toHaveBeenCalledWith(
> 170 |       renderError({
      |      ^ Lazy Test
  171 |         message: ""Something went wrong"",
  172 |         secondaryMessage: ""Incorrect layout input"",
  173 |       }),"
/home/gabriel/Disk/Research/research-javascript-test-smells/repositories/github-readme-stats/tests/top-langs.test.js,Lazy Test,"{'line': 193, 'column': 6, 'index': 4641}","  191 |     expect(res.setHeader).toHaveBeenCalledWith(""Content-Type"", ""image/svg+xml"");
  192 |     expect(res.send).toHaveBeenCalledWith(
> 193 |       renderError({
      |      ^ Lazy Test
  194 |         message: ""This username is blacklisted"",
  195 |         secondaryMessage: ""Please deploy your own instance"",
  196 |         renderOptions: { show_repo_link: false },"
/home/gabriel/Disk/Research/research-javascript-test-smells/repositories/github-readme-stats/tests/top-langs.test.js,Lazy Test,"{'line': 218, 'column': 6, 'index': 5329}","  216 |     expect(res.setHeader).toHaveBeenCalledWith(""Content-Type"", ""image/svg+xml"");
  217 |     expect(res.send).toHaveBeenCalledWith(
> 218 |       renderError({
      |      ^ Lazy Test
  219 |         message: ""Something went wrong"",
  220 |         secondaryMessage: ""Locale not found"",
  221 |       }),"
/home/gabriel/Disk/Research/research-javascript-test-smells/repositories/github-readme-stats/tests/retryer.test.js,Conditional Test Logic,"{'line': 23, 'column': 4, 'index': 639}","  21 |     // faking rate limit
  22 |     // @ts-ignore
> 23 |     if (retries < 1) {
     |    ^ Conditional Test Logic
  24 |       return res({ data: { errors: [{ type: ""RATE_LIMITED"" }] } });
  25 |     }
  26 |     return res({ data: ""ok"" });"
/home/gabriel/Disk/Research/research-javascript-test-smells/repositories/github-readme-stats/tests/retryer.test.js,Conditional Test Logic,"{'line': 35, 'column': 6, 'index': 951}","  33 |       // faking rate limit
  34 |       // @ts-ignore
> 35 |       if (retries < 1) {
     |      ^ Conditional Test Logic
  36 |         return res({
  37 |           data: {
  38 |             errors: ["
/home/gabriel/Disk/Research/research-javascript-test-smells/repositories/github-readme-stats/tests/retryer.test.js,Exception Handling,"{'line': 75, 'column': 4, 'index': 2178}","  73 |
  74 |   it(""retryer should throw specific error if maximum retries reached"", async () => {
> 75 |     try {
     |    ^ Exception Handling
  76 |       await retryer(fetcherFail, {});
  77 |     } catch (err) {
  78 |       expect(fetcherFail).toHaveBeenCalledTimes(RETRIES + 1);"
/home/gabriel/Disk/Research/research-javascript-test-smells/repositories/github-readme-stats/tests/retryer.test.js,Lazy Test,"{'line': 54, 'column': 20, 'index': 1412}","  52 | describe(""Test Retryer"", () => {
  53 |   it(""retryer should return value and have zero retries on first try"", async () => {
> 54 |     let res = await retryer(fetcher, {});
     |                    ^ Lazy Test
  55 |
  56 |     expect(fetcher).toHaveBeenCalledTimes(1);
  57 |     expect(res).toStrictEqual({ data: ""ok"" });"
/home/gabriel/Disk/Research/research-javascript-test-smells/repositories/github-readme-stats/tests/retryer.test.js,Lazy Test,"{'line': 61, 'column': 20, 'index': 1624}","  59 |
  60 |   it(""retryer should return value and have 2 retries"", async () => {
> 61 |     let res = await retryer(fetcherFailOnSecondTry, {});
     |                    ^ Lazy Test
  62 |
  63 |     expect(fetcherFailOnSecondTry).toHaveBeenCalledTimes(2);
  64 |     expect(res).toStrictEqual({ data: ""ok"" });"
/home/gabriel/Disk/Research/research-javascript-test-smells/repositories/github-readme-stats/tests/retryer.test.js,Lazy Test,"{'line': 68, 'column': 20, 'index': 1902}","  66 |
  67 |   it(""retryer should return value and have 2 retries with message based rate limit error"", async () => {
> 68 |     let res = await retryer(fetcherFailWithMessageBasedRateLimitErr, {});
     |                    ^ Lazy Test
  69 |
  70 |     expect(fetcherFailWithMessageBasedRateLimitErr).toHaveBeenCalledTimes(2);
  71 |     expect(res).toStrictEqual({ data: ""ok"" });"
/home/gabriel/Disk/Research/research-javascript-test-smells/repositories/github-readme-stats/tests/retryer.test.js,Lazy Test,"{'line': 76, 'column': 12, 'index': 2196}","  74 |   it(""retryer should throw specific error if maximum retries reached"", async () => {
  75 |     try {
> 76 |       await retryer(fetcherFail, {});
     |            ^ Lazy Test
  77 |     } catch (err) {
  78 |       expect(fetcherFail).toHaveBeenCalledTimes(RETRIES + 1);
  79 |       // @ts-ignore"
/home/gabriel/Disk/Research/research-javascript-test-smells/repositories/github-readme-stats/tests/renderWakatimeCard.test.js,Duplicate Assert,"{'line': 53, 'column': 4, 'index': 1771}","  51 |       border_radius: ""0"",
  52 |     });
> 53 |     expect(document.querySelector(""rect"")).toHaveAttribute(""rx"", ""0"");
     |    ^ Duplicate Assert
  54 |     document.body.innerHTML = renderWakatimeCard(wakaTimeData.data, {});
  55 |     expect(document.querySelector(""rect"")).toHaveAttribute(""rx"", ""4.5"");
  56 |   });"
/home/gabriel/Disk/Research/research-javascript-test-smells/repositories/github-readme-stats/tests/renderWakatimeCard.test.js,Duplicate Assert,"{'line': 55, 'column': 4, 'index': 1915}","  53 |     expect(document.querySelector(""rect"")).toHaveAttribute(""rx"", ""0"");
  54 |     document.body.innerHTML = renderWakatimeCard(wakaTimeData.data, {});
> 55 |     expect(document.querySelector(""rect"")).toHaveAttribute(""rx"", ""4.5"");
     |    ^ Duplicate Assert
  56 |   });
  57 |
  58 |   it('should show ""no coding activity this week"" message when there has not been activity', () => {"
/home/gabriel/Disk/Research/research-javascript-test-smells/repositories/github-readme-stats/tests/renderWakatimeCard.test.js,Eager Test,"{'line': 50, 'column': 30, 'index': 1693}","  48 |
  49 |   it(""should render without rounding"", () => {
> 50 |     document.body.innerHTML = renderWakatimeCard(wakaTimeData.data, {
     |                              ^ Eager Test
  51 |       border_radius: ""0"",
  52 |     });
  53 |     expect(document.querySelector(""rect"")).toHaveAttribute(""rx"", ""0"");"
/home/gabriel/Disk/Research/research-javascript-test-smells/repositories/github-readme-stats/tests/renderWakatimeCard.test.js,Eager Test,"{'line': 54, 'column': 30, 'index': 1868}","  52 |     });
  53 |     expect(document.querySelector(""rect"")).toHaveAttribute(""rx"", ""0"");
> 54 |     document.body.innerHTML = renderWakatimeCard(wakaTimeData.data, {});
     |                              ^ Eager Test
  55 |     expect(document.querySelector(""rect"")).toHaveAttribute(""rx"", ""4.5"");
  56 |   });
  57 |"
/home/gabriel/Disk/Research/research-javascript-test-smells/repositories/github-readme-stats/tests/renderWakatimeCard.test.js,Lazy Test,"{'line': 9, 'column': 17, 'index': 367}","   7 | describe(""Test Render WakaTime Card"", () => {
   8 |   it(""should render correctly"", () => {
>  9 |     const card = renderWakatimeCard(wakaTimeData.data);
     |                 ^ Lazy Test
  10 |     expect(card).toMatchSnapshot();
  11 |   });
  12 |"
/home/gabriel/Disk/Research/research-javascript-test-smells/repositories/github-readme-stats/tests/renderWakatimeCard.test.js,Lazy Test,"{'line': 14, 'column': 17, 'index': 526}","  12 |
  13 |   it(""should render correctly with compact layout"", () => {
> 14 |     const card = renderWakatimeCard(wakaTimeData.data, { layout: ""compact"" });
     |                 ^ Lazy Test
  15 |
  16 |     expect(card).toMatchSnapshot();
  17 |   });"
/home/gabriel/Disk/Research/research-javascript-test-smells/repositories/github-readme-stats/tests/renderWakatimeCard.test.js,Lazy Test,"{'line': 20, 'column': 17, 'index': 733}","  18 |
  19 |   it(""should render correctly with compact layout when langs_count is set"", () => {
> 20 |     const card = renderWakatimeCard(wakaTimeData.data, {
     |                 ^ Lazy Test
  21 |       layout: ""compact"",
  22 |       langs_count: 2,
  23 |     });"
/home/gabriel/Disk/Research/research-javascript-test-smells/repositories/github-readme-stats/tests/renderWakatimeCard.test.js,Lazy Test,"{'line': 29, 'column': 30, 'index': 960}","  27 |
  28 |   it(""should hide languages when hide is passed"", () => {
> 29 |     document.body.innerHTML = renderWakatimeCard(wakaTimeData.data, {
     |                              ^ Lazy Test
  30 |       hide: [""YAML"", ""Other""],
  31 |     });
  32 |"
/home/gabriel/Disk/Research/research-javascript-test-smells/repositories/github-readme-stats/tests/renderWakatimeCard.test.js,Lazy Test,"{'line': 39, 'column': 30, 'index': 1317}","  37 |
  38 |   it(""should render translations"", () => {
> 39 |     document.body.innerHTML = renderWakatimeCard({}, { locale: ""cn"" });
     |                              ^ Lazy Test
  40 |     expect(document.getElementsByClassName(""header"")[0].textContent).toBe(
  41 |       ""WakaTime 周统计"",
  42 |     );"
/home/gabriel/Disk/Research/research-javascript-test-smells/repositories/github-readme-stats/tests/renderWakatimeCard.test.js,Lazy Test,"{'line': 50, 'column': 30, 'index': 1693}","  48 |
  49 |   it(""should render without rounding"", () => {
> 50 |     document.body.innerHTML = renderWakatimeCard(wakaTimeData.data, {
     |                              ^ Lazy Test
  51 |       border_radius: ""0"",
  52 |     });
  53 |     expect(document.querySelector(""rect"")).toHaveAttribute(""rx"", ""0"");"
/home/gabriel/Disk/Research/research-javascript-test-smells/repositories/github-readme-stats/tests/renderWakatimeCard.test.js,Lazy Test,"{'line': 59, 'column': 30, 'index': 2121}","  57 |
  58 |   it('should show ""no coding activity this week"" message when there has not been activity', () => {
> 59 |     document.body.innerHTML = renderWakatimeCard(
     |                              ^ Lazy Test
  60 |       {
  61 |         ...wakaTimeData.data,
  62 |         languages: undefined,"
/home/gabriel/Disk/Research/research-javascript-test-smells/repositories/github-readme-stats/tests/renderWakatimeCard.test.js,Lazy Test,"{'line': 72, 'column': 30, 'index': 2504}","  70 |
  71 |   it('should show ""no coding activity this week"" message when using compact layout and there has not been activity', () => {
> 72 |     document.body.innerHTML = renderWakatimeCard(
     |                              ^ Lazy Test
  73 |       {
  74 |         ...wakaTimeData.data,
  75 |         languages: undefined,"
/home/gabriel/Disk/Research/research-javascript-test-smells/repositories/github-readme-stats/tests/renderWakatimeCard.test.js,Lazy Test,"{'line': 87, 'column': 17, 'index': 2851}","  85 |
  86 |   it(""should render correctly with percent display format"", () => {
> 87 |     const card = renderWakatimeCard(wakaTimeData.data, {
     |                 ^ Lazy Test
  88 |       display_format: ""percent"",
  89 |     });
  90 |     expect(card).toMatchSnapshot();"
/home/gabriel/Disk/Research/research-javascript-test-smells/repositories/github-readme-stats/tests/renderTopLanguagesCard.test.js,Conditional Test Logic,"{'line': 71, 'column': 2, 'index': 1891}","  69 |   let startAngle =
  70 |     cartesianToPolar(centerX, centerY, dTmp[7], dTmp[8]).angleInDegrees + 90;
> 71 |   if (startAngle > endAngle) {
     |  ^ Conditional Test Logic
  72 |     startAngle -= 360;
  73 |   }
  74 |   return (endAngle - startAngle) / 3.6;"
/home/gabriel/Disk/Research/research-javascript-test-smells/repositories/github-readme-stats/tests/renderTopLanguagesCard.test.js,Duplicate Assert,"{'line': 390, 'column': 4, 'index': 13237}","  388 |       hide: [""HTML""],
  389 |     });
> 390 |     expect(queryAllByTestId(document.body, ""lang-name"")[0]).toBeInTheDocument(
      |    ^ Duplicate Assert
  391 |       ""javascript"",
  392 |     );
  393 |     expect(queryAllByTestId(document.body, ""lang-name"")[1]).toBeInTheDocument("
/home/gabriel/Disk/Research/research-javascript-test-smells/repositories/github-readme-stats/tests/renderTopLanguagesCard.test.js,Duplicate Assert,"{'line': 393, 'column': 4, 'index': 13343}","  391 |       ""javascript"",
  392 |     );
> 393 |     expect(queryAllByTestId(document.body, ""lang-name"")[1]).toBeInTheDocument(
      |    ^ Duplicate Assert
  394 |       ""css"",
  395 |     );
  396 |     expect(queryAllByTestId(document.body, ""lang-name"")[2]).not.toBeDefined();"
/home/gabriel/Disk/Research/research-javascript-test-smells/repositories/github-readme-stats/tests/renderTopLanguagesCard.test.js,Duplicate Assert,"{'line': 402, 'column': 4, 'index': 13650}","  400 |       hide: [""HTML"", ""css""],
  401 |     });
> 402 |     expect(queryAllByTestId(document.body, ""lang-name"")[0]).toBeInTheDocument(
      |    ^ Duplicate Assert
  403 |       ""javascript"",
  404 |     );
  405 |     expect(queryAllByTestId(document.body, ""lang-name"")[1]).not.toBeDefined();"
/home/gabriel/Disk/Research/research-javascript-test-smells/repositories/github-readme-stats/tests/renderTopLanguagesCard.test.js,Duplicate Assert,"{'line': 405, 'column': 4, 'index': 13756}","  403 |       ""javascript"",
  404 |     );
> 405 |     expect(queryAllByTestId(document.body, ""lang-name"")[1]).not.toBeDefined();
      |    ^ Duplicate Assert
  406 |   });
  407 |
  408 |   it(""should resize the height correctly depending on langs"", () => {"
/home/gabriel/Disk/Research/research-javascript-test-smells/repositories/github-readme-stats/tests/renderTopLanguagesCard.test.js,Duplicate Assert,"{'line': 410, 'column': 4, 'index': 13973}","  408 |   it(""should resize the height correctly depending on langs"", () => {
  409 |     document.body.innerHTML = renderTopLanguages(langs, {});
> 410 |     expect(document.querySelector(""svg"")).toHaveAttribute(""height"", ""205"");
      |    ^ Duplicate Assert
  411 |
  412 |     document.body.innerHTML = renderTopLanguages(
  413 |       {"
/home/gabriel/Disk/Research/research-javascript-test-smells/repositories/github-readme-stats/tests/renderTopLanguagesCard.test.js,Duplicate Assert,"{'line': 423, 'column': 4, 'index': 14253}","  421 |       {},
  422 |     );
> 423 |     expect(document.querySelector(""svg"")).toHaveAttribute(""height"", ""245"");
      |    ^ Duplicate Assert
  424 |   });
  425 |
  426 |   it(""should render with custom width set"", () => {"
/home/gabriel/Disk/Research/research-javascript-test-smells/repositories/github-readme-stats/tests/renderTopLanguagesCard.test.js,Duplicate Assert,"{'line': 429, 'column': 4, 'index': 14450}","  427 |     document.body.innerHTML = renderTopLanguages(langs, {});
  428 |
> 429 |     expect(document.querySelector(""svg"")).toHaveAttribute(""width"", ""300"");
      |    ^ Duplicate Assert
  430 |
  431 |     document.body.innerHTML = renderTopLanguages(langs, { card_width: 400 });
  432 |     expect(document.querySelector(""svg"")).toHaveAttribute(""width"", ""400"");"
/home/gabriel/Disk/Research/research-javascript-test-smells/repositories/github-readme-stats/tests/renderTopLanguagesCard.test.js,Duplicate Assert,"{'line': 432, 'column': 4, 'index': 14604}","  430 |
  431 |     document.body.innerHTML = renderTopLanguages(langs, { card_width: 400 });
> 432 |     expect(document.querySelector(""svg"")).toHaveAttribute(""width"", ""400"");
      |    ^ Duplicate Assert
  433 |   });
  434 |
  435 |   it(""should render with min width"", () => {"
/home/gabriel/Disk/Research/research-javascript-test-smells/repositories/github-readme-stats/tests/renderTopLanguagesCard.test.js,Duplicate Assert,"{'line': 438, 'column': 4, 'index': 14810}","  436 |     document.body.innerHTML = renderTopLanguages(langs, { card_width: 190 });
  437 |
> 438 |     expect(document.querySelector(""svg"")).toHaveAttribute(
      |    ^ Duplicate Assert
  439 |       ""width"",
  440 |       MIN_CARD_WIDTH.toString(),
  441 |     );"
/home/gabriel/Disk/Research/research-javascript-test-smells/repositories/github-readme-stats/tests/renderTopLanguagesCard.test.js,Duplicate Assert,"{'line': 444, 'column': 4, 'index': 15003}","  442 |
  443 |     document.body.innerHTML = renderTopLanguages(langs, { card_width: 100 });
> 444 |     expect(document.querySelector(""svg"")).toHaveAttribute(
      |    ^ Duplicate Assert
  445 |       ""width"",
  446 |       MIN_CARD_WIDTH.toString(),
  447 |     );"
/home/gabriel/Disk/Research/research-javascript-test-smells/repositories/github-readme-stats/tests/renderTopLanguagesCard.test.js,Duplicate Assert,"{'line': 572, 'column': 4, 'index': 19172}","  570 |     );
  571 |
> 572 |     expect(queryAllByTestId(document.body, ""lang-name"")[0]).toHaveTextContent(
      |    ^ Duplicate Assert
  573 |       ""HTML 40.00%"",
  574 |     );
  575 |     expect(queryAllByTestId(document.body, ""lang-donut"")[0]).toHaveAttribute("
/home/gabriel/Disk/Research/research-javascript-test-smells/repositories/github-readme-stats/tests/renderTopLanguagesCard.test.js,Duplicate Assert,"{'line': 575, 'column': 4, 'index': 19279}","  573 |       ""HTML 40.00%"",
  574 |     );
> 575 |     expect(queryAllByTestId(document.body, ""lang-donut"")[0]).toHaveAttribute(
      |    ^ Duplicate Assert
  576 |       ""size"",
  577 |       ""40"",
  578 |     );"
/home/gabriel/Disk/Research/research-javascript-test-smells/repositories/github-readme-stats/tests/renderTopLanguagesCard.test.js,Duplicate Assert,"{'line': 625, 'column': 4, 'index': 20932}","  623 |       { layout: ""donut"" },
  624 |     );
> 625 |     expect(queryAllByTestId(document.body, ""lang-name"")[0]).toHaveTextContent(
      |    ^ Duplicate Assert
  626 |       ""HTML 100.00%"",
  627 |     );
  628 |     expect(queryAllByTestId(document.body, ""lang-donut"")[0]).toHaveAttribute("
/home/gabriel/Disk/Research/research-javascript-test-smells/repositories/github-readme-stats/tests/renderTopLanguagesCard.test.js,Duplicate Assert,"{'line': 628, 'column': 4, 'index': 21040}","  626 |       ""HTML 100.00%"",
  627 |     );
> 628 |     expect(queryAllByTestId(document.body, ""lang-donut"")[0]).toHaveAttribute(
      |    ^ Duplicate Assert
  629 |       ""size"",
  630 |       ""100"",
  631 |     );"
/home/gabriel/Disk/Research/research-javascript-test-smells/repositories/github-readme-stats/tests/renderTopLanguagesCard.test.js,Duplicate Assert,"{'line': 742, 'column': 4, 'index': 24595}","  740 |     );
  741 |
> 742 |     expect(queryAllByTestId(document.body, ""lang-name"")[0]).toHaveTextContent(
      |    ^ Duplicate Assert
  743 |       ""HTML 40.00%"",
  744 |     );
  745 |     expect(queryAllByTestId(document.body, ""lang-pie"")[0]).toHaveAttribute("
/home/gabriel/Disk/Research/research-javascript-test-smells/repositories/github-readme-stats/tests/renderTopLanguagesCard.test.js,Duplicate Assert,"{'line': 745, 'column': 4, 'index': 24702}","  743 |       ""HTML 40.00%"",
  744 |     );
> 745 |     expect(queryAllByTestId(document.body, ""lang-pie"")[0]).toHaveAttribute(
      |    ^ Duplicate Assert
  746 |       ""size"",
  747 |       ""40"",
  748 |     );"
/home/gabriel/Disk/Research/research-javascript-test-smells/repositories/github-readme-stats/tests/renderTopLanguagesCard.test.js,Duplicate Assert,"{'line': 796, 'column': 4, 'index': 26332}","  794 |       { layout: ""pie"" },
  795 |     );
> 796 |     expect(queryAllByTestId(document.body, ""lang-name"")[0]).toHaveTextContent(
      |    ^ Duplicate Assert
  797 |       ""HTML 100.00%"",
  798 |     );
  799 |     expect(queryAllByTestId(document.body, ""lang-pie"")[0]).toHaveAttribute("
/home/gabriel/Disk/Research/research-javascript-test-smells/repositories/github-readme-stats/tests/renderTopLanguagesCard.test.js,Duplicate Assert,"{'line': 799, 'column': 4, 'index': 26440}","  797 |       ""HTML 100.00%"",
  798 |     );
> 799 |     expect(queryAllByTestId(document.body, ""lang-pie"")[0]).toHaveAttribute(
      |    ^ Duplicate Assert
  800 |       ""size"",
  801 |       ""100"",
  802 |     );"
/home/gabriel/Disk/Research/research-javascript-test-smells/repositories/github-readme-stats/tests/renderTopLanguagesCard.test.js,Duplicate Assert,"{'line': 818, 'column': 4, 'index': 27083}","  816 |   it(""should render without rounding"", () => {
  817 |     document.body.innerHTML = renderTopLanguages(langs, { border_radius: ""0"" });
> 818 |     expect(document.querySelector(""rect"")).toHaveAttribute(""rx"", ""0"");
      |    ^ Duplicate Assert
  819 |     document.body.innerHTML = renderTopLanguages(langs, {});
  820 |     expect(document.querySelector(""rect"")).toHaveAttribute(""rx"", ""4.5"");
  821 |   });"
/home/gabriel/Disk/Research/research-javascript-test-smells/repositories/github-readme-stats/tests/renderTopLanguagesCard.test.js,Duplicate Assert,"{'line': 820, 'column': 4, 'index': 27215}","  818 |     expect(document.querySelector(""rect"")).toHaveAttribute(""rx"", ""0"");
  819 |     document.body.innerHTML = renderTopLanguages(langs, {});
> 820 |     expect(document.querySelector(""rect"")).toHaveAttribute(""rx"", ""4.5"");
      |    ^ Duplicate Assert
  821 |   });
  822 |
  823 |   it(""should render langs with specified langs_count"", () => {"
/home/gabriel/Disk/Research/research-javascript-test-smells/repositories/github-readme-stats/tests/renderTopLanguagesCard.test.js,Duplicate Assert,"{'line': 857, 'column': 4, 'index': 28368}","  855 |     });
  856 |
> 857 |     expect(queryAllByTestId(document.body, ""lang-name"")[0]).toHaveTextContent(
      |    ^ Duplicate Assert
  858 |       ""HTML 40.00%"",
  859 |     );
  860 |"
/home/gabriel/Disk/Research/research-javascript-test-smells/repositories/github-readme-stats/tests/renderTopLanguagesCard.test.js,Duplicate Assert,"{'line': 861, 'column': 4, 'index': 28476}","  859 |     );
  860 |
> 861 |     expect(queryAllByTestId(document.body, ""lang-name"")[1]).toHaveTextContent(
      |    ^ Duplicate Assert
  862 |       ""javascript 40.00%"",
  863 |     );
  864 |"
/home/gabriel/Disk/Research/research-javascript-test-smells/repositories/github-readme-stats/tests/renderTopLanguagesCard.test.js,Duplicate Assert,"{'line': 865, 'column': 4, 'index': 28590}","  863 |     );
  864 |
> 865 |     expect(queryAllByTestId(document.body, ""lang-name"")[2]).toHaveTextContent(
      |    ^ Duplicate Assert
  866 |       ""css 20.00%"",
  867 |     );
  868 |"
/home/gabriel/Disk/Research/research-javascript-test-smells/repositories/github-readme-stats/tests/renderTopLanguagesCard.test.js,Duplicate Assert,"{'line': 874, 'column': 4, 'index': 28818}","  872 |     });
  873 |
> 874 |     expect(queryAllByTestId(document.body, ""lang-name"")[0]).toHaveTextContent(
      |    ^ Duplicate Assert
  875 |       ""HTML 200.0 B"",
  876 |     );
  877 |"
/home/gabriel/Disk/Research/research-javascript-test-smells/repositories/github-readme-stats/tests/renderTopLanguagesCard.test.js,Duplicate Assert,"{'line': 878, 'column': 4, 'index': 28927}","  876 |     );
  877 |
> 878 |     expect(queryAllByTestId(document.body, ""lang-name"")[1]).toHaveTextContent(
      |    ^ Duplicate Assert
  879 |       ""javascript 200.0 B"",
  880 |     );
  881 |"
/home/gabriel/Disk/Research/research-javascript-test-smells/repositories/github-readme-stats/tests/renderTopLanguagesCard.test.js,Duplicate Assert,"{'line': 882, 'column': 4, 'index': 29042}","  880 |     );
  881 |
> 882 |     expect(queryAllByTestId(document.body, ""lang-name"")[2]).toHaveTextContent(
      |    ^ Duplicate Assert
  883 |       ""css 100.0 B"",
  884 |     );
  885 |   });"
/home/gabriel/Disk/Research/research-javascript-test-smells/repositories/github-readme-stats/tests/renderTopLanguagesCard.test.js,Eager Test,"{'line': 123, 'column': 11, 'index': 3322}","  121 |
  122 |   it(""degreesToRadians"", () => {
> 123 |     expect(degreesToRadians(0)).toBe(0);
      |           ^ Eager Test
  124 |     expect(degreesToRadians(90)).toBe(Math.PI / 2);
  125 |     expect(degreesToRadians(180)).toBe(Math.PI);
  126 |     expect(degreesToRadians(270)).toBe((3 * Math.PI) / 2);"
/home/gabriel/Disk/Research/research-javascript-test-smells/repositories/github-readme-stats/tests/renderTopLanguagesCard.test.js,Eager Test,"{'line': 124, 'column': 11, 'index': 3363}","  122 |   it(""degreesToRadians"", () => {
  123 |     expect(degreesToRadians(0)).toBe(0);
> 124 |     expect(degreesToRadians(90)).toBe(Math.PI / 2);
      |           ^ Eager Test
  125 |     expect(degreesToRadians(180)).toBe(Math.PI);
  126 |     expect(degreesToRadians(270)).toBe((3 * Math.PI) / 2);
  127 |     expect(degreesToRadians(360)).toBe(2 * Math.PI);"
/home/gabriel/Disk/Research/research-javascript-test-smells/repositories/github-readme-stats/tests/renderTopLanguagesCard.test.js,Eager Test,"{'line': 125, 'column': 11, 'index': 3415}","  123 |     expect(degreesToRadians(0)).toBe(0);
  124 |     expect(degreesToRadians(90)).toBe(Math.PI / 2);
> 125 |     expect(degreesToRadians(180)).toBe(Math.PI);
      |           ^ Eager Test
  126 |     expect(degreesToRadians(270)).toBe((3 * Math.PI) / 2);
  127 |     expect(degreesToRadians(360)).toBe(2 * Math.PI);
  128 |   });"
/home/gabriel/Disk/Research/research-javascript-test-smells/repositories/github-readme-stats/tests/renderTopLanguagesCard.test.js,Eager Test,"{'line': 126, 'column': 11, 'index': 3464}","  124 |     expect(degreesToRadians(90)).toBe(Math.PI / 2);
  125 |     expect(degreesToRadians(180)).toBe(Math.PI);
> 126 |     expect(degreesToRadians(270)).toBe((3 * Math.PI) / 2);
      |           ^ Eager Test
  127 |     expect(degreesToRadians(360)).toBe(2 * Math.PI);
  128 |   });
  129 |"
/home/gabriel/Disk/Research/research-javascript-test-smells/repositories/github-readme-stats/tests/renderTopLanguagesCard.test.js,Eager Test,"{'line': 127, 'column': 11, 'index': 3523}","  125 |     expect(degreesToRadians(180)).toBe(Math.PI);
  126 |     expect(degreesToRadians(270)).toBe((3 * Math.PI) / 2);
> 127 |     expect(degreesToRadians(360)).toBe(2 * Math.PI);
      |           ^ Eager Test
  128 |   });
  129 |
  130 |   it(""radiansToDegrees"", () => {"
/home/gabriel/Disk/Research/research-javascript-test-smells/repositories/github-readme-stats/tests/renderTopLanguagesCard.test.js,Eager Test,"{'line': 131, 'column': 11, 'index': 3616}","  129 |
  130 |   it(""radiansToDegrees"", () => {
> 131 |     expect(radiansToDegrees(0)).toBe(0);
      |           ^ Eager Test
  132 |     expect(radiansToDegrees(Math.PI / 2)).toBe(90);
  133 |     expect(radiansToDegrees(Math.PI)).toBe(180);
  134 |     expect(radiansToDegrees((3 * Math.PI) / 2)).toBe(270);"
/home/gabriel/Disk/Research/research-javascript-test-smells/repositories/github-readme-stats/tests/renderTopLanguagesCard.test.js,Eager Test,"{'line': 132, 'column': 11, 'index': 3657}","  130 |   it(""radiansToDegrees"", () => {
  131 |     expect(radiansToDegrees(0)).toBe(0);
> 132 |     expect(radiansToDegrees(Math.PI / 2)).toBe(90);
      |           ^ Eager Test
  133 |     expect(radiansToDegrees(Math.PI)).toBe(180);
  134 |     expect(radiansToDegrees((3 * Math.PI) / 2)).toBe(270);
  135 |     expect(radiansToDegrees(2 * Math.PI)).toBe(360);"
/home/gabriel/Disk/Research/research-javascript-test-smells/repositories/github-readme-stats/tests/renderTopLanguagesCard.test.js,Eager Test,"{'line': 133, 'column': 11, 'index': 3709}","  131 |     expect(radiansToDegrees(0)).toBe(0);
  132 |     expect(radiansToDegrees(Math.PI / 2)).toBe(90);
> 133 |     expect(radiansToDegrees(Math.PI)).toBe(180);
      |           ^ Eager Test
  134 |     expect(radiansToDegrees((3 * Math.PI) / 2)).toBe(270);
  135 |     expect(radiansToDegrees(2 * Math.PI)).toBe(360);
  136 |   });"
/home/gabriel/Disk/Research/research-javascript-test-smells/repositories/github-readme-stats/tests/renderTopLanguagesCard.test.js,Eager Test,"{'line': 134, 'column': 11, 'index': 3758}","  132 |     expect(radiansToDegrees(Math.PI / 2)).toBe(90);
  133 |     expect(radiansToDegrees(Math.PI)).toBe(180);
> 134 |     expect(radiansToDegrees((3 * Math.PI) / 2)).toBe(270);
      |           ^ Eager Test
  135 |     expect(radiansToDegrees(2 * Math.PI)).toBe(360);
  136 |   });
  137 |"
/home/gabriel/Disk/Research/research-javascript-test-smells/repositories/github-readme-stats/tests/renderTopLanguagesCard.test.js,Eager Test,"{'line': 135, 'column': 11, 'index': 3817}","  133 |     expect(radiansToDegrees(Math.PI)).toBe(180);
  134 |     expect(radiansToDegrees((3 * Math.PI) / 2)).toBe(270);
> 135 |     expect(radiansToDegrees(2 * Math.PI)).toBe(360);
      |           ^ Eager Test
  136 |   });
  137 |
  138 |   it(""polarToCartesian"", () => {"
/home/gabriel/Disk/Research/research-javascript-test-smells/repositories/github-readme-stats/tests/renderTopLanguagesCard.test.js,Eager Test,"{'line': 139, 'column': 11, 'index': 3910}","  137 |
  138 |   it(""polarToCartesian"", () => {
> 139 |     expect(polarToCartesian(100, 100, 60, 0)).toStrictEqual({ x: 160, y: 100 });
      |           ^ Eager Test
  140 |     expect(polarToCartesian(100, 100, 60, 45)).toStrictEqual({
  141 |       x: 142.42640687119285,
  142 |       y: 142.42640687119285,"
/home/gabriel/Disk/Research/research-javascript-test-smells/repositories/github-readme-stats/tests/renderTopLanguagesCard.test.js,Eager Test,"{'line': 140, 'column': 11, 'index': 3991}","  138 |   it(""polarToCartesian"", () => {
  139 |     expect(polarToCartesian(100, 100, 60, 0)).toStrictEqual({ x: 160, y: 100 });
> 140 |     expect(polarToCartesian(100, 100, 60, 45)).toStrictEqual({
      |           ^ Eager Test
  141 |       x: 142.42640687119285,
  142 |       y: 142.42640687119285,
  143 |     });"
/home/gabriel/Disk/Research/research-javascript-test-smells/repositories/github-readme-stats/tests/renderTopLanguagesCard.test.js,Eager Test,"{'line': 144, 'column': 11, 'index': 4120}","  142 |       y: 142.42640687119285,
  143 |     });
> 144 |     expect(polarToCartesian(100, 100, 60, 90)).toStrictEqual({
      |           ^ Eager Test
  145 |       x: 100,
  146 |       y: 160,
  147 |     });"
/home/gabriel/Disk/Research/research-javascript-test-smells/repositories/github-readme-stats/tests/renderTopLanguagesCard.test.js,Eager Test,"{'line': 148, 'column': 11, 'index': 4219}","  146 |       y: 160,
  147 |     });
> 148 |     expect(polarToCartesian(100, 100, 60, 135)).toStrictEqual({
      |           ^ Eager Test
  149 |       x: 57.573593128807154,
  150 |       y: 142.42640687119285,
  151 |     });"
/home/gabriel/Disk/Research/research-javascript-test-smells/repositories/github-readme-stats/tests/renderTopLanguagesCard.test.js,Eager Test,"{'line': 152, 'column': 11, 'index': 4349}","  150 |       y: 142.42640687119285,
  151 |     });
> 152 |     expect(polarToCartesian(100, 100, 60, 180)).toStrictEqual({
      |           ^ Eager Test
  153 |       x: 40,
  154 |       y: 100.00000000000001,
  155 |     });"
/home/gabriel/Disk/Research/research-javascript-test-smells/repositories/github-readme-stats/tests/renderTopLanguagesCard.test.js,Eager Test,"{'line': 156, 'column': 11, 'index': 4463}","  154 |       y: 100.00000000000001,
  155 |     });
> 156 |     expect(polarToCartesian(100, 100, 60, 225)).toStrictEqual({
      |           ^ Eager Test
  157 |       x: 57.57359312880714,
  158 |       y: 57.573593128807154,
  159 |     });"
/home/gabriel/Disk/Research/research-javascript-test-smells/repositories/github-readme-stats/tests/renderTopLanguagesCard.test.js,Eager Test,"{'line': 160, 'column': 11, 'index': 4592}","  158 |       y: 57.573593128807154,
  159 |     });
> 160 |     expect(polarToCartesian(100, 100, 60, 270)).toStrictEqual({
      |           ^ Eager Test
  161 |       x: 99.99999999999999,
  162 |       y: 40,
  163 |     });"
/home/gabriel/Disk/Research/research-javascript-test-smells/repositories/github-readme-stats/tests/renderTopLanguagesCard.test.js,Eager Test,"{'line': 164, 'column': 11, 'index': 4705}","  162 |       y: 40,
  163 |     });
> 164 |     expect(polarToCartesian(100, 100, 60, 315)).toStrictEqual({
      |           ^ Eager Test
  165 |       x: 142.42640687119285,
  166 |       y: 57.57359312880714,
  167 |     });"
/home/gabriel/Disk/Research/research-javascript-test-smells/repositories/github-readme-stats/tests/renderTopLanguagesCard.test.js,Eager Test,"{'line': 168, 'column': 11, 'index': 4834}","  166 |       y: 57.57359312880714,
  167 |     });
> 168 |     expect(polarToCartesian(100, 100, 60, 360)).toStrictEqual({
      |           ^ Eager Test
  169 |       x: 160,
  170 |       y: 99.99999999999999,
  171 |     });"
/home/gabriel/Disk/Research/research-javascript-test-smells/repositories/github-readme-stats/tests/renderTopLanguagesCard.test.js,Eager Test,"{'line': 175, 'column': 11, 'index': 4988}","  173 |
  174 |   it(""cartesianToPolar"", () => {
> 175 |     expect(cartesianToPolar(100, 100, 160, 100)).toStrictEqual({
      |           ^ Eager Test
  176 |       radius: 60,
  177 |       angleInDegrees: 0,
  178 |     });"
/home/gabriel/Disk/Research/research-javascript-test-smells/repositories/github-readme-stats/tests/renderTopLanguagesCard.test.js,Eager Test,"{'line': 180, 'column': 6, 'index': 5111}","  178 |     });
  179 |     expect(
> 180 |       cartesianToPolar(100, 100, 142.42640687119285, 142.42640687119285),
      |      ^ Eager Test
  181 |     ).toStrictEqual({ radius: 60.00000000000001, angleInDegrees: 45 });
  182 |     expect(cartesianToPolar(100, 100, 100, 160)).toStrictEqual({
  183 |       radius: 60,"
/home/gabriel/Disk/Research/research-javascript-test-smells/repositories/github-readme-stats/tests/renderTopLanguagesCard.test.js,Eager Test,"{'line': 182, 'column': 11, 'index': 5262}","  180 |       cartesianToPolar(100, 100, 142.42640687119285, 142.42640687119285),
  181 |     ).toStrictEqual({ radius: 60.00000000000001, angleInDegrees: 45 });
> 182 |     expect(cartesianToPolar(100, 100, 100, 160)).toStrictEqual({
      |           ^ Eager Test
  183 |       radius: 60,
  184 |       angleInDegrees: 90,
  185 |     });"
/home/gabriel/Disk/Research/research-javascript-test-smells/repositories/github-readme-stats/tests/renderTopLanguagesCard.test.js,Eager Test,"{'line': 187, 'column': 6, 'index': 5386}","  185 |     });
  186 |     expect(
> 187 |       cartesianToPolar(100, 100, 57.573593128807154, 142.42640687119285),
      |      ^ Eager Test
  188 |     ).toStrictEqual({ radius: 60, angleInDegrees: 135 });
  189 |     expect(cartesianToPolar(100, 100, 40, 100.00000000000001)).toStrictEqual({
  190 |       radius: 60,"
/home/gabriel/Disk/Research/research-javascript-test-smells/repositories/github-readme-stats/tests/renderTopLanguagesCard.test.js,Eager Test,"{'line': 189, 'column': 11, 'index': 5523}","  187 |       cartesianToPolar(100, 100, 57.573593128807154, 142.42640687119285),
  188 |     ).toStrictEqual({ radius: 60, angleInDegrees: 135 });
> 189 |     expect(cartesianToPolar(100, 100, 40, 100.00000000000001)).toStrictEqual({
      |           ^ Eager Test
  190 |       radius: 60,
  191 |       angleInDegrees: 180,
  192 |     });"
/home/gabriel/Disk/Research/research-javascript-test-smells/repositories/github-readme-stats/tests/renderTopLanguagesCard.test.js,Eager Test,"{'line': 194, 'column': 6, 'index': 5662}","  192 |     });
  193 |     expect(
> 194 |       cartesianToPolar(100, 100, 57.57359312880714, 57.573593128807154),
      |      ^ Eager Test
  195 |     ).toStrictEqual({ radius: 60, angleInDegrees: 225 });
  196 |     expect(cartesianToPolar(100, 100, 99.99999999999999, 40)).toStrictEqual({
  197 |       radius: 60,"
/home/gabriel/Disk/Research/research-javascript-test-smells/repositories/github-readme-stats/tests/renderTopLanguagesCard.test.js,Eager Test,"{'line': 196, 'column': 11, 'index': 5798}","  194 |       cartesianToPolar(100, 100, 57.57359312880714, 57.573593128807154),
  195 |     ).toStrictEqual({ radius: 60, angleInDegrees: 225 });
> 196 |     expect(cartesianToPolar(100, 100, 99.99999999999999, 40)).toStrictEqual({
      |           ^ Eager Test
  197 |       radius: 60,
  198 |       angleInDegrees: 270,
  199 |     });"
/home/gabriel/Disk/Research/research-javascript-test-smells/repositories/github-readme-stats/tests/renderTopLanguagesCard.test.js,Eager Test,"{'line': 201, 'column': 6, 'index': 5936}","  199 |     });
  200 |     expect(
> 201 |       cartesianToPolar(100, 100, 142.42640687119285, 57.57359312880714),
      |      ^ Eager Test
  202 |     ).toStrictEqual({ radius: 60.00000000000001, angleInDegrees: 315 });
  203 |     expect(cartesianToPolar(100, 100, 160, 99.99999999999999)).toStrictEqual({
  204 |       radius: 60,"
/home/gabriel/Disk/Research/research-javascript-test-smells/repositories/github-readme-stats/tests/renderTopLanguagesCard.test.js,Eager Test,"{'line': 203, 'column': 11, 'index': 6087}","  201 |       cartesianToPolar(100, 100, 142.42640687119285, 57.57359312880714),
  202 |     ).toStrictEqual({ radius: 60.00000000000001, angleInDegrees: 315 });
> 203 |     expect(cartesianToPolar(100, 100, 160, 99.99999999999999)).toStrictEqual({
      |           ^ Eager Test
  204 |       radius: 60,
  205 |       angleInDegrees: 360,
  206 |     });"
/home/gabriel/Disk/Research/research-javascript-test-smells/repositories/github-readme-stats/tests/renderTopLanguagesCard.test.js,Eager Test,"{'line': 210, 'column': 11, 'index': 6271}","  208 |
  209 |   it(""calculateCompactLayoutHeight"", () => {
> 210 |     expect(calculateCompactLayoutHeight(0)).toBe(90);
      |           ^ Eager Test
  211 |     expect(calculateCompactLayoutHeight(1)).toBe(115);
  212 |     expect(calculateCompactLayoutHeight(2)).toBe(115);
  213 |     expect(calculateCompactLayoutHeight(3)).toBe(140);"
/home/gabriel/Disk/Research/research-javascript-test-smells/repositories/github-readme-stats/tests/renderTopLanguagesCard.test.js,Eager Test,"{'line': 211, 'column': 11, 'index': 6325}","  209 |   it(""calculateCompactLayoutHeight"", () => {
  210 |     expect(calculateCompactLayoutHeight(0)).toBe(90);
> 211 |     expect(calculateCompactLayoutHeight(1)).toBe(115);
      |           ^ Eager Test
  212 |     expect(calculateCompactLayoutHeight(2)).toBe(115);
  213 |     expect(calculateCompactLayoutHeight(3)).toBe(140);
  214 |     expect(calculateCompactLayoutHeight(4)).toBe(140);"
/home/gabriel/Disk/Research/research-javascript-test-smells/repositories/github-readme-stats/tests/renderTopLanguagesCard.test.js,Eager Test,"{'line': 212, 'column': 11, 'index': 6380}","  210 |     expect(calculateCompactLayoutHeight(0)).toBe(90);
  211 |     expect(calculateCompactLayoutHeight(1)).toBe(115);
> 212 |     expect(calculateCompactLayoutHeight(2)).toBe(115);
      |           ^ Eager Test
  213 |     expect(calculateCompactLayoutHeight(3)).toBe(140);
  214 |     expect(calculateCompactLayoutHeight(4)).toBe(140);
  215 |     expect(calculateCompactLayoutHeight(5)).toBe(165);"
/home/gabriel/Disk/Research/research-javascript-test-smells/repositories/github-readme-stats/tests/renderTopLanguagesCard.test.js,Eager Test,"{'line': 213, 'column': 11, 'index': 6435}","  211 |     expect(calculateCompactLayoutHeight(1)).toBe(115);
  212 |     expect(calculateCompactLayoutHeight(2)).toBe(115);
> 213 |     expect(calculateCompactLayoutHeight(3)).toBe(140);
      |           ^ Eager Test
  214 |     expect(calculateCompactLayoutHeight(4)).toBe(140);
  215 |     expect(calculateCompactLayoutHeight(5)).toBe(165);
  216 |     expect(calculateCompactLayoutHeight(6)).toBe(165);"
/home/gabriel/Disk/Research/research-javascript-test-smells/repositories/github-readme-stats/tests/renderTopLanguagesCard.test.js,Eager Test,"{'line': 214, 'column': 11, 'index': 6490}","  212 |     expect(calculateCompactLayoutHeight(2)).toBe(115);
  213 |     expect(calculateCompactLayoutHeight(3)).toBe(140);
> 214 |     expect(calculateCompactLayoutHeight(4)).toBe(140);
      |           ^ Eager Test
  215 |     expect(calculateCompactLayoutHeight(5)).toBe(165);
  216 |     expect(calculateCompactLayoutHeight(6)).toBe(165);
  217 |     expect(calculateCompactLayoutHeight(7)).toBe(190);"
/home/gabriel/Disk/Research/research-javascript-test-smells/repositories/github-readme-stats/tests/renderTopLanguagesCard.test.js,Eager Test,"{'line': 215, 'column': 11, 'index': 6545}","  213 |     expect(calculateCompactLayoutHeight(3)).toBe(140);
  214 |     expect(calculateCompactLayoutHeight(4)).toBe(140);
> 215 |     expect(calculateCompactLayoutHeight(5)).toBe(165);
      |           ^ Eager Test
  216 |     expect(calculateCompactLayoutHeight(6)).toBe(165);
  217 |     expect(calculateCompactLayoutHeight(7)).toBe(190);
  218 |     expect(calculateCompactLayoutHeight(8)).toBe(190);"
/home/gabriel/Disk/Research/research-javascript-test-smells/repositories/github-readme-stats/tests/renderTopLanguagesCard.test.js,Eager Test,"{'line': 216, 'column': 11, 'index': 6600}","  214 |     expect(calculateCompactLayoutHeight(4)).toBe(140);
  215 |     expect(calculateCompactLayoutHeight(5)).toBe(165);
> 216 |     expect(calculateCompactLayoutHeight(6)).toBe(165);
      |           ^ Eager Test
  217 |     expect(calculateCompactLayoutHeight(7)).toBe(190);
  218 |     expect(calculateCompactLayoutHeight(8)).toBe(190);
  219 |     expect(calculateCompactLayoutHeight(9)).toBe(215);"
/home/gabriel/Disk/Research/research-javascript-test-smells/repositories/github-readme-stats/tests/renderTopLanguagesCard.test.js,Eager Test,"{'line': 217, 'column': 11, 'index': 6655}","  215 |     expect(calculateCompactLayoutHeight(5)).toBe(165);
  216 |     expect(calculateCompactLayoutHeight(6)).toBe(165);
> 217 |     expect(calculateCompactLayoutHeight(7)).toBe(190);
      |           ^ Eager Test
  218 |     expect(calculateCompactLayoutHeight(8)).toBe(190);
  219 |     expect(calculateCompactLayoutHeight(9)).toBe(215);
  220 |     expect(calculateCompactLayoutHeight(10)).toBe(215);"
/home/gabriel/Disk/Research/research-javascript-test-smells/repositories/github-readme-stats/tests/renderTopLanguagesCard.test.js,Eager Test,"{'line': 218, 'column': 11, 'index': 6710}","  216 |     expect(calculateCompactLayoutHeight(6)).toBe(165);
  217 |     expect(calculateCompactLayoutHeight(7)).toBe(190);
> 218 |     expect(calculateCompactLayoutHeight(8)).toBe(190);
      |           ^ Eager Test
  219 |     expect(calculateCompactLayoutHeight(9)).toBe(215);
  220 |     expect(calculateCompactLayoutHeight(10)).toBe(215);
  221 |   });"
/home/gabriel/Disk/Research/research-javascript-test-smells/repositories/github-readme-stats/tests/renderTopLanguagesCard.test.js,Eager Test,"{'line': 219, 'column': 11, 'index': 6765}","  217 |     expect(calculateCompactLayoutHeight(7)).toBe(190);
  218 |     expect(calculateCompactLayoutHeight(8)).toBe(190);
> 219 |     expect(calculateCompactLayoutHeight(9)).toBe(215);
      |           ^ Eager Test
  220 |     expect(calculateCompactLayoutHeight(10)).toBe(215);
  221 |   });
  222 |"
/home/gabriel/Disk/Research/research-javascript-test-smells/repositories/github-readme-stats/tests/renderTopLanguagesCard.test.js,Eager Test,"{'line': 220, 'column': 11, 'index': 6820}","  218 |     expect(calculateCompactLayoutHeight(8)).toBe(190);
  219 |     expect(calculateCompactLayoutHeight(9)).toBe(215);
> 220 |     expect(calculateCompactLayoutHeight(10)).toBe(215);
      |           ^ Eager Test
  221 |   });
  222 |
  223 |   it(""calculateNormalLayoutHeight"", () => {"
/home/gabriel/Disk/Research/research-javascript-test-smells/repositories/github-readme-stats/tests/renderTopLanguagesCard.test.js,Eager Test,"{'line': 224, 'column': 11, 'index': 6927}","  222 |
  223 |   it(""calculateNormalLayoutHeight"", () => {
> 224 |     expect(calculateNormalLayoutHeight(0)).toBe(85);
      |           ^ Eager Test
  225 |     expect(calculateNormalLayoutHeight(1)).toBe(125);
  226 |     expect(calculateNormalLayoutHeight(2)).toBe(165);
  227 |     expect(calculateNormalLayoutHeight(3)).toBe(205);"
/home/gabriel/Disk/Research/research-javascript-test-smells/repositories/github-readme-stats/tests/renderTopLanguagesCard.test.js,Eager Test,"{'line': 225, 'column': 11, 'index': 6980}","  223 |   it(""calculateNormalLayoutHeight"", () => {
  224 |     expect(calculateNormalLayoutHeight(0)).toBe(85);
> 225 |     expect(calculateNormalLayoutHeight(1)).toBe(125);
      |           ^ Eager Test
  226 |     expect(calculateNormalLayoutHeight(2)).toBe(165);
  227 |     expect(calculateNormalLayoutHeight(3)).toBe(205);
  228 |     expect(calculateNormalLayoutHeight(4)).toBe(245);"
/home/gabriel/Disk/Research/research-javascript-test-smells/repositories/github-readme-stats/tests/renderTopLanguagesCard.test.js,Eager Test,"{'line': 226, 'column': 11, 'index': 7034}","  224 |     expect(calculateNormalLayoutHeight(0)).toBe(85);
  225 |     expect(calculateNormalLayoutHeight(1)).toBe(125);
> 226 |     expect(calculateNormalLayoutHeight(2)).toBe(165);
      |           ^ Eager Test
  227 |     expect(calculateNormalLayoutHeight(3)).toBe(205);
  228 |     expect(calculateNormalLayoutHeight(4)).toBe(245);
  229 |     expect(calculateNormalLayoutHeight(5)).toBe(285);"
/home/gabriel/Disk/Research/research-javascript-test-smells/repositories/github-readme-stats/tests/renderTopLanguagesCard.test.js,Eager Test,"{'line': 227, 'column': 11, 'index': 7088}","  225 |     expect(calculateNormalLayoutHeight(1)).toBe(125);
  226 |     expect(calculateNormalLayoutHeight(2)).toBe(165);
> 227 |     expect(calculateNormalLayoutHeight(3)).toBe(205);
      |           ^ Eager Test
  228 |     expect(calculateNormalLayoutHeight(4)).toBe(245);
  229 |     expect(calculateNormalLayoutHeight(5)).toBe(285);
  230 |     expect(calculateNormalLayoutHeight(6)).toBe(325);"
/home/gabriel/Disk/Research/research-javascript-test-smells/repositories/github-readme-stats/tests/renderTopLanguagesCard.test.js,Eager Test,"{'line': 228, 'column': 11, 'index': 7142}","  226 |     expect(calculateNormalLayoutHeight(2)).toBe(165);
  227 |     expect(calculateNormalLayoutHeight(3)).toBe(205);
> 228 |     expect(calculateNormalLayoutHeight(4)).toBe(245);
      |           ^ Eager Test
  229 |     expect(calculateNormalLayoutHeight(5)).toBe(285);
  230 |     expect(calculateNormalLayoutHeight(6)).toBe(325);
  231 |     expect(calculateNormalLayoutHeight(7)).toBe(365);"
/home/gabriel/Disk/Research/research-javascript-test-smells/repositories/github-readme-stats/tests/renderTopLanguagesCard.test.js,Eager Test,"{'line': 229, 'column': 11, 'index': 7196}","  227 |     expect(calculateNormalLayoutHeight(3)).toBe(205);
  228 |     expect(calculateNormalLayoutHeight(4)).toBe(245);
> 229 |     expect(calculateNormalLayoutHeight(5)).toBe(285);
      |           ^ Eager Test
  230 |     expect(calculateNormalLayoutHeight(6)).toBe(325);
  231 |     expect(calculateNormalLayoutHeight(7)).toBe(365);
  232 |     expect(calculateNormalLayoutHeight(8)).toBe(405);"
/home/gabriel/Disk/Research/research-javascript-test-smells/repositories/github-readme-stats/tests/renderTopLanguagesCard.test.js,Eager Test,"{'line': 230, 'column': 11, 'index': 7250}","  228 |     expect(calculateNormalLayoutHeight(4)).toBe(245);
  229 |     expect(calculateNormalLayoutHeight(5)).toBe(285);
> 230 |     expect(calculateNormalLayoutHeight(6)).toBe(325);
      |           ^ Eager Test
  231 |     expect(calculateNormalLayoutHeight(7)).toBe(365);
  232 |     expect(calculateNormalLayoutHeight(8)).toBe(405);
  233 |     expect(calculateNormalLayoutHeight(9)).toBe(445);"
/home/gabriel/Disk/Research/research-javascript-test-smells/repositories/github-readme-stats/tests/renderTopLanguagesCard.test.js,Eager Test,"{'line': 231, 'column': 11, 'index': 7304}","  229 |     expect(calculateNormalLayoutHeight(5)).toBe(285);
  230 |     expect(calculateNormalLayoutHeight(6)).toBe(325);
> 231 |     expect(calculateNormalLayoutHeight(7)).toBe(365);
      |           ^ Eager Test
  232 |     expect(calculateNormalLayoutHeight(8)).toBe(405);
  233 |     expect(calculateNormalLayoutHeight(9)).toBe(445);
  234 |     expect(calculateNormalLayoutHeight(10)).toBe(485);"
/home/gabriel/Disk/Research/research-javascript-test-smells/repositories/github-readme-stats/tests/renderTopLanguagesCard.test.js,Eager Test,"{'line': 232, 'column': 11, 'index': 7358}","  230 |     expect(calculateNormalLayoutHeight(6)).toBe(325);
  231 |     expect(calculateNormalLayoutHeight(7)).toBe(365);
> 232 |     expect(calculateNormalLayoutHeight(8)).toBe(405);
      |           ^ Eager Test
  233 |     expect(calculateNormalLayoutHeight(9)).toBe(445);
  234 |     expect(calculateNormalLayoutHeight(10)).toBe(485);
  235 |   });"
/home/gabriel/Disk/Research/research-javascript-test-smells/repositories/github-readme-stats/tests/renderTopLanguagesCard.test.js,Eager Test,"{'line': 233, 'column': 11, 'index': 7412}","  231 |     expect(calculateNormalLayoutHeight(7)).toBe(365);
  232 |     expect(calculateNormalLayoutHeight(8)).toBe(405);
> 233 |     expect(calculateNormalLayoutHeight(9)).toBe(445);
      |           ^ Eager Test
  234 |     expect(calculateNormalLayoutHeight(10)).toBe(485);
  235 |   });
  236 |"
/home/gabriel/Disk/Research/research-javascript-test-smells/repositories/github-readme-stats/tests/renderTopLanguagesCard.test.js,Eager Test,"{'line': 234, 'column': 11, 'index': 7466}","  232 |     expect(calculateNormalLayoutHeight(8)).toBe(405);
  233 |     expect(calculateNormalLayoutHeight(9)).toBe(445);
> 234 |     expect(calculateNormalLayoutHeight(10)).toBe(485);
      |           ^ Eager Test
  235 |   });
  236 |
  237 |   it(""calculateDonutLayoutHeight"", () => {"
/home/gabriel/Disk/Research/research-javascript-test-smells/repositories/github-readme-stats/tests/renderTopLanguagesCard.test.js,Eager Test,"{'line': 238, 'column': 11, 'index': 7571}","  236 |
  237 |   it(""calculateDonutLayoutHeight"", () => {
> 238 |     expect(calculateDonutLayoutHeight(0)).toBe(215);
      |           ^ Eager Test
  239 |     expect(calculateDonutLayoutHeight(1)).toBe(215);
  240 |     expect(calculateDonutLayoutHeight(2)).toBe(215);
  241 |     expect(calculateDonutLayoutHeight(3)).toBe(215);"
/home/gabriel/Disk/Research/research-javascript-test-smells/repositories/github-readme-stats/tests/renderTopLanguagesCard.test.js,Eager Test,"{'line': 239, 'column': 11, 'index': 7624}","  237 |   it(""calculateDonutLayoutHeight"", () => {
  238 |     expect(calculateDonutLayoutHeight(0)).toBe(215);
> 239 |     expect(calculateDonutLayoutHeight(1)).toBe(215);
      |           ^ Eager Test
  240 |     expect(calculateDonutLayoutHeight(2)).toBe(215);
  241 |     expect(calculateDonutLayoutHeight(3)).toBe(215);
  242 |     expect(calculateDonutLayoutHeight(4)).toBe(215);"
/home/gabriel/Disk/Research/research-javascript-test-smells/repositories/github-readme-stats/tests/renderTopLanguagesCard.test.js,Eager Test,"{'line': 240, 'column': 11, 'index': 7677}","  238 |     expect(calculateDonutLayoutHeight(0)).toBe(215);
  239 |     expect(calculateDonutLayoutHeight(1)).toBe(215);
> 240 |     expect(calculateDonutLayoutHeight(2)).toBe(215);
      |           ^ Eager Test
  241 |     expect(calculateDonutLayoutHeight(3)).toBe(215);
  242 |     expect(calculateDonutLayoutHeight(4)).toBe(215);
  243 |     expect(calculateDonutLayoutHeight(5)).toBe(215);"
/home/gabriel/Disk/Research/research-javascript-test-smells/repositories/github-readme-stats/tests/renderTopLanguagesCard.test.js,Eager Test,"{'line': 241, 'column': 11, 'index': 7730}","  239 |     expect(calculateDonutLayoutHeight(1)).toBe(215);
  240 |     expect(calculateDonutLayoutHeight(2)).toBe(215);
> 241 |     expect(calculateDonutLayoutHeight(3)).toBe(215);
      |           ^ Eager Test
  242 |     expect(calculateDonutLayoutHeight(4)).toBe(215);
  243 |     expect(calculateDonutLayoutHeight(5)).toBe(215);
  244 |     expect(calculateDonutLayoutHeight(6)).toBe(247);"
/home/gabriel/Disk/Research/research-javascript-test-smells/repositories/github-readme-stats/tests/renderTopLanguagesCard.test.js,Eager Test,"{'line': 242, 'column': 11, 'index': 7783}","  240 |     expect(calculateDonutLayoutHeight(2)).toBe(215);
  241 |     expect(calculateDonutLayoutHeight(3)).toBe(215);
> 242 |     expect(calculateDonutLayoutHeight(4)).toBe(215);
      |           ^ Eager Test
  243 |     expect(calculateDonutLayoutHeight(5)).toBe(215);
  244 |     expect(calculateDonutLayoutHeight(6)).toBe(247);
  245 |     expect(calculateDonutLayoutHeight(7)).toBe(279);"
/home/gabriel/Disk/Research/research-javascript-test-smells/repositories/github-readme-stats/tests/renderTopLanguagesCard.test.js,Eager Test,"{'line': 243, 'column': 11, 'index': 7836}","  241 |     expect(calculateDonutLayoutHeight(3)).toBe(215);
  242 |     expect(calculateDonutLayoutHeight(4)).toBe(215);
> 243 |     expect(calculateDonutLayoutHeight(5)).toBe(215);
      |           ^ Eager Test
  244 |     expect(calculateDonutLayoutHeight(6)).toBe(247);
  245 |     expect(calculateDonutLayoutHeight(7)).toBe(279);
  246 |     expect(calculateDonutLayoutHeight(8)).toBe(311);"
/home/gabriel/Disk/Research/research-javascript-test-smells/repositories/github-readme-stats/tests/renderTopLanguagesCard.test.js,Eager Test,"{'line': 244, 'column': 11, 'index': 7889}","  242 |     expect(calculateDonutLayoutHeight(4)).toBe(215);
  243 |     expect(calculateDonutLayoutHeight(5)).toBe(215);
> 244 |     expect(calculateDonutLayoutHeight(6)).toBe(247);
      |           ^ Eager Test
  245 |     expect(calculateDonutLayoutHeight(7)).toBe(279);
  246 |     expect(calculateDonutLayoutHeight(8)).toBe(311);
  247 |     expect(calculateDonutLayoutHeight(9)).toBe(343);"
/home/gabriel/Disk/Research/research-javascript-test-smells/repositories/github-readme-stats/tests/renderTopLanguagesCard.test.js,Eager Test,"{'line': 245, 'column': 11, 'index': 7942}","  243 |     expect(calculateDonutLayoutHeight(5)).toBe(215);
  244 |     expect(calculateDonutLayoutHeight(6)).toBe(247);
> 245 |     expect(calculateDonutLayoutHeight(7)).toBe(279);
      |           ^ Eager Test
  246 |     expect(calculateDonutLayoutHeight(8)).toBe(311);
  247 |     expect(calculateDonutLayoutHeight(9)).toBe(343);
  248 |     expect(calculateDonutLayoutHeight(10)).toBe(375);"
/home/gabriel/Disk/Research/research-javascript-test-smells/repositories/github-readme-stats/tests/renderTopLanguagesCard.test.js,Eager Test,"{'line': 246, 'column': 11, 'index': 7995}","  244 |     expect(calculateDonutLayoutHeight(6)).toBe(247);
  245 |     expect(calculateDonutLayoutHeight(7)).toBe(279);
> 246 |     expect(calculateDonutLayoutHeight(8)).toBe(311);
      |           ^ Eager Test
  247 |     expect(calculateDonutLayoutHeight(9)).toBe(343);
  248 |     expect(calculateDonutLayoutHeight(10)).toBe(375);
  249 |   });"
/home/gabriel/Disk/Research/research-javascript-test-smells/repositories/github-readme-stats/tests/renderTopLanguagesCard.test.js,Eager Test,"{'line': 247, 'column': 11, 'index': 8048}","  245 |     expect(calculateDonutLayoutHeight(7)).toBe(279);
  246 |     expect(calculateDonutLayoutHeight(8)).toBe(311);
> 247 |     expect(calculateDonutLayoutHeight(9)).toBe(343);
      |           ^ Eager Test
  248 |     expect(calculateDonutLayoutHeight(10)).toBe(375);
  249 |   });
  250 |"
/home/gabriel/Disk/Research/research-javascript-test-smells/repositories/github-readme-stats/tests/renderTopLanguagesCard.test.js,Eager Test,"{'line': 248, 'column': 11, 'index': 8101}","  246 |     expect(calculateDonutLayoutHeight(8)).toBe(311);
  247 |     expect(calculateDonutLayoutHeight(9)).toBe(343);
> 248 |     expect(calculateDonutLayoutHeight(10)).toBe(375);
      |           ^ Eager Test
  249 |   });
  250 |
  251 |   it(""calculateDonutVerticalLayoutHeight"", () => {"
/home/gabriel/Disk/Research/research-javascript-test-smells/repositories/github-readme-stats/tests/renderTopLanguagesCard.test.js,Eager Test,"{'line': 252, 'column': 11, 'index': 8213}","  250 |
  251 |   it(""calculateDonutVerticalLayoutHeight"", () => {
> 252 |     expect(calculateDonutVerticalLayoutHeight(0)).toBe(300);
      |           ^ Eager Test
  253 |     expect(calculateDonutVerticalLayoutHeight(1)).toBe(325);
  254 |     expect(calculateDonutVerticalLayoutHeight(2)).toBe(325);
  255 |     expect(calculateDonutVerticalLayoutHeight(3)).toBe(350);"
/home/gabriel/Disk/Research/research-javascript-test-smells/repositories/github-readme-stats/tests/renderTopLanguagesCard.test.js,Eager Test,"{'line': 253, 'column': 11, 'index': 8274}","  251 |   it(""calculateDonutVerticalLayoutHeight"", () => {
  252 |     expect(calculateDonutVerticalLayoutHeight(0)).toBe(300);
> 253 |     expect(calculateDonutVerticalLayoutHeight(1)).toBe(325);
      |           ^ Eager Test
  254 |     expect(calculateDonutVerticalLayoutHeight(2)).toBe(325);
  255 |     expect(calculateDonutVerticalLayoutHeight(3)).toBe(350);
  256 |     expect(calculateDonutVerticalLayoutHeight(4)).toBe(350);"
/home/gabriel/Disk/Research/research-javascript-test-smells/repositories/github-readme-stats/tests/renderTopLanguagesCard.test.js,Eager Test,"{'line': 254, 'column': 11, 'index': 8335}","  252 |     expect(calculateDonutVerticalLayoutHeight(0)).toBe(300);
  253 |     expect(calculateDonutVerticalLayoutHeight(1)).toBe(325);
> 254 |     expect(calculateDonutVerticalLayoutHeight(2)).toBe(325);
      |           ^ Eager Test
  255 |     expect(calculateDonutVerticalLayoutHeight(3)).toBe(350);
  256 |     expect(calculateDonutVerticalLayoutHeight(4)).toBe(350);
  257 |     expect(calculateDonutVerticalLayoutHeight(5)).toBe(375);"
/home/gabriel/Disk/Research/research-javascript-test-smells/repositories/github-readme-stats/tests/renderTopLanguagesCard.test.js,Eager Test,"{'line': 255, 'column': 11, 'index': 8396}","  253 |     expect(calculateDonutVerticalLayoutHeight(1)).toBe(325);
  254 |     expect(calculateDonutVerticalLayoutHeight(2)).toBe(325);
> 255 |     expect(calculateDonutVerticalLayoutHeight(3)).toBe(350);
      |           ^ Eager Test
  256 |     expect(calculateDonutVerticalLayoutHeight(4)).toBe(350);
  257 |     expect(calculateDonutVerticalLayoutHeight(5)).toBe(375);
  258 |     expect(calculateDonutVerticalLayoutHeight(6)).toBe(375);"
/home/gabriel/Disk/Research/research-javascript-test-smells/repositories/github-readme-stats/tests/renderTopLanguagesCard.test.js,Eager Test,"{'line': 256, 'column': 11, 'index': 8457}","  254 |     expect(calculateDonutVerticalLayoutHeight(2)).toBe(325);
  255 |     expect(calculateDonutVerticalLayoutHeight(3)).toBe(350);
> 256 |     expect(calculateDonutVerticalLayoutHeight(4)).toBe(350);
      |           ^ Eager Test
  257 |     expect(calculateDonutVerticalLayoutHeight(5)).toBe(375);
  258 |     expect(calculateDonutVerticalLayoutHeight(6)).toBe(375);
  259 |     expect(calculateDonutVerticalLayoutHeight(7)).toBe(400);"
/home/gabriel/Disk/Research/research-javascript-test-smells/repositories/github-readme-stats/tests/renderTopLanguagesCard.test.js,Eager Test,"{'line': 257, 'column': 11, 'index': 8518}","  255 |     expect(calculateDonutVerticalLayoutHeight(3)).toBe(350);
  256 |     expect(calculateDonutVerticalLayoutHeight(4)).toBe(350);
> 257 |     expect(calculateDonutVerticalLayoutHeight(5)).toBe(375);
      |           ^ Eager Test
  258 |     expect(calculateDonutVerticalLayoutHeight(6)).toBe(375);
  259 |     expect(calculateDonutVerticalLayoutHeight(7)).toBe(400);
  260 |     expect(calculateDonutVerticalLayoutHeight(8)).toBe(400);"
/home/gabriel/Disk/Research/research-javascript-test-smells/repositories/github-readme-stats/tests/renderTopLanguagesCard.test.js,Eager Test,"{'line': 258, 'column': 11, 'index': 8579}","  256 |     expect(calculateDonutVerticalLayoutHeight(4)).toBe(350);
  257 |     expect(calculateDonutVerticalLayoutHeight(5)).toBe(375);
> 258 |     expect(calculateDonutVerticalLayoutHeight(6)).toBe(375);
      |           ^ Eager Test
  259 |     expect(calculateDonutVerticalLayoutHeight(7)).toBe(400);
  260 |     expect(calculateDonutVerticalLayoutHeight(8)).toBe(400);
  261 |     expect(calculateDonutVerticalLayoutHeight(9)).toBe(425);"
/home/gabriel/Disk/Research/research-javascript-test-smells/repositories/github-readme-stats/tests/renderTopLanguagesCard.test.js,Eager Test,"{'line': 259, 'column': 11, 'index': 8640}","  257 |     expect(calculateDonutVerticalLayoutHeight(5)).toBe(375);
  258 |     expect(calculateDonutVerticalLayoutHeight(6)).toBe(375);
> 259 |     expect(calculateDonutVerticalLayoutHeight(7)).toBe(400);
      |           ^ Eager Test
  260 |     expect(calculateDonutVerticalLayoutHeight(8)).toBe(400);
  261 |     expect(calculateDonutVerticalLayoutHeight(9)).toBe(425);
  262 |     expect(calculateDonutVerticalLayoutHeight(10)).toBe(425);"
/home/gabriel/Disk/Research/research-javascript-test-smells/repositories/github-readme-stats/tests/renderTopLanguagesCard.test.js,Eager Test,"{'line': 260, 'column': 11, 'index': 8701}","  258 |     expect(calculateDonutVerticalLayoutHeight(6)).toBe(375);
  259 |     expect(calculateDonutVerticalLayoutHeight(7)).toBe(400);
> 260 |     expect(calculateDonutVerticalLayoutHeight(8)).toBe(400);
      |           ^ Eager Test
  261 |     expect(calculateDonutVerticalLayoutHeight(9)).toBe(425);
  262 |     expect(calculateDonutVerticalLayoutHeight(10)).toBe(425);
  263 |   });"
/home/gabriel/Disk/Research/research-javascript-test-smells/repositories/github-readme-stats/tests/renderTopLanguagesCard.test.js,Eager Test,"{'line': 261, 'column': 11, 'index': 8762}","  259 |     expect(calculateDonutVerticalLayoutHeight(7)).toBe(400);
  260 |     expect(calculateDonutVerticalLayoutHeight(8)).toBe(400);
> 261 |     expect(calculateDonutVerticalLayoutHeight(9)).toBe(425);
      |           ^ Eager Test
  262 |     expect(calculateDonutVerticalLayoutHeight(10)).toBe(425);
  263 |   });
  264 |"
/home/gabriel/Disk/Research/research-javascript-test-smells/repositories/github-readme-stats/tests/renderTopLanguagesCard.test.js,Eager Test,"{'line': 262, 'column': 11, 'index': 8823}","  260 |     expect(calculateDonutVerticalLayoutHeight(8)).toBe(400);
  261 |     expect(calculateDonutVerticalLayoutHeight(9)).toBe(425);
> 262 |     expect(calculateDonutVerticalLayoutHeight(10)).toBe(425);
      |           ^ Eager Test
  263 |   });
  264 |
  265 |   it(""calculatePieLayoutHeight"", () => {"
/home/gabriel/Disk/Research/research-javascript-test-smells/repositories/github-readme-stats/tests/renderTopLanguagesCard.test.js,Eager Test,"{'line': 266, 'column': 11, 'index': 8933}","  264 |
  265 |   it(""calculatePieLayoutHeight"", () => {
> 266 |     expect(calculatePieLayoutHeight(0)).toBe(300);
      |           ^ Eager Test
  267 |     expect(calculatePieLayoutHeight(1)).toBe(325);
  268 |     expect(calculatePieLayoutHeight(2)).toBe(325);
  269 |     expect(calculatePieLayoutHeight(3)).toBe(350);"
/home/gabriel/Disk/Research/research-javascript-test-smells/repositories/github-readme-stats/tests/renderTopLanguagesCard.test.js,Eager Test,"{'line': 267, 'column': 11, 'index': 8984}","  265 |   it(""calculatePieLayoutHeight"", () => {
  266 |     expect(calculatePieLayoutHeight(0)).toBe(300);
> 267 |     expect(calculatePieLayoutHeight(1)).toBe(325);
      |           ^ Eager Test
  268 |     expect(calculatePieLayoutHeight(2)).toBe(325);
  269 |     expect(calculatePieLayoutHeight(3)).toBe(350);
  270 |     expect(calculatePieLayoutHeight(4)).toBe(350);"
/home/gabriel/Disk/Research/research-javascript-test-smells/repositories/github-readme-stats/tests/renderTopLanguagesCard.test.js,Eager Test,"{'line': 268, 'column': 11, 'index': 9035}","  266 |     expect(calculatePieLayoutHeight(0)).toBe(300);
  267 |     expect(calculatePieLayoutHeight(1)).toBe(325);
> 268 |     expect(calculatePieLayoutHeight(2)).toBe(325);
      |           ^ Eager Test
  269 |     expect(calculatePieLayoutHeight(3)).toBe(350);
  270 |     expect(calculatePieLayoutHeight(4)).toBe(350);
  271 |     expect(calculatePieLayoutHeight(5)).toBe(375);"
/home/gabriel/Disk/Research/research-javascript-test-smells/repositories/github-readme-stats/tests/renderTopLanguagesCard.test.js,Eager Test,"{'line': 269, 'column': 11, 'index': 9086}","  267 |     expect(calculatePieLayoutHeight(1)).toBe(325);
  268 |     expect(calculatePieLayoutHeight(2)).toBe(325);
> 269 |     expect(calculatePieLayoutHeight(3)).toBe(350);
      |           ^ Eager Test
  270 |     expect(calculatePieLayoutHeight(4)).toBe(350);
  271 |     expect(calculatePieLayoutHeight(5)).toBe(375);
  272 |     expect(calculatePieLayoutHeight(6)).toBe(375);"
/home/gabriel/Disk/Research/research-javascript-test-smells/repositories/github-readme-stats/tests/renderTopLanguagesCard.test.js,Eager Test,"{'line': 270, 'column': 11, 'index': 9137}","  268 |     expect(calculatePieLayoutHeight(2)).toBe(325);
  269 |     expect(calculatePieLayoutHeight(3)).toBe(350);
> 270 |     expect(calculatePieLayoutHeight(4)).toBe(350);
      |           ^ Eager Test
  271 |     expect(calculatePieLayoutHeight(5)).toBe(375);
  272 |     expect(calculatePieLayoutHeight(6)).toBe(375);
  273 |     expect(calculatePieLayoutHeight(7)).toBe(400);"
/home/gabriel/Disk/Research/research-javascript-test-smells/repositories/github-readme-stats/tests/renderTopLanguagesCard.test.js,Eager Test,"{'line': 271, 'column': 11, 'index': 9188}","  269 |     expect(calculatePieLayoutHeight(3)).toBe(350);
  270 |     expect(calculatePieLayoutHeight(4)).toBe(350);
> 271 |     expect(calculatePieLayoutHeight(5)).toBe(375);
      |           ^ Eager Test
  272 |     expect(calculatePieLayoutHeight(6)).toBe(375);
  273 |     expect(calculatePieLayoutHeight(7)).toBe(400);
  274 |     expect(calculatePieLayoutHeight(8)).toBe(400);"
/home/gabriel/Disk/Research/research-javascript-test-smells/repositories/github-readme-stats/tests/renderTopLanguagesCard.test.js,Eager Test,"{'line': 272, 'column': 11, 'index': 9239}","  270 |     expect(calculatePieLayoutHeight(4)).toBe(350);
  271 |     expect(calculatePieLayoutHeight(5)).toBe(375);
> 272 |     expect(calculatePieLayoutHeight(6)).toBe(375);
      |           ^ Eager Test
  273 |     expect(calculatePieLayoutHeight(7)).toBe(400);
  274 |     expect(calculatePieLayoutHeight(8)).toBe(400);
  275 |     expect(calculatePieLayoutHeight(9)).toBe(425);"
/home/gabriel/Disk/Research/research-javascript-test-smells/repositories/github-readme-stats/tests/renderTopLanguagesCard.test.js,Eager Test,"{'line': 273, 'column': 11, 'index': 9290}","  271 |     expect(calculatePieLayoutHeight(5)).toBe(375);
  272 |     expect(calculatePieLayoutHeight(6)).toBe(375);
> 273 |     expect(calculatePieLayoutHeight(7)).toBe(400);
      |           ^ Eager Test
  274 |     expect(calculatePieLayoutHeight(8)).toBe(400);
  275 |     expect(calculatePieLayoutHeight(9)).toBe(425);
  276 |     expect(calculatePieLayoutHeight(10)).toBe(425);"
/home/gabriel/Disk/Research/research-javascript-test-smells/repositories/github-readme-stats/tests/renderTopLanguagesCard.test.js,Eager Test,"{'line': 274, 'column': 11, 'index': 9341}","  272 |     expect(calculatePieLayoutHeight(6)).toBe(375);
  273 |     expect(calculatePieLayoutHeight(7)).toBe(400);
> 274 |     expect(calculatePieLayoutHeight(8)).toBe(400);
      |           ^ Eager Test
  275 |     expect(calculatePieLayoutHeight(9)).toBe(425);
  276 |     expect(calculatePieLayoutHeight(10)).toBe(425);
  277 |   });"
/home/gabriel/Disk/Research/research-javascript-test-smells/repositories/github-readme-stats/tests/renderTopLanguagesCard.test.js,Eager Test,"{'line': 275, 'column': 11, 'index': 9392}","  273 |     expect(calculatePieLayoutHeight(7)).toBe(400);
  274 |     expect(calculatePieLayoutHeight(8)).toBe(400);
> 275 |     expect(calculatePieLayoutHeight(9)).toBe(425);
      |           ^ Eager Test
  276 |     expect(calculatePieLayoutHeight(10)).toBe(425);
  277 |   });
  278 |"
/home/gabriel/Disk/Research/research-javascript-test-smells/repositories/github-readme-stats/tests/renderTopLanguagesCard.test.js,Eager Test,"{'line': 276, 'column': 11, 'index': 9443}","  274 |     expect(calculatePieLayoutHeight(8)).toBe(400);
  275 |     expect(calculatePieLayoutHeight(9)).toBe(425);
> 276 |     expect(calculatePieLayoutHeight(10)).toBe(425);
      |           ^ Eager Test
  277 |   });
  278 |
  279 |   it(""donutCenterTranslation"", () => {"
/home/gabriel/Disk/Research/research-javascript-test-smells/repositories/github-readme-stats/tests/renderTopLanguagesCard.test.js,Eager Test,"{'line': 280, 'column': 11, 'index': 9541}","  278 |
  279 |   it(""donutCenterTranslation"", () => {
> 280 |     expect(donutCenterTranslation(0)).toBe(-45);
      |           ^ Eager Test
  281 |     expect(donutCenterTranslation(1)).toBe(-45);
  282 |     expect(donutCenterTranslation(2)).toBe(-45);
  283 |     expect(donutCenterTranslation(3)).toBe(-45);"
/home/gabriel/Disk/Research/research-javascript-test-smells/repositories/github-readme-stats/tests/renderTopLanguagesCard.test.js,Eager Test,"{'line': 281, 'column': 11, 'index': 9590}","  279 |   it(""donutCenterTranslation"", () => {
  280 |     expect(donutCenterTranslation(0)).toBe(-45);
> 281 |     expect(donutCenterTranslation(1)).toBe(-45);
      |           ^ Eager Test
  282 |     expect(donutCenterTranslation(2)).toBe(-45);
  283 |     expect(donutCenterTranslation(3)).toBe(-45);
  284 |     expect(donutCenterTranslation(4)).toBe(-45);"
/home/gabriel/Disk/Research/research-javascript-test-smells/repositories/github-readme-stats/tests/renderTopLanguagesCard.test.js,Eager Test,"{'line': 282, 'column': 11, 'index': 9639}","  280 |     expect(donutCenterTranslation(0)).toBe(-45);
  281 |     expect(donutCenterTranslation(1)).toBe(-45);
> 282 |     expect(donutCenterTranslation(2)).toBe(-45);
      |           ^ Eager Test
  283 |     expect(donutCenterTranslation(3)).toBe(-45);
  284 |     expect(donutCenterTranslation(4)).toBe(-45);
  285 |     expect(donutCenterTranslation(5)).toBe(-45);"
/home/gabriel/Disk/Research/research-javascript-test-smells/repositories/github-readme-stats/tests/renderTopLanguagesCard.test.js,Eager Test,"{'line': 283, 'column': 11, 'index': 9688}","  281 |     expect(donutCenterTranslation(1)).toBe(-45);
  282 |     expect(donutCenterTranslation(2)).toBe(-45);
> 283 |     expect(donutCenterTranslation(3)).toBe(-45);
      |           ^ Eager Test
  284 |     expect(donutCenterTranslation(4)).toBe(-45);
  285 |     expect(donutCenterTranslation(5)).toBe(-45);
  286 |     expect(donutCenterTranslation(6)).toBe(-29);"
/home/gabriel/Disk/Research/research-javascript-test-smells/repositories/github-readme-stats/tests/renderTopLanguagesCard.test.js,Eager Test,"{'line': 284, 'column': 11, 'index': 9737}","  282 |     expect(donutCenterTranslation(2)).toBe(-45);
  283 |     expect(donutCenterTranslation(3)).toBe(-45);
> 284 |     expect(donutCenterTranslation(4)).toBe(-45);
      |           ^ Eager Test
  285 |     expect(donutCenterTranslation(5)).toBe(-45);
  286 |     expect(donutCenterTranslation(6)).toBe(-29);
  287 |     expect(donutCenterTranslation(7)).toBe(-13);"
/home/gabriel/Disk/Research/research-javascript-test-smells/repositories/github-readme-stats/tests/renderTopLanguagesCard.test.js,Eager Test,"{'line': 285, 'column': 11, 'index': 9786}","  283 |     expect(donutCenterTranslation(3)).toBe(-45);
  284 |     expect(donutCenterTranslation(4)).toBe(-45);
> 285 |     expect(donutCenterTranslation(5)).toBe(-45);
      |           ^ Eager Test
  286 |     expect(donutCenterTranslation(6)).toBe(-29);
  287 |     expect(donutCenterTranslation(7)).toBe(-13);
  288 |     expect(donutCenterTranslation(8)).toBe(3);"
/home/gabriel/Disk/Research/research-javascript-test-smells/repositories/github-readme-stats/tests/renderTopLanguagesCard.test.js,Eager Test,"{'line': 286, 'column': 11, 'index': 9835}","  284 |     expect(donutCenterTranslation(4)).toBe(-45);
  285 |     expect(donutCenterTranslation(5)).toBe(-45);
> 286 |     expect(donutCenterTranslation(6)).toBe(-29);
      |           ^ Eager Test
  287 |     expect(donutCenterTranslation(7)).toBe(-13);
  288 |     expect(donutCenterTranslation(8)).toBe(3);
  289 |     expect(donutCenterTranslation(9)).toBe(19);"
/home/gabriel/Disk/Research/research-javascript-test-smells/repositories/github-readme-stats/tests/renderTopLanguagesCard.test.js,Eager Test,"{'line': 287, 'column': 11, 'index': 9884}","  285 |     expect(donutCenterTranslation(5)).toBe(-45);
  286 |     expect(donutCenterTranslation(6)).toBe(-29);
> 287 |     expect(donutCenterTranslation(7)).toBe(-13);
      |           ^ Eager Test
  288 |     expect(donutCenterTranslation(8)).toBe(3);
  289 |     expect(donutCenterTranslation(9)).toBe(19);
  290 |     expect(donutCenterTranslation(10)).toBe(35);"
/home/gabriel/Disk/Research/research-javascript-test-smells/repositories/github-readme-stats/tests/renderTopLanguagesCard.test.js,Eager Test,"{'line': 288, 'column': 11, 'index': 9933}","  286 |     expect(donutCenterTranslation(6)).toBe(-29);
  287 |     expect(donutCenterTranslation(7)).toBe(-13);
> 288 |     expect(donutCenterTranslation(8)).toBe(3);
      |           ^ Eager Test
  289 |     expect(donutCenterTranslation(9)).toBe(19);
  290 |     expect(donutCenterTranslation(10)).toBe(35);
  291 |   });"
/home/gabriel/Disk/Research/research-javascript-test-smells/repositories/github-readme-stats/tests/renderTopLanguagesCard.test.js,Eager Test,"{'line': 289, 'column': 11, 'index': 9980}","  287 |     expect(donutCenterTranslation(7)).toBe(-13);
  288 |     expect(donutCenterTranslation(8)).toBe(3);
> 289 |     expect(donutCenterTranslation(9)).toBe(19);
      |           ^ Eager Test
  290 |     expect(donutCenterTranslation(10)).toBe(35);
  291 |   });
  292 |"
/home/gabriel/Disk/Research/research-javascript-test-smells/repositories/github-readme-stats/tests/renderTopLanguagesCard.test.js,Eager Test,"{'line': 290, 'column': 11, 'index': 10028}","  288 |     expect(donutCenterTranslation(8)).toBe(3);
  289 |     expect(donutCenterTranslation(9)).toBe(19);
> 290 |     expect(donutCenterTranslation(10)).toBe(35);
      |           ^ Eager Test
  291 |   });
  292 |
  293 |   it(""getCircleLength"", () => {"
/home/gabriel/Disk/Research/research-javascript-test-smells/repositories/github-readme-stats/tests/renderTopLanguagesCard.test.js,Eager Test,"{'line': 294, 'column': 11, 'index': 10116}","  292 |
  293 |   it(""getCircleLength"", () => {
> 294 |     expect(getCircleLength(20)).toBeCloseTo(125.663);
      |           ^ Eager Test
  295 |     expect(getCircleLength(30)).toBeCloseTo(188.495);
  296 |     expect(getCircleLength(40)).toBeCloseTo(251.327);
  297 |     expect(getCircleLength(50)).toBeCloseTo(314.159);"
/home/gabriel/Disk/Research/research-javascript-test-smells/repositories/github-readme-stats/tests/renderTopLanguagesCard.test.js,Eager Test,"{'line': 295, 'column': 11, 'index': 10170}","  293 |   it(""getCircleLength"", () => {
  294 |     expect(getCircleLength(20)).toBeCloseTo(125.663);
> 295 |     expect(getCircleLength(30)).toBeCloseTo(188.495);
      |           ^ Eager Test
  296 |     expect(getCircleLength(40)).toBeCloseTo(251.327);
  297 |     expect(getCircleLength(50)).toBeCloseTo(314.159);
  298 |     expect(getCircleLength(60)).toBeCloseTo(376.991);"
/home/gabriel/Disk/Research/research-javascript-test-smells/repositories/github-readme-stats/tests/renderTopLanguagesCard.test.js,Eager Test,"{'line': 296, 'column': 11, 'index': 10224}","  294 |     expect(getCircleLength(20)).toBeCloseTo(125.663);
  295 |     expect(getCircleLength(30)).toBeCloseTo(188.495);
> 296 |     expect(getCircleLength(40)).toBeCloseTo(251.327);
      |           ^ Eager Test
  297 |     expect(getCircleLength(50)).toBeCloseTo(314.159);
  298 |     expect(getCircleLength(60)).toBeCloseTo(376.991);
  299 |     expect(getCircleLength(70)).toBeCloseTo(439.822);"
/home/gabriel/Disk/Research/research-javascript-test-smells/repositories/github-readme-stats/tests/renderTopLanguagesCard.test.js,Eager Test,"{'line': 297, 'column': 11, 'index': 10278}","  295 |     expect(getCircleLength(30)).toBeCloseTo(188.495);
  296 |     expect(getCircleLength(40)).toBeCloseTo(251.327);
> 297 |     expect(getCircleLength(50)).toBeCloseTo(314.159);
      |           ^ Eager Test
  298 |     expect(getCircleLength(60)).toBeCloseTo(376.991);
  299 |     expect(getCircleLength(70)).toBeCloseTo(439.822);
  300 |     expect(getCircleLength(80)).toBeCloseTo(502.654);"
/home/gabriel/Disk/Research/research-javascript-test-smells/repositories/github-readme-stats/tests/renderTopLanguagesCard.test.js,Eager Test,"{'line': 298, 'column': 11, 'index': 10332}","  296 |     expect(getCircleLength(40)).toBeCloseTo(251.327);
  297 |     expect(getCircleLength(50)).toBeCloseTo(314.159);
> 298 |     expect(getCircleLength(60)).toBeCloseTo(376.991);
      |           ^ Eager Test
  299 |     expect(getCircleLength(70)).toBeCloseTo(439.822);
  300 |     expect(getCircleLength(80)).toBeCloseTo(502.654);
  301 |     expect(getCircleLength(90)).toBeCloseTo(565.486);"
/home/gabriel/Disk/Research/research-javascript-test-smells/repositories/github-readme-stats/tests/renderTopLanguagesCard.test.js,Eager Test,"{'line': 299, 'column': 11, 'index': 10386}","  297 |     expect(getCircleLength(50)).toBeCloseTo(314.159);
  298 |     expect(getCircleLength(60)).toBeCloseTo(376.991);
> 299 |     expect(getCircleLength(70)).toBeCloseTo(439.822);
      |           ^ Eager Test
  300 |     expect(getCircleLength(80)).toBeCloseTo(502.654);
  301 |     expect(getCircleLength(90)).toBeCloseTo(565.486);
  302 |     expect(getCircleLength(100)).toBeCloseTo(628.318);"
/home/gabriel/Disk/Research/research-javascript-test-smells/repositories/github-readme-stats/tests/renderTopLanguagesCard.test.js,Eager Test,"{'line': 300, 'column': 11, 'index': 10440}","  298 |     expect(getCircleLength(60)).toBeCloseTo(376.991);
  299 |     expect(getCircleLength(70)).toBeCloseTo(439.822);
> 300 |     expect(getCircleLength(80)).toBeCloseTo(502.654);
      |           ^ Eager Test
  301 |     expect(getCircleLength(90)).toBeCloseTo(565.486);
  302 |     expect(getCircleLength(100)).toBeCloseTo(628.318);
  303 |   });"
/home/gabriel/Disk/Research/research-javascript-test-smells/repositories/github-readme-stats/tests/renderTopLanguagesCard.test.js,Eager Test,"{'line': 301, 'column': 11, 'index': 10494}","  299 |     expect(getCircleLength(70)).toBeCloseTo(439.822);
  300 |     expect(getCircleLength(80)).toBeCloseTo(502.654);
> 301 |     expect(getCircleLength(90)).toBeCloseTo(565.486);
      |           ^ Eager Test
  302 |     expect(getCircleLength(100)).toBeCloseTo(628.318);
  303 |   });
  304 |"
/home/gabriel/Disk/Research/research-javascript-test-smells/repositories/github-readme-stats/tests/renderTopLanguagesCard.test.js,Eager Test,"{'line': 302, 'column': 11, 'index': 10548}","  300 |     expect(getCircleLength(80)).toBeCloseTo(502.654);
  301 |     expect(getCircleLength(90)).toBeCloseTo(565.486);
> 302 |     expect(getCircleLength(100)).toBeCloseTo(628.318);
      |           ^ Eager Test
  303 |   });
  304 |
  305 |   it(""trimTopLanguages"", () => {"
/home/gabriel/Disk/Research/research-javascript-test-smells/repositories/github-readme-stats/tests/renderTopLanguagesCard.test.js,Eager Test,"{'line': 306, 'column': 11, 'index': 10643}","  304 |
  305 |   it(""trimTopLanguages"", () => {
> 306 |     expect(trimTopLanguages([])).toStrictEqual({
      |           ^ Eager Test
  307 |       langs: [],
  308 |       totalLanguageSize: 0,
  309 |     });"
/home/gabriel/Disk/Research/research-javascript-test-smells/repositories/github-readme-stats/tests/renderTopLanguagesCard.test.js,Eager Test,"{'line': 310, 'column': 11, 'index': 10745}","  308 |       totalLanguageSize: 0,
  309 |     });
> 310 |     expect(trimTopLanguages([langs.javascript])).toStrictEqual({
      |           ^ Eager Test
  311 |       langs: [langs.javascript],
  312 |       totalLanguageSize: 200,
  313 |     });"
/home/gabriel/Disk/Research/research-javascript-test-smells/repositories/github-readme-stats/tests/renderTopLanguagesCard.test.js,Eager Test,"{'line': 314, 'column': 11, 'index': 10881}","  312 |       totalLanguageSize: 200,
  313 |     });
> 314 |     expect(trimTopLanguages([langs.javascript, langs.HTML], 5)).toStrictEqual({
      |           ^ Eager Test
  315 |       langs: [langs.javascript, langs.HTML],
  316 |       totalLanguageSize: 400,
  317 |     });"
/home/gabriel/Disk/Research/research-javascript-test-smells/repositories/github-readme-stats/tests/renderTopLanguagesCard.test.js,Eager Test,"{'line': 318, 'column': 11, 'index': 11044}","  316 |       totalLanguageSize: 400,
  317 |     });
> 318 |     expect(trimTopLanguages(langs, 5)).toStrictEqual({
      |           ^ Eager Test
  319 |       langs: Object.values(langs),
  320 |       totalLanguageSize: 500,
  321 |     });"
/home/gabriel/Disk/Research/research-javascript-test-smells/repositories/github-readme-stats/tests/renderTopLanguagesCard.test.js,Eager Test,"{'line': 322, 'column': 11, 'index': 11172}","  320 |       totalLanguageSize: 500,
  321 |     });
> 322 |     expect(trimTopLanguages(langs, 2)).toStrictEqual({
      |           ^ Eager Test
  323 |       langs: Object.values(langs).slice(0, 2),
  324 |       totalLanguageSize: 400,
  325 |     });"
/home/gabriel/Disk/Research/research-javascript-test-smells/repositories/github-readme-stats/tests/renderTopLanguagesCard.test.js,Eager Test,"{'line': 326, 'column': 11, 'index': 11312}","  324 |       totalLanguageSize: 400,
  325 |     });
> 326 |     expect(trimTopLanguages(langs, 5, [""javascript""])).toStrictEqual({
      |           ^ Eager Test
  327 |       langs: [langs.HTML, langs.css],
  328 |       totalLanguageSize: 300,
  329 |     });"
/home/gabriel/Disk/Research/research-javascript-test-smells/repositories/github-readme-stats/tests/renderTopLanguagesCard.test.js,Eager Test,"{'line': 334, 'column': 6, 'index': 11522}","  332 |   it(""getDefaultLanguagesCountByLayout"", () => {
  333 |     expect(
> 334 |       getDefaultLanguagesCountByLayout({ layout: ""normal"" }),
      |      ^ Eager Test
  335 |     ).toStrictEqual(5);
  336 |     expect(getDefaultLanguagesCountByLayout({})).toStrictEqual(5);
  337 |     expect("
/home/gabriel/Disk/Research/research-javascript-test-smells/repositories/github-readme-stats/tests/renderTopLanguagesCard.test.js,Eager Test,"{'line': 336, 'column': 11, 'index': 11613}","  334 |       getDefaultLanguagesCountByLayout({ layout: ""normal"" }),
  335 |     ).toStrictEqual(5);
> 336 |     expect(getDefaultLanguagesCountByLayout({})).toStrictEqual(5);
      |           ^ Eager Test
  337 |     expect(
  338 |       getDefaultLanguagesCountByLayout({ layout: ""compact"" }),
  339 |     ).toStrictEqual(6);"
/home/gabriel/Disk/Research/research-javascript-test-smells/repositories/github-readme-stats/tests/renderTopLanguagesCard.test.js,Eager Test,"{'line': 338, 'column': 6, 'index': 11687}","  336 |     expect(getDefaultLanguagesCountByLayout({})).toStrictEqual(5);
  337 |     expect(
> 338 |       getDefaultLanguagesCountByLayout({ layout: ""compact"" }),
      |      ^ Eager Test
  339 |     ).toStrictEqual(6);
  340 |     expect(
  341 |       getDefaultLanguagesCountByLayout({ hide_progress: true }),"
/home/gabriel/Disk/Research/research-javascript-test-smells/repositories/github-readme-stats/tests/renderTopLanguagesCard.test.js,Eager Test,"{'line': 341, 'column': 6, 'index': 11786}","  339 |     ).toStrictEqual(6);
  340 |     expect(
> 341 |       getDefaultLanguagesCountByLayout({ hide_progress: true }),
      |      ^ Eager Test
  342 |     ).toStrictEqual(6);
  343 |     expect(getDefaultLanguagesCountByLayout({ layout: ""donut"" })).toStrictEqual(
  344 |       5,"
/home/gabriel/Disk/Research/research-javascript-test-smells/repositories/github-readme-stats/tests/renderTopLanguagesCard.test.js,Eager Test,"{'line': 343, 'column': 11, 'index': 11880}","  341 |       getDefaultLanguagesCountByLayout({ hide_progress: true }),
  342 |     ).toStrictEqual(6);
> 343 |     expect(getDefaultLanguagesCountByLayout({ layout: ""donut"" })).toStrictEqual(
      |           ^ Eager Test
  344 |       5,
  345 |     );
  346 |     expect("
/home/gabriel/Disk/Research/research-javascript-test-smells/repositories/github-readme-stats/tests/renderTopLanguagesCard.test.js,Eager Test,"{'line': 347, 'column': 6, 'index': 11984}","  345 |     );
  346 |     expect(
> 347 |       getDefaultLanguagesCountByLayout({ layout: ""donut-vertical"" }),
      |      ^ Eager Test
  348 |     ).toStrictEqual(6);
  349 |     expect(getDefaultLanguagesCountByLayout({ layout: ""pie"" })).toStrictEqual(
  350 |       6,"
/home/gabriel/Disk/Research/research-javascript-test-smells/repositories/github-readme-stats/tests/renderTopLanguagesCard.test.js,Eager Test,"{'line': 349, 'column': 11, 'index': 12083}","  347 |       getDefaultLanguagesCountByLayout({ layout: ""donut-vertical"" }),
  348 |     ).toStrictEqual(6);
> 349 |     expect(getDefaultLanguagesCountByLayout({ layout: ""pie"" })).toStrictEqual(
      |           ^ Eager Test
  350 |       6,
  351 |     );
  352 |   });"
/home/gabriel/Disk/Research/research-javascript-test-smells/repositories/github-readme-stats/tests/renderTopLanguagesCard.test.js,Eager Test,"{'line': 387, 'column': 30, 'index': 13175}","  385 |
  386 |   it(""should hide languages when hide is passed"", () => {
> 387 |     document.body.innerHTML = renderTopLanguages(langs, {
      |                              ^ Eager Test
  388 |       hide: [""HTML""],
  389 |     });
  390 |     expect(queryAllByTestId(document.body, ""lang-name"")[0]).toBeInTheDocument("
/home/gabriel/Disk/Research/research-javascript-test-smells/repositories/github-readme-stats/tests/renderTopLanguagesCard.test.js,Eager Test,"{'line': 399, 'column': 30, 'index': 13581}","  397 |
  398 |     // multiple languages passed
> 399 |     document.body.innerHTML = renderTopLanguages(langs, {
      |                              ^ Eager Test
  400 |       hide: [""HTML"", ""css""],
  401 |     });
  402 |     expect(queryAllByTestId(document.body, ""lang-name"")[0]).toBeInTheDocument("
/home/gabriel/Disk/Research/research-javascript-test-smells/repositories/github-readme-stats/tests/renderTopLanguagesCard.test.js,Eager Test,"{'line': 409, 'column': 30, 'index': 13938}","  407 |
  408 |   it(""should resize the height correctly depending on langs"", () => {
> 409 |     document.body.innerHTML = renderTopLanguages(langs, {});
      |                              ^ Eager Test
  410 |     expect(document.querySelector(""svg"")).toHaveAttribute(""height"", ""205"");
  411 |
  412 |     document.body.innerHTML = renderTopLanguages("
/home/gabriel/Disk/Research/research-javascript-test-smells/repositories/github-readme-stats/tests/renderTopLanguagesCard.test.js,Eager Test,"{'line': 412, 'column': 30, 'index': 14076}","  410 |     expect(document.querySelector(""svg"")).toHaveAttribute(""height"", ""205"");
  411 |
> 412 |     document.body.innerHTML = renderTopLanguages(
      |                              ^ Eager Test
  413 |       {
  414 |         ...langs,
  415 |         python: {"
/home/gabriel/Disk/Research/research-javascript-test-smells/repositories/github-readme-stats/tests/renderTopLanguagesCard.test.js,Eager Test,"{'line': 427, 'column': 30, 'index': 14414}","  425 |
  426 |   it(""should render with custom width set"", () => {
> 427 |     document.body.innerHTML = renderTopLanguages(langs, {});
      |                              ^ Eager Test
  428 |
  429 |     expect(document.querySelector(""svg"")).toHaveAttribute(""width"", ""300"");
  430 |"
/home/gabriel/Disk/Research/research-javascript-test-smells/repositories/github-readme-stats/tests/renderTopLanguagesCard.test.js,Eager Test,"{'line': 431, 'column': 30, 'index': 14552}","  429 |     expect(document.querySelector(""svg"")).toHaveAttribute(""width"", ""300"");
  430 |
> 431 |     document.body.innerHTML = renderTopLanguages(langs, { card_width: 400 });
      |                              ^ Eager Test
  432 |     expect(document.querySelector(""svg"")).toHaveAttribute(""width"", ""400"");
  433 |   });
  434 |"
/home/gabriel/Disk/Research/research-javascript-test-smells/repositories/github-readme-stats/tests/renderTopLanguagesCard.test.js,Eager Test,"{'line': 436, 'column': 30, 'index': 14757}","  434 |
  435 |   it(""should render with min width"", () => {
> 436 |     document.body.innerHTML = renderTopLanguages(langs, { card_width: 190 });
      |                              ^ Eager Test
  437 |
  438 |     expect(document.querySelector(""svg"")).toHaveAttribute(
  439 |       ""width"","
/home/gabriel/Disk/Research/research-javascript-test-smells/repositories/github-readme-stats/tests/renderTopLanguagesCard.test.js,Eager Test,"{'line': 443, 'column': 30, 'index': 14951}","  441 |     );
  442 |
> 443 |     document.body.innerHTML = renderTopLanguages(langs, { card_width: 100 });
      |                              ^ Eager Test
  444 |     expect(document.querySelector(""svg"")).toHaveAttribute(
  445 |       ""width"",
  446 |       MIN_CARD_WIDTH.toString(),"
/home/gabriel/Disk/Research/research-javascript-test-smells/repositories/github-readme-stats/tests/renderTopLanguagesCard.test.js,Eager Test,"{'line': 566, 'column': 30, 'index': 19012}","  564 |
  565 |   it(""should render with layout donut"", () => {
> 566 |     document.body.innerHTML = renderTopLanguages(langs, { layout: ""donut"" });
      |                              ^ Eager Test
  567 |
  568 |     expect(queryByTestId(document.body, ""header"")).toHaveTextContent(
  569 |       ""Most Used Languages"","
/home/gabriel/Disk/Research/research-javascript-test-smells/repositories/github-readme-stats/tests/renderTopLanguagesCard.test.js,Eager Test,"{'line': 621, 'column': 30, 'index': 20846}","  619 |
  620 |     // Should render full donut (circle) if one language is 100%.
> 621 |     document.body.innerHTML = renderTopLanguages(
      |                              ^ Eager Test
  622 |       { HTML: langs.HTML },
  623 |       { layout: ""donut"" },
  624 |     );"
/home/gabriel/Disk/Research/research-javascript-test-smells/repositories/github-readme-stats/tests/renderTopLanguagesCard.test.js,Eager Test,"{'line': 736, 'column': 30, 'index': 24437}","  734 |
  735 |   it(""should render with layout pie"", () => {
> 736 |     document.body.innerHTML = renderTopLanguages(langs, { layout: ""pie"" });
      |                              ^ Eager Test
  737 |
  738 |     expect(queryByTestId(document.body, ""header"")).toHaveTextContent(
  739 |       ""Most Used Languages"","
/home/gabriel/Disk/Research/research-javascript-test-smells/repositories/github-readme-stats/tests/renderTopLanguagesCard.test.js,Eager Test,"{'line': 792, 'column': 30, 'index': 26248}","  790 |
  791 |     // Should render full pie (circle) if one language is 100%.
> 792 |     document.body.innerHTML = renderTopLanguages(
      |                              ^ Eager Test
  793 |       { HTML: langs.HTML },
  794 |       { layout: ""pie"" },
  795 |     );"
/home/gabriel/Disk/Research/research-javascript-test-smells/repositories/github-readme-stats/tests/renderTopLanguagesCard.test.js,Eager Test,"{'line': 817, 'column': 30, 'index': 27028}","  815 |
  816 |   it(""should render without rounding"", () => {
> 817 |     document.body.innerHTML = renderTopLanguages(langs, { border_radius: ""0"" });
      |                              ^ Eager Test
  818 |     expect(document.querySelector(""rect"")).toHaveAttribute(""rx"", ""0"");
  819 |     document.body.innerHTML = renderTopLanguages(langs, {});
  820 |     expect(document.querySelector(""rect"")).toHaveAttribute(""rx"", ""4.5"");"
/home/gabriel/Disk/Research/research-javascript-test-smells/repositories/github-readme-stats/tests/renderTopLanguagesCard.test.js,Eager Test,"{'line': 819, 'column': 30, 'index': 27180}","  817 |     document.body.innerHTML = renderTopLanguages(langs, { border_radius: ""0"" });
  818 |     expect(document.querySelector(""rect"")).toHaveAttribute(""rx"", ""0"");
> 819 |     document.body.innerHTML = renderTopLanguages(langs, {});
      |                              ^ Eager Test
  820 |     expect(document.querySelector(""rect"")).toHaveAttribute(""rx"", ""4.5"");
  821 |   });
  822 |"
/home/gabriel/Disk/Research/research-javascript-test-smells/repositories/github-readme-stats/tests/renderTopLanguagesCard.test.js,Eager Test,"{'line': 852, 'column': 30, 'index': 28267}","  850 |
  851 |   it(""should show proper stats format"", () => {
> 852 |     document.body.innerHTML = renderTopLanguages(langs, {
      |                              ^ Eager Test
  853 |       layout: ""compact"",
  854 |       stats_format: ""percentages"",
  855 |     });"
/home/gabriel/Disk/Research/research-javascript-test-smells/repositories/github-readme-stats/tests/renderTopLanguagesCard.test.js,Eager Test,"{'line': 869, 'column': 30, 'index': 28723}","  867 |     );
  868 |
> 869 |     document.body.innerHTML = renderTopLanguages(langs, {
      |                              ^ Eager Test
  870 |       layout: ""compact"",
  871 |       stats_format: ""bytes"",
  872 |     });"
/home/gabriel/Disk/Research/research-javascript-test-smells/repositories/github-readme-stats/tests/renderTopLanguagesCard.test.js,Lazy Test,"{'line': 357, 'column': 30, 'index': 12292}","  355 | describe(""Test renderTopLanguages"", () => {
  356 |   it(""should render correctly"", () => {
> 357 |     document.body.innerHTML = renderTopLanguages(langs);
      |                              ^ Lazy Test
  358 |
  359 |     expect(queryByTestId(document.body, ""header"")).toHaveTextContent(
  360 |       ""Most Used Languages"","
/home/gabriel/Disk/Research/research-javascript-test-smells/repositories/github-readme-stats/tests/renderTopLanguagesCard.test.js,Lazy Test,"{'line': 387, 'column': 30, 'index': 13175}","  385 |
  386 |   it(""should hide languages when hide is passed"", () => {
> 387 |     document.body.innerHTML = renderTopLanguages(langs, {
      |                              ^ Lazy Test
  388 |       hide: [""HTML""],
  389 |     });
  390 |     expect(queryAllByTestId(document.body, ""lang-name"")[0]).toBeInTheDocument("
/home/gabriel/Disk/Research/research-javascript-test-smells/repositories/github-readme-stats/tests/renderTopLanguagesCard.test.js,Lazy Test,"{'line': 409, 'column': 30, 'index': 13938}","  407 |
  408 |   it(""should resize the height correctly depending on langs"", () => {
> 409 |     document.body.innerHTML = renderTopLanguages(langs, {});
      |                              ^ Lazy Test
  410 |     expect(document.querySelector(""svg"")).toHaveAttribute(""height"", ""205"");
  411 |
  412 |     document.body.innerHTML = renderTopLanguages("
/home/gabriel/Disk/Research/research-javascript-test-smells/repositories/github-readme-stats/tests/renderTopLanguagesCard.test.js,Lazy Test,"{'line': 427, 'column': 30, 'index': 14414}","  425 |
  426 |   it(""should render with custom width set"", () => {
> 427 |     document.body.innerHTML = renderTopLanguages(langs, {});
      |                              ^ Lazy Test
  428 |
  429 |     expect(document.querySelector(""svg"")).toHaveAttribute(""width"", ""300"");
  430 |"
/home/gabriel/Disk/Research/research-javascript-test-smells/repositories/github-readme-stats/tests/renderTopLanguagesCard.test.js,Lazy Test,"{'line': 436, 'column': 30, 'index': 14757}","  434 |
  435 |   it(""should render with min width"", () => {
> 436 |     document.body.innerHTML = renderTopLanguages(langs, { card_width: 190 });
      |                              ^ Lazy Test
  437 |
  438 |     expect(document.querySelector(""svg"")).toHaveAttribute(
  439 |       ""width"","
/home/gabriel/Disk/Research/research-javascript-test-smells/repositories/github-readme-stats/tests/renderTopLanguagesCard.test.js,Lazy Test,"{'line': 451, 'column': 30, 'index': 15204}","  449 |
  450 |   it(""should render default colors properly"", () => {
> 451 |     document.body.innerHTML = renderTopLanguages(langs);
      |                              ^ Lazy Test
  452 |
  453 |     const styleTag = document.querySelector(""style"");
  454 |     const stylesObject = cssToObject(styleTag.textContent);"
/home/gabriel/Disk/Research/research-javascript-test-smells/repositories/github-readme-stats/tests/renderTopLanguagesCard.test.js,Lazy Test,"{'line': 475, 'column': 30, 'index': 15921}","  473 |     };
  474 |
> 475 |     document.body.innerHTML = renderTopLanguages(langs, { ...customColors });
      |                              ^ Lazy Test
  476 |
  477 |     const styleTag = document.querySelector(""style"");
  478 |     const stylesObject = cssToObject(styleTag.innerHTML);"
/home/gabriel/Disk/Research/research-javascript-test-smells/repositories/github-readme-stats/tests/renderTopLanguagesCard.test.js,Lazy Test,"{'line': 492, 'column': 30, 'index': 16560}","  490 |
  491 |   it(""should render custom colors with themes"", () => {
> 492 |     document.body.innerHTML = renderTopLanguages(langs, {
      |                              ^ Lazy Test
  493 |       title_color: ""5a0"",
  494 |       theme: ""radical"",
  495 |     });"
/home/gabriel/Disk/Research/research-javascript-test-smells/repositories/github-readme-stats/tests/renderTopLanguagesCard.test.js,Lazy Test,"{'line': 513, 'column': 32, 'index': 17275}","  511 |   it(""should render with all the themes"", () => {
  512 |     Object.keys(themes).forEach((name) => {
> 513 |       document.body.innerHTML = renderTopLanguages(langs, {
      |                                ^ Lazy Test
  514 |         theme: name,
  515 |       });
  516 |"
/home/gabriel/Disk/Research/research-javascript-test-smells/repositories/github-readme-stats/tests/renderTopLanguagesCard.test.js,Lazy Test,"{'line': 534, 'column': 30, 'index': 18094}","  532 |
  533 |   it(""should render with layout compact"", () => {
> 534 |     document.body.innerHTML = renderTopLanguages(langs, { layout: ""compact"" });
      |                              ^ Lazy Test
  535 |
  536 |     expect(queryByTestId(document.body, ""header"")).toHaveTextContent(
  537 |       ""Most Used Languages"","
/home/gabriel/Disk/Research/research-javascript-test-smells/repositories/github-readme-stats/tests/renderTopLanguagesCard.test.js,Lazy Test,"{'line': 566, 'column': 30, 'index': 19012}","  564 |
  565 |   it(""should render with layout donut"", () => {
> 566 |     document.body.innerHTML = renderTopLanguages(langs, { layout: ""donut"" });
      |                              ^ Lazy Test
  567 |
  568 |     expect(queryByTestId(document.body, ""header"")).toHaveTextContent(
  569 |       ""Most Used Languages"","
/home/gabriel/Disk/Research/research-javascript-test-smells/repositories/github-readme-stats/tests/renderTopLanguagesCard.test.js,Lazy Test,"{'line': 639, 'column': 30, 'index': 21415}","  637 |
  638 |   it(""should render with layout donut vertical"", () => {
> 639 |     document.body.innerHTML = renderTopLanguages(langs, {
      |                              ^ Lazy Test
  640 |       layout: ""donut-vertical"",
  641 |     });
  642 |"
/home/gabriel/Disk/Research/research-javascript-test-smells/repositories/github-readme-stats/tests/renderTopLanguagesCard.test.js,Lazy Test,"{'line': 709, 'column': 30, 'index': 23626}","  707 |
  708 |   it(""should render with layout donut vertical full donut circle of one language is 100%"", () => {
> 709 |     document.body.innerHTML = renderTopLanguages(
      |                              ^ Lazy Test
  710 |       { HTML: langs.HTML },
  711 |       { layout: ""donut-vertical"" },
  712 |     );"
/home/gabriel/Disk/Research/research-javascript-test-smells/repositories/github-readme-stats/tests/renderTopLanguagesCard.test.js,Lazy Test,"{'line': 736, 'column': 30, 'index': 24437}","  734 |
  735 |   it(""should render with layout pie"", () => {
> 736 |     document.body.innerHTML = renderTopLanguages(langs, { layout: ""pie"" });
      |                              ^ Lazy Test
  737 |
  738 |     expect(queryByTestId(document.body, ""header"")).toHaveTextContent(
  739 |       ""Most Used Languages"","
/home/gabriel/Disk/Research/research-javascript-test-smells/repositories/github-readme-stats/tests/renderTopLanguagesCard.test.js,Lazy Test,"{'line': 810, 'column': 30, 'index': 26801}","  808 |
  809 |   it(""should render a translated title"", () => {
> 810 |     document.body.innerHTML = renderTopLanguages(langs, { locale: ""cn"" });
      |                              ^ Lazy Test
  811 |     expect(document.getElementsByClassName(""header"")[0].textContent).toBe(
  812 |       ""最常用的语言"",
  813 |     );"
/home/gabriel/Disk/Research/research-javascript-test-smells/repositories/github-readme-stats/tests/renderTopLanguagesCard.test.js,Lazy Test,"{'line': 817, 'column': 30, 'index': 27028}","  815 |
  816 |   it(""should render without rounding"", () => {
> 817 |     document.body.innerHTML = renderTopLanguages(langs, { border_radius: ""0"" });
      |                              ^ Lazy Test
  818 |     expect(document.querySelector(""rect"")).toHaveAttribute(""rx"", ""0"");
  819 |     document.body.innerHTML = renderTopLanguages(langs, {});
  820 |     expect(document.querySelector(""rect"")).toHaveAttribute(""rx"", ""4.5"");"
/home/gabriel/Disk/Research/research-javascript-test-smells/repositories/github-readme-stats/tests/renderTopLanguagesCard.test.js,Lazy Test,"{'line': 827, 'column': 30, 'index': 27435}","  825 |       langs_count: 1,
  826 |     };
> 827 |     document.body.innerHTML = renderTopLanguages(langs, { ...options });
      |                              ^ Lazy Test
  828 |     expect(queryAllByTestId(document.body, ""lang-name"").length).toBe(
  829 |       options.langs_count,
  830 |     );"
/home/gabriel/Disk/Research/research-javascript-test-smells/repositories/github-readme-stats/tests/renderTopLanguagesCard.test.js,Lazy Test,"{'line': 838, 'column': 30, 'index': 27777}","  836 |       langs_count: 2,
  837 |     };
> 838 |     document.body.innerHTML = renderTopLanguages(langs, { ...options });
      |                              ^ Lazy Test
  839 |     expect(queryAllByTestId(document.body, ""lang-name"").length).toBe(
  840 |       options.langs_count,
  841 |     );"
/home/gabriel/Disk/Research/research-javascript-test-smells/repositories/github-readme-stats/tests/renderTopLanguagesCard.test.js,Lazy Test,"{'line': 845, 'column': 30, 'index': 28061}","  843 |
  844 |   it('should show ""No languages data."" message instead of empty card when nothing to show', () => {
> 845 |     document.body.innerHTML = renderTopLanguages({});
      |                              ^ Lazy Test
  846 |     expect(document.querySelector("".stat"").textContent).toBe(
  847 |       ""No languages data."",
  848 |     );"
/home/gabriel/Disk/Research/research-javascript-test-smells/repositories/github-readme-stats/tests/renderTopLanguagesCard.test.js,Lazy Test,"{'line': 852, 'column': 30, 'index': 28267}","  850 |
  851 |   it(""should show proper stats format"", () => {
> 852 |     document.body.innerHTML = renderTopLanguages(langs, {
      |                              ^ Lazy Test
  853 |       layout: ""compact"",
  854 |       stats_format: ""percentages"",
  855 |     });"
/home/gabriel/Disk/Research/research-javascript-test-smells/repositories/github-readme-stats/tests/renderTopLanguagesCard.test.js,Magic Number,"{'line': 123, 'column': 37, 'index': 3348}","  121 |
  122 |   it(""degreesToRadians"", () => {
> 123 |     expect(degreesToRadians(0)).toBe(0);
      |                                     ^ Magic Number
  124 |     expect(degreesToRadians(90)).toBe(Math.PI / 2);
  125 |     expect(degreesToRadians(180)).toBe(Math.PI);
  126 |     expect(degreesToRadians(270)).toBe((3 * Math.PI) / 2);"
/home/gabriel/Disk/Research/research-javascript-test-smells/repositories/github-readme-stats/tests/renderTopLanguagesCard.test.js,Magic Number,"{'line': 131, 'column': 37, 'index': 3642}","  129 |
  130 |   it(""radiansToDegrees"", () => {
> 131 |     expect(radiansToDegrees(0)).toBe(0);
      |                                     ^ Magic Number
  132 |     expect(radiansToDegrees(Math.PI / 2)).toBe(90);
  133 |     expect(radiansToDegrees(Math.PI)).toBe(180);
  134 |     expect(radiansToDegrees((3 * Math.PI) / 2)).toBe(270);"
/home/gabriel/Disk/Research/research-javascript-test-smells/repositories/github-readme-stats/tests/renderTopLanguagesCard.test.js,Magic Number,"{'line': 132, 'column': 47, 'index': 3693}","  130 |   it(""radiansToDegrees"", () => {
  131 |     expect(radiansToDegrees(0)).toBe(0);
> 132 |     expect(radiansToDegrees(Math.PI / 2)).toBe(90);
      |                                               ^ Magic Number
  133 |     expect(radiansToDegrees(Math.PI)).toBe(180);
  134 |     expect(radiansToDegrees((3 * Math.PI) / 2)).toBe(270);
  135 |     expect(radiansToDegrees(2 * Math.PI)).toBe(360);"
/home/gabriel/Disk/Research/research-javascript-test-smells/repositories/github-readme-stats/tests/renderTopLanguagesCard.test.js,Magic Number,"{'line': 133, 'column': 43, 'index': 3741}","  131 |     expect(radiansToDegrees(0)).toBe(0);
  132 |     expect(radiansToDegrees(Math.PI / 2)).toBe(90);
> 133 |     expect(radiansToDegrees(Math.PI)).toBe(180);
      |                                           ^ Magic Number
  134 |     expect(radiansToDegrees((3 * Math.PI) / 2)).toBe(270);
  135 |     expect(radiansToDegrees(2 * Math.PI)).toBe(360);
  136 |   });"
/home/gabriel/Disk/Research/research-javascript-test-smells/repositories/github-readme-stats/tests/renderTopLanguagesCard.test.js,Magic Number,"{'line': 134, 'column': 53, 'index': 3800}","  132 |     expect(radiansToDegrees(Math.PI / 2)).toBe(90);
  133 |     expect(radiansToDegrees(Math.PI)).toBe(180);
> 134 |     expect(radiansToDegrees((3 * Math.PI) / 2)).toBe(270);
      |                                                     ^ Magic Number
  135 |     expect(radiansToDegrees(2 * Math.PI)).toBe(360);
  136 |   });
  137 |"
/home/gabriel/Disk/Research/research-javascript-test-smells/repositories/github-readme-stats/tests/renderTopLanguagesCard.test.js,Magic Number,"{'line': 135, 'column': 47, 'index': 3853}","  133 |     expect(radiansToDegrees(Math.PI)).toBe(180);
  134 |     expect(radiansToDegrees((3 * Math.PI) / 2)).toBe(270);
> 135 |     expect(radiansToDegrees(2 * Math.PI)).toBe(360);
      |                                               ^ Magic Number
  136 |   });
  137 |
  138 |   it(""polarToCartesian"", () => {"
/home/gabriel/Disk/Research/research-javascript-test-smells/repositories/github-readme-stats/tests/renderTopLanguagesCard.test.js,Magic Number,"{'line': 210, 'column': 49, 'index': 6309}","  208 |
  209 |   it(""calculateCompactLayoutHeight"", () => {
> 210 |     expect(calculateCompactLayoutHeight(0)).toBe(90);
      |                                                 ^ Magic Number
  211 |     expect(calculateCompactLayoutHeight(1)).toBe(115);
  212 |     expect(calculateCompactLayoutHeight(2)).toBe(115);
  213 |     expect(calculateCompactLayoutHeight(3)).toBe(140);"
/home/gabriel/Disk/Research/research-javascript-test-smells/repositories/github-readme-stats/tests/renderTopLanguagesCard.test.js,Magic Number,"{'line': 211, 'column': 49, 'index': 6363}","  209 |   it(""calculateCompactLayoutHeight"", () => {
  210 |     expect(calculateCompactLayoutHeight(0)).toBe(90);
> 211 |     expect(calculateCompactLayoutHeight(1)).toBe(115);
      |                                                 ^ Magic Number
  212 |     expect(calculateCompactLayoutHeight(2)).toBe(115);
  213 |     expect(calculateCompactLayoutHeight(3)).toBe(140);
  214 |     expect(calculateCompactLayoutHeight(4)).toBe(140);"
/home/gabriel/Disk/Research/research-javascript-test-smells/repositories/github-readme-stats/tests/renderTopLanguagesCard.test.js,Magic Number,"{'line': 212, 'column': 49, 'index': 6418}","  210 |     expect(calculateCompactLayoutHeight(0)).toBe(90);
  211 |     expect(calculateCompactLayoutHeight(1)).toBe(115);
> 212 |     expect(calculateCompactLayoutHeight(2)).toBe(115);
      |                                                 ^ Magic Number
  213 |     expect(calculateCompactLayoutHeight(3)).toBe(140);
  214 |     expect(calculateCompactLayoutHeight(4)).toBe(140);
  215 |     expect(calculateCompactLayoutHeight(5)).toBe(165);"
/home/gabriel/Disk/Research/research-javascript-test-smells/repositories/github-readme-stats/tests/renderTopLanguagesCard.test.js,Magic Number,"{'line': 213, 'column': 49, 'index': 6473}","  211 |     expect(calculateCompactLayoutHeight(1)).toBe(115);
  212 |     expect(calculateCompactLayoutHeight(2)).toBe(115);
> 213 |     expect(calculateCompactLayoutHeight(3)).toBe(140);
      |                                                 ^ Magic Number
  214 |     expect(calculateCompactLayoutHeight(4)).toBe(140);
  215 |     expect(calculateCompactLayoutHeight(5)).toBe(165);
  216 |     expect(calculateCompactLayoutHeight(6)).toBe(165);"
/home/gabriel/Disk/Research/research-javascript-test-smells/repositories/github-readme-stats/tests/renderTopLanguagesCard.test.js,Magic Number,"{'line': 214, 'column': 49, 'index': 6528}","  212 |     expect(calculateCompactLayoutHeight(2)).toBe(115);
  213 |     expect(calculateCompactLayoutHeight(3)).toBe(140);
> 214 |     expect(calculateCompactLayoutHeight(4)).toBe(140);
      |                                                 ^ Magic Number
  215 |     expect(calculateCompactLayoutHeight(5)).toBe(165);
  216 |     expect(calculateCompactLayoutHeight(6)).toBe(165);
  217 |     expect(calculateCompactLayoutHeight(7)).toBe(190);"
/home/gabriel/Disk/Research/research-javascript-test-smells/repositories/github-readme-stats/tests/renderTopLanguagesCard.test.js,Magic Number,"{'line': 215, 'column': 49, 'index': 6583}","  213 |     expect(calculateCompactLayoutHeight(3)).toBe(140);
  214 |     expect(calculateCompactLayoutHeight(4)).toBe(140);
> 215 |     expect(calculateCompactLayoutHeight(5)).toBe(165);
      |                                                 ^ Magic Number
  216 |     expect(calculateCompactLayoutHeight(6)).toBe(165);
  217 |     expect(calculateCompactLayoutHeight(7)).toBe(190);
  218 |     expect(calculateCompactLayoutHeight(8)).toBe(190);"
/home/gabriel/Disk/Research/research-javascript-test-smells/repositories/github-readme-stats/tests/renderTopLanguagesCard.test.js,Magic Number,"{'line': 216, 'column': 49, 'index': 6638}","  214 |     expect(calculateCompactLayoutHeight(4)).toBe(140);
  215 |     expect(calculateCompactLayoutHeight(5)).toBe(165);
> 216 |     expect(calculateCompactLayoutHeight(6)).toBe(165);
      |                                                 ^ Magic Number
  217 |     expect(calculateCompactLayoutHeight(7)).toBe(190);
  218 |     expect(calculateCompactLayoutHeight(8)).toBe(190);
  219 |     expect(calculateCompactLayoutHeight(9)).toBe(215);"
/home/gabriel/Disk/Research/research-javascript-test-smells/repositories/github-readme-stats/tests/renderTopLanguagesCard.test.js,Magic Number,"{'line': 217, 'column': 49, 'index': 6693}","  215 |     expect(calculateCompactLayoutHeight(5)).toBe(165);
  216 |     expect(calculateCompactLayoutHeight(6)).toBe(165);
> 217 |     expect(calculateCompactLayoutHeight(7)).toBe(190);
      |                                                 ^ Magic Number
  218 |     expect(calculateCompactLayoutHeight(8)).toBe(190);
  219 |     expect(calculateCompactLayoutHeight(9)).toBe(215);
  220 |     expect(calculateCompactLayoutHeight(10)).toBe(215);"
/home/gabriel/Disk/Research/research-javascript-test-smells/repositories/github-readme-stats/tests/renderTopLanguagesCard.test.js,Magic Number,"{'line': 218, 'column': 49, 'index': 6748}","  216 |     expect(calculateCompactLayoutHeight(6)).toBe(165);
  217 |     expect(calculateCompactLayoutHeight(7)).toBe(190);
> 218 |     expect(calculateCompactLayoutHeight(8)).toBe(190);
      |                                                 ^ Magic Number
  219 |     expect(calculateCompactLayoutHeight(9)).toBe(215);
  220 |     expect(calculateCompactLayoutHeight(10)).toBe(215);
  221 |   });"
/home/gabriel/Disk/Research/research-javascript-test-smells/repositories/github-readme-stats/tests/renderTopLanguagesCard.test.js,Magic Number,"{'line': 219, 'column': 49, 'index': 6803}","  217 |     expect(calculateCompactLayoutHeight(7)).toBe(190);
  218 |     expect(calculateCompactLayoutHeight(8)).toBe(190);
> 219 |     expect(calculateCompactLayoutHeight(9)).toBe(215);
      |                                                 ^ Magic Number
  220 |     expect(calculateCompactLayoutHeight(10)).toBe(215);
  221 |   });
  222 |"
/home/gabriel/Disk/Research/research-javascript-test-smells/repositories/github-readme-stats/tests/renderTopLanguagesCard.test.js,Magic Number,"{'line': 220, 'column': 50, 'index': 6859}","  218 |     expect(calculateCompactLayoutHeight(8)).toBe(190);
  219 |     expect(calculateCompactLayoutHeight(9)).toBe(215);
> 220 |     expect(calculateCompactLayoutHeight(10)).toBe(215);
      |                                                  ^ Magic Number
  221 |   });
  222 |
  223 |   it(""calculateNormalLayoutHeight"", () => {"
/home/gabriel/Disk/Research/research-javascript-test-smells/repositories/github-readme-stats/tests/renderTopLanguagesCard.test.js,Magic Number,"{'line': 224, 'column': 48, 'index': 6964}","  222 |
  223 |   it(""calculateNormalLayoutHeight"", () => {
> 224 |     expect(calculateNormalLayoutHeight(0)).toBe(85);
      |                                                ^ Magic Number
  225 |     expect(calculateNormalLayoutHeight(1)).toBe(125);
  226 |     expect(calculateNormalLayoutHeight(2)).toBe(165);
  227 |     expect(calculateNormalLayoutHeight(3)).toBe(205);"
/home/gabriel/Disk/Research/research-javascript-test-smells/repositories/github-readme-stats/tests/renderTopLanguagesCard.test.js,Magic Number,"{'line': 225, 'column': 48, 'index': 7017}","  223 |   it(""calculateNormalLayoutHeight"", () => {
  224 |     expect(calculateNormalLayoutHeight(0)).toBe(85);
> 225 |     expect(calculateNormalLayoutHeight(1)).toBe(125);
      |                                                ^ Magic Number
  226 |     expect(calculateNormalLayoutHeight(2)).toBe(165);
  227 |     expect(calculateNormalLayoutHeight(3)).toBe(205);
  228 |     expect(calculateNormalLayoutHeight(4)).toBe(245);"
/home/gabriel/Disk/Research/research-javascript-test-smells/repositories/github-readme-stats/tests/renderTopLanguagesCard.test.js,Magic Number,"{'line': 226, 'column': 48, 'index': 7071}","  224 |     expect(calculateNormalLayoutHeight(0)).toBe(85);
  225 |     expect(calculateNormalLayoutHeight(1)).toBe(125);
> 226 |     expect(calculateNormalLayoutHeight(2)).toBe(165);
      |                                                ^ Magic Number
  227 |     expect(calculateNormalLayoutHeight(3)).toBe(205);
  228 |     expect(calculateNormalLayoutHeight(4)).toBe(245);
  229 |     expect(calculateNormalLayoutHeight(5)).toBe(285);"
/home/gabriel/Disk/Research/research-javascript-test-smells/repositories/github-readme-stats/tests/renderTopLanguagesCard.test.js,Magic Number,"{'line': 227, 'column': 48, 'index': 7125}","  225 |     expect(calculateNormalLayoutHeight(1)).toBe(125);
  226 |     expect(calculateNormalLayoutHeight(2)).toBe(165);
> 227 |     expect(calculateNormalLayoutHeight(3)).toBe(205);
      |                                                ^ Magic Number
  228 |     expect(calculateNormalLayoutHeight(4)).toBe(245);
  229 |     expect(calculateNormalLayoutHeight(5)).toBe(285);
  230 |     expect(calculateNormalLayoutHeight(6)).toBe(325);"
/home/gabriel/Disk/Research/research-javascript-test-smells/repositories/github-readme-stats/tests/renderTopLanguagesCard.test.js,Magic Number,"{'line': 228, 'column': 48, 'index': 7179}","  226 |     expect(calculateNormalLayoutHeight(2)).toBe(165);
  227 |     expect(calculateNormalLayoutHeight(3)).toBe(205);
> 228 |     expect(calculateNormalLayoutHeight(4)).toBe(245);
      |                                                ^ Magic Number
  229 |     expect(calculateNormalLayoutHeight(5)).toBe(285);
  230 |     expect(calculateNormalLayoutHeight(6)).toBe(325);
  231 |     expect(calculateNormalLayoutHeight(7)).toBe(365);"
/home/gabriel/Disk/Research/research-javascript-test-smells/repositories/github-readme-stats/tests/renderTopLanguagesCard.test.js,Magic Number,"{'line': 229, 'column': 48, 'index': 7233}","  227 |     expect(calculateNormalLayoutHeight(3)).toBe(205);
  228 |     expect(calculateNormalLayoutHeight(4)).toBe(245);
> 229 |     expect(calculateNormalLayoutHeight(5)).toBe(285);
      |                                                ^ Magic Number
  230 |     expect(calculateNormalLayoutHeight(6)).toBe(325);
  231 |     expect(calculateNormalLayoutHeight(7)).toBe(365);
  232 |     expect(calculateNormalLayoutHeight(8)).toBe(405);"
/home/gabriel/Disk/Research/research-javascript-test-smells/repositories/github-readme-stats/tests/renderTopLanguagesCard.test.js,Magic Number,"{'line': 230, 'column': 48, 'index': 7287}","  228 |     expect(calculateNormalLayoutHeight(4)).toBe(245);
  229 |     expect(calculateNormalLayoutHeight(5)).toBe(285);
> 230 |     expect(calculateNormalLayoutHeight(6)).toBe(325);
      |                                                ^ Magic Number
  231 |     expect(calculateNormalLayoutHeight(7)).toBe(365);
  232 |     expect(calculateNormalLayoutHeight(8)).toBe(405);
  233 |     expect(calculateNormalLayoutHeight(9)).toBe(445);"
/home/gabriel/Disk/Research/research-javascript-test-smells/repositories/github-readme-stats/tests/renderTopLanguagesCard.test.js,Magic Number,"{'line': 231, 'column': 48, 'index': 7341}","  229 |     expect(calculateNormalLayoutHeight(5)).toBe(285);
  230 |     expect(calculateNormalLayoutHeight(6)).toBe(325);
> 231 |     expect(calculateNormalLayoutHeight(7)).toBe(365);
      |                                                ^ Magic Number
  232 |     expect(calculateNormalLayoutHeight(8)).toBe(405);
  233 |     expect(calculateNormalLayoutHeight(9)).toBe(445);
  234 |     expect(calculateNormalLayoutHeight(10)).toBe(485);"
/home/gabriel/Disk/Research/research-javascript-test-smells/repositories/github-readme-stats/tests/renderTopLanguagesCard.test.js,Magic Number,"{'line': 232, 'column': 48, 'index': 7395}","  230 |     expect(calculateNormalLayoutHeight(6)).toBe(325);
  231 |     expect(calculateNormalLayoutHeight(7)).toBe(365);
> 232 |     expect(calculateNormalLayoutHeight(8)).toBe(405);
      |                                                ^ Magic Number
  233 |     expect(calculateNormalLayoutHeight(9)).toBe(445);
  234 |     expect(calculateNormalLayoutHeight(10)).toBe(485);
  235 |   });"
/home/gabriel/Disk/Research/research-javascript-test-smells/repositories/github-readme-stats/tests/renderTopLanguagesCard.test.js,Magic Number,"{'line': 233, 'column': 48, 'index': 7449}","  231 |     expect(calculateNormalLayoutHeight(7)).toBe(365);
  232 |     expect(calculateNormalLayoutHeight(8)).toBe(405);
> 233 |     expect(calculateNormalLayoutHeight(9)).toBe(445);
      |                                                ^ Magic Number
  234 |     expect(calculateNormalLayoutHeight(10)).toBe(485);
  235 |   });
  236 |"
/home/gabriel/Disk/Research/research-javascript-test-smells/repositories/github-readme-stats/tests/renderTopLanguagesCard.test.js,Magic Number,"{'line': 234, 'column': 49, 'index': 7504}","  232 |     expect(calculateNormalLayoutHeight(8)).toBe(405);
  233 |     expect(calculateNormalLayoutHeight(9)).toBe(445);
> 234 |     expect(calculateNormalLayoutHeight(10)).toBe(485);
      |                                                 ^ Magic Number
  235 |   });
  236 |
  237 |   it(""calculateDonutLayoutHeight"", () => {"
/home/gabriel/Disk/Research/research-javascript-test-smells/repositories/github-readme-stats/tests/renderTopLanguagesCard.test.js,Magic Number,"{'line': 238, 'column': 47, 'index': 7607}","  236 |
  237 |   it(""calculateDonutLayoutHeight"", () => {
> 238 |     expect(calculateDonutLayoutHeight(0)).toBe(215);
      |                                               ^ Magic Number
  239 |     expect(calculateDonutLayoutHeight(1)).toBe(215);
  240 |     expect(calculateDonutLayoutHeight(2)).toBe(215);
  241 |     expect(calculateDonutLayoutHeight(3)).toBe(215);"
/home/gabriel/Disk/Research/research-javascript-test-smells/repositories/github-readme-stats/tests/renderTopLanguagesCard.test.js,Magic Number,"{'line': 239, 'column': 47, 'index': 7660}","  237 |   it(""calculateDonutLayoutHeight"", () => {
  238 |     expect(calculateDonutLayoutHeight(0)).toBe(215);
> 239 |     expect(calculateDonutLayoutHeight(1)).toBe(215);
      |                                               ^ Magic Number
  240 |     expect(calculateDonutLayoutHeight(2)).toBe(215);
  241 |     expect(calculateDonutLayoutHeight(3)).toBe(215);
  242 |     expect(calculateDonutLayoutHeight(4)).toBe(215);"
/home/gabriel/Disk/Research/research-javascript-test-smells/repositories/github-readme-stats/tests/renderTopLanguagesCard.test.js,Magic Number,"{'line': 240, 'column': 47, 'index': 7713}","  238 |     expect(calculateDonutLayoutHeight(0)).toBe(215);
  239 |     expect(calculateDonutLayoutHeight(1)).toBe(215);
> 240 |     expect(calculateDonutLayoutHeight(2)).toBe(215);
      |                                               ^ Magic Number
  241 |     expect(calculateDonutLayoutHeight(3)).toBe(215);
  242 |     expect(calculateDonutLayoutHeight(4)).toBe(215);
  243 |     expect(calculateDonutLayoutHeight(5)).toBe(215);"
/home/gabriel/Disk/Research/research-javascript-test-smells/repositories/github-readme-stats/tests/renderTopLanguagesCard.test.js,Magic Number,"{'line': 241, 'column': 47, 'index': 7766}","  239 |     expect(calculateDonutLayoutHeight(1)).toBe(215);
  240 |     expect(calculateDonutLayoutHeight(2)).toBe(215);
> 241 |     expect(calculateDonutLayoutHeight(3)).toBe(215);
      |                                               ^ Magic Number
  242 |     expect(calculateDonutLayoutHeight(4)).toBe(215);
  243 |     expect(calculateDonutLayoutHeight(5)).toBe(215);
  244 |     expect(calculateDonutLayoutHeight(6)).toBe(247);"
/home/gabriel/Disk/Research/research-javascript-test-smells/repositories/github-readme-stats/tests/renderTopLanguagesCard.test.js,Magic Number,"{'line': 242, 'column': 47, 'index': 7819}","  240 |     expect(calculateDonutLayoutHeight(2)).toBe(215);
  241 |     expect(calculateDonutLayoutHeight(3)).toBe(215);
> 242 |     expect(calculateDonutLayoutHeight(4)).toBe(215);
      |                                               ^ Magic Number
  243 |     expect(calculateDonutLayoutHeight(5)).toBe(215);
  244 |     expect(calculateDonutLayoutHeight(6)).toBe(247);
  245 |     expect(calculateDonutLayoutHeight(7)).toBe(279);"
/home/gabriel/Disk/Research/research-javascript-test-smells/repositories/github-readme-stats/tests/renderTopLanguagesCard.test.js,Magic Number,"{'line': 243, 'column': 47, 'index': 7872}","  241 |     expect(calculateDonutLayoutHeight(3)).toBe(215);
  242 |     expect(calculateDonutLayoutHeight(4)).toBe(215);
> 243 |     expect(calculateDonutLayoutHeight(5)).toBe(215);
      |                                               ^ Magic Number
  244 |     expect(calculateDonutLayoutHeight(6)).toBe(247);
  245 |     expect(calculateDonutLayoutHeight(7)).toBe(279);
  246 |     expect(calculateDonutLayoutHeight(8)).toBe(311);"
/home/gabriel/Disk/Research/research-javascript-test-smells/repositories/github-readme-stats/tests/renderTopLanguagesCard.test.js,Magic Number,"{'line': 244, 'column': 47, 'index': 7925}","  242 |     expect(calculateDonutLayoutHeight(4)).toBe(215);
  243 |     expect(calculateDonutLayoutHeight(5)).toBe(215);
> 244 |     expect(calculateDonutLayoutHeight(6)).toBe(247);
      |                                               ^ Magic Number
  245 |     expect(calculateDonutLayoutHeight(7)).toBe(279);
  246 |     expect(calculateDonutLayoutHeight(8)).toBe(311);
  247 |     expect(calculateDonutLayoutHeight(9)).toBe(343);"
/home/gabriel/Disk/Research/research-javascript-test-smells/repositories/github-readme-stats/tests/renderTopLanguagesCard.test.js,Magic Number,"{'line': 245, 'column': 47, 'index': 7978}","  243 |     expect(calculateDonutLayoutHeight(5)).toBe(215);
  244 |     expect(calculateDonutLayoutHeight(6)).toBe(247);
> 245 |     expect(calculateDonutLayoutHeight(7)).toBe(279);
      |                                               ^ Magic Number
  246 |     expect(calculateDonutLayoutHeight(8)).toBe(311);
  247 |     expect(calculateDonutLayoutHeight(9)).toBe(343);
  248 |     expect(calculateDonutLayoutHeight(10)).toBe(375);"
/home/gabriel/Disk/Research/research-javascript-test-smells/repositories/github-readme-stats/tests/renderTopLanguagesCard.test.js,Magic Number,"{'line': 246, 'column': 47, 'index': 8031}","  244 |     expect(calculateDonutLayoutHeight(6)).toBe(247);
  245 |     expect(calculateDonutLayoutHeight(7)).toBe(279);
> 246 |     expect(calculateDonutLayoutHeight(8)).toBe(311);
      |                                               ^ Magic Number
  247 |     expect(calculateDonutLayoutHeight(9)).toBe(343);
  248 |     expect(calculateDonutLayoutHeight(10)).toBe(375);
  249 |   });"
/home/gabriel/Disk/Research/research-javascript-test-smells/repositories/github-readme-stats/tests/renderTopLanguagesCard.test.js,Magic Number,"{'line': 247, 'column': 47, 'index': 8084}","  245 |     expect(calculateDonutLayoutHeight(7)).toBe(279);
  246 |     expect(calculateDonutLayoutHeight(8)).toBe(311);
> 247 |     expect(calculateDonutLayoutHeight(9)).toBe(343);
      |                                               ^ Magic Number
  248 |     expect(calculateDonutLayoutHeight(10)).toBe(375);
  249 |   });
  250 |"
/home/gabriel/Disk/Research/research-javascript-test-smells/repositories/github-readme-stats/tests/renderTopLanguagesCard.test.js,Magic Number,"{'line': 248, 'column': 48, 'index': 8138}","  246 |     expect(calculateDonutLayoutHeight(8)).toBe(311);
  247 |     expect(calculateDonutLayoutHeight(9)).toBe(343);
> 248 |     expect(calculateDonutLayoutHeight(10)).toBe(375);
      |                                                ^ Magic Number
  249 |   });
  250 |
  251 |   it(""calculateDonutVerticalLayoutHeight"", () => {"
/home/gabriel/Disk/Research/research-javascript-test-smells/repositories/github-readme-stats/tests/renderTopLanguagesCard.test.js,Magic Number,"{'line': 252, 'column': 55, 'index': 8257}","  250 |
  251 |   it(""calculateDonutVerticalLayoutHeight"", () => {
> 252 |     expect(calculateDonutVerticalLayoutHeight(0)).toBe(300);
      |                                                       ^ Magic Number
  253 |     expect(calculateDonutVerticalLayoutHeight(1)).toBe(325);
  254 |     expect(calculateDonutVerticalLayoutHeight(2)).toBe(325);
  255 |     expect(calculateDonutVerticalLayoutHeight(3)).toBe(350);"
/home/gabriel/Disk/Research/research-javascript-test-smells/repositories/github-readme-stats/tests/renderTopLanguagesCard.test.js,Magic Number,"{'line': 253, 'column': 55, 'index': 8318}","  251 |   it(""calculateDonutVerticalLayoutHeight"", () => {
  252 |     expect(calculateDonutVerticalLayoutHeight(0)).toBe(300);
> 253 |     expect(calculateDonutVerticalLayoutHeight(1)).toBe(325);
      |                                                       ^ Magic Number
  254 |     expect(calculateDonutVerticalLayoutHeight(2)).toBe(325);
  255 |     expect(calculateDonutVerticalLayoutHeight(3)).toBe(350);
  256 |     expect(calculateDonutVerticalLayoutHeight(4)).toBe(350);"
/home/gabriel/Disk/Research/research-javascript-test-smells/repositories/github-readme-stats/tests/renderTopLanguagesCard.test.js,Magic Number,"{'line': 254, 'column': 55, 'index': 8379}","  252 |     expect(calculateDonutVerticalLayoutHeight(0)).toBe(300);
  253 |     expect(calculateDonutVerticalLayoutHeight(1)).toBe(325);
> 254 |     expect(calculateDonutVerticalLayoutHeight(2)).toBe(325);
      |                                                       ^ Magic Number
  255 |     expect(calculateDonutVerticalLayoutHeight(3)).toBe(350);
  256 |     expect(calculateDonutVerticalLayoutHeight(4)).toBe(350);
  257 |     expect(calculateDonutVerticalLayoutHeight(5)).toBe(375);"
/home/gabriel/Disk/Research/research-javascript-test-smells/repositories/github-readme-stats/tests/renderTopLanguagesCard.test.js,Magic Number,"{'line': 255, 'column': 55, 'index': 8440}","  253 |     expect(calculateDonutVerticalLayoutHeight(1)).toBe(325);
  254 |     expect(calculateDonutVerticalLayoutHeight(2)).toBe(325);
> 255 |     expect(calculateDonutVerticalLayoutHeight(3)).toBe(350);
      |                                                       ^ Magic Number
  256 |     expect(calculateDonutVerticalLayoutHeight(4)).toBe(350);
  257 |     expect(calculateDonutVerticalLayoutHeight(5)).toBe(375);
  258 |     expect(calculateDonutVerticalLayoutHeight(6)).toBe(375);"
/home/gabriel/Disk/Research/research-javascript-test-smells/repositories/github-readme-stats/tests/renderTopLanguagesCard.test.js,Magic Number,"{'line': 256, 'column': 55, 'index': 8501}","  254 |     expect(calculateDonutVerticalLayoutHeight(2)).toBe(325);
  255 |     expect(calculateDonutVerticalLayoutHeight(3)).toBe(350);
> 256 |     expect(calculateDonutVerticalLayoutHeight(4)).toBe(350);
      |                                                       ^ Magic Number
  257 |     expect(calculateDonutVerticalLayoutHeight(5)).toBe(375);
  258 |     expect(calculateDonutVerticalLayoutHeight(6)).toBe(375);
  259 |     expect(calculateDonutVerticalLayoutHeight(7)).toBe(400);"
/home/gabriel/Disk/Research/research-javascript-test-smells/repositories/github-readme-stats/tests/renderTopLanguagesCard.test.js,Magic Number,"{'line': 257, 'column': 55, 'index': 8562}","  255 |     expect(calculateDonutVerticalLayoutHeight(3)).toBe(350);
  256 |     expect(calculateDonutVerticalLayoutHeight(4)).toBe(350);
> 257 |     expect(calculateDonutVerticalLayoutHeight(5)).toBe(375);
      |                                                       ^ Magic Number
  258 |     expect(calculateDonutVerticalLayoutHeight(6)).toBe(375);
  259 |     expect(calculateDonutVerticalLayoutHeight(7)).toBe(400);
  260 |     expect(calculateDonutVerticalLayoutHeight(8)).toBe(400);"
/home/gabriel/Disk/Research/research-javascript-test-smells/repositories/github-readme-stats/tests/renderTopLanguagesCard.test.js,Magic Number,"{'line': 258, 'column': 55, 'index': 8623}","  256 |     expect(calculateDonutVerticalLayoutHeight(4)).toBe(350);
  257 |     expect(calculateDonutVerticalLayoutHeight(5)).toBe(375);
> 258 |     expect(calculateDonutVerticalLayoutHeight(6)).toBe(375);
      |                                                       ^ Magic Number
  259 |     expect(calculateDonutVerticalLayoutHeight(7)).toBe(400);
  260 |     expect(calculateDonutVerticalLayoutHeight(8)).toBe(400);
  261 |     expect(calculateDonutVerticalLayoutHeight(9)).toBe(425);"
/home/gabriel/Disk/Research/research-javascript-test-smells/repositories/github-readme-stats/tests/renderTopLanguagesCard.test.js,Magic Number,"{'line': 259, 'column': 55, 'index': 8684}","  257 |     expect(calculateDonutVerticalLayoutHeight(5)).toBe(375);
  258 |     expect(calculateDonutVerticalLayoutHeight(6)).toBe(375);
> 259 |     expect(calculateDonutVerticalLayoutHeight(7)).toBe(400);
      |                                                       ^ Magic Number
  260 |     expect(calculateDonutVerticalLayoutHeight(8)).toBe(400);
  261 |     expect(calculateDonutVerticalLayoutHeight(9)).toBe(425);
  262 |     expect(calculateDonutVerticalLayoutHeight(10)).toBe(425);"
/home/gabriel/Disk/Research/research-javascript-test-smells/repositories/github-readme-stats/tests/renderTopLanguagesCard.test.js,Magic Number,"{'line': 260, 'column': 55, 'index': 8745}","  258 |     expect(calculateDonutVerticalLayoutHeight(6)).toBe(375);
  259 |     expect(calculateDonutVerticalLayoutHeight(7)).toBe(400);
> 260 |     expect(calculateDonutVerticalLayoutHeight(8)).toBe(400);
      |                                                       ^ Magic Number
  261 |     expect(calculateDonutVerticalLayoutHeight(9)).toBe(425);
  262 |     expect(calculateDonutVerticalLayoutHeight(10)).toBe(425);
  263 |   });"
/home/gabriel/Disk/Research/research-javascript-test-smells/repositories/github-readme-stats/tests/renderTopLanguagesCard.test.js,Magic Number,"{'line': 261, 'column': 55, 'index': 8806}","  259 |     expect(calculateDonutVerticalLayoutHeight(7)).toBe(400);
  260 |     expect(calculateDonutVerticalLayoutHeight(8)).toBe(400);
> 261 |     expect(calculateDonutVerticalLayoutHeight(9)).toBe(425);
      |                                                       ^ Magic Number
  262 |     expect(calculateDonutVerticalLayoutHeight(10)).toBe(425);
  263 |   });
  264 |"
/home/gabriel/Disk/Research/research-javascript-test-smells/repositories/github-readme-stats/tests/renderTopLanguagesCard.test.js,Magic Number,"{'line': 262, 'column': 56, 'index': 8868}","  260 |     expect(calculateDonutVerticalLayoutHeight(8)).toBe(400);
  261 |     expect(calculateDonutVerticalLayoutHeight(9)).toBe(425);
> 262 |     expect(calculateDonutVerticalLayoutHeight(10)).toBe(425);
      |                                                        ^ Magic Number
  263 |   });
  264 |
  265 |   it(""calculatePieLayoutHeight"", () => {"
/home/gabriel/Disk/Research/research-javascript-test-smells/repositories/github-readme-stats/tests/renderTopLanguagesCard.test.js,Magic Number,"{'line': 266, 'column': 45, 'index': 8967}","  264 |
  265 |   it(""calculatePieLayoutHeight"", () => {
> 266 |     expect(calculatePieLayoutHeight(0)).toBe(300);
      |                                             ^ Magic Number
  267 |     expect(calculatePieLayoutHeight(1)).toBe(325);
  268 |     expect(calculatePieLayoutHeight(2)).toBe(325);
  269 |     expect(calculatePieLayoutHeight(3)).toBe(350);"
/home/gabriel/Disk/Research/research-javascript-test-smells/repositories/github-readme-stats/tests/renderTopLanguagesCard.test.js,Magic Number,"{'line': 267, 'column': 45, 'index': 9018}","  265 |   it(""calculatePieLayoutHeight"", () => {
  266 |     expect(calculatePieLayoutHeight(0)).toBe(300);
> 267 |     expect(calculatePieLayoutHeight(1)).toBe(325);
      |                                             ^ Magic Number
  268 |     expect(calculatePieLayoutHeight(2)).toBe(325);
  269 |     expect(calculatePieLayoutHeight(3)).toBe(350);
  270 |     expect(calculatePieLayoutHeight(4)).toBe(350);"
/home/gabriel/Disk/Research/research-javascript-test-smells/repositories/github-readme-stats/tests/renderTopLanguagesCard.test.js,Magic Number,"{'line': 268, 'column': 45, 'index': 9069}","  266 |     expect(calculatePieLayoutHeight(0)).toBe(300);
  267 |     expect(calculatePieLayoutHeight(1)).toBe(325);
> 268 |     expect(calculatePieLayoutHeight(2)).toBe(325);
      |                                             ^ Magic Number
  269 |     expect(calculatePieLayoutHeight(3)).toBe(350);
  270 |     expect(calculatePieLayoutHeight(4)).toBe(350);
  271 |     expect(calculatePieLayoutHeight(5)).toBe(375);"
/home/gabriel/Disk/Research/research-javascript-test-smells/repositories/github-readme-stats/tests/renderTopLanguagesCard.test.js,Magic Number,"{'line': 269, 'column': 45, 'index': 9120}","  267 |     expect(calculatePieLayoutHeight(1)).toBe(325);
  268 |     expect(calculatePieLayoutHeight(2)).toBe(325);
> 269 |     expect(calculatePieLayoutHeight(3)).toBe(350);
      |                                             ^ Magic Number
  270 |     expect(calculatePieLayoutHeight(4)).toBe(350);
  271 |     expect(calculatePieLayoutHeight(5)).toBe(375);
  272 |     expect(calculatePieLayoutHeight(6)).toBe(375);"
/home/gabriel/Disk/Research/research-javascript-test-smells/repositories/github-readme-stats/tests/renderTopLanguagesCard.test.js,Magic Number,"{'line': 270, 'column': 45, 'index': 9171}","  268 |     expect(calculatePieLayoutHeight(2)).toBe(325);
  269 |     expect(calculatePieLayoutHeight(3)).toBe(350);
> 270 |     expect(calculatePieLayoutHeight(4)).toBe(350);
      |                                             ^ Magic Number
  271 |     expect(calculatePieLayoutHeight(5)).toBe(375);
  272 |     expect(calculatePieLayoutHeight(6)).toBe(375);
  273 |     expect(calculatePieLayoutHeight(7)).toBe(400);"
/home/gabriel/Disk/Research/research-javascript-test-smells/repositories/github-readme-stats/tests/renderTopLanguagesCard.test.js,Magic Number,"{'line': 271, 'column': 45, 'index': 9222}","  269 |     expect(calculatePieLayoutHeight(3)).toBe(350);
  270 |     expect(calculatePieLayoutHeight(4)).toBe(350);
> 271 |     expect(calculatePieLayoutHeight(5)).toBe(375);
      |                                             ^ Magic Number
  272 |     expect(calculatePieLayoutHeight(6)).toBe(375);
  273 |     expect(calculatePieLayoutHeight(7)).toBe(400);
  274 |     expect(calculatePieLayoutHeight(8)).toBe(400);"
/home/gabriel/Disk/Research/research-javascript-test-smells/repositories/github-readme-stats/tests/renderTopLanguagesCard.test.js,Magic Number,"{'line': 272, 'column': 45, 'index': 9273}","  270 |     expect(calculatePieLayoutHeight(4)).toBe(350);
  271 |     expect(calculatePieLayoutHeight(5)).toBe(375);
> 272 |     expect(calculatePieLayoutHeight(6)).toBe(375);
      |                                             ^ Magic Number
  273 |     expect(calculatePieLayoutHeight(7)).toBe(400);
  274 |     expect(calculatePieLayoutHeight(8)).toBe(400);
  275 |     expect(calculatePieLayoutHeight(9)).toBe(425);"
/home/gabriel/Disk/Research/research-javascript-test-smells/repositories/github-readme-stats/tests/renderTopLanguagesCard.test.js,Magic Number,"{'line': 273, 'column': 45, 'index': 9324}","  271 |     expect(calculatePieLayoutHeight(5)).toBe(375);
  272 |     expect(calculatePieLayoutHeight(6)).toBe(375);
> 273 |     expect(calculatePieLayoutHeight(7)).toBe(400);
      |                                             ^ Magic Number
  274 |     expect(calculatePieLayoutHeight(8)).toBe(400);
  275 |     expect(calculatePieLayoutHeight(9)).toBe(425);
  276 |     expect(calculatePieLayoutHeight(10)).toBe(425);"
/home/gabriel/Disk/Research/research-javascript-test-smells/repositories/github-readme-stats/tests/renderTopLanguagesCard.test.js,Magic Number,"{'line': 274, 'column': 45, 'index': 9375}","  272 |     expect(calculatePieLayoutHeight(6)).toBe(375);
  273 |     expect(calculatePieLayoutHeight(7)).toBe(400);
> 274 |     expect(calculatePieLayoutHeight(8)).toBe(400);
      |                                             ^ Magic Number
  275 |     expect(calculatePieLayoutHeight(9)).toBe(425);
  276 |     expect(calculatePieLayoutHeight(10)).toBe(425);
  277 |   });"
/home/gabriel/Disk/Research/research-javascript-test-smells/repositories/github-readme-stats/tests/renderTopLanguagesCard.test.js,Magic Number,"{'line': 275, 'column': 45, 'index': 9426}","  273 |     expect(calculatePieLayoutHeight(7)).toBe(400);
  274 |     expect(calculatePieLayoutHeight(8)).toBe(400);
> 275 |     expect(calculatePieLayoutHeight(9)).toBe(425);
      |                                             ^ Magic Number
  276 |     expect(calculatePieLayoutHeight(10)).toBe(425);
  277 |   });
  278 |"
/home/gabriel/Disk/Research/research-javascript-test-smells/repositories/github-readme-stats/tests/renderTopLanguagesCard.test.js,Magic Number,"{'line': 276, 'column': 46, 'index': 9478}","  274 |     expect(calculatePieLayoutHeight(8)).toBe(400);
  275 |     expect(calculatePieLayoutHeight(9)).toBe(425);
> 276 |     expect(calculatePieLayoutHeight(10)).toBe(425);
      |                                              ^ Magic Number
  277 |   });
  278 |
  279 |   it(""donutCenterTranslation"", () => {"
/home/gabriel/Disk/Research/research-javascript-test-smells/repositories/github-readme-stats/tests/renderTopLanguagesCard.test.js,Magic Number,"{'line': 288, 'column': 43, 'index': 9965}","  286 |     expect(donutCenterTranslation(6)).toBe(-29);
  287 |     expect(donutCenterTranslation(7)).toBe(-13);
> 288 |     expect(donutCenterTranslation(8)).toBe(3);
      |                                           ^ Magic Number
  289 |     expect(donutCenterTranslation(9)).toBe(19);
  290 |     expect(donutCenterTranslation(10)).toBe(35);
  291 |   });"
/home/gabriel/Disk/Research/research-javascript-test-smells/repositories/github-readme-stats/tests/renderTopLanguagesCard.test.js,Magic Number,"{'line': 289, 'column': 43, 'index': 10012}","  287 |     expect(donutCenterTranslation(7)).toBe(-13);
  288 |     expect(donutCenterTranslation(8)).toBe(3);
> 289 |     expect(donutCenterTranslation(9)).toBe(19);
      |                                           ^ Magic Number
  290 |     expect(donutCenterTranslation(10)).toBe(35);
  291 |   });
  292 |"
/home/gabriel/Disk/Research/research-javascript-test-smells/repositories/github-readme-stats/tests/renderTopLanguagesCard.test.js,Magic Number,"{'line': 290, 'column': 44, 'index': 10061}","  288 |     expect(donutCenterTranslation(8)).toBe(3);
  289 |     expect(donutCenterTranslation(9)).toBe(19);
> 290 |     expect(donutCenterTranslation(10)).toBe(35);
      |                                            ^ Magic Number
  291 |   });
  292 |
  293 |   it(""getCircleLength"", () => {"
/home/gabriel/Disk/Research/research-javascript-test-smells/repositories/github-readme-stats/tests/renderTopLanguagesCard.test.js,Magic Number,"{'line': 294, 'column': 44, 'index': 10149}","  292 |
  293 |   it(""getCircleLength"", () => {
> 294 |     expect(getCircleLength(20)).toBeCloseTo(125.663);
      |                                            ^ Magic Number
  295 |     expect(getCircleLength(30)).toBeCloseTo(188.495);
  296 |     expect(getCircleLength(40)).toBeCloseTo(251.327);
  297 |     expect(getCircleLength(50)).toBeCloseTo(314.159);"
/home/gabriel/Disk/Research/research-javascript-test-smells/repositories/github-readme-stats/tests/renderTopLanguagesCard.test.js,Magic Number,"{'line': 295, 'column': 44, 'index': 10203}","  293 |   it(""getCircleLength"", () => {
  294 |     expect(getCircleLength(20)).toBeCloseTo(125.663);
> 295 |     expect(getCircleLength(30)).toBeCloseTo(188.495);
      |                                            ^ Magic Number
  296 |     expect(getCircleLength(40)).toBeCloseTo(251.327);
  297 |     expect(getCircleLength(50)).toBeCloseTo(314.159);
  298 |     expect(getCircleLength(60)).toBeCloseTo(376.991);"
/home/gabriel/Disk/Research/research-javascript-test-smells/repositories/github-readme-stats/tests/renderTopLanguagesCard.test.js,Magic Number,"{'line': 296, 'column': 44, 'index': 10257}","  294 |     expect(getCircleLength(20)).toBeCloseTo(125.663);
  295 |     expect(getCircleLength(30)).toBeCloseTo(188.495);
> 296 |     expect(getCircleLength(40)).toBeCloseTo(251.327);
      |                                            ^ Magic Number
  297 |     expect(getCircleLength(50)).toBeCloseTo(314.159);
  298 |     expect(getCircleLength(60)).toBeCloseTo(376.991);
  299 |     expect(getCircleLength(70)).toBeCloseTo(439.822);"
/home/gabriel/Disk/Research/research-javascript-test-smells/repositories/github-readme-stats/tests/renderTopLanguagesCard.test.js,Magic Number,"{'line': 297, 'column': 44, 'index': 10311}","  295 |     expect(getCircleLength(30)).toBeCloseTo(188.495);
  296 |     expect(getCircleLength(40)).toBeCloseTo(251.327);
> 297 |     expect(getCircleLength(50)).toBeCloseTo(314.159);
      |                                            ^ Magic Number
  298 |     expect(getCircleLength(60)).toBeCloseTo(376.991);
  299 |     expect(getCircleLength(70)).toBeCloseTo(439.822);
  300 |     expect(getCircleLength(80)).toBeCloseTo(502.654);"
/home/gabriel/Disk/Research/research-javascript-test-smells/repositories/github-readme-stats/tests/renderTopLanguagesCard.test.js,Magic Number,"{'line': 298, 'column': 44, 'index': 10365}","  296 |     expect(getCircleLength(40)).toBeCloseTo(251.327);
  297 |     expect(getCircleLength(50)).toBeCloseTo(314.159);
> 298 |     expect(getCircleLength(60)).toBeCloseTo(376.991);
      |                                            ^ Magic Number
  299 |     expect(getCircleLength(70)).toBeCloseTo(439.822);
  300 |     expect(getCircleLength(80)).toBeCloseTo(502.654);
  301 |     expect(getCircleLength(90)).toBeCloseTo(565.486);"
/home/gabriel/Disk/Research/research-javascript-test-smells/repositories/github-readme-stats/tests/renderTopLanguagesCard.test.js,Magic Number,"{'line': 299, 'column': 44, 'index': 10419}","  297 |     expect(getCircleLength(50)).toBeCloseTo(314.159);
  298 |     expect(getCircleLength(60)).toBeCloseTo(376.991);
> 299 |     expect(getCircleLength(70)).toBeCloseTo(439.822);
      |                                            ^ Magic Number
  300 |     expect(getCircleLength(80)).toBeCloseTo(502.654);
  301 |     expect(getCircleLength(90)).toBeCloseTo(565.486);
  302 |     expect(getCircleLength(100)).toBeCloseTo(628.318);"
/home/gabriel/Disk/Research/research-javascript-test-smells/repositories/github-readme-stats/tests/renderTopLanguagesCard.test.js,Magic Number,"{'line': 300, 'column': 44, 'index': 10473}","  298 |     expect(getCircleLength(60)).toBeCloseTo(376.991);
  299 |     expect(getCircleLength(70)).toBeCloseTo(439.822);
> 300 |     expect(getCircleLength(80)).toBeCloseTo(502.654);
      |                                            ^ Magic Number
  301 |     expect(getCircleLength(90)).toBeCloseTo(565.486);
  302 |     expect(getCircleLength(100)).toBeCloseTo(628.318);
  303 |   });"
/home/gabriel/Disk/Research/research-javascript-test-smells/repositories/github-readme-stats/tests/renderTopLanguagesCard.test.js,Magic Number,"{'line': 301, 'column': 44, 'index': 10527}","  299 |     expect(getCircleLength(70)).toBeCloseTo(439.822);
  300 |     expect(getCircleLength(80)).toBeCloseTo(502.654);
> 301 |     expect(getCircleLength(90)).toBeCloseTo(565.486);
      |                                            ^ Magic Number
  302 |     expect(getCircleLength(100)).toBeCloseTo(628.318);
  303 |   });
  304 |"
/home/gabriel/Disk/Research/research-javascript-test-smells/repositories/github-readme-stats/tests/renderTopLanguagesCard.test.js,Magic Number,"{'line': 302, 'column': 45, 'index': 10582}","  300 |     expect(getCircleLength(80)).toBeCloseTo(502.654);
  301 |     expect(getCircleLength(90)).toBeCloseTo(565.486);
> 302 |     expect(getCircleLength(100)).toBeCloseTo(628.318);
      |                                             ^ Magic Number
  303 |   });
  304 |
  305 |   it(""trimTopLanguages"", () => {"
/home/gabriel/Disk/Research/research-javascript-test-smells/repositories/github-readme-stats/tests/renderTopLanguagesCard.test.js,Magic Number,"{'line': 335, 'column': 20, 'index': 11598}","  333 |     expect(
  334 |       getDefaultLanguagesCountByLayout({ layout: ""normal"" }),
> 335 |     ).toStrictEqual(5);
      |                    ^ Magic Number
  336 |     expect(getDefaultLanguagesCountByLayout({})).toStrictEqual(5);
  337 |     expect(
  338 |       getDefaultLanguagesCountByLayout({ layout: ""compact"" }),"
/home/gabriel/Disk/Research/research-javascript-test-smells/repositories/github-readme-stats/tests/renderTopLanguagesCard.test.js,Magic Number,"{'line': 336, 'column': 63, 'index': 11665}","  334 |       getDefaultLanguagesCountByLayout({ layout: ""normal"" }),
  335 |     ).toStrictEqual(5);
> 336 |     expect(getDefaultLanguagesCountByLayout({})).toStrictEqual(5);
      |                                                               ^ Magic Number
  337 |     expect(
  338 |       getDefaultLanguagesCountByLayout({ layout: ""compact"" }),
  339 |     ).toStrictEqual(6);"
/home/gabriel/Disk/Research/research-javascript-test-smells/repositories/github-readme-stats/tests/renderTopLanguagesCard.test.js,Magic Number,"{'line': 339, 'column': 20, 'index': 11764}","  337 |     expect(
  338 |       getDefaultLanguagesCountByLayout({ layout: ""compact"" }),
> 339 |     ).toStrictEqual(6);
      |                    ^ Magic Number
  340 |     expect(
  341 |       getDefaultLanguagesCountByLayout({ hide_progress: true }),
  342 |     ).toStrictEqual(6);"
/home/gabriel/Disk/Research/research-javascript-test-smells/repositories/github-readme-stats/tests/renderTopLanguagesCard.test.js,Magic Number,"{'line': 342, 'column': 20, 'index': 11865}","  340 |     expect(
  341 |       getDefaultLanguagesCountByLayout({ hide_progress: true }),
> 342 |     ).toStrictEqual(6);
      |                    ^ Magic Number
  343 |     expect(getDefaultLanguagesCountByLayout({ layout: ""donut"" })).toStrictEqual(
  344 |       5,
  345 |     );"
/home/gabriel/Disk/Research/research-javascript-test-smells/repositories/github-readme-stats/tests/renderTopLanguagesCard.test.js,Magic Number,"{'line': 344, 'column': 6, 'index': 11956}","  342 |     ).toStrictEqual(6);
  343 |     expect(getDefaultLanguagesCountByLayout({ layout: ""donut"" })).toStrictEqual(
> 344 |       5,
      |      ^ Magic Number
  345 |     );
  346 |     expect(
  347 |       getDefaultLanguagesCountByLayout({ layout: ""donut-vertical"" }),"
/home/gabriel/Disk/Research/research-javascript-test-smells/repositories/github-readme-stats/tests/renderTopLanguagesCard.test.js,Magic Number,"{'line': 348, 'column': 20, 'index': 12068}","  346 |     expect(
  347 |       getDefaultLanguagesCountByLayout({ layout: ""donut-vertical"" }),
> 348 |     ).toStrictEqual(6);
      |                    ^ Magic Number
  349 |     expect(getDefaultLanguagesCountByLayout({ layout: ""pie"" })).toStrictEqual(
  350 |       6,
  351 |     );"
/home/gabriel/Disk/Research/research-javascript-test-smells/repositories/github-readme-stats/tests/renderTopLanguagesCard.test.js,Magic Number,"{'line': 350, 'column': 6, 'index': 12157}","  348 |     ).toStrictEqual(6);
  349 |     expect(getDefaultLanguagesCountByLayout({ layout: ""pie"" })).toStrictEqual(
> 350 |       6,
      |      ^ Magic Number
  351 |     );
  352 |   });
  353 | });"
/home/gabriel/Disk/Research/research-javascript-test-smells/repositories/github-readme-stats/tests/renderTopLanguagesCard.test.js,Magic Number,"{'line': 588, 'column': 40, 'index': 19776}","  586 |       center.y,
  587 |     );
> 588 |     expect(HTMLLangPercent).toBeCloseTo(40);
      |                                        ^ Magic Number
  589 |
  590 |     expect(queryAllByTestId(document.body, ""lang-name"")[1]).toHaveTextContent(
  591 |       ""javascript 40.00%"","
/home/gabriel/Disk/Research/research-javascript-test-smells/repositories/github-readme-stats/tests/renderTopLanguagesCard.test.js,Magic Number,"{'line': 602, 'column': 46, 'index': 20230}","  600 |       center.y,
  601 |     );
> 602 |     expect(javascriptLangPercent).toBeCloseTo(40);
      |                                              ^ Magic Number
  603 |
  604 |     expect(queryAllByTestId(document.body, ""lang-name"")[2]).toHaveTextContent(
  605 |       ""css 20.00%"","
/home/gabriel/Disk/Research/research-javascript-test-smells/repositories/github-readme-stats/tests/renderTopLanguagesCard.test.js,Magic Number,"{'line': 616, 'column': 39, 'index': 20663}","  614 |       center.y,
  615 |     );
> 616 |     expect(cssLangPercent).toBeCloseTo(20);
      |                                       ^ Magic Number
  617 |
  618 |     expect(HTMLLangPercent + javascriptLangPercent + cssLangPercent).toBe(100);
  619 |"
/home/gabriel/Disk/Research/research-javascript-test-smells/repositories/github-readme-stats/tests/renderTopLanguagesCard.test.js,Magic Number,"{'line': 618, 'column': 74, 'index': 20743}","  616 |     expect(cssLangPercent).toBeCloseTo(20);
  617 |
> 618 |     expect(HTMLLangPercent + javascriptLangPercent + cssLangPercent).toBe(100);
      |                                                                          ^ Magic Number
  619 |
  620 |     // Should render full donut (circle) if one language is 100%.
  621 |     document.body.innerHTML = renderTopLanguages("
/home/gabriel/Disk/Research/research-javascript-test-smells/repositories/github-readme-stats/tests/renderTopLanguagesCard.test.js,Magic Number,"{'line': 632, 'column': 71, 'index': 21219}","  630 |       ""100"",
  631 |     );
> 632 |     expect(queryAllByTestId(document.body, ""lang-donut"")).toHaveLength(1);
      |                                                                       ^ Magic Number
  633 |     expect(queryAllByTestId(document.body, ""lang-donut"")[0].tagName).toBe(
  634 |       ""circle"",
  635 |     );"
/home/gabriel/Disk/Research/research-javascript-test-smells/repositories/github-readme-stats/tests/renderTopLanguagesCard.test.js,Magic Number,"{'line': 669, 'column': 40, 'index': 22303}","  667 |       totalCircleLength,
  668 |     );
> 669 |     expect(HTMLLangPercent).toBeCloseTo(40);
      |                                        ^ Magic Number
  670 |
  671 |     expect(queryAllByTestId(document.body, ""lang-name"")[1]).toHaveTextContent(
  672 |       ""javascript 40.00%"","
/home/gabriel/Disk/Research/research-javascript-test-smells/repositories/github-readme-stats/tests/renderTopLanguagesCard.test.js,Magic Number,"{'line': 687, 'column': 46, 'index': 22905}","  685 |       totalCircleLength,
  686 |     );
> 687 |     expect(javascriptLangPercent).toBeCloseTo(40);
      |                                              ^ Magic Number
  688 |
  689 |     expect(queryAllByTestId(document.body, ""lang-name"")[2]).toHaveTextContent(
  690 |       ""css 20.00%"","
/home/gabriel/Disk/Research/research-javascript-test-smells/repositories/github-readme-stats/tests/renderTopLanguagesCard.test.js,Magic Number,"{'line': 703, 'column': 39, 'index': 23404}","  701 |       totalCircleLength,
  702 |     );
> 703 |     expect(cssLangPercent).toBeCloseTo(20);
      |                                       ^ Magic Number
  704 |
  705 |     expect(HTMLLangPercent + javascriptLangPercent + cssLangPercent).toBe(100);
  706 |   });"
/home/gabriel/Disk/Research/research-javascript-test-smells/repositories/github-readme-stats/tests/renderTopLanguagesCard.test.js,Magic Number,"{'line': 705, 'column': 74, 'index': 23484}","  703 |     expect(cssLangPercent).toBeCloseTo(20);
  704 |
> 705 |     expect(HTMLLangPercent + javascriptLangPercent + cssLangPercent).toBe(100);
      |                                                                          ^ Magic Number
  706 |   });
  707 |
  708 |   it(""should render with layout donut vertical full donut circle of one language is 100%"", () => {"
/home/gabriel/Disk/Research/research-javascript-test-smells/repositories/github-readme-stats/tests/renderTopLanguagesCard.test.js,Magic Number,"{'line': 732, 'column': 40, 'index': 24348}","  730 |       totalCircleLength,
  731 |     );
> 732 |     expect(HTMLLangPercent).toBeCloseTo(100);
      |                                        ^ Magic Number
  733 |   });
  734 |
  735 |   it(""should render with layout pie"", () => {"
/home/gabriel/Disk/Research/research-javascript-test-smells/repositories/github-readme-stats/tests/renderTopLanguagesCard.test.js,Magic Number,"{'line': 759, 'column': 40, 'index': 25192}","  757 |       center.y,
  758 |     );
> 759 |     expect(HTMLLangPercent).toBeCloseTo(40);
      |                                        ^ Magic Number
  760 |
  761 |     expect(queryAllByTestId(document.body, ""lang-name"")[1]).toHaveTextContent(
  762 |       ""javascript 40.00%"","
/home/gabriel/Disk/Research/research-javascript-test-smells/repositories/github-readme-stats/tests/renderTopLanguagesCard.test.js,Magic Number,"{'line': 773, 'column': 46, 'index': 25640}","  771 |       center.y,
  772 |     );
> 773 |     expect(javascriptLangPercent).toBeCloseTo(40);
      |                                              ^ Magic Number
  774 |
  775 |     expect(queryAllByTestId(document.body, ""lang-name"")[2]).toHaveTextContent(
  776 |       ""css 20.00%"","
/home/gabriel/Disk/Research/research-javascript-test-smells/repositories/github-readme-stats/tests/renderTopLanguagesCard.test.js,Magic Number,"{'line': 787, 'column': 39, 'index': 26067}","  785 |       center.y,
  786 |     );
> 787 |     expect(cssLangPercent).toBeCloseTo(20);
      |                                       ^ Magic Number
  788 |
  789 |     expect(HTMLLangPercent + javascriptLangPercent + cssLangPercent).toBe(100);
  790 |"
/home/gabriel/Disk/Research/research-javascript-test-smells/repositories/github-readme-stats/tests/renderTopLanguagesCard.test.js,Magic Number,"{'line': 789, 'column': 74, 'index': 26147}","  787 |     expect(cssLangPercent).toBeCloseTo(20);
  788 |
> 789 |     expect(HTMLLangPercent + javascriptLangPercent + cssLangPercent).toBe(100);
      |                                                                          ^ Magic Number
  790 |
  791 |     // Should render full pie (circle) if one language is 100%.
  792 |     document.body.innerHTML = renderTopLanguages("
/home/gabriel/Disk/Research/research-javascript-test-smells/repositories/github-readme-stats/tests/renderTopLanguagesCard.test.js,Magic Number,"{'line': 803, 'column': 69, 'index': 26615}","  801 |       ""100"",
  802 |     );
> 803 |     expect(queryAllByTestId(document.body, ""lang-pie"")).toHaveLength(1);
      |                                                                     ^ Magic Number
  804 |     expect(queryAllByTestId(document.body, ""lang-pie"")[0].tagName).toBe(
  805 |       ""circle"",
  806 |     );"
/home/gabriel/Disk/Research/research-javascript-test-smells/repositories/github-readme-stats/tests/renderStatsCard.test.js,Duplicate Assert,"{'line': 64, 'column': 4, 'index': 2229}","  62 |     document.body.innerHTML = renderStatsCard({ ...stats, name: ""Anil Das"" });
  63 |
> 64 |     expect(document.getElementsByClassName(""header"")[0].textContent).toBe(
     |    ^ Duplicate Assert
  65 |       ""Anil Das' GitHub Stats"",
  66 |     );
  67 |"
/home/gabriel/Disk/Research/research-javascript-test-smells/repositories/github-readme-stats/tests/renderStatsCard.test.js,Duplicate Assert,"{'line': 70, 'column': 4, 'index': 2421}","  68 |     document.body.innerHTML = renderStatsCard({ ...stats, name: ""Felix"" });
  69 |
> 70 |     expect(document.getElementsByClassName(""header"")[0].textContent).toBe(
     |    ^ Duplicate Assert
  71 |       ""Felix's GitHub Stats"",
  72 |     );
  73 |   });"
/home/gabriel/Disk/Research/research-javascript-test-smells/repositories/github-readme-stats/tests/renderStatsCard.test.js,Duplicate Assert,"{'line': 131, 'column': 4, 'index': 4927}","  129 |   it(""should render with custom width set"", () => {
  130 |     document.body.innerHTML = renderStatsCard(stats);
> 131 |     expect(document.querySelector(""svg"")).toHaveAttribute(""width"", ""450"");
      |    ^ Duplicate Assert
  132 |
  133 |     document.body.innerHTML = renderStatsCard(stats, { card_width: 500 });
  134 |     expect(document.querySelector(""svg"")).toHaveAttribute(""width"", ""500"");"
/home/gabriel/Disk/Research/research-javascript-test-smells/repositories/github-readme-stats/tests/renderStatsCard.test.js,Duplicate Assert,"{'line': 134, 'column': 4, 'index': 5078}","  132 |
  133 |     document.body.innerHTML = renderStatsCard(stats, { card_width: 500 });
> 134 |     expect(document.querySelector(""svg"")).toHaveAttribute(""width"", ""500"");
      |    ^ Duplicate Assert
  135 |   });
  136 |
  137 |   it(""should render with custom width set and limit minimum width"", () => {"
/home/gabriel/Disk/Research/research-javascript-test-smells/repositories/github-readme-stats/tests/renderStatsCard.test.js,Duplicate Assert,"{'line': 139, 'column': 4, 'index': 5309}","  137 |   it(""should render with custom width set and limit minimum width"", () => {
  138 |     document.body.innerHTML = renderStatsCard(stats, { card_width: 1 });
> 139 |     expect(document.querySelector(""svg"")).toHaveAttribute(""width"", ""420"");
      |    ^ Duplicate Assert
  140 |
  141 |     // Test default minimum card width without rank circle.
  142 |     document.body.innerHTML = renderStatsCard(stats, {"
/home/gabriel/Disk/Research/research-javascript-test-smells/repositories/github-readme-stats/tests/renderStatsCard.test.js,Duplicate Assert,"{'line': 146, 'column': 4, 'index': 5552}","  144 |       hide_rank: true,
  145 |     });
> 146 |     expect(document.querySelector(""svg"")).toHaveAttribute(
      |    ^ Duplicate Assert
  147 |       ""width"",
  148 |       ""305.81250000000006"",
  149 |     );"
/home/gabriel/Disk/Research/research-javascript-test-smells/repositories/github-readme-stats/tests/renderStatsCard.test.js,Duplicate Assert,"{'line': 157, 'column': 4, 'index': 5845}","  155 |       show_icons: true,
  156 |     });
> 157 |     expect(document.querySelector(""svg"")).toHaveAttribute(
      |    ^ Duplicate Assert
  158 |       ""width"",
  159 |       ""322.81250000000006"",
  160 |     );"
/home/gabriel/Disk/Research/research-javascript-test-smells/repositories/github-readme-stats/tests/renderStatsCard.test.js,Duplicate Assert,"{'line': 168, 'column': 4, 'index': 6147}","  166 |       show_icons: true,
  167 |     });
> 168 |     expect(document.querySelector(""svg"")).toHaveAttribute(""width"", ""437"");
      |    ^ Duplicate Assert
  169 |
  170 |     // Test minimum card width without icons or rank.
  171 |     document.body.innerHTML = renderStatsCard(stats, {"
/home/gabriel/Disk/Research/research-javascript-test-smells/repositories/github-readme-stats/tests/renderStatsCard.test.js,Duplicate Assert,"{'line': 176, 'column': 4, 'index': 6410}","  174 |       show_icons: false,
  175 |     });
> 176 |     expect(document.querySelector(""svg"")).toHaveAttribute(""width"", ""420"");
      |    ^ Duplicate Assert
  177 |   });
  178 |
  179 |   it(""should render default colors properly"", () => {"
/home/gabriel/Disk/Research/research-javascript-test-smells/repositories/github-readme-stats/tests/renderStatsCard.test.js,Duplicate Assert,"{'line': 407, 'column': 4, 'index': 14790}","  405 |   it(""should render without rounding"", () => {
  406 |     document.body.innerHTML = renderStatsCard(stats, { border_radius: ""0"" });
> 407 |     expect(document.querySelector(""rect"")).toHaveAttribute(""rx"", ""0"");
      |    ^ Duplicate Assert
  408 |     document.body.innerHTML = renderStatsCard(stats, {});
  409 |     expect(document.querySelector(""rect"")).toHaveAttribute(""rx"", ""4.5"");
  410 |   });"
/home/gabriel/Disk/Research/research-javascript-test-smells/repositories/github-readme-stats/tests/renderStatsCard.test.js,Duplicate Assert,"{'line': 409, 'column': 4, 'index': 14919}","  407 |     expect(document.querySelector(""rect"")).toHaveAttribute(""rx"", ""0"");
  408 |     document.body.innerHTML = renderStatsCard(stats, {});
> 409 |     expect(document.querySelector(""rect"")).toHaveAttribute(""rx"", ""4.5"");
      |    ^ Duplicate Assert
  410 |   });
  411 |
  412 |   it(""should shorten values"", () => {"
/home/gabriel/Disk/Research/research-javascript-test-smells/repositories/github-readme-stats/tests/renderStatsCard.test.js,Duplicate Assert,"{'line': 416, 'column': 4, 'index': 15126}","  414 |
  415 |     document.body.innerHTML = renderStatsCard(stats);
> 416 |     expect(getByTestId(document.body, ""commits"").textContent).toBe(""2k"");
      |    ^ Duplicate Assert
  417 |     document.body.innerHTML = renderStatsCard(stats, { number_format: ""long"" });
  418 |     expect(getByTestId(document.body, ""commits"").textContent).toBe(""1999"");
  419 |     document.body.innerHTML = renderStatsCard(stats, { number_precision: 2 });"
/home/gabriel/Disk/Research/research-javascript-test-smells/repositories/github-readme-stats/tests/renderStatsCard.test.js,Duplicate Assert,"{'line': 418, 'column': 4, 'index': 15281}","  416 |     expect(getByTestId(document.body, ""commits"").textContent).toBe(""2k"");
  417 |     document.body.innerHTML = renderStatsCard(stats, { number_format: ""long"" });
> 418 |     expect(getByTestId(document.body, ""commits"").textContent).toBe(""1999"");
      |    ^ Duplicate Assert
  419 |     document.body.innerHTML = renderStatsCard(stats, { number_precision: 2 });
  420 |     expect(getByTestId(document.body, ""commits"").textContent).toBe(""2.00k"");
  421 |     document.body.innerHTML = renderStatsCard(stats, {"
/home/gabriel/Disk/Research/research-javascript-test-smells/repositories/github-readme-stats/tests/renderStatsCard.test.js,Duplicate Assert,"{'line': 418, 'column': 4, 'index': 15281}","  416 |     expect(getByTestId(document.body, ""commits"").textContent).toBe(""2k"");
  417 |     document.body.innerHTML = renderStatsCard(stats, { number_format: ""long"" });
> 418 |     expect(getByTestId(document.body, ""commits"").textContent).toBe(""1999"");
      |    ^ Duplicate Assert
  419 |     document.body.innerHTML = renderStatsCard(stats, { number_precision: 2 });
  420 |     expect(getByTestId(document.body, ""commits"").textContent).toBe(""2.00k"");
  421 |     document.body.innerHTML = renderStatsCard(stats, {"
/home/gabriel/Disk/Research/research-javascript-test-smells/repositories/github-readme-stats/tests/renderStatsCard.test.js,Duplicate Assert,"{'line': 420, 'column': 4, 'index': 15436}","  418 |     expect(getByTestId(document.body, ""commits"").textContent).toBe(""1999"");
  419 |     document.body.innerHTML = renderStatsCard(stats, { number_precision: 2 });
> 420 |     expect(getByTestId(document.body, ""commits"").textContent).toBe(""2.00k"");
      |    ^ Duplicate Assert
  421 |     document.body.innerHTML = renderStatsCard(stats, {
  422 |       number_format: ""long"",
  423 |       number_precision: 2,"
/home/gabriel/Disk/Research/research-javascript-test-smells/repositories/github-readme-stats/tests/renderStatsCard.test.js,Duplicate Assert,"{'line': 425, 'column': 4, 'index': 15632}","  423 |       number_precision: 2,
  424 |     });
> 425 |     expect(getByTestId(document.body, ""commits"").textContent).toBe(""1999"");
      |    ^ Duplicate Assert
  426 |   });
  427 |
  428 |   it(""should render default rank icon with level A+"", () => {"
/home/gabriel/Disk/Research/research-javascript-test-smells/repositories/github-readme-stats/tests/renderStatsCard.test.js,Duplicate Assert,"{'line': 425, 'column': 4, 'index': 15632}","  423 |       number_precision: 2,
  424 |     });
> 425 |     expect(getByTestId(document.body, ""commits"").textContent).toBe(""1999"");
      |    ^ Duplicate Assert
  426 |   });
  427 |
  428 |   it(""should render default rank icon with level A+"", () => {"
/home/gabriel/Disk/Research/research-javascript-test-smells/repositories/github-readme-stats/tests/renderStatsCard.test.js,Eager Test,"{'line': 62, 'column': 30, 'index': 2175}","  60 |
  61 |   it(""should have proper name apostrophe"", () => {
> 62 |     document.body.innerHTML = renderStatsCard({ ...stats, name: ""Anil Das"" });
     |                              ^ Eager Test
  63 |
  64 |     expect(document.getElementsByClassName(""header"")[0].textContent).toBe(
  65 |       ""Anil Das' GitHub Stats"","
/home/gabriel/Disk/Research/research-javascript-test-smells/repositories/github-readme-stats/tests/renderStatsCard.test.js,Eager Test,"{'line': 68, 'column': 30, 'index': 2370}","  66 |     );
  67 |
> 68 |     document.body.innerHTML = renderStatsCard({ ...stats, name: ""Felix"" });
     |                              ^ Eager Test
  69 |
  70 |     expect(document.getElementsByClassName(""header"")[0].textContent).toBe(
  71 |       ""Felix's GitHub Stats"","
/home/gabriel/Disk/Research/research-javascript-test-smells/repositories/github-readme-stats/tests/renderStatsCard.test.js,Eager Test,"{'line': 130, 'column': 30, 'index': 4899}","  128 |
  129 |   it(""should render with custom width set"", () => {
> 130 |     document.body.innerHTML = renderStatsCard(stats);
      |                              ^ Eager Test
  131 |     expect(document.querySelector(""svg"")).toHaveAttribute(""width"", ""450"");
  132 |
  133 |     document.body.innerHTML = renderStatsCard(stats, { card_width: 500 });"
/home/gabriel/Disk/Research/research-javascript-test-smells/repositories/github-readme-stats/tests/renderStatsCard.test.js,Eager Test,"{'line': 133, 'column': 30, 'index': 5029}","  131 |     expect(document.querySelector(""svg"")).toHaveAttribute(""width"", ""450"");
  132 |
> 133 |     document.body.innerHTML = renderStatsCard(stats, { card_width: 500 });
      |                              ^ Eager Test
  134 |     expect(document.querySelector(""svg"")).toHaveAttribute(""width"", ""500"");
  135 |   });
  136 |"
/home/gabriel/Disk/Research/research-javascript-test-smells/repositories/github-readme-stats/tests/renderStatsCard.test.js,Eager Test,"{'line': 138, 'column': 30, 'index': 5262}","  136 |
  137 |   it(""should render with custom width set and limit minimum width"", () => {
> 138 |     document.body.innerHTML = renderStatsCard(stats, { card_width: 1 });
      |                              ^ Eager Test
  139 |     expect(document.querySelector(""svg"")).toHaveAttribute(""width"", ""420"");
  140 |
  141 |     // Test default minimum card width without rank circle."
/home/gabriel/Disk/Research/research-javascript-test-smells/repositories/github-readme-stats/tests/renderStatsCard.test.js,Eager Test,"{'line': 142, 'column': 30, 'index': 5471}","  140 |
  141 |     // Test default minimum card width without rank circle.
> 142 |     document.body.innerHTML = renderStatsCard(stats, {
      |                              ^ Eager Test
  143 |       card_width: 1,
  144 |       hide_rank: true,
  145 |     });"
/home/gabriel/Disk/Research/research-javascript-test-smells/repositories/github-readme-stats/tests/renderStatsCard.test.js,Eager Test,"{'line': 152, 'column': 30, 'index': 5740}","  150 |
  151 |     // Test minimum card width with rank and icons.
> 152 |     document.body.innerHTML = renderStatsCard(stats, {
      |                              ^ Eager Test
  153 |       card_width: 1,
  154 |       hide_rank: true,
  155 |       show_icons: true,"
/home/gabriel/Disk/Research/research-javascript-test-smells/repositories/github-readme-stats/tests/renderStatsCard.test.js,Eager Test,"{'line': 163, 'column': 30, 'index': 6041}","  161 |
  162 |     // Test minimum card width with icons but without rank.
> 163 |     document.body.innerHTML = renderStatsCard(stats, {
      |                              ^ Eager Test
  164 |       card_width: 1,
  165 |       hide_rank: false,
  166 |       show_icons: true,"
/home/gabriel/Disk/Research/research-javascript-test-smells/repositories/github-readme-stats/tests/renderStatsCard.test.js,Eager Test,"{'line': 171, 'column': 30, 'index': 6303}","  169 |
  170 |     // Test minimum card width without icons or rank.
> 171 |     document.body.innerHTML = renderStatsCard(stats, {
      |                              ^ Eager Test
  172 |       card_width: 1,
  173 |       hide_rank: false,
  174 |       show_icons: false,"
/home/gabriel/Disk/Research/research-javascript-test-smells/repositories/github-readme-stats/tests/renderStatsCard.test.js,Eager Test,"{'line': 406, 'column': 30, 'index': 14738}","  404 |
  405 |   it(""should render without rounding"", () => {
> 406 |     document.body.innerHTML = renderStatsCard(stats, { border_radius: ""0"" });
      |                              ^ Eager Test
  407 |     expect(document.querySelector(""rect"")).toHaveAttribute(""rx"", ""0"");
  408 |     document.body.innerHTML = renderStatsCard(stats, {});
  409 |     expect(document.querySelector(""rect"")).toHaveAttribute(""rx"", ""4.5"");"
/home/gabriel/Disk/Research/research-javascript-test-smells/repositories/github-readme-stats/tests/renderStatsCard.test.js,Eager Test,"{'line': 408, 'column': 30, 'index': 14887}","  406 |     document.body.innerHTML = renderStatsCard(stats, { border_radius: ""0"" });
  407 |     expect(document.querySelector(""rect"")).toHaveAttribute(""rx"", ""0"");
> 408 |     document.body.innerHTML = renderStatsCard(stats, {});
      |                              ^ Eager Test
  409 |     expect(document.querySelector(""rect"")).toHaveAttribute(""rx"", ""4.5"");
  410 |   });
  411 |"
/home/gabriel/Disk/Research/research-javascript-test-smells/repositories/github-readme-stats/tests/renderStatsCard.test.js,Eager Test,"{'line': 415, 'column': 30, 'index': 15098}","  413 |     stats[""totalCommits""] = 1999;
  414 |
> 415 |     document.body.innerHTML = renderStatsCard(stats);
      |                              ^ Eager Test
  416 |     expect(getByTestId(document.body, ""commits"").textContent).toBe(""2k"");
  417 |     document.body.innerHTML = renderStatsCard(stats, { number_format: ""long"" });
  418 |     expect(getByTestId(document.body, ""commits"").textContent).toBe(""1999"");"
/home/gabriel/Disk/Research/research-javascript-test-smells/repositories/github-readme-stats/tests/renderStatsCard.test.js,Eager Test,"{'line': 417, 'column': 30, 'index': 15226}","  415 |     document.body.innerHTML = renderStatsCard(stats);
  416 |     expect(getByTestId(document.body, ""commits"").textContent).toBe(""2k"");
> 417 |     document.body.innerHTML = renderStatsCard(stats, { number_format: ""long"" });
      |                              ^ Eager Test
  418 |     expect(getByTestId(document.body, ""commits"").textContent).toBe(""1999"");
  419 |     document.body.innerHTML = renderStatsCard(stats, { number_precision: 2 });
  420 |     expect(getByTestId(document.body, ""commits"").textContent).toBe(""2.00k"");"
/home/gabriel/Disk/Research/research-javascript-test-smells/repositories/github-readme-stats/tests/renderStatsCard.test.js,Eager Test,"{'line': 419, 'column': 30, 'index': 15383}","  417 |     document.body.innerHTML = renderStatsCard(stats, { number_format: ""long"" });
  418 |     expect(getByTestId(document.body, ""commits"").textContent).toBe(""1999"");
> 419 |     document.body.innerHTML = renderStatsCard(stats, { number_precision: 2 });
      |                              ^ Eager Test
  420 |     expect(getByTestId(document.body, ""commits"").textContent).toBe(""2.00k"");
  421 |     document.body.innerHTML = renderStatsCard(stats, {
  422 |       number_format: ""long"","
/home/gabriel/Disk/Research/research-javascript-test-smells/repositories/github-readme-stats/tests/renderStatsCard.test.js,Eager Test,"{'line': 421, 'column': 30, 'index': 15539}","  419 |     document.body.innerHTML = renderStatsCard(stats, { number_precision: 2 });
  420 |     expect(getByTestId(document.body, ""commits"").textContent).toBe(""2.00k"");
> 421 |     document.body.innerHTML = renderStatsCard(stats, {
      |                              ^ Eager Test
  422 |       number_format: ""long"",
  423 |       number_precision: 2,
  424 |     });"
/home/gabriel/Disk/Research/research-javascript-test-smells/repositories/github-readme-stats/tests/renderStatsCard.test.js,Lazy Test,"{'line': 30, 'column': 30, 'index': 822}","  28 | describe(""Test renderStatsCard"", () => {
  29 |   it(""should render correctly"", () => {
> 30 |     document.body.innerHTML = renderStatsCard(stats);
     |                              ^ Lazy Test
  31 |
  32 |     expect(document.getElementsByClassName(""header"")[0].textContent).toBe(
  33 |       ""Anurag Hazra's GitHub Stats"","
/home/gabriel/Disk/Research/research-javascript-test-smells/repositories/github-readme-stats/tests/renderStatsCard.test.js,Lazy Test,"{'line': 62, 'column': 30, 'index': 2175}","  60 |
  61 |   it(""should have proper name apostrophe"", () => {
> 62 |     document.body.innerHTML = renderStatsCard({ ...stats, name: ""Anil Das"" });
     |                              ^ Lazy Test
  63 |
  64 |     expect(document.getElementsByClassName(""header"")[0].textContent).toBe(
  65 |       ""Anil Das' GitHub Stats"","
/home/gabriel/Disk/Research/research-javascript-test-smells/repositories/github-readme-stats/tests/renderStatsCard.test.js,Lazy Test,"{'line': 76, 'column': 30, 'index': 2611}","  74 |
  75 |   it(""should hide individual stats"", () => {
> 76 |     document.body.innerHTML = renderStatsCard(stats, {
     |                              ^ Lazy Test
  77 |       hide: [""issues"", ""prs"", ""contribs""],
  78 |     });
  79 |"
/home/gabriel/Disk/Research/research-javascript-test-smells/repositories/github-readme-stats/tests/renderStatsCard.test.js,Lazy Test,"{'line': 97, 'column': 30, 'index': 3606}","   95 |
   96 |   it(""should show additional stats"", () => {
>  97 |     document.body.innerHTML = renderStatsCard(stats, {
      |                              ^ Lazy Test
   98 |       show: [
   99 |         ""reviews"",
  100 |         ""discussions_started"","
/home/gabriel/Disk/Research/research-javascript-test-smells/repositories/github-readme-stats/tests/renderStatsCard.test.js,Lazy Test,"{'line': 124, 'column': 30, 'index': 4683}","  122 |
  123 |   it(""should hide_rank"", () => {
> 124 |     document.body.innerHTML = renderStatsCard(stats, { hide_rank: true });
      |                              ^ Lazy Test
  125 |
  126 |     expect(queryByTestId(document.body, ""rank-circle"")).not.toBeInTheDocument();
  127 |   });"
/home/gabriel/Disk/Research/research-javascript-test-smells/repositories/github-readme-stats/tests/renderStatsCard.test.js,Lazy Test,"{'line': 130, 'column': 30, 'index': 4899}","  128 |
  129 |   it(""should render with custom width set"", () => {
> 130 |     document.body.innerHTML = renderStatsCard(stats);
      |                              ^ Lazy Test
  131 |     expect(document.querySelector(""svg"")).toHaveAttribute(""width"", ""450"");
  132 |
  133 |     document.body.innerHTML = renderStatsCard(stats, { card_width: 500 });"
/home/gabriel/Disk/Research/research-javascript-test-smells/repositories/github-readme-stats/tests/renderStatsCard.test.js,Lazy Test,"{'line': 138, 'column': 30, 'index': 5262}","  136 |
  137 |   it(""should render with custom width set and limit minimum width"", () => {
> 138 |     document.body.innerHTML = renderStatsCard(stats, { card_width: 1 });
      |                              ^ Lazy Test
  139 |     expect(document.querySelector(""svg"")).toHaveAttribute(""width"", ""420"");
  140 |
  141 |     // Test default minimum card width without rank circle."
/home/gabriel/Disk/Research/research-javascript-test-smells/repositories/github-readme-stats/tests/renderStatsCard.test.js,Lazy Test,"{'line': 180, 'column': 30, 'index': 6572}","  178 |
  179 |   it(""should render default colors properly"", () => {
> 180 |     document.body.innerHTML = renderStatsCard(stats);
      |                              ^ Lazy Test
  181 |
  182 |     const styleTag = document.querySelector(""style"");
  183 |     const stylesObject = cssToObject(styleTag.textContent);"
/home/gabriel/Disk/Research/research-javascript-test-smells/repositories/github-readme-stats/tests/renderStatsCard.test.js,Lazy Test,"{'line': 206, 'column': 30, 'index': 7411}","  204 |     };
  205 |
> 206 |     document.body.innerHTML = renderStatsCard(stats, { ...customColors });
      |                              ^ Lazy Test
  207 |
  208 |     const styleTag = document.querySelector(""style"");
  209 |     const stylesObject = cssToObject(styleTag.innerHTML);"
/home/gabriel/Disk/Research/research-javascript-test-smells/repositories/github-readme-stats/tests/renderStatsCard.test.js,Lazy Test,"{'line': 225, 'column': 30, 'index': 8192}","  223 |
  224 |   it(""should render custom colors with themes"", () => {
> 225 |     document.body.innerHTML = renderStatsCard(stats, {
      |                              ^ Lazy Test
  226 |       title_color: ""5a0"",
  227 |       theme: ""radical"",
  228 |     });"
/home/gabriel/Disk/Research/research-javascript-test-smells/repositories/github-readme-stats/tests/renderStatsCard.test.js,Lazy Test,"{'line': 248, 'column': 32, 'index': 9051}","  246 |   it(""should render with all the themes"", () => {
  247 |     Object.keys(themes).forEach((name) => {
> 248 |       document.body.innerHTML = renderStatsCard(stats, {
      |                                ^ Lazy Test
  249 |         theme: name,
  250 |       });
  251 |"
/home/gabriel/Disk/Research/research-javascript-test-smells/repositories/github-readme-stats/tests/renderStatsCard.test.js,Lazy Test,"{'line': 273, 'column': 30, 'index': 10081}","  271 |
  272 |   it(""should render custom colors with themes and fallback to default colors if invalid"", () => {
> 273 |     document.body.innerHTML = renderStatsCard(stats, {
      |                              ^ Lazy Test
  274 |       title_color: ""invalid color"",
  275 |       text_color: ""invalid color"",
  276 |       theme: ""radical"","
/home/gabriel/Disk/Research/research-javascript-test-smells/repositories/github-readme-stats/tests/renderStatsCard.test.js,Lazy Test,"{'line': 306, 'column': 30, 'index': 11154}","  304 |     };
  305 |
> 306 |     document.body.innerHTML = renderStatsCard(stats, { ...customColors });
      |                              ^ Lazy Test
  307 |
  308 |     const styleTag = document.querySelector(""style"");
  309 |     const stylesObject = cssToObject(styleTag.innerHTML);"
/home/gabriel/Disk/Research/research-javascript-test-smells/repositories/github-readme-stats/tests/renderStatsCard.test.js,Lazy Test,"{'line': 331, 'column': 30, 'index': 12246}","  329 |
  330 |   it(""should render icons correctly"", () => {
> 331 |     document.body.innerHTML = renderStatsCard(stats, {
      |                              ^ Lazy Test
  332 |       show_icons: true,
  333 |     });
  334 |"
/home/gabriel/Disk/Research/research-javascript-test-smells/repositories/github-readme-stats/tests/renderStatsCard.test.js,Lazy Test,"{'line': 343, 'column': 30, 'index': 12664}","  341 |
  342 |   it(""should not have icons if show_icons is false"", () => {
> 343 |     document.body.innerHTML = renderStatsCard(stats, { show_icons: false });
      |                              ^ Lazy Test
  344 |
  345 |     expect(queryAllByTestId(document.body, ""icon"")[0]).not.toBeDefined();
  346 |     expect(queryByTestId(document.body, ""stars"")).toBeDefined();"
/home/gabriel/Disk/Research/research-javascript-test-smells/repositories/github-readme-stats/tests/renderStatsCard.test.js,Lazy Test,"{'line': 353, 'column': 30, 'index': 13069}","  351 |
  352 |   it(""should auto resize if hide_rank is true"", () => {
> 353 |     document.body.innerHTML = renderStatsCard(stats, {
      |                              ^ Lazy Test
  354 |       hide_rank: true,
  355 |     });
  356 |"
/home/gabriel/Disk/Research/research-javascript-test-smells/repositories/github-readme-stats/tests/renderStatsCard.test.js,Lazy Test,"{'line': 363, 'column': 30, 'index': 13361}","  361 |
  362 |   it(""should auto resize if hide_rank is true & custom_title is set"", () => {
> 363 |     document.body.innerHTML = renderStatsCard(stats, {
      |                              ^ Lazy Test
  364 |       hide_rank: true,
  365 |       custom_title: ""Hello world"",
  366 |     });"
/home/gabriel/Disk/Research/research-javascript-test-smells/repositories/github-readme-stats/tests/renderStatsCard.test.js,Lazy Test,"{'line': 374, 'column': 30, 'index': 13638}","  372 |
  373 |   it(""should render translations"", () => {
> 374 |     document.body.innerHTML = renderStatsCard(stats, { locale: ""cn"" });
      |                              ^ Lazy Test
  375 |     expect(document.getElementsByClassName(""header"")[0].textContent).toBe(
  376 |       ""Anurag Hazra 的 GitHub 统计数据"",
  377 |     );"
/home/gabriel/Disk/Research/research-javascript-test-smells/repositories/github-readme-stats/tests/renderStatsCard.test.js,Lazy Test,"{'line': 406, 'column': 30, 'index': 14738}","  404 |
  405 |   it(""should render without rounding"", () => {
> 406 |     document.body.innerHTML = renderStatsCard(stats, { border_radius: ""0"" });
      |                              ^ Lazy Test
  407 |     expect(document.querySelector(""rect"")).toHaveAttribute(""rx"", ""0"");
  408 |     document.body.innerHTML = renderStatsCard(stats, {});
  409 |     expect(document.querySelector(""rect"")).toHaveAttribute(""rx"", ""4.5"");"
/home/gabriel/Disk/Research/research-javascript-test-smells/repositories/github-readme-stats/tests/renderStatsCard.test.js,Lazy Test,"{'line': 415, 'column': 30, 'index': 15098}","  413 |     stats[""totalCommits""] = 1999;
  414 |
> 415 |     document.body.innerHTML = renderStatsCard(stats);
      |                              ^ Lazy Test
  416 |     expect(getByTestId(document.body, ""commits"").textContent).toBe(""2k"");
  417 |     document.body.innerHTML = renderStatsCard(stats, { number_format: ""long"" });
  418 |     expect(getByTestId(document.body, ""commits"").textContent).toBe(""1999"");"
/home/gabriel/Disk/Research/research-javascript-test-smells/repositories/github-readme-stats/tests/renderStatsCard.test.js,Lazy Test,"{'line': 429, 'column': 30, 'index': 15803}","  427 |
  428 |   it(""should render default rank icon with level A+"", () => {
> 429 |     document.body.innerHTML = renderStatsCard(stats, {
      |                              ^ Lazy Test
  430 |       rank_icon: ""default"",
  431 |     });
  432 |     expect(queryByTestId(document.body, ""level-rank-icon"")).toBeDefined();"
/home/gabriel/Disk/Research/research-javascript-test-smells/repositories/github-readme-stats/tests/renderStatsCard.test.js,Lazy Test,"{'line': 439, 'column': 30, 'index': 16127}","  437 |
  438 |   it(""should render github rank icon"", () => {
> 439 |     document.body.innerHTML = renderStatsCard(stats, {
      |                              ^ Lazy Test
  440 |       rank_icon: ""github"",
  441 |     });
  442 |     expect(queryByTestId(document.body, ""github-rank-icon"")).toBeDefined();"
/home/gabriel/Disk/Research/research-javascript-test-smells/repositories/github-readme-stats/tests/renderStatsCard.test.js,Lazy Test,"{'line': 446, 'column': 30, 'index': 16348}","  444 |
  445 |   it(""should show the rank percentile"", () => {
> 446 |     document.body.innerHTML = renderStatsCard(stats, {
      |                              ^ Lazy Test
  447 |       rank_icon: ""percentile"",
  448 |     });
  449 |     expect(queryByTestId(document.body, ""percentile-top-header"")).toBeDefined();"
/home/gabriel/Disk/Research/research-javascript-test-smells/repositories/github-readme-stats/tests/renderStatsCard.test.js,Lazy Test,"{'line': 461, 'column': 6, 'index': 16931}","  459 |   it(""should throw error if all stats and rank icon are hidden"", () => {
  460 |     expect(() =>
> 461 |       renderStatsCard(stats, {
      |      ^ Lazy Test
  462 |         hide: [""stars"", ""commits"", ""prs"", ""issues"", ""contribs""],
  463 |         hide_rank: true,
  464 |       }),"
/home/gabriel/Disk/Research/research-javascript-test-smells/repositories/github-readme-stats/tests/renderRepoCard.test.js,Duplicate Assert,"{'line': 29, 'column': 4, 'index': 867}","  27 |     const [header] = document.getElementsByClassName(""header"");
  28 |
> 29 |     expect(header).toHaveTextContent(""convoychat"");
     |    ^ Duplicate Assert
  30 |     expect(header).not.toHaveTextContent(""anuraghazra"");
  31 |     expect(document.getElementsByClassName(""description"")[0]).toHaveTextContent(
  32 |       ""Help us take over the world! React + TS + GraphQL Chat App"","
/home/gabriel/Disk/Research/research-javascript-test-smells/repositories/github-readme-stats/tests/renderRepoCard.test.js,Duplicate Assert,"{'line': 30, 'column': 4, 'index': 919}","  28 |
  29 |     expect(header).toHaveTextContent(""convoychat"");
> 30 |     expect(header).not.toHaveTextContent(""anuraghazra"");
     |    ^ Duplicate Assert
  31 |     expect(document.getElementsByClassName(""description"")[0]).toHaveTextContent(
  32 |       ""Help us take over the world! React + TS + GraphQL Chat App"",
  33 |     );"
/home/gabriel/Disk/Research/research-javascript-test-smells/repositories/github-readme-stats/tests/renderRepoCard.test.js,Duplicate Assert,"{'line': 109, 'column': 4, 'index': 3646}","  107 |     });
  108 |
> 109 |     expect(queryByTestId(document.body, ""primary-lang"")).toBeNull();
      |    ^ Duplicate Assert
  110 |
  111 |     document.body.innerHTML = renderRepoCard({
  112 |       ...data_repo.repository,"
/home/gabriel/Disk/Research/research-javascript-test-smells/repositories/github-readme-stats/tests/renderRepoCard.test.js,Duplicate Assert,"{'line': 116, 'column': 4, 'index': 3855}","  114 |     });
  115 |
> 116 |     expect(queryByTestId(document.body, ""primary-lang"")).toBeInTheDocument();
      |    ^ Duplicate Assert
  117 |     expect(queryByTestId(document.body, ""lang-color"")).toHaveAttribute(
  118 |       ""fill"",
  119 |       ""#333"","
/home/gabriel/Disk/Research/research-javascript-test-smells/repositories/github-readme-stats/tests/renderRepoCard.test.js,Duplicate Assert,"{'line': 253, 'column': 4, 'index': 8865}","  251 |     });
  252 |
> 253 |     expect(queryByTestId(document.body, ""stargazers"")).toBeNull();
      |    ^ Duplicate Assert
  254 |     expect(queryByTestId(document.body, ""forkcount"")).toBeInTheDocument();
  255 |
  256 |     document.body.innerHTML = renderRepoCard({"
/home/gabriel/Disk/Research/research-javascript-test-smells/repositories/github-readme-stats/tests/renderRepoCard.test.js,Duplicate Assert,"{'line': 253, 'column': 4, 'index': 8865}","  251 |     });
  252 |
> 253 |     expect(queryByTestId(document.body, ""stargazers"")).toBeNull();
      |    ^ Duplicate Assert
  254 |     expect(queryByTestId(document.body, ""forkcount"")).toBeInTheDocument();
  255 |
  256 |     document.body.innerHTML = renderRepoCard({"
/home/gabriel/Disk/Research/research-javascript-test-smells/repositories/github-readme-stats/tests/renderRepoCard.test.js,Duplicate Assert,"{'line': 254, 'column': 4, 'index': 8932}","  252 |
  253 |     expect(queryByTestId(document.body, ""stargazers"")).toBeNull();
> 254 |     expect(queryByTestId(document.body, ""forkcount"")).toBeInTheDocument();
      |    ^ Duplicate Assert
  255 |
  256 |     document.body.innerHTML = renderRepoCard({
  257 |       ...data_repo.repository,"
/home/gabriel/Disk/Research/research-javascript-test-smells/repositories/github-readme-stats/tests/renderRepoCard.test.js,Duplicate Assert,"{'line': 262, 'column': 4, 'index': 9135}","  260 |     });
  261 |
> 262 |     expect(queryByTestId(document.body, ""stargazers"")).toBeInTheDocument();
      |    ^ Duplicate Assert
  263 |     expect(queryByTestId(document.body, ""forkcount"")).toBeNull();
  264 |
  265 |     document.body.innerHTML = renderRepoCard({"
/home/gabriel/Disk/Research/research-javascript-test-smells/repositories/github-readme-stats/tests/renderRepoCard.test.js,Duplicate Assert,"{'line': 263, 'column': 4, 'index': 9211}","  261 |
  262 |     expect(queryByTestId(document.body, ""stargazers"")).toBeInTheDocument();
> 263 |     expect(queryByTestId(document.body, ""forkcount"")).toBeNull();
      |    ^ Duplicate Assert
  264 |
  265 |     document.body.innerHTML = renderRepoCard({
  266 |       ...data_repo.repository,"
/home/gabriel/Disk/Research/research-javascript-test-smells/repositories/github-readme-stats/tests/renderRepoCard.test.js,Duplicate Assert,"{'line': 263, 'column': 4, 'index': 9211}","  261 |
  262 |     expect(queryByTestId(document.body, ""stargazers"")).toBeInTheDocument();
> 263 |     expect(queryByTestId(document.body, ""forkcount"")).toBeNull();
      |    ^ Duplicate Assert
  264 |
  265 |     document.body.innerHTML = renderRepoCard({
  266 |       ...data_repo.repository,"
/home/gabriel/Disk/Research/research-javascript-test-smells/repositories/github-readme-stats/tests/renderRepoCard.test.js,Duplicate Assert,"{'line': 271, 'column': 4, 'index': 9405}","  269 |     });
  270 |
> 271 |     expect(queryByTestId(document.body, ""stargazers"")).toBeNull();
      |    ^ Duplicate Assert
  272 |     expect(queryByTestId(document.body, ""forkcount"")).toBeNull();
  273 |   });
  274 |"
/home/gabriel/Disk/Research/research-javascript-test-smells/repositories/github-readme-stats/tests/renderRepoCard.test.js,Duplicate Assert,"{'line': 271, 'column': 4, 'index': 9405}","  269 |     });
  270 |
> 271 |     expect(queryByTestId(document.body, ""stargazers"")).toBeNull();
      |    ^ Duplicate Assert
  272 |     expect(queryByTestId(document.body, ""forkcount"")).toBeNull();
  273 |   });
  274 |"
/home/gabriel/Disk/Research/research-javascript-test-smells/repositories/github-readme-stats/tests/renderRepoCard.test.js,Duplicate Assert,"{'line': 272, 'column': 4, 'index': 9472}","  270 |
  271 |     expect(queryByTestId(document.body, ""stargazers"")).toBeNull();
> 272 |     expect(queryByTestId(document.body, ""forkcount"")).toBeNull();
      |    ^ Duplicate Assert
  273 |   });
  274 |
  275 |   it(""should render badges"", () => {"
/home/gabriel/Disk/Research/research-javascript-test-smells/repositories/github-readme-stats/tests/renderRepoCard.test.js,Duplicate Assert,"{'line': 272, 'column': 4, 'index': 9472}","  270 |
  271 |     expect(queryByTestId(document.body, ""stargazers"")).toBeNull();
> 272 |     expect(queryByTestId(document.body, ""forkcount"")).toBeNull();
      |    ^ Duplicate Assert
  273 |   });
  274 |
  275 |   it(""should render badges"", () => {"
/home/gabriel/Disk/Research/research-javascript-test-smells/repositories/github-readme-stats/tests/renderRepoCard.test.js,Duplicate Assert,"{'line': 281, 'column': 4, 'index': 9693}","  279 |     });
  280 |
> 281 |     expect(queryByTestId(document.body, ""badge"")).toHaveTextContent(""Archived"");
      |    ^ Duplicate Assert
  282 |
  283 |     document.body.innerHTML = renderRepoCard({
  284 |       ...data_repo.repository,"
/home/gabriel/Disk/Research/research-javascript-test-smells/repositories/github-readme-stats/tests/renderRepoCard.test.js,Duplicate Assert,"{'line': 287, 'column': 4, 'index': 9885}","  285 |       isTemplate: true,
  286 |     });
> 287 |     expect(queryByTestId(document.body, ""badge"")).toHaveTextContent(""Template"");
      |    ^ Duplicate Assert
  288 |   });
  289 |
  290 |   it(""should not render template"", () => {"
/home/gabriel/Disk/Research/research-javascript-test-smells/repositories/github-readme-stats/tests/renderRepoCard.test.js,Duplicate Assert,"{'line': 308, 'column': 4, 'index': 10388}","  306 |     );
  307 |
> 308 |     expect(queryByTestId(document.body, ""badge"")).toHaveTextContent(""已归档"");
      |    ^ Duplicate Assert
  309 |
  310 |     document.body.innerHTML = renderRepoCard(
  311 |       {"
/home/gabriel/Disk/Research/research-javascript-test-smells/repositories/github-readme-stats/tests/renderRepoCard.test.js,Duplicate Assert,"{'line': 319, 'column': 4, 'index': 10633}","  317 |       },
  318 |     );
> 319 |     expect(queryByTestId(document.body, ""badge"")).toHaveTextContent(""模板"");
      |    ^ Duplicate Assert
  320 |   });
  321 |
  322 |   it(""should render without rounding"", () => {"
/home/gabriel/Disk/Research/research-javascript-test-smells/repositories/github-readme-stats/tests/renderRepoCard.test.js,Duplicate Assert,"{'line': 326, 'column': 4, 'index': 10865}","  324 |       border_radius: ""0"",
  325 |     });
> 326 |     expect(document.querySelector(""rect"")).toHaveAttribute(""rx"", ""0"");
      |    ^ Duplicate Assert
  327 |     document.body.innerHTML = renderRepoCard(data_repo.repository, {});
  328 |     expect(document.querySelector(""rect"")).toHaveAttribute(""rx"", ""4.5"");
  329 |   });"
/home/gabriel/Disk/Research/research-javascript-test-smells/repositories/github-readme-stats/tests/renderRepoCard.test.js,Duplicate Assert,"{'line': 328, 'column': 4, 'index': 11008}","  326 |     expect(document.querySelector(""rect"")).toHaveAttribute(""rx"", ""0"");
  327 |     document.body.innerHTML = renderRepoCard(data_repo.repository, {});
> 328 |     expect(document.querySelector(""rect"")).toHaveAttribute(""rx"", ""4.5"");
      |    ^ Duplicate Assert
  329 |   });
  330 |
  331 |   it(""should fallback to default description"", () => {"
/home/gabriel/Disk/Research/research-javascript-test-smells/repositories/github-readme-stats/tests/renderRepoCard.test.js,Duplicate Assert,"{'line': 347, 'column': 4, 'index': 11649}","  345 |       description_lines_count: 1,
  346 |     });
> 347 |     expect(document.querySelector(""svg"")).toHaveAttribute(""height"", ""120"");
      |    ^ Duplicate Assert
  348 |     document.body.innerHTML = renderRepoCard(data_repo.repository, {
  349 |       description_lines_count: 3,
  350 |     });"
/home/gabriel/Disk/Research/research-javascript-test-smells/repositories/github-readme-stats/tests/renderRepoCard.test.js,Duplicate Assert,"{'line': 351, 'column': 4, 'index': 11836}","  349 |       description_lines_count: 3,
  350 |     });
> 351 |     expect(document.querySelector(""svg"")).toHaveAttribute(""height"", ""150"");
      |    ^ Duplicate Assert
  352 |
  353 |     // Testing long description
  354 |     const longDescription ="
/home/gabriel/Disk/Research/research-javascript-test-smells/repositories/github-readme-stats/tests/renderRepoCard.test.js,Duplicate Assert,"{'line': 362, 'column': 4, 'index': 12320}","  360 |       },
  361 |     );
> 362 |     expect(document.querySelector(""svg"")).toHaveAttribute(""height"", ""150"");
      |    ^ Duplicate Assert
  363 |     document.body.innerHTML = renderRepoCard(
  364 |       { ...data_repo.repository, description: longDescription },
  365 |       {"
/home/gabriel/Disk/Research/research-javascript-test-smells/repositories/github-readme-stats/tests/renderRepoCard.test.js,Duplicate Assert,"{'line': 369, 'column': 4, 'index': 12567}","  367 |       },
  368 |     );
> 369 |     expect(document.querySelector(""svg"")).toHaveAttribute(""height"", ""120"");
      |    ^ Duplicate Assert
  370 |   });
  371 | });
  372 |"
/home/gabriel/Disk/Research/research-javascript-test-smells/repositories/github-readme-stats/tests/renderRepoCard.test.js,Eager Test,"{'line': 66, 'column': 30, 'index': 2184}","  64 |
  65 |   it(""should trim description"", () => {
> 66 |     document.body.innerHTML = renderRepoCard({
     |                              ^ Eager Test
  67 |       ...data_repo.repository,
  68 |       description:
  69 |         ""The quick brown fox jumps over the lazy dog is an English-language pangram—a sentence that contains all of the letters of the English alphabet"","
/home/gabriel/Disk/Research/research-javascript-test-smells/repositories/github-readme-stats/tests/renderRepoCard.test.js,Eager Test,"{'line': 81, 'column': 30, 'index': 2789}","  79 |
  80 |     // Should not trim
> 81 |     document.body.innerHTML = renderRepoCard({
     |                              ^ Eager Test
  82 |       ...data_repo.repository,
  83 |       description: ""Small text should not trim"",
  84 |     });"
/home/gabriel/Disk/Research/research-javascript-test-smells/repositories/github-readme-stats/tests/renderRepoCard.test.js,Eager Test,"{'line': 104, 'column': 30, 'index': 3556}","  102 |
  103 |   it(""should hide language if primaryLanguage is null & fallback to correct values"", () => {
> 104 |     document.body.innerHTML = renderRepoCard({
      |                              ^ Eager Test
  105 |       ...data_repo.repository,
  106 |       primaryLanguage: null,
  107 |     });"
/home/gabriel/Disk/Research/research-javascript-test-smells/repositories/github-readme-stats/tests/renderRepoCard.test.js,Eager Test,"{'line': 111, 'column': 30, 'index': 3742}","  109 |     expect(queryByTestId(document.body, ""primary-lang"")).toBeNull();
  110 |
> 111 |     document.body.innerHTML = renderRepoCard({
      |                              ^ Eager Test
  112 |       ...data_repo.repository,
  113 |       primaryLanguage: { color: null, name: null },
  114 |     });"
/home/gabriel/Disk/Research/research-javascript-test-smells/repositories/github-readme-stats/tests/renderRepoCard.test.js,Eager Test,"{'line': 248, 'column': 30, 'index': 8784}","  246 |
  247 |   it(""should not render star count or fork count if either of the are zero"", () => {
> 248 |     document.body.innerHTML = renderRepoCard({
      |                              ^ Eager Test
  249 |       ...data_repo.repository,
  250 |       starCount: 0,
  251 |     });"
/home/gabriel/Disk/Research/research-javascript-test-smells/repositories/github-readme-stats/tests/renderRepoCard.test.js,Eager Test,"{'line': 256, 'column': 30, 'index': 9034}","  254 |     expect(queryByTestId(document.body, ""forkcount"")).toBeInTheDocument();
  255 |
> 256 |     document.body.innerHTML = renderRepoCard({
      |                              ^ Eager Test
  257 |       ...data_repo.repository,
  258 |       starCount: 1,
  259 |       forkCount: 0,"
/home/gabriel/Disk/Research/research-javascript-test-smells/repositories/github-readme-stats/tests/renderRepoCard.test.js,Eager Test,"{'line': 265, 'column': 30, 'index': 9304}","  263 |     expect(queryByTestId(document.body, ""forkcount"")).toBeNull();
  264 |
> 265 |     document.body.innerHTML = renderRepoCard({
      |                              ^ Eager Test
  266 |       ...data_repo.repository,
  267 |       starCount: 0,
  268 |       forkCount: 0,"
/home/gabriel/Disk/Research/research-javascript-test-smells/repositories/github-readme-stats/tests/renderRepoCard.test.js,Eager Test,"{'line': 276, 'column': 30, 'index': 9608}","  274 |
  275 |   it(""should render badges"", () => {
> 276 |     document.body.innerHTML = renderRepoCard({
      |                              ^ Eager Test
  277 |       ...data_repo.repository,
  278 |       isArchived: true,
  279 |     });"
/home/gabriel/Disk/Research/research-javascript-test-smells/repositories/github-readme-stats/tests/renderRepoCard.test.js,Eager Test,"{'line': 283, 'column': 30, 'index': 9801}","  281 |     expect(queryByTestId(document.body, ""badge"")).toHaveTextContent(""Archived"");
  282 |
> 283 |     document.body.innerHTML = renderRepoCard({
      |                              ^ Eager Test
  284 |       ...data_repo.repository,
  285 |       isTemplate: true,
  286 |     });"
/home/gabriel/Disk/Research/research-javascript-test-smells/repositories/github-readme-stats/tests/renderRepoCard.test.js,Eager Test,"{'line': 298, 'column': 30, 'index': 10245}","  296 |
  297 |   it(""should render translated badges"", () => {
> 298 |     document.body.innerHTML = renderRepoCard(
      |                              ^ Eager Test
  299 |       {
  300 |         ...data_repo.repository,
  301 |         isArchived: true,"
/home/gabriel/Disk/Research/research-javascript-test-smells/repositories/github-readme-stats/tests/renderRepoCard.test.js,Eager Test,"{'line': 310, 'column': 30, 'index': 10491}","  308 |     expect(queryByTestId(document.body, ""badge"")).toHaveTextContent(""已归档"");
  309 |
> 310 |     document.body.innerHTML = renderRepoCard(
      |                              ^ Eager Test
  311 |       {
  312 |         ...data_repo.repository,
  313 |         isTemplate: true,"
/home/gabriel/Disk/Research/research-javascript-test-smells/repositories/github-readme-stats/tests/renderRepoCard.test.js,Eager Test,"{'line': 323, 'column': 30, 'index': 10788}","  321 |
  322 |   it(""should render without rounding"", () => {
> 323 |     document.body.innerHTML = renderRepoCard(data_repo.repository, {
      |                              ^ Eager Test
  324 |       border_radius: ""0"",
  325 |     });
  326 |     expect(document.querySelector(""rect"")).toHaveAttribute(""rx"", ""0"");"
/home/gabriel/Disk/Research/research-javascript-test-smells/repositories/github-readme-stats/tests/renderRepoCard.test.js,Eager Test,"{'line': 327, 'column': 30, 'index': 10962}","  325 |     });
  326 |     expect(document.querySelector(""rect"")).toHaveAttribute(""rx"", ""0"");
> 327 |     document.body.innerHTML = renderRepoCard(data_repo.repository, {});
      |                              ^ Eager Test
  328 |     expect(document.querySelector(""rect"")).toHaveAttribute(""rx"", ""4.5"");
  329 |   });
  330 |"
/home/gabriel/Disk/Research/research-javascript-test-smells/repositories/github-readme-stats/tests/renderRepoCard.test.js,Eager Test,"{'line': 344, 'column': 30, 'index': 11564}","  342 |   it(""should have correct height with specified `description_lines_count` parameter"", () => {
  343 |     // Testing short description
> 344 |     document.body.innerHTML = renderRepoCard(data_repo.repository, {
      |                              ^ Eager Test
  345 |       description_lines_count: 1,
  346 |     });
  347 |     expect(document.querySelector(""svg"")).toHaveAttribute(""height"", ""120"");"
/home/gabriel/Disk/Research/research-javascript-test-smells/repositories/github-readme-stats/tests/renderRepoCard.test.js,Eager Test,"{'line': 348, 'column': 30, 'index': 11751}","  346 |     });
  347 |     expect(document.querySelector(""svg"")).toHaveAttribute(""height"", ""120"");
> 348 |     document.body.innerHTML = renderRepoCard(data_repo.repository, {
      |                              ^ Eager Test
  349 |       description_lines_count: 3,
  350 |     });
  351 |     expect(document.querySelector(""svg"")).toHaveAttribute(""height"", ""150"");"
/home/gabriel/Disk/Research/research-javascript-test-smells/repositories/github-readme-stats/tests/renderRepoCard.test.js,Eager Test,"{'line': 356, 'column': 30, 'index': 12175}","  354 |     const longDescription =
  355 |       ""A tool that will make a lot of iPhone/iPad developers' life easier. It shares your app over-the-air in a WiFi network. Bonjour is used and no configuration is needed."";
> 356 |     document.body.innerHTML = renderRepoCard(
      |                              ^ Eager Test
  357 |       { ...data_repo.repository, description: longDescription },
  358 |       {
  359 |         description_lines_count: 3,"
/home/gabriel/Disk/Research/research-javascript-test-smells/repositories/github-readme-stats/tests/renderRepoCard.test.js,Eager Test,"{'line': 363, 'column': 30, 'index': 12422}","  361 |     );
  362 |     expect(document.querySelector(""svg"")).toHaveAttribute(""height"", ""150"");
> 363 |     document.body.innerHTML = renderRepoCard(
      |                              ^ Eager Test
  364 |       { ...data_repo.repository, description: longDescription },
  365 |       {
  366 |         description_lines_count: 1,"
/home/gabriel/Disk/Research/research-javascript-test-smells/repositories/github-readme-stats/tests/renderRepoCard.test.js,Lazy Test,"{'line': 25, 'column': 30, 'index': 759}","  23 | describe(""Test renderRepoCard"", () => {
  24 |   it(""should render correctly"", () => {
> 25 |     document.body.innerHTML = renderRepoCard(data_repo.repository);
     |                              ^ Lazy Test
  26 |
  27 |     const [header] = document.getElementsByClassName(""header"");
  28 |"
/home/gabriel/Disk/Research/research-javascript-test-smells/repositories/github-readme-stats/tests/renderRepoCard.test.js,Lazy Test,"{'line': 46, 'column': 30, 'index': 1602}","  44 |
  45 |   it(""should display username in title (full repo name)"", () => {
> 46 |     document.body.innerHTML = renderRepoCard(data_repo.repository, {
     |                              ^ Lazy Test
  47 |       show_owner: true,
  48 |     });
  49 |     expect(document.getElementsByClassName(""header"")[0]).toHaveTextContent("
/home/gabriel/Disk/Research/research-javascript-test-smells/repositories/github-readme-stats/tests/renderRepoCard.test.js,Lazy Test,"{'line': 55, 'column': 30, 'index': 1860}","  53 |
  54 |   it(""should trim header"", () => {
> 55 |     document.body.innerHTML = renderRepoCard({
     |                              ^ Lazy Test
  56 |       ...data_repo.repository,
  57 |       name: ""some-really-long-repo-name-for-test-purposes"",
  58 |     });"
/home/gabriel/Disk/Research/research-javascript-test-smells/repositories/github-readme-stats/tests/renderRepoCard.test.js,Lazy Test,"{'line': 66, 'column': 30, 'index': 2184}","  64 |
  65 |   it(""should trim description"", () => {
> 66 |     document.body.innerHTML = renderRepoCard({
     |                              ^ Lazy Test
  67 |       ...data_repo.repository,
  68 |       description:
  69 |         ""The quick brown fox jumps over the lazy dog is an English-language pangram—a sentence that contains all of the letters of the English alphabet"","
/home/gabriel/Disk/Research/research-javascript-test-smells/repositories/github-readme-stats/tests/renderRepoCard.test.js,Lazy Test,"{'line': 92, 'column': 30, 'index': 3093}","  90 |
  91 |   it(""should render emojis"", () => {
> 92 |     document.body.innerHTML = renderRepoCard({
     |                              ^ Lazy Test
  93 |       ...data_repo.repository,
  94 |       description: ""This is a text with a :poop: poo emoji"",
  95 |     });"
/home/gabriel/Disk/Research/research-javascript-test-smells/repositories/github-readme-stats/tests/renderRepoCard.test.js,Lazy Test,"{'line': 104, 'column': 30, 'index': 3556}","  102 |
  103 |   it(""should hide language if primaryLanguage is null & fallback to correct values"", () => {
> 104 |     document.body.innerHTML = renderRepoCard({
      |                              ^ Lazy Test
  105 |       ...data_repo.repository,
  106 |       primaryLanguage: null,
  107 |     });"
/home/gabriel/Disk/Research/research-javascript-test-smells/repositories/github-readme-stats/tests/renderRepoCard.test.js,Lazy Test,"{'line': 128, 'column': 30, 'index': 4229}","  126 |
  127 |   it(""should render default colors properly"", () => {
> 128 |     document.body.innerHTML = renderRepoCard(data_repo.repository);
      |                              ^ Lazy Test
  129 |
  130 |     const styleTag = document.querySelector(""style"");
  131 |     const stylesObject = cssToObject(styleTag.innerHTML);"
/home/gabriel/Disk/Research/research-javascript-test-smells/repositories/github-readme-stats/tests/renderRepoCard.test.js,Lazy Test,"{'line': 154, 'column': 30, 'index': 5087}","  152 |     };
  153 |
> 154 |     document.body.innerHTML = renderRepoCard(data_repo.repository, {
      |                              ^ Lazy Test
  155 |       ...customColors,
  156 |     });
  157 |"
/home/gabriel/Disk/Research/research-javascript-test-smells/repositories/github-readme-stats/tests/renderRepoCard.test.js,Lazy Test,"{'line': 176, 'column': 32, 'index': 5940}","  174 |   it(""should render with all the themes"", () => {
  175 |     Object.keys(themes).forEach((name) => {
> 176 |       document.body.innerHTML = renderRepoCard(data_repo.repository, {
      |                                ^ Lazy Test
  177 |         theme: name,
  178 |       });
  179 |"
/home/gabriel/Disk/Research/research-javascript-test-smells/repositories/github-readme-stats/tests/renderRepoCard.test.js,Lazy Test,"{'line': 201, 'column': 30, 'index': 6949}","  199 |
  200 |   it(""should render custom colors with themes"", () => {
> 201 |     document.body.innerHTML = renderRepoCard(data_repo.repository, {
      |                              ^ Lazy Test
  202 |       title_color: ""5a0"",
  203 |       theme: ""radical"",
  204 |     });"
/home/gabriel/Disk/Research/research-javascript-test-smells/repositories/github-readme-stats/tests/renderRepoCard.test.js,Lazy Test,"{'line': 223, 'column': 30, 'index': 7831}","  221 |
  222 |   it(""should render custom colors with themes and fallback to default colors if invalid"", () => {
> 223 |     document.body.innerHTML = renderRepoCard(data_repo.repository, {
      |                              ^ Lazy Test
  224 |       title_color: ""invalid color"",
  225 |       text_color: ""invalid color"",
  226 |       theme: ""radical"","
/home/gabriel/Disk/Research/research-javascript-test-smells/repositories/github-readme-stats/tests/renderRepoCard.test.js,Lazy Test,"{'line': 248, 'column': 30, 'index': 8784}","  246 |
  247 |   it(""should not render star count or fork count if either of the are zero"", () => {
> 248 |     document.body.innerHTML = renderRepoCard({
      |                              ^ Lazy Test
  249 |       ...data_repo.repository,
  250 |       starCount: 0,
  251 |     });"
/home/gabriel/Disk/Research/research-javascript-test-smells/repositories/github-readme-stats/tests/renderRepoCard.test.js,Lazy Test,"{'line': 276, 'column': 30, 'index': 9608}","  274 |
  275 |   it(""should render badges"", () => {
> 276 |     document.body.innerHTML = renderRepoCard({
      |                              ^ Lazy Test
  277 |       ...data_repo.repository,
  278 |       isArchived: true,
  279 |     });"
/home/gabriel/Disk/Research/research-javascript-test-smells/repositories/github-readme-stats/tests/renderRepoCard.test.js,Lazy Test,"{'line': 291, 'column': 30, 'index': 10042}","  289 |
  290 |   it(""should not render template"", () => {
> 291 |     document.body.innerHTML = renderRepoCard({
      |                              ^ Lazy Test
  292 |       ...data_repo.repository,
  293 |     });
  294 |     expect(queryByTestId(document.body, ""badge"")).toBeNull();"
/home/gabriel/Disk/Research/research-javascript-test-smells/repositories/github-readme-stats/tests/renderRepoCard.test.js,Lazy Test,"{'line': 298, 'column': 30, 'index': 10245}","  296 |
  297 |   it(""should render translated badges"", () => {
> 298 |     document.body.innerHTML = renderRepoCard(
      |                              ^ Lazy Test
  299 |       {
  300 |         ...data_repo.repository,
  301 |         isArchived: true,"
/home/gabriel/Disk/Research/research-javascript-test-smells/repositories/github-readme-stats/tests/renderRepoCard.test.js,Lazy Test,"{'line': 323, 'column': 30, 'index': 10788}","  321 |
  322 |   it(""should render without rounding"", () => {
> 323 |     document.body.innerHTML = renderRepoCard(data_repo.repository, {
      |                              ^ Lazy Test
  324 |       border_radius: ""0"",
  325 |     });
  326 |     expect(document.querySelector(""rect"")).toHaveAttribute(""rx"", ""0"");"
/home/gabriel/Disk/Research/research-javascript-test-smells/repositories/github-readme-stats/tests/renderRepoCard.test.js,Lazy Test,"{'line': 332, 'column': 30, 'index': 11169}","  330 |
  331 |   it(""should fallback to default description"", () => {
> 332 |     document.body.innerHTML = renderRepoCard({
      |                              ^ Lazy Test
  333 |       ...data_repo.repository,
  334 |       description: undefined,
  335 |       isArchived: true,"
/home/gabriel/Disk/Research/research-javascript-test-smells/repositories/github-readme-stats/tests/renderRepoCard.test.js,Lazy Test,"{'line': 344, 'column': 30, 'index': 11564}","  342 |   it(""should have correct height with specified `description_lines_count` parameter"", () => {
  343 |     // Testing short description
> 344 |     document.body.innerHTML = renderRepoCard(data_repo.repository, {
      |                              ^ Lazy Test
  345 |       description_lines_count: 1,
  346 |     });
  347 |     expect(document.querySelector(""svg"")).toHaveAttribute(""height"", ""120"");"
/home/gabriel/Disk/Research/research-javascript-test-smells/repositories/github-readme-stats/tests/renderGistCard.test.js,Duplicate Assert,"{'line': 26, 'column': 4, 'index': 764}","  24 |     const [header] = document.getElementsByClassName(""header"");
  25 |
> 26 |     expect(header).toHaveTextContent(""test"");
     |    ^ Duplicate Assert
  27 |     expect(header).not.toHaveTextContent(""anuraghazra"");
  28 |     expect(document.getElementsByClassName(""description"")[0]).toHaveTextContent(
  29 |       ""Small test repository with different Python programs."","
/home/gabriel/Disk/Research/research-javascript-test-smells/repositories/github-readme-stats/tests/renderGistCard.test.js,Duplicate Assert,"{'line': 27, 'column': 4, 'index': 810}","  25 |
  26 |     expect(header).toHaveTextContent(""test"");
> 27 |     expect(header).not.toHaveTextContent(""anuraghazra"");
     |    ^ Duplicate Assert
  28 |     expect(document.getElementsByClassName(""description"")[0]).toHaveTextContent(
  29 |       ""Small test repository with different Python programs."",
  30 |     );"
/home/gabriel/Disk/Research/research-javascript-test-smells/repositories/github-readme-stats/tests/renderGistCard.test.js,Duplicate Assert,"{'line': 199, 'column': 4, 'index': 7215}","  197 |     });
  198 |
> 199 |     expect(queryByTestId(document.body, ""starsCount"")).toBeNull();
      |    ^ Duplicate Assert
  200 |     expect(queryByTestId(document.body, ""forksCount"")).toBeInTheDocument();
  201 |
  202 |     document.body.innerHTML = renderGistCard({"
/home/gabriel/Disk/Research/research-javascript-test-smells/repositories/github-readme-stats/tests/renderGistCard.test.js,Duplicate Assert,"{'line': 199, 'column': 4, 'index': 7215}","  197 |     });
  198 |
> 199 |     expect(queryByTestId(document.body, ""starsCount"")).toBeNull();
      |    ^ Duplicate Assert
  200 |     expect(queryByTestId(document.body, ""forksCount"")).toBeInTheDocument();
  201 |
  202 |     document.body.innerHTML = renderGistCard({"
/home/gabriel/Disk/Research/research-javascript-test-smells/repositories/github-readme-stats/tests/renderGistCard.test.js,Duplicate Assert,"{'line': 200, 'column': 4, 'index': 7282}","  198 |
  199 |     expect(queryByTestId(document.body, ""starsCount"")).toBeNull();
> 200 |     expect(queryByTestId(document.body, ""forksCount"")).toBeInTheDocument();
      |    ^ Duplicate Assert
  201 |
  202 |     document.body.innerHTML = renderGistCard({
  203 |       ...data,"
/home/gabriel/Disk/Research/research-javascript-test-smells/repositories/github-readme-stats/tests/renderGistCard.test.js,Duplicate Assert,"{'line': 208, 'column': 4, 'index': 7472}","  206 |     });
  207 |
> 208 |     expect(queryByTestId(document.body, ""starsCount"")).toBeInTheDocument();
      |    ^ Duplicate Assert
  209 |     expect(queryByTestId(document.body, ""forksCount"")).toBeNull();
  210 |
  211 |     document.body.innerHTML = renderGistCard({"
/home/gabriel/Disk/Research/research-javascript-test-smells/repositories/github-readme-stats/tests/renderGistCard.test.js,Duplicate Assert,"{'line': 209, 'column': 4, 'index': 7548}","  207 |
  208 |     expect(queryByTestId(document.body, ""starsCount"")).toBeInTheDocument();
> 209 |     expect(queryByTestId(document.body, ""forksCount"")).toBeNull();
      |    ^ Duplicate Assert
  210 |
  211 |     document.body.innerHTML = renderGistCard({
  212 |       ...data,"
/home/gabriel/Disk/Research/research-javascript-test-smells/repositories/github-readme-stats/tests/renderGistCard.test.js,Duplicate Assert,"{'line': 209, 'column': 4, 'index': 7548}","  207 |
  208 |     expect(queryByTestId(document.body, ""starsCount"")).toBeInTheDocument();
> 209 |     expect(queryByTestId(document.body, ""forksCount"")).toBeNull();
      |    ^ Duplicate Assert
  210 |
  211 |     document.body.innerHTML = renderGistCard({
  212 |       ...data,"
/home/gabriel/Disk/Research/research-javascript-test-smells/repositories/github-readme-stats/tests/renderGistCard.test.js,Duplicate Assert,"{'line': 217, 'column': 4, 'index': 7729}","  215 |     });
  216 |
> 217 |     expect(queryByTestId(document.body, ""starsCount"")).toBeNull();
      |    ^ Duplicate Assert
  218 |     expect(queryByTestId(document.body, ""forksCount"")).toBeNull();
  219 |   });
  220 |"
/home/gabriel/Disk/Research/research-javascript-test-smells/repositories/github-readme-stats/tests/renderGistCard.test.js,Duplicate Assert,"{'line': 217, 'column': 4, 'index': 7729}","  215 |     });
  216 |
> 217 |     expect(queryByTestId(document.body, ""starsCount"")).toBeNull();
      |    ^ Duplicate Assert
  218 |     expect(queryByTestId(document.body, ""forksCount"")).toBeNull();
  219 |   });
  220 |"
/home/gabriel/Disk/Research/research-javascript-test-smells/repositories/github-readme-stats/tests/renderGistCard.test.js,Duplicate Assert,"{'line': 218, 'column': 4, 'index': 7796}","  216 |
  217 |     expect(queryByTestId(document.body, ""starsCount"")).toBeNull();
> 218 |     expect(queryByTestId(document.body, ""forksCount"")).toBeNull();
      |    ^ Duplicate Assert
  219 |   });
  220 |
  221 |   it(""should render without rounding"", () => {"
/home/gabriel/Disk/Research/research-javascript-test-smells/repositories/github-readme-stats/tests/renderGistCard.test.js,Duplicate Assert,"{'line': 218, 'column': 4, 'index': 7796}","  216 |
  217 |     expect(queryByTestId(document.body, ""starsCount"")).toBeNull();
> 218 |     expect(queryByTestId(document.body, ""forksCount"")).toBeNull();
      |    ^ Duplicate Assert
  219 |   });
  220 |
  221 |   it(""should render without rounding"", () => {"
/home/gabriel/Disk/Research/research-javascript-test-smells/repositories/github-readme-stats/tests/renderGistCard.test.js,Duplicate Assert,"{'line': 225, 'column': 4, 'index': 8004}","  223 |       border_radius: ""0"",
  224 |     });
> 225 |     expect(document.querySelector(""rect"")).toHaveAttribute(""rx"", ""0"");
      |    ^ Duplicate Assert
  226 |     document.body.innerHTML = renderGistCard(data, {});
  227 |     expect(document.querySelector(""rect"")).toHaveAttribute(""rx"", ""4.5"");
  228 |   });"
/home/gabriel/Disk/Research/research-javascript-test-smells/repositories/github-readme-stats/tests/renderGistCard.test.js,Duplicate Assert,"{'line': 227, 'column': 4, 'index': 8131}","  225 |     expect(document.querySelector(""rect"")).toHaveAttribute(""rx"", ""0"");
  226 |     document.body.innerHTML = renderGistCard(data, {});
> 227 |     expect(document.querySelector(""rect"")).toHaveAttribute(""rx"", ""4.5"");
      |    ^ Duplicate Assert
  228 |   });
  229 |
  230 |   it(""should fallback to default description"", () => {"
/home/gabriel/Disk/Research/research-javascript-test-smells/repositories/github-readme-stats/tests/renderGistCard.test.js,Eager Test,"{'line': 194, 'column': 30, 'index': 7149}","  192 |
  193 |   it(""should not render star count or fork count if either of the are zero"", () => {
> 194 |     document.body.innerHTML = renderGistCard({
      |                              ^ Eager Test
  195 |       ...data,
  196 |       starsCount: 0,
  197 |     });"
/home/gabriel/Disk/Research/research-javascript-test-smells/repositories/github-readme-stats/tests/renderGistCard.test.js,Eager Test,"{'line': 202, 'column': 30, 'index': 7385}","  200 |     expect(queryByTestId(document.body, ""forksCount"")).toBeInTheDocument();
  201 |
> 202 |     document.body.innerHTML = renderGistCard({
      |                              ^ Eager Test
  203 |       ...data,
  204 |       starsCount: 1,
  205 |       forksCount: 0,"
/home/gabriel/Disk/Research/research-javascript-test-smells/repositories/github-readme-stats/tests/renderGistCard.test.js,Eager Test,"{'line': 211, 'column': 30, 'index': 7642}","  209 |     expect(queryByTestId(document.body, ""forksCount"")).toBeNull();
  210 |
> 211 |     document.body.innerHTML = renderGistCard({
      |                              ^ Eager Test
  212 |       ...data,
  213 |       starsCount: 0,
  214 |       forksCount: 0,"
/home/gabriel/Disk/Research/research-javascript-test-smells/repositories/github-readme-stats/tests/renderGistCard.test.js,Eager Test,"{'line': 222, 'column': 30, 'index': 7943}","  220 |
  221 |   it(""should render without rounding"", () => {
> 222 |     document.body.innerHTML = renderGistCard(data, {
      |                              ^ Eager Test
  223 |       border_radius: ""0"",
  224 |     });
  225 |     expect(document.querySelector(""rect"")).toHaveAttribute(""rx"", ""0"");"
/home/gabriel/Disk/Research/research-javascript-test-smells/repositories/github-readme-stats/tests/renderGistCard.test.js,Eager Test,"{'line': 226, 'column': 30, 'index': 8101}","  224 |     });
  225 |     expect(document.querySelector(""rect"")).toHaveAttribute(""rx"", ""0"");
> 226 |     document.body.innerHTML = renderGistCard(data, {});
      |                              ^ Eager Test
  227 |     expect(document.querySelector(""rect"")).toHaveAttribute(""rx"", ""4.5"");
  228 |   });
  229 |"
/home/gabriel/Disk/Research/research-javascript-test-smells/repositories/github-readme-stats/tests/renderGistCard.test.js,Lazy Test,"{'line': 22, 'column': 30, 'index': 672}","  20 | describe(""test renderGistCard"", () => {
  21 |   it(""should render correctly"", () => {
> 22 |     document.body.innerHTML = renderGistCard(data);
     |                              ^ Lazy Test
  23 |
  24 |     const [header] = document.getElementsByClassName(""header"");
  25 |"
/home/gabriel/Disk/Research/research-javascript-test-smells/repositories/github-readme-stats/tests/renderGistCard.test.js,Lazy Test,"{'line': 43, 'column': 30, 'index': 1489}","  41 |
  42 |   it(""should display username in title if show_owner is true"", () => {
> 43 |     document.body.innerHTML = renderGistCard(data, { show_owner: true });
     |                              ^ Lazy Test
  44 |     const [header] = document.getElementsByClassName(""header"");
  45 |     expect(header).toHaveTextContent(""anuraghazra/test"");
  46 |   });"
/home/gabriel/Disk/Research/research-javascript-test-smells/repositories/github-readme-stats/tests/renderGistCard.test.js,Lazy Test,"{'line': 49, 'column': 30, 'index': 1747}","  47 |
  48 |   it(""should trim header if name is too long"", () => {
> 49 |     document.body.innerHTML = renderGistCard({
     |                              ^ Lazy Test
  50 |       ...data,
  51 |       name: ""some-really-long-repo-name-for-test-purposes"",
  52 |     });"
/home/gabriel/Disk/Research/research-javascript-test-smells/repositories/github-readme-stats/tests/renderGistCard.test.js,Lazy Test,"{'line': 58, 'column': 30, 'index': 2095}","  56 |
  57 |   it(""should trim description if description os too long"", () => {
> 58 |     document.body.innerHTML = renderGistCard({
     |                              ^ Lazy Test
  59 |       ...data,
  60 |       description:
  61 |         ""The quick brown fox jumps over the lazy dog is an English-language pangram—a sentence that contains all of the letters of the English alphabet"","
/home/gabriel/Disk/Research/research-javascript-test-smells/repositories/github-readme-stats/tests/renderGistCard.test.js,Lazy Test,"{'line': 73, 'column': 30, 'index': 2725}","  71 |
  72 |   it(""should not trim description if it is short"", () => {
> 73 |     document.body.innerHTML = renderGistCard({
     |                              ^ Lazy Test
  74 |       ...data,
  75 |       description: ""Small text should not trim"",
  76 |     });"
/home/gabriel/Disk/Research/research-javascript-test-smells/repositories/github-readme-stats/tests/renderGistCard.test.js,Lazy Test,"{'line': 83, 'column': 30, 'index': 3027}","  81 |
  82 |   it(""should render emojis in description"", () => {
> 83 |     document.body.innerHTML = renderGistCard({
     |                              ^ Lazy Test
  84 |       ...data,
  85 |       description: ""This is a test gist description with :heart: emoji."",
  86 |     });"
/home/gabriel/Disk/Research/research-javascript-test-smells/repositories/github-readme-stats/tests/renderGistCard.test.js,Lazy Test,"{'line': 100, 'column': 30, 'index': 3516}","   98 |     };
   99 |
> 100 |     document.body.innerHTML = renderGistCard(data, {
      |                              ^ Lazy Test
  101 |       ...customColors,
  102 |     });
  103 |"
/home/gabriel/Disk/Research/research-javascript-test-smells/repositories/github-readme-stats/tests/renderGistCard.test.js,Lazy Test,"{'line': 122, 'column': 32, 'index': 4353}","  120 |   it(""should render with all the themes"", () => {
  121 |     Object.keys(themes).forEach((name) => {
> 122 |       document.body.innerHTML = renderGistCard(data, {
      |                                ^ Lazy Test
  123 |         theme: name,
  124 |       });
  125 |"
/home/gabriel/Disk/Research/research-javascript-test-smells/repositories/github-readme-stats/tests/renderGistCard.test.js,Lazy Test,"{'line': 147, 'column': 30, 'index': 5346}","  145 |
  146 |   it(""should render custom colors with themes"", () => {
> 147 |     document.body.innerHTML = renderGistCard(data, {
      |                              ^ Lazy Test
  148 |       title_color: ""5a0"",
  149 |       theme: ""radical"",
  150 |     });"
/home/gabriel/Disk/Research/research-javascript-test-smells/repositories/github-readme-stats/tests/renderGistCard.test.js,Lazy Test,"{'line': 169, 'column': 30, 'index': 6212}","  167 |
  168 |   it(""should render custom colors with themes and fallback to default colors if invalid"", () => {
> 169 |     document.body.innerHTML = renderGistCard(data, {
      |                              ^ Lazy Test
  170 |       title_color: ""invalid color"",
  171 |       text_color: ""invalid color"",
  172 |       theme: ""radical"","
/home/gabriel/Disk/Research/research-javascript-test-smells/repositories/github-readme-stats/tests/renderGistCard.test.js,Lazy Test,"{'line': 194, 'column': 30, 'index': 7149}","  192 |
  193 |   it(""should not render star count or fork count if either of the are zero"", () => {
> 194 |     document.body.innerHTML = renderGistCard({
      |                              ^ Lazy Test
  195 |       ...data,
  196 |       starsCount: 0,
  197 |     });"
/home/gabriel/Disk/Research/research-javascript-test-smells/repositories/github-readme-stats/tests/renderGistCard.test.js,Lazy Test,"{'line': 222, 'column': 30, 'index': 7943}","  220 |
  221 |   it(""should render without rounding"", () => {
> 222 |     document.body.innerHTML = renderGistCard(data, {
      |                              ^ Lazy Test
  223 |       border_radius: ""0"",
  224 |     });
  225 |     expect(document.querySelector(""rect"")).toHaveAttribute(""rx"", ""0"");"
/home/gabriel/Disk/Research/research-javascript-test-smells/repositories/github-readme-stats/tests/renderGistCard.test.js,Lazy Test,"{'line': 231, 'column': 30, 'index': 8292}","  229 |
  230 |   it(""should fallback to default description"", () => {
> 231 |     document.body.innerHTML = renderGistCard({
      |                              ^ Lazy Test
  232 |       ...data,
  233 |       description: undefined,
  234 |     });"
/home/gabriel/Disk/Research/research-javascript-test-smells/repositories/github-readme-stats/tests/render.test.js,Duplicate Assert,"{'line': 14, 'column': 4, 'index': 510}","  12 |       queryByTestId(document.body, ""message"")?.children[0],
  13 |     ).toHaveTextContent(/Something went wrong/gim);
> 14 |     expect(
     |    ^ Duplicate Assert
  15 |       queryByTestId(document.body, ""message"")?.children[1],
  16 |     ).toBeEmptyDOMElement();
  17 |"
/home/gabriel/Disk/Research/research-javascript-test-smells/repositories/github-readme-stats/tests/render.test.js,Duplicate Assert,"{'line': 23, 'column': 4, 'index': 773}","  21 |       secondaryMessage: ""Secondary Message"",
  22 |     });
> 23 |     expect(
     |    ^ Duplicate Assert
  24 |       queryByTestId(document.body, ""message"")?.children[1],
  25 |     ).toHaveTextContent(/Secondary Message/gim);
  26 |   });"
/home/gabriel/Disk/Research/research-javascript-test-smells/repositories/github-readme-stats/tests/render.test.js,Eager Test,"{'line': 10, 'column': 30, 'index': 332}","   8 | describe(""Test render.js"", () => {
   9 |   it(""should test renderError"", () => {
> 10 |     document.body.innerHTML = renderError({ message: ""Something went wrong"" });
     |                              ^ Eager Test
  11 |     expect(
  12 |       queryByTestId(document.body, ""message"")?.children[0],
  13 |     ).toHaveTextContent(/Something went wrong/gim);"
/home/gabriel/Disk/Research/research-javascript-test-smells/repositories/github-readme-stats/tests/render.test.js,Eager Test,"{'line': 19, 'column': 30, 'index': 663}","  17 |
  18 |     // Secondary message
> 19 |     document.body.innerHTML = renderError({
     |                              ^ Eager Test
  20 |       message: ""Something went wrong"",
  21 |       secondaryMessage: ""Secondary Message"",
  22 |     });"
/home/gabriel/Disk/Research/research-javascript-test-smells/repositories/github-readme-stats/tests/pin.test.js,Duplicate Assert,"{'line': 235, 'column': 4, 'index': 5963}","  233 |     await pin(req, res);
  234 |
> 235 |     expect(res.setHeader).toHaveBeenCalledWith(""Content-Type"", ""image/svg+xml"");
      |    ^ Duplicate Assert
  236 |     expect(res.setHeader).toHaveBeenCalledWith(
  237 |       ""Cache-Control"",
  238 |       `max-age=${CACHE_TTL.PIN_CARD.DEFAULT}, ` +"
/home/gabriel/Disk/Research/research-javascript-test-smells/repositories/github-readme-stats/tests/pin.test.js,Duplicate Assert,"{'line': 236, 'column': 4, 'index': 6044}","  234 |
  235 |     expect(res.setHeader).toHaveBeenCalledWith(""Content-Type"", ""image/svg+xml"");
> 236 |     expect(res.setHeader).toHaveBeenCalledWith(
      |    ^ Duplicate Assert
  237 |       ""Cache-Control"",
  238 |       `max-age=${CACHE_TTL.PIN_CARD.DEFAULT}, ` +
  239 |         `s-maxage=${CACHE_TTL.PIN_CARD.DEFAULT}, ` +"
/home/gabriel/Disk/Research/research-javascript-test-smells/repositories/github-readme-stats/tests/pin.test.js,Lazy Test,"{'line': 62, 'column': 6, 'index': 1489}","  60 |     expect(res.send).toHaveBeenCalledWith(
  61 |       // @ts-ignore
> 62 |       renderRepoCard({
     |      ^ Lazy Test
  63 |         ...data_repo.repository,
  64 |         starCount: data_repo.repository.stargazers.totalCount,
  65 |       }),"
/home/gabriel/Disk/Research/research-javascript-test-smells/repositories/github-readme-stats/tests/pin.test.js,Lazy Test,"{'line': 91, 'column': 6, 'index': 2224}","  89 |     expect(res.setHeader).toHaveBeenCalledWith(""Content-Type"", ""image/svg+xml"");
  90 |     expect(res.send).toHaveBeenCalledWith(
> 91 |       renderRepoCard(
     |      ^ Lazy Test
  92 |         // @ts-ignore
  93 |         {
  94 |           ...data_repo.repository,"
/home/gabriel/Disk/Research/research-javascript-test-smells/repositories/github-readme-stats/tests/pin.test.js,Lazy Test,"{'line': 121, 'column': 6, 'index': 2983}","  119 |     expect(res.setHeader).toHaveBeenCalledWith(""Content-Type"", ""image/svg+xml"");
  120 |     expect(res.send).toHaveBeenCalledWith(
> 121 |       renderError({ message: ""User Repository Not found"" }),
      |      ^ Lazy Test
  122 |     );
  123 |   });
  124 |"
/home/gabriel/Disk/Research/research-javascript-test-smells/repositories/github-readme-stats/tests/pin.test.js,Lazy Test,"{'line': 144, 'column': 6, 'index': 3602}","  142 |     expect(res.setHeader).toHaveBeenCalledWith(""Content-Type"", ""image/svg+xml"");
  143 |     expect(res.send).toHaveBeenCalledWith(
> 144 |       renderError({ message: ""Organization Repository Not found"" }),
      |      ^ Lazy Test
  145 |     );
  146 |   });
  147 |"
/home/gabriel/Disk/Research/research-javascript-test-smells/repositories/github-readme-stats/tests/pin.test.js,Lazy Test,"{'line': 165, 'column': 6, 'index': 4168}","  163 |     expect(res.setHeader).toHaveBeenCalledWith(""Content-Type"", ""image/svg+xml"");
  164 |     expect(res.send).toHaveBeenCalledWith(
> 165 |       renderError({
      |      ^ Lazy Test
  166 |         message: ""This username is blacklisted"",
  167 |         secondaryMessage: ""Please deploy your own instance"",
  168 |         renderOptions: { show_repo_link: false },"
/home/gabriel/Disk/Research/research-javascript-test-smells/repositories/github-readme-stats/tests/pin.test.js,Lazy Test,"{'line': 191, 'column': 6, 'index': 4878}","  189 |     expect(res.setHeader).toHaveBeenCalledWith(""Content-Type"", ""image/svg+xml"");
  190 |     expect(res.send).toHaveBeenCalledWith(
> 191 |       renderError({
      |      ^ Lazy Test
  192 |         message: ""Something went wrong"",
  193 |         secondaryMessage: ""Language not found"",
  194 |       }),"
/home/gabriel/Disk/Research/research-javascript-test-smells/repositories/github-readme-stats/tests/pin.test.js,Lazy Test,"{'line': 211, 'column': 6, 'index': 5358}","  209 |     expect(res.setHeader).toHaveBeenCalledWith(""Content-Type"", ""image/svg+xml"");
  210 |     expect(res.send).toHaveBeenCalledWith(
> 211 |       renderError({
      |      ^ Lazy Test
  212 |         message:
  213 |           'Missing params ""username"", ""repo"" make sure you pass the parameters in URL',
  214 |         secondaryMessage: ""/api/pin?username=USERNAME&amp;repo=REPO_NAME"","
/home/gabriel/Disk/Research/research-javascript-test-smells/repositories/github-readme-stats/tests/ops.test.js,Eager Test,"{'line': 14, 'column': 11, 'index': 281}","  12 | describe(""Test ops.js"", () => {
  13 |   it(""should test parseBoolean"", () => {
> 14 |     expect(parseBoolean(true)).toBe(true);
     |           ^ Eager Test
  15 |     expect(parseBoolean(false)).toBe(false);
  16 |
  17 |     expect(parseBoolean(""true"")).toBe(true);"
/home/gabriel/Disk/Research/research-javascript-test-smells/repositories/github-readme-stats/tests/ops.test.js,Eager Test,"{'line': 15, 'column': 11, 'index': 324}","  13 |   it(""should test parseBoolean"", () => {
  14 |     expect(parseBoolean(true)).toBe(true);
> 15 |     expect(parseBoolean(false)).toBe(false);
     |           ^ Eager Test
  16 |
  17 |     expect(parseBoolean(""true"")).toBe(true);
  18 |     expect(parseBoolean(""false"")).toBe(false);"
/home/gabriel/Disk/Research/research-javascript-test-smells/repositories/github-readme-stats/tests/ops.test.js,Eager Test,"{'line': 17, 'column': 11, 'index': 370}","  15 |     expect(parseBoolean(false)).toBe(false);
  16 |
> 17 |     expect(parseBoolean(""true"")).toBe(true);
     |           ^ Eager Test
  18 |     expect(parseBoolean(""false"")).toBe(false);
  19 |     expect(parseBoolean(""True"")).toBe(true);
  20 |     expect(parseBoolean(""False"")).toBe(false);"
/home/gabriel/Disk/Research/research-javascript-test-smells/repositories/github-readme-stats/tests/ops.test.js,Eager Test,"{'line': 18, 'column': 11, 'index': 415}","  16 |
  17 |     expect(parseBoolean(""true"")).toBe(true);
> 18 |     expect(parseBoolean(""false"")).toBe(false);
     |           ^ Eager Test
  19 |     expect(parseBoolean(""True"")).toBe(true);
  20 |     expect(parseBoolean(""False"")).toBe(false);
  21 |     expect(parseBoolean(""TRUE"")).toBe(true);"
/home/gabriel/Disk/Research/research-javascript-test-smells/repositories/github-readme-stats/tests/ops.test.js,Eager Test,"{'line': 19, 'column': 11, 'index': 462}","  17 |     expect(parseBoolean(""true"")).toBe(true);
  18 |     expect(parseBoolean(""false"")).toBe(false);
> 19 |     expect(parseBoolean(""True"")).toBe(true);
     |           ^ Eager Test
  20 |     expect(parseBoolean(""False"")).toBe(false);
  21 |     expect(parseBoolean(""TRUE"")).toBe(true);
  22 |     expect(parseBoolean(""FALSE"")).toBe(false);"
/home/gabriel/Disk/Research/research-javascript-test-smells/repositories/github-readme-stats/tests/ops.test.js,Eager Test,"{'line': 20, 'column': 11, 'index': 507}","  18 |     expect(parseBoolean(""false"")).toBe(false);
  19 |     expect(parseBoolean(""True"")).toBe(true);
> 20 |     expect(parseBoolean(""False"")).toBe(false);
     |           ^ Eager Test
  21 |     expect(parseBoolean(""TRUE"")).toBe(true);
  22 |     expect(parseBoolean(""FALSE"")).toBe(false);
  23 |"
/home/gabriel/Disk/Research/research-javascript-test-smells/repositories/github-readme-stats/tests/ops.test.js,Eager Test,"{'line': 21, 'column': 11, 'index': 554}","  19 |     expect(parseBoolean(""True"")).toBe(true);
  20 |     expect(parseBoolean(""False"")).toBe(false);
> 21 |     expect(parseBoolean(""TRUE"")).toBe(true);
     |           ^ Eager Test
  22 |     expect(parseBoolean(""FALSE"")).toBe(false);
  23 |
  24 |     expect(parseBoolean(""1"")).toBe(undefined);"
/home/gabriel/Disk/Research/research-javascript-test-smells/repositories/github-readme-stats/tests/ops.test.js,Eager Test,"{'line': 22, 'column': 11, 'index': 599}","  20 |     expect(parseBoolean(""False"")).toBe(false);
  21 |     expect(parseBoolean(""TRUE"")).toBe(true);
> 22 |     expect(parseBoolean(""FALSE"")).toBe(false);
     |           ^ Eager Test
  23 |
  24 |     expect(parseBoolean(""1"")).toBe(undefined);
  25 |     expect(parseBoolean(""0"")).toBe(undefined);"
/home/gabriel/Disk/Research/research-javascript-test-smells/repositories/github-readme-stats/tests/ops.test.js,Eager Test,"{'line': 24, 'column': 11, 'index': 647}","  22 |     expect(parseBoolean(""FALSE"")).toBe(false);
  23 |
> 24 |     expect(parseBoolean(""1"")).toBe(undefined);
     |           ^ Eager Test
  25 |     expect(parseBoolean(""0"")).toBe(undefined);
  26 |     expect(parseBoolean("""")).toBe(undefined);
  27 |     // @ts-ignore"
/home/gabriel/Disk/Research/research-javascript-test-smells/repositories/github-readme-stats/tests/ops.test.js,Eager Test,"{'line': 25, 'column': 11, 'index': 694}","  23 |
  24 |     expect(parseBoolean(""1"")).toBe(undefined);
> 25 |     expect(parseBoolean(""0"")).toBe(undefined);
     |           ^ Eager Test
  26 |     expect(parseBoolean("""")).toBe(undefined);
  27 |     // @ts-ignore
  28 |     expect(parseBoolean(undefined)).toBe(undefined);"
/home/gabriel/Disk/Research/research-javascript-test-smells/repositories/github-readme-stats/tests/ops.test.js,Eager Test,"{'line': 26, 'column': 11, 'index': 741}","  24 |     expect(parseBoolean(""1"")).toBe(undefined);
  25 |     expect(parseBoolean(""0"")).toBe(undefined);
> 26 |     expect(parseBoolean("""")).toBe(undefined);
     |           ^ Eager Test
  27 |     // @ts-ignore
  28 |     expect(parseBoolean(undefined)).toBe(undefined);
  29 |   });"
/home/gabriel/Disk/Research/research-javascript-test-smells/repositories/github-readme-stats/tests/ops.test.js,Eager Test,"{'line': 28, 'column': 11, 'index': 805}","  26 |     expect(parseBoolean("""")).toBe(undefined);
  27 |     // @ts-ignore
> 28 |     expect(parseBoolean(undefined)).toBe(undefined);
     |           ^ Eager Test
  29 |   });
  30 |
  31 |   it(""should test parseArray"", () => {"
/home/gabriel/Disk/Research/research-javascript-test-smells/repositories/github-readme-stats/tests/ops.test.js,Eager Test,"{'line': 32, 'column': 11, 'index': 904}","  30 |
  31 |   it(""should test parseArray"", () => {
> 32 |     expect(parseArray(""a,b,c"")).toEqual([""a"", ""b"", ""c""]);
     |           ^ Eager Test
  33 |     expect(parseArray(""a, b, c"")).toEqual([""a"", "" b"", "" c""]); // preserves spaces
  34 |     expect(parseArray("""")).toEqual([]);
  35 |     // @ts-ignore"
/home/gabriel/Disk/Research/research-javascript-test-smells/repositories/github-readme-stats/tests/ops.test.js,Eager Test,"{'line': 33, 'column': 11, 'index': 962}","  31 |   it(""should test parseArray"", () => {
  32 |     expect(parseArray(""a,b,c"")).toEqual([""a"", ""b"", ""c""]);
> 33 |     expect(parseArray(""a, b, c"")).toEqual([""a"", "" b"", "" c""]); // preserves spaces
     |           ^ Eager Test
  34 |     expect(parseArray("""")).toEqual([]);
  35 |     // @ts-ignore
  36 |     expect(parseArray(undefined)).toEqual([]);"
/home/gabriel/Disk/Research/research-javascript-test-smells/repositories/github-readme-stats/tests/ops.test.js,Eager Test,"{'line': 34, 'column': 11, 'index': 1044}","  32 |     expect(parseArray(""a,b,c"")).toEqual([""a"", ""b"", ""c""]);
  33 |     expect(parseArray(""a, b, c"")).toEqual([""a"", "" b"", "" c""]); // preserves spaces
> 34 |     expect(parseArray("""")).toEqual([]);
     |           ^ Eager Test
  35 |     // @ts-ignore
  36 |     expect(parseArray(undefined)).toEqual([]);
  37 |   });"
/home/gabriel/Disk/Research/research-javascript-test-smells/repositories/github-readme-stats/tests/ops.test.js,Eager Test,"{'line': 36, 'column': 11, 'index': 1102}","  34 |     expect(parseArray("""")).toEqual([]);
  35 |     // @ts-ignore
> 36 |     expect(parseArray(undefined)).toEqual([]);
     |           ^ Eager Test
  37 |   });
  38 |
  39 |   it(""should test clampValue"", () => {"
/home/gabriel/Disk/Research/research-javascript-test-smells/repositories/github-readme-stats/tests/ops.test.js,Eager Test,"{'line': 40, 'column': 11, 'index': 1195}","  38 |
  39 |   it(""should test clampValue"", () => {
> 40 |     expect(clampValue(5, 1, 10)).toBe(5);
     |           ^ Eager Test
  41 |     expect(clampValue(0, 1, 10)).toBe(1);
  42 |     expect(clampValue(15, 1, 10)).toBe(10);
  43 |"
/home/gabriel/Disk/Research/research-javascript-test-smells/repositories/github-readme-stats/tests/ops.test.js,Eager Test,"{'line': 41, 'column': 11, 'index': 1237}","  39 |   it(""should test clampValue"", () => {
  40 |     expect(clampValue(5, 1, 10)).toBe(5);
> 41 |     expect(clampValue(0, 1, 10)).toBe(1);
     |           ^ Eager Test
  42 |     expect(clampValue(15, 1, 10)).toBe(10);
  43 |
  44 |     // string inputs are coerced numerically by Math.min/Math.max"
/home/gabriel/Disk/Research/research-javascript-test-smells/repositories/github-readme-stats/tests/ops.test.js,Eager Test,"{'line': 42, 'column': 11, 'index': 1279}","  40 |     expect(clampValue(5, 1, 10)).toBe(5);
  41 |     expect(clampValue(0, 1, 10)).toBe(1);
> 42 |     expect(clampValue(15, 1, 10)).toBe(10);
     |           ^ Eager Test
  43 |
  44 |     // string inputs are coerced numerically by Math.min/Math.max
  45 |     // @ts-ignore"
/home/gabriel/Disk/Research/research-javascript-test-smells/repositories/github-readme-stats/tests/ops.test.js,Eager Test,"{'line': 46, 'column': 11, 'index': 1408}","  44 |     // string inputs are coerced numerically by Math.min/Math.max
  45 |     // @ts-ignore
> 46 |     expect(clampValue(""7"", 1, 10)).toBe(7);
     |           ^ Eager Test
  47 |
  48 |     // non-numeric and NaN fall back to min
  49 |     // @ts-ignore"
/home/gabriel/Disk/Research/research-javascript-test-smells/repositories/github-readme-stats/tests/ops.test.js,Eager Test,"{'line': 50, 'column': 11, 'index': 1515}","  48 |     // non-numeric and NaN fall back to min
  49 |     // @ts-ignore
> 50 |     expect(clampValue(""abc"", 1, 10)).toBe(1);
     |           ^ Eager Test
  51 |     expect(clampValue(NaN, 2, 5)).toBe(2);
  52 |   });
  53 |"
/home/gabriel/Disk/Research/research-javascript-test-smells/repositories/github-readme-stats/tests/ops.test.js,Eager Test,"{'line': 51, 'column': 11, 'index': 1561}","  49 |     // @ts-ignore
  50 |     expect(clampValue(""abc"", 1, 10)).toBe(1);
> 51 |     expect(clampValue(NaN, 2, 5)).toBe(2);
     |           ^ Eager Test
  52 |   });
  53 |
  54 |   it(""should test lowercaseTrim"", () => {"
/home/gabriel/Disk/Research/research-javascript-test-smells/repositories/github-readme-stats/tests/ops.test.js,Eager Test,"{'line': 55, 'column': 11, 'index': 1653}","  53 |
  54 |   it(""should test lowercaseTrim"", () => {
> 55 |     expect(lowercaseTrim(""  Hello World  "")).toBe(""hello world"");
     |           ^ Eager Test
  56 |     expect(lowercaseTrim(""already lower"")).toBe(""already lower"");
  57 |   });
  58 |"
/home/gabriel/Disk/Research/research-javascript-test-smells/repositories/github-readme-stats/tests/ops.test.js,Eager Test,"{'line': 56, 'column': 11, 'index': 1719}","  54 |   it(""should test lowercaseTrim"", () => {
  55 |     expect(lowercaseTrim(""  Hello World  "")).toBe(""hello world"");
> 56 |     expect(lowercaseTrim(""already lower"")).toBe(""already lower"");
     |           ^ Eager Test
  57 |   });
  58 |
  59 |   it(""should test chunkArray"", () => {"
/home/gabriel/Disk/Research/research-javascript-test-smells/repositories/github-readme-stats/tests/ops.test.js,Eager Test,"{'line': 60, 'column': 11, 'index': 1831}","  58 |
  59 |   it(""should test chunkArray"", () => {
> 60 |     expect(chunkArray([1, 2, 3, 4, 5], 2)).toEqual([[1, 2], [3, 4], [5]]);
     |           ^ Eager Test
  61 |     expect(chunkArray([1, 2, 3, 4, 5], 1)).toEqual([[1], [2], [3], [4], [5]]);
  62 |     expect(chunkArray([1, 2, 3, 4, 5], 10)).toEqual([[1, 2, 3, 4, 5]]);
  63 |   });"
/home/gabriel/Disk/Research/research-javascript-test-smells/repositories/github-readme-stats/tests/ops.test.js,Eager Test,"{'line': 61, 'column': 11, 'index': 1906}","  59 |   it(""should test chunkArray"", () => {
  60 |     expect(chunkArray([1, 2, 3, 4, 5], 2)).toEqual([[1, 2], [3, 4], [5]]);
> 61 |     expect(chunkArray([1, 2, 3, 4, 5], 1)).toEqual([[1], [2], [3], [4], [5]]);
     |           ^ Eager Test
  62 |     expect(chunkArray([1, 2, 3, 4, 5], 10)).toEqual([[1, 2, 3, 4, 5]]);
  63 |   });
  64 |"
/home/gabriel/Disk/Research/research-javascript-test-smells/repositories/github-readme-stats/tests/ops.test.js,Eager Test,"{'line': 62, 'column': 11, 'index': 1985}","  60 |     expect(chunkArray([1, 2, 3, 4, 5], 2)).toEqual([[1, 2], [3, 4], [5]]);
  61 |     expect(chunkArray([1, 2, 3, 4, 5], 1)).toEqual([[1], [2], [3], [4], [5]]);
> 62 |     expect(chunkArray([1, 2, 3, 4, 5], 10)).toEqual([[1, 2, 3, 4, 5]]);
     |           ^ Eager Test
  63 |   });
  64 |
  65 |   it(""should test parseEmojis"", () => {"
/home/gabriel/Disk/Research/research-javascript-test-smells/repositories/github-readme-stats/tests/ops.test.js,Eager Test,"{'line': 67, 'column': 11, 'index': 2142}","  65 |   it(""should test parseEmojis"", () => {
  66 |     // unknown emoji name is stripped
> 67 |     expect(parseEmojis(""Hello :nonexistent:"")).toBe(""Hello "");
     |           ^ Eager Test
  68 |     // common emoji names should be replaced (at least token removed)
  69 |     const out = parseEmojis(""I :heart: OSS"");
  70 |     expect(out).not.toContain("":heart:"");"
/home/gabriel/Disk/Research/research-javascript-test-smells/repositories/github-readme-stats/tests/ops.test.js,Eager Test,"{'line': 69, 'column': 16, 'index': 2280}","  67 |     expect(parseEmojis(""Hello :nonexistent:"")).toBe(""Hello "");
  68 |     // common emoji names should be replaced (at least token removed)
> 69 |     const out = parseEmojis(""I :heart: OSS"");
     |                ^ Eager Test
  70 |     expect(out).not.toContain("":heart:"");
  71 |     expect(out.startsWith(""I "")).toBe(true);
  72 |     expect(out.endsWith("" OSS"")).toBe(true);"
/home/gabriel/Disk/Research/research-javascript-test-smells/repositories/github-readme-stats/tests/ops.test.js,Eager Test,"{'line': 74, 'column': 17, 'index': 2460}","  72 |     expect(out.endsWith("" OSS"")).toBe(true);
  73 |
> 74 |     expect(() => parseEmojis("""")).toThrow(/parseEmoji/);
     |                 ^ Eager Test
  75 |     // @ts-ignore
  76 |     expect(() => parseEmojis()).toThrow(/parseEmoji/);
  77 |   });"
/home/gabriel/Disk/Research/research-javascript-test-smells/repositories/github-readme-stats/tests/ops.test.js,Eager Test,"{'line': 76, 'column': 17, 'index': 2535}","  74 |     expect(() => parseEmojis("""")).toThrow(/parseEmoji/);
  75 |     // @ts-ignore
> 76 |     expect(() => parseEmojis()).toThrow(/parseEmoji/);
     |                 ^ Eager Test
  77 |   });
  78 |
  79 |   it(""should test dateDiff"", () => {"
/home/gabriel/Disk/Research/research-javascript-test-smells/repositories/github-readme-stats/tests/ops.test.js,Eager Test,"{'line': 82, 'column': 11, 'index': 2724}","  80 |     const a = new Date(""2020-01-01T00:10:00Z"");
  81 |     const b = new Date(""2020-01-01T00:00:00Z"");
> 82 |     expect(dateDiff(a, b)).toBe(10);
     |           ^ Eager Test
  83 |
  84 |     const c = new Date(""2020-01-01T00:00:00Z"");
  85 |     const d = new Date(""2020-01-01T00:10:30Z"");"
/home/gabriel/Disk/Research/research-javascript-test-smells/repositories/github-readme-stats/tests/ops.test.js,Eager Test,"{'line': 87, 'column': 11, 'index': 2890}","  85 |     const d = new Date(""2020-01-01T00:10:30Z"");
  86 |     // rounds to nearest minute
> 87 |     expect(dateDiff(c, d)).toBe(-10);
     |           ^ Eager Test
  88 |   });
  89 | });
  90 |"
/home/gabriel/Disk/Research/research-javascript-test-smells/repositories/github-readme-stats/tests/ops.test.js,Magic Number,"{'line': 40, 'column': 38, 'index': 1222}","  38 |
  39 |   it(""should test clampValue"", () => {
> 40 |     expect(clampValue(5, 1, 10)).toBe(5);
     |                                      ^ Magic Number
  41 |     expect(clampValue(0, 1, 10)).toBe(1);
  42 |     expect(clampValue(15, 1, 10)).toBe(10);
  43 |"
/home/gabriel/Disk/Research/research-javascript-test-smells/repositories/github-readme-stats/tests/ops.test.js,Magic Number,"{'line': 41, 'column': 38, 'index': 1264}","  39 |   it(""should test clampValue"", () => {
  40 |     expect(clampValue(5, 1, 10)).toBe(5);
> 41 |     expect(clampValue(0, 1, 10)).toBe(1);
     |                                      ^ Magic Number
  42 |     expect(clampValue(15, 1, 10)).toBe(10);
  43 |
  44 |     // string inputs are coerced numerically by Math.min/Math.max"
/home/gabriel/Disk/Research/research-javascript-test-smells/repositories/github-readme-stats/tests/ops.test.js,Magic Number,"{'line': 42, 'column': 39, 'index': 1307}","  40 |     expect(clampValue(5, 1, 10)).toBe(5);
  41 |     expect(clampValue(0, 1, 10)).toBe(1);
> 42 |     expect(clampValue(15, 1, 10)).toBe(10);
     |                                       ^ Magic Number
  43 |
  44 |     // string inputs are coerced numerically by Math.min/Math.max
  45 |     // @ts-ignore"
/home/gabriel/Disk/Research/research-javascript-test-smells/repositories/github-readme-stats/tests/ops.test.js,Magic Number,"{'line': 46, 'column': 40, 'index': 1437}","  44 |     // string inputs are coerced numerically by Math.min/Math.max
  45 |     // @ts-ignore
> 46 |     expect(clampValue(""7"", 1, 10)).toBe(7);
     |                                        ^ Magic Number
  47 |
  48 |     // non-numeric and NaN fall back to min
  49 |     // @ts-ignore"
/home/gabriel/Disk/Research/research-javascript-test-smells/repositories/github-readme-stats/tests/ops.test.js,Magic Number,"{'line': 50, 'column': 42, 'index': 1546}","  48 |     // non-numeric and NaN fall back to min
  49 |     // @ts-ignore
> 50 |     expect(clampValue(""abc"", 1, 10)).toBe(1);
     |                                          ^ Magic Number
  51 |     expect(clampValue(NaN, 2, 5)).toBe(2);
  52 |   });
  53 |"
/home/gabriel/Disk/Research/research-javascript-test-smells/repositories/github-readme-stats/tests/ops.test.js,Magic Number,"{'line': 51, 'column': 39, 'index': 1589}","  49 |     // @ts-ignore
  50 |     expect(clampValue(""abc"", 1, 10)).toBe(1);
> 51 |     expect(clampValue(NaN, 2, 5)).toBe(2);
     |                                       ^ Magic Number
  52 |   });
  53 |
  54 |   it(""should test lowercaseTrim"", () => {"
/home/gabriel/Disk/Research/research-javascript-test-smells/repositories/github-readme-stats/tests/ops.test.js,Magic Number,"{'line': 82, 'column': 32, 'index': 2745}","  80 |     const a = new Date(""2020-01-01T00:10:00Z"");
  81 |     const b = new Date(""2020-01-01T00:00:00Z"");
> 82 |     expect(dateDiff(a, b)).toBe(10);
     |                                ^ Magic Number
  83 |
  84 |     const c = new Date(""2020-01-01T00:00:00Z"");
  85 |     const d = new Date(""2020-01-01T00:10:30Z"");"
/home/gabriel/Disk/Research/research-javascript-test-smells/repositories/github-readme-stats/tests/i18n.test.js,Lazy Test,"{'line': 9, 'column': 20, 'index': 300}","   7 |     const i18n = new I18n({
   8 |       locale: ""en"",
>  9 |       translations: statCardLocales({ name: ""Anurag Hazra"", apostrophe: ""s"" }),
     |                    ^ Lazy Test
  10 |     });
  11 |     expect(i18n.t(""statcard.title"")).toBe(""Anurag Hazra's GitHub Stats"");
  12 |   });"
/home/gabriel/Disk/Research/research-javascript-test-smells/repositories/github-readme-stats/tests/i18n.test.js,Lazy Test,"{'line': 17, 'column': 20, 'index': 584}","  15 |     const i18n = new I18n({
  16 |       locale: ""en"",
> 17 |       translations: statCardLocales({ name: ""Anurag Hazra"", apostrophe: ""s"" }),
     |                    ^ Lazy Test
  18 |     });
  19 |     expect(() => i18n.t(""statcard.title1"")).toThrow(
  20 |       ""statcard.title1 Translation string not found"","
/home/gabriel/Disk/Research/research-javascript-test-smells/repositories/github-readme-stats/tests/i18n.test.js,Lazy Test,"{'line': 27, 'column': 20, 'index': 914}","  25 |     const i18n = new I18n({
  26 |       locale: ""asdf"",
> 27 |       translations: statCardLocales({ name: ""Anurag Hazra"", apostrophe: ""s"" }),
     |                    ^ Lazy Test
  28 |     });
  29 |     expect(() => i18n.t(""statcard.title"")).toThrow(
  30 |       ""'statcard.title' translation not found for locale 'asdf'"","
/home/gabriel/Disk/Research/research-javascript-test-smells/repositories/github-readme-stats/tests/gist.test.js,Duplicate Assert,"{'line': 196, 'column': 4, 'index': 5348}","  194 |     await gist(req, res);
  195 |
> 196 |     expect(res.setHeader).toHaveBeenCalledWith(""Content-Type"", ""image/svg+xml"");
      |    ^ Duplicate Assert
  197 |     expect(res.setHeader).toHaveBeenCalledWith(
  198 |       ""Cache-Control"",
  199 |       `max-age=${CACHE_TTL.GIST_CARD.DEFAULT}, ` +"
/home/gabriel/Disk/Research/research-javascript-test-smells/repositories/github-readme-stats/tests/gist.test.js,Duplicate Assert,"{'line': 197, 'column': 4, 'index': 5429}","  195 |
  196 |     expect(res.setHeader).toHaveBeenCalledWith(""Content-Type"", ""image/svg+xml"");
> 197 |     expect(res.setHeader).toHaveBeenCalledWith(
      |    ^ Duplicate Assert
  198 |       ""Cache-Control"",
  199 |       `max-age=${CACHE_TTL.GIST_CARD.DEFAULT}, ` +
  200 |         `s-maxage=${CACHE_TTL.GIST_CARD.DEFAULT}, ` +"
/home/gabriel/Disk/Research/research-javascript-test-smells/repositories/github-readme-stats/tests/gist.test.js,Lazy Test,"{'line': 70, 'column': 6, 'index': 1784}","  68 |     expect(res.setHeader).toHaveBeenCalledWith(""Content-Type"", ""image/svg+xml"");
  69 |     expect(res.send).toHaveBeenCalledWith(
> 70 |       renderGistCard({
     |      ^ Lazy Test
  71 |         name: gist_data.data.viewer.gist.files[0].name,
  72 |         nameWithOwner: `${gist_data.data.viewer.gist.owner.login}/${gist_data.data.viewer.gist.files[0].name}`,
  73 |         description: gist_data.data.viewer.gist.description,"
/home/gabriel/Disk/Research/research-javascript-test-smells/repositories/github-readme-stats/tests/gist.test.js,Lazy Test,"{'line': 102, 'column': 6, 'index': 2839}","  100 |     expect(res.setHeader).toHaveBeenCalledWith(""Content-Type"", ""image/svg+xml"");
  101 |     expect(res.send).toHaveBeenCalledWith(
> 102 |       renderGistCard(
      |      ^ Lazy Test
  103 |         {
  104 |           name: gist_data.data.viewer.gist.files[0].name,
  105 |           nameWithOwner: `${gist_data.data.viewer.gist.owner.login}/${gist_data.data.viewer.gist.files[0].name}`,"
/home/gabriel/Disk/Research/research-javascript-test-smells/repositories/github-readme-stats/tests/gist.test.js,Lazy Test,"{'line': 129, 'column': 6, 'index': 3703}","  127 |     expect(res.setHeader).toHaveBeenCalledWith(""Content-Type"", ""image/svg+xml"");
  128 |     expect(res.send).toHaveBeenCalledWith(
> 129 |       renderError({
      |      ^ Lazy Test
  130 |         message: 'Missing params ""id"" make sure you pass the parameters in URL',
  131 |         secondaryMessage: ""/api/gist?id=GIST_ID"",
  132 |         renderOptions: { show_repo_link: false },"
/home/gabriel/Disk/Research/research-javascript-test-smells/repositories/github-readme-stats/tests/gist.test.js,Lazy Test,"{'line': 155, 'column': 6, 'index': 4413}","  153 |     expect(res.setHeader).toHaveBeenCalledWith(""Content-Type"", ""image/svg+xml"");
  154 |     expect(res.send).toHaveBeenCalledWith(
> 155 |       renderError({ message: ""Gist not found"" }),
      |      ^ Lazy Test
  156 |     );
  157 |   });
  158 |"
/home/gabriel/Disk/Research/research-javascript-test-smells/repositories/github-readme-stats/tests/gist.test.js,Lazy Test,"{'line': 175, 'column': 6, 'index': 4896}","  173 |     expect(res.setHeader).toHaveBeenCalledWith(""Content-Type"", ""image/svg+xml"");
  174 |     expect(res.send).toHaveBeenCalledWith(
> 175 |       renderError({
      |      ^ Lazy Test
  176 |         message: ""Something went wrong"",
  177 |         secondaryMessage: ""Language not found"",
  178 |       }),"
/home/gabriel/Disk/Research/research-javascript-test-smells/repositories/github-readme-stats/tests/fmt.test.js,Eager Test,"{'line': 10, 'column': 11, 'index': 259}","   8 | describe(""Test fmt.js"", () => {
   9 |   it(""kFormatter: should format numbers correctly by default"", () => {
> 10 |     expect(kFormatter(1)).toBe(1);
     |           ^ Eager Test
  11 |     expect(kFormatter(-1)).toBe(-1);
  12 |     expect(kFormatter(500)).toBe(500);
  13 |     expect(kFormatter(1000)).toBe(""1k"");"
/home/gabriel/Disk/Research/research-javascript-test-smells/repositories/github-readme-stats/tests/fmt.test.js,Eager Test,"{'line': 11, 'column': 11, 'index': 294}","   9 |   it(""kFormatter: should format numbers correctly by default"", () => {
  10 |     expect(kFormatter(1)).toBe(1);
> 11 |     expect(kFormatter(-1)).toBe(-1);
     |           ^ Eager Test
  12 |     expect(kFormatter(500)).toBe(500);
  13 |     expect(kFormatter(1000)).toBe(""1k"");
  14 |     expect(kFormatter(1200)).toBe(""1.2k"");"
/home/gabriel/Disk/Research/research-javascript-test-smells/repositories/github-readme-stats/tests/fmt.test.js,Eager Test,"{'line': 12, 'column': 11, 'index': 331}","  10 |     expect(kFormatter(1)).toBe(1);
  11 |     expect(kFormatter(-1)).toBe(-1);
> 12 |     expect(kFormatter(500)).toBe(500);
     |           ^ Eager Test
  13 |     expect(kFormatter(1000)).toBe(""1k"");
  14 |     expect(kFormatter(1200)).toBe(""1.2k"");
  15 |     expect(kFormatter(10000)).toBe(""10k"");"
/home/gabriel/Disk/Research/research-javascript-test-smells/repositories/github-readme-stats/tests/fmt.test.js,Eager Test,"{'line': 13, 'column': 11, 'index': 370}","  11 |     expect(kFormatter(-1)).toBe(-1);
  12 |     expect(kFormatter(500)).toBe(500);
> 13 |     expect(kFormatter(1000)).toBe(""1k"");
     |           ^ Eager Test
  14 |     expect(kFormatter(1200)).toBe(""1.2k"");
  15 |     expect(kFormatter(10000)).toBe(""10k"");
  16 |     expect(kFormatter(12345)).toBe(""12.3k"");"
/home/gabriel/Disk/Research/research-javascript-test-smells/repositories/github-readme-stats/tests/fmt.test.js,Eager Test,"{'line': 14, 'column': 11, 'index': 411}","  12 |     expect(kFormatter(500)).toBe(500);
  13 |     expect(kFormatter(1000)).toBe(""1k"");
> 14 |     expect(kFormatter(1200)).toBe(""1.2k"");
     |           ^ Eager Test
  15 |     expect(kFormatter(10000)).toBe(""10k"");
  16 |     expect(kFormatter(12345)).toBe(""12.3k"");
  17 |     expect(kFormatter(99900)).toBe(""99.9k"");"
/home/gabriel/Disk/Research/research-javascript-test-smells/repositories/github-readme-stats/tests/fmt.test.js,Eager Test,"{'line': 15, 'column': 11, 'index': 454}","  13 |     expect(kFormatter(1000)).toBe(""1k"");
  14 |     expect(kFormatter(1200)).toBe(""1.2k"");
> 15 |     expect(kFormatter(10000)).toBe(""10k"");
     |           ^ Eager Test
  16 |     expect(kFormatter(12345)).toBe(""12.3k"");
  17 |     expect(kFormatter(99900)).toBe(""99.9k"");
  18 |     expect(kFormatter(9900000)).toBe(""9900k"");"
/home/gabriel/Disk/Research/research-javascript-test-smells/repositories/github-readme-stats/tests/fmt.test.js,Eager Test,"{'line': 16, 'column': 11, 'index': 497}","  14 |     expect(kFormatter(1200)).toBe(""1.2k"");
  15 |     expect(kFormatter(10000)).toBe(""10k"");
> 16 |     expect(kFormatter(12345)).toBe(""12.3k"");
     |           ^ Eager Test
  17 |     expect(kFormatter(99900)).toBe(""99.9k"");
  18 |     expect(kFormatter(9900000)).toBe(""9900k"");
  19 |   });"
/home/gabriel/Disk/Research/research-javascript-test-smells/repositories/github-readme-stats/tests/fmt.test.js,Eager Test,"{'line': 17, 'column': 11, 'index': 542}","  15 |     expect(kFormatter(10000)).toBe(""10k"");
  16 |     expect(kFormatter(12345)).toBe(""12.3k"");
> 17 |     expect(kFormatter(99900)).toBe(""99.9k"");
     |           ^ Eager Test
  18 |     expect(kFormatter(9900000)).toBe(""9900k"");
  19 |   });
  20 |"
/home/gabriel/Disk/Research/research-javascript-test-smells/repositories/github-readme-stats/tests/fmt.test.js,Eager Test,"{'line': 18, 'column': 11, 'index': 587}","  16 |     expect(kFormatter(12345)).toBe(""12.3k"");
  17 |     expect(kFormatter(99900)).toBe(""99.9k"");
> 18 |     expect(kFormatter(9900000)).toBe(""9900k"");
     |           ^ Eager Test
  19 |   });
  20 |
  21 |   it(""kFormatter: should format numbers correctly with 0 decimal precision"", () => {"
/home/gabriel/Disk/Research/research-javascript-test-smells/repositories/github-readme-stats/tests/fmt.test.js,Eager Test,"{'line': 22, 'column': 11, 'index': 726}","  20 |
  21 |   it(""kFormatter: should format numbers correctly with 0 decimal precision"", () => {
> 22 |     expect(kFormatter(1, 0)).toBe(""0k"");
     |           ^ Eager Test
  23 |     expect(kFormatter(-1, 0)).toBe(""-0k"");
  24 |     expect(kFormatter(500, 0)).toBe(""1k"");
  25 |     expect(kFormatter(1000, 0)).toBe(""1k"");"
/home/gabriel/Disk/Research/research-javascript-test-smells/repositories/github-readme-stats/tests/fmt.test.js,Eager Test,"{'line': 23, 'column': 11, 'index': 767}","  21 |   it(""kFormatter: should format numbers correctly with 0 decimal precision"", () => {
  22 |     expect(kFormatter(1, 0)).toBe(""0k"");
> 23 |     expect(kFormatter(-1, 0)).toBe(""-0k"");
     |           ^ Eager Test
  24 |     expect(kFormatter(500, 0)).toBe(""1k"");
  25 |     expect(kFormatter(1000, 0)).toBe(""1k"");
  26 |     expect(kFormatter(1200, 0)).toBe(""1k"");"
/home/gabriel/Disk/Research/research-javascript-test-smells/repositories/github-readme-stats/tests/fmt.test.js,Eager Test,"{'line': 24, 'column': 11, 'index': 810}","  22 |     expect(kFormatter(1, 0)).toBe(""0k"");
  23 |     expect(kFormatter(-1, 0)).toBe(""-0k"");
> 24 |     expect(kFormatter(500, 0)).toBe(""1k"");
     |           ^ Eager Test
  25 |     expect(kFormatter(1000, 0)).toBe(""1k"");
  26 |     expect(kFormatter(1200, 0)).toBe(""1k"");
  27 |     expect(kFormatter(10000, 0)).toBe(""10k"");"
/home/gabriel/Disk/Research/research-javascript-test-smells/repositories/github-readme-stats/tests/fmt.test.js,Eager Test,"{'line': 25, 'column': 11, 'index': 853}","  23 |     expect(kFormatter(-1, 0)).toBe(""-0k"");
  24 |     expect(kFormatter(500, 0)).toBe(""1k"");
> 25 |     expect(kFormatter(1000, 0)).toBe(""1k"");
     |           ^ Eager Test
  26 |     expect(kFormatter(1200, 0)).toBe(""1k"");
  27 |     expect(kFormatter(10000, 0)).toBe(""10k"");
  28 |     expect(kFormatter(12345, 0)).toBe(""12k"");"
/home/gabriel/Disk/Research/research-javascript-test-smells/repositories/github-readme-stats/tests/fmt.test.js,Eager Test,"{'line': 26, 'column': 11, 'index': 897}","  24 |     expect(kFormatter(500, 0)).toBe(""1k"");
  25 |     expect(kFormatter(1000, 0)).toBe(""1k"");
> 26 |     expect(kFormatter(1200, 0)).toBe(""1k"");
     |           ^ Eager Test
  27 |     expect(kFormatter(10000, 0)).toBe(""10k"");
  28 |     expect(kFormatter(12345, 0)).toBe(""12k"");
  29 |     expect(kFormatter(99000, 0)).toBe(""99k"");"
/home/gabriel/Disk/Research/research-javascript-test-smells/repositories/github-readme-stats/tests/fmt.test.js,Eager Test,"{'line': 27, 'column': 11, 'index': 941}","  25 |     expect(kFormatter(1000, 0)).toBe(""1k"");
  26 |     expect(kFormatter(1200, 0)).toBe(""1k"");
> 27 |     expect(kFormatter(10000, 0)).toBe(""10k"");
     |           ^ Eager Test
  28 |     expect(kFormatter(12345, 0)).toBe(""12k"");
  29 |     expect(kFormatter(99000, 0)).toBe(""99k"");
  30 |     expect(kFormatter(99900, 0)).toBe(""100k"");"
/home/gabriel/Disk/Research/research-javascript-test-smells/repositories/github-readme-stats/tests/fmt.test.js,Eager Test,"{'line': 28, 'column': 11, 'index': 987}","  26 |     expect(kFormatter(1200, 0)).toBe(""1k"");
  27 |     expect(kFormatter(10000, 0)).toBe(""10k"");
> 28 |     expect(kFormatter(12345, 0)).toBe(""12k"");
     |           ^ Eager Test
  29 |     expect(kFormatter(99000, 0)).toBe(""99k"");
  30 |     expect(kFormatter(99900, 0)).toBe(""100k"");
  31 |     expect(kFormatter(9900000, 0)).toBe(""9900k"");"
/home/gabriel/Disk/Research/research-javascript-test-smells/repositories/github-readme-stats/tests/fmt.test.js,Eager Test,"{'line': 29, 'column': 11, 'index': 1033}","  27 |     expect(kFormatter(10000, 0)).toBe(""10k"");
  28 |     expect(kFormatter(12345, 0)).toBe(""12k"");
> 29 |     expect(kFormatter(99000, 0)).toBe(""99k"");
     |           ^ Eager Test
  30 |     expect(kFormatter(99900, 0)).toBe(""100k"");
  31 |     expect(kFormatter(9900000, 0)).toBe(""9900k"");
  32 |   });"
/home/gabriel/Disk/Research/research-javascript-test-smells/repositories/github-readme-stats/tests/fmt.test.js,Eager Test,"{'line': 30, 'column': 11, 'index': 1079}","  28 |     expect(kFormatter(12345, 0)).toBe(""12k"");
  29 |     expect(kFormatter(99000, 0)).toBe(""99k"");
> 30 |     expect(kFormatter(99900, 0)).toBe(""100k"");
     |           ^ Eager Test
  31 |     expect(kFormatter(9900000, 0)).toBe(""9900k"");
  32 |   });
  33 |"
/home/gabriel/Disk/Research/research-javascript-test-smells/repositories/github-readme-stats/tests/fmt.test.js,Eager Test,"{'line': 31, 'column': 11, 'index': 1126}","  29 |     expect(kFormatter(99000, 0)).toBe(""99k"");
  30 |     expect(kFormatter(99900, 0)).toBe(""100k"");
> 31 |     expect(kFormatter(9900000, 0)).toBe(""9900k"");
     |           ^ Eager Test
  32 |   });
  33 |
  34 |   it(""kFormatter: should format numbers correctly with 1 decimal precision"", () => {"
/home/gabriel/Disk/Research/research-javascript-test-smells/repositories/github-readme-stats/tests/fmt.test.js,Eager Test,"{'line': 35, 'column': 11, 'index': 1268}","  33 |
  34 |   it(""kFormatter: should format numbers correctly with 1 decimal precision"", () => {
> 35 |     expect(kFormatter(1, 1)).toBe(""0.0k"");
     |           ^ Eager Test
  36 |     expect(kFormatter(-1, 1)).toBe(""-0.0k"");
  37 |     expect(kFormatter(500, 1)).toBe(""0.5k"");
  38 |     expect(kFormatter(1000, 1)).toBe(""1.0k"");"
/home/gabriel/Disk/Research/research-javascript-test-smells/repositories/github-readme-stats/tests/fmt.test.js,Eager Test,"{'line': 36, 'column': 11, 'index': 1311}","  34 |   it(""kFormatter: should format numbers correctly with 1 decimal precision"", () => {
  35 |     expect(kFormatter(1, 1)).toBe(""0.0k"");
> 36 |     expect(kFormatter(-1, 1)).toBe(""-0.0k"");
     |           ^ Eager Test
  37 |     expect(kFormatter(500, 1)).toBe(""0.5k"");
  38 |     expect(kFormatter(1000, 1)).toBe(""1.0k"");
  39 |     expect(kFormatter(1200, 1)).toBe(""1.2k"");"
/home/gabriel/Disk/Research/research-javascript-test-smells/repositories/github-readme-stats/tests/fmt.test.js,Eager Test,"{'line': 37, 'column': 11, 'index': 1356}","  35 |     expect(kFormatter(1, 1)).toBe(""0.0k"");
  36 |     expect(kFormatter(-1, 1)).toBe(""-0.0k"");
> 37 |     expect(kFormatter(500, 1)).toBe(""0.5k"");
     |           ^ Eager Test
  38 |     expect(kFormatter(1000, 1)).toBe(""1.0k"");
  39 |     expect(kFormatter(1200, 1)).toBe(""1.2k"");
  40 |     expect(kFormatter(10000, 1)).toBe(""10.0k"");"
/home/gabriel/Disk/Research/research-javascript-test-smells/repositories/github-readme-stats/tests/fmt.test.js,Eager Test,"{'line': 38, 'column': 11, 'index': 1401}","  36 |     expect(kFormatter(-1, 1)).toBe(""-0.0k"");
  37 |     expect(kFormatter(500, 1)).toBe(""0.5k"");
> 38 |     expect(kFormatter(1000, 1)).toBe(""1.0k"");
     |           ^ Eager Test
  39 |     expect(kFormatter(1200, 1)).toBe(""1.2k"");
  40 |     expect(kFormatter(10000, 1)).toBe(""10.0k"");
  41 |     expect(kFormatter(12345, 1)).toBe(""12.3k"");"
/home/gabriel/Disk/Research/research-javascript-test-smells/repositories/github-readme-stats/tests/fmt.test.js,Eager Test,"{'line': 39, 'column': 11, 'index': 1447}","  37 |     expect(kFormatter(500, 1)).toBe(""0.5k"");
  38 |     expect(kFormatter(1000, 1)).toBe(""1.0k"");
> 39 |     expect(kFormatter(1200, 1)).toBe(""1.2k"");
     |           ^ Eager Test
  40 |     expect(kFormatter(10000, 1)).toBe(""10.0k"");
  41 |     expect(kFormatter(12345, 1)).toBe(""12.3k"");
  42 |     expect(kFormatter(99900, 1)).toBe(""99.9k"");"
/home/gabriel/Disk/Research/research-javascript-test-smells/repositories/github-readme-stats/tests/fmt.test.js,Eager Test,"{'line': 40, 'column': 11, 'index': 1493}","  38 |     expect(kFormatter(1000, 1)).toBe(""1.0k"");
  39 |     expect(kFormatter(1200, 1)).toBe(""1.2k"");
> 40 |     expect(kFormatter(10000, 1)).toBe(""10.0k"");
     |           ^ Eager Test
  41 |     expect(kFormatter(12345, 1)).toBe(""12.3k"");
  42 |     expect(kFormatter(99900, 1)).toBe(""99.9k"");
  43 |     expect(kFormatter(9900000, 1)).toBe(""9900.0k"");"
/home/gabriel/Disk/Research/research-javascript-test-smells/repositories/github-readme-stats/tests/fmt.test.js,Eager Test,"{'line': 41, 'column': 11, 'index': 1541}","  39 |     expect(kFormatter(1200, 1)).toBe(""1.2k"");
  40 |     expect(kFormatter(10000, 1)).toBe(""10.0k"");
> 41 |     expect(kFormatter(12345, 1)).toBe(""12.3k"");
     |           ^ Eager Test
  42 |     expect(kFormatter(99900, 1)).toBe(""99.9k"");
  43 |     expect(kFormatter(9900000, 1)).toBe(""9900.0k"");
  44 |   });"
/home/gabriel/Disk/Research/research-javascript-test-smells/repositories/github-readme-stats/tests/fmt.test.js,Eager Test,"{'line': 42, 'column': 11, 'index': 1589}","  40 |     expect(kFormatter(10000, 1)).toBe(""10.0k"");
  41 |     expect(kFormatter(12345, 1)).toBe(""12.3k"");
> 42 |     expect(kFormatter(99900, 1)).toBe(""99.9k"");
     |           ^ Eager Test
  43 |     expect(kFormatter(9900000, 1)).toBe(""9900.0k"");
  44 |   });
  45 |"
/home/gabriel/Disk/Research/research-javascript-test-smells/repositories/github-readme-stats/tests/fmt.test.js,Eager Test,"{'line': 43, 'column': 11, 'index': 1637}","  41 |     expect(kFormatter(12345, 1)).toBe(""12.3k"");
  42 |     expect(kFormatter(99900, 1)).toBe(""99.9k"");
> 43 |     expect(kFormatter(9900000, 1)).toBe(""9900.0k"");
     |           ^ Eager Test
  44 |   });
  45 |
  46 |   it(""kFormatter: should format numbers correctly with 2 decimal precision"", () => {"
/home/gabriel/Disk/Research/research-javascript-test-smells/repositories/github-readme-stats/tests/fmt.test.js,Eager Test,"{'line': 47, 'column': 11, 'index': 1781}","  45 |
  46 |   it(""kFormatter: should format numbers correctly with 2 decimal precision"", () => {
> 47 |     expect(kFormatter(1, 2)).toBe(""0.00k"");
     |           ^ Eager Test
  48 |     expect(kFormatter(-1, 2)).toBe(""-0.00k"");
  49 |     expect(kFormatter(500, 2)).toBe(""0.50k"");
  50 |     expect(kFormatter(1000, 2)).toBe(""1.00k"");"
/home/gabriel/Disk/Research/research-javascript-test-smells/repositories/github-readme-stats/tests/fmt.test.js,Eager Test,"{'line': 48, 'column': 11, 'index': 1825}","  46 |   it(""kFormatter: should format numbers correctly with 2 decimal precision"", () => {
  47 |     expect(kFormatter(1, 2)).toBe(""0.00k"");
> 48 |     expect(kFormatter(-1, 2)).toBe(""-0.00k"");
     |           ^ Eager Test
  49 |     expect(kFormatter(500, 2)).toBe(""0.50k"");
  50 |     expect(kFormatter(1000, 2)).toBe(""1.00k"");
  51 |     expect(kFormatter(1200, 2)).toBe(""1.20k"");"
/home/gabriel/Disk/Research/research-javascript-test-smells/repositories/github-readme-stats/tests/fmt.test.js,Eager Test,"{'line': 49, 'column': 11, 'index': 1871}","  47 |     expect(kFormatter(1, 2)).toBe(""0.00k"");
  48 |     expect(kFormatter(-1, 2)).toBe(""-0.00k"");
> 49 |     expect(kFormatter(500, 2)).toBe(""0.50k"");
     |           ^ Eager Test
  50 |     expect(kFormatter(1000, 2)).toBe(""1.00k"");
  51 |     expect(kFormatter(1200, 2)).toBe(""1.20k"");
  52 |     expect(kFormatter(10000, 2)).toBe(""10.00k"");"
/home/gabriel/Disk/Research/research-javascript-test-smells/repositories/github-readme-stats/tests/fmt.test.js,Eager Test,"{'line': 50, 'column': 11, 'index': 1917}","  48 |     expect(kFormatter(-1, 2)).toBe(""-0.00k"");
  49 |     expect(kFormatter(500, 2)).toBe(""0.50k"");
> 50 |     expect(kFormatter(1000, 2)).toBe(""1.00k"");
     |           ^ Eager Test
  51 |     expect(kFormatter(1200, 2)).toBe(""1.20k"");
  52 |     expect(kFormatter(10000, 2)).toBe(""10.00k"");
  53 |     expect(kFormatter(12345, 2)).toBe(""12.35k"");"
/home/gabriel/Disk/Research/research-javascript-test-smells/repositories/github-readme-stats/tests/fmt.test.js,Eager Test,"{'line': 51, 'column': 11, 'index': 1964}","  49 |     expect(kFormatter(500, 2)).toBe(""0.50k"");
  50 |     expect(kFormatter(1000, 2)).toBe(""1.00k"");
> 51 |     expect(kFormatter(1200, 2)).toBe(""1.20k"");
     |           ^ Eager Test
  52 |     expect(kFormatter(10000, 2)).toBe(""10.00k"");
  53 |     expect(kFormatter(12345, 2)).toBe(""12.35k"");
  54 |     expect(kFormatter(99900, 2)).toBe(""99.90k"");"
/home/gabriel/Disk/Research/research-javascript-test-smells/repositories/github-readme-stats/tests/fmt.test.js,Eager Test,"{'line': 52, 'column': 11, 'index': 2011}","  50 |     expect(kFormatter(1000, 2)).toBe(""1.00k"");
  51 |     expect(kFormatter(1200, 2)).toBe(""1.20k"");
> 52 |     expect(kFormatter(10000, 2)).toBe(""10.00k"");
     |           ^ Eager Test
  53 |     expect(kFormatter(12345, 2)).toBe(""12.35k"");
  54 |     expect(kFormatter(99900, 2)).toBe(""99.90k"");
  55 |     expect(kFormatter(9900000, 2)).toBe(""9900.00k"");"
/home/gabriel/Disk/Research/research-javascript-test-smells/repositories/github-readme-stats/tests/fmt.test.js,Eager Test,"{'line': 53, 'column': 11, 'index': 2060}","  51 |     expect(kFormatter(1200, 2)).toBe(""1.20k"");
  52 |     expect(kFormatter(10000, 2)).toBe(""10.00k"");
> 53 |     expect(kFormatter(12345, 2)).toBe(""12.35k"");
     |           ^ Eager Test
  54 |     expect(kFormatter(99900, 2)).toBe(""99.90k"");
  55 |     expect(kFormatter(9900000, 2)).toBe(""9900.00k"");
  56 |   });"
/home/gabriel/Disk/Research/research-javascript-test-smells/repositories/github-readme-stats/tests/fmt.test.js,Eager Test,"{'line': 54, 'column': 11, 'index': 2109}","  52 |     expect(kFormatter(10000, 2)).toBe(""10.00k"");
  53 |     expect(kFormatter(12345, 2)).toBe(""12.35k"");
> 54 |     expect(kFormatter(99900, 2)).toBe(""99.90k"");
     |           ^ Eager Test
  55 |     expect(kFormatter(9900000, 2)).toBe(""9900.00k"");
  56 |   });
  57 |"
/home/gabriel/Disk/Research/research-javascript-test-smells/repositories/github-readme-stats/tests/fmt.test.js,Eager Test,"{'line': 55, 'column': 11, 'index': 2158}","  53 |     expect(kFormatter(12345, 2)).toBe(""12.35k"");
  54 |     expect(kFormatter(99900, 2)).toBe(""99.90k"");
> 55 |     expect(kFormatter(9900000, 2)).toBe(""9900.00k"");
     |           ^ Eager Test
  56 |   });
  57 |
  58 |   it(""formatBytes: should return expected values"", () => {"
/home/gabriel/Disk/Research/research-javascript-test-smells/repositories/github-readme-stats/tests/fmt.test.js,Eager Test,"{'line': 59, 'column': 11, 'index': 2277}","  57 |
  58 |   it(""formatBytes: should return expected values"", () => {
> 59 |     expect(formatBytes(0)).toBe(""0 B"");
     |           ^ Eager Test
  60 |     expect(formatBytes(100)).toBe(""100.0 B"");
  61 |     expect(formatBytes(1024)).toBe(""1.0 KB"");
  62 |     expect(formatBytes(1024 * 1024)).toBe(""1.0 MB"");"
/home/gabriel/Disk/Research/research-javascript-test-smells/repositories/github-readme-stats/tests/fmt.test.js,Eager Test,"{'line': 60, 'column': 11, 'index': 2317}","  58 |   it(""formatBytes: should return expected values"", () => {
  59 |     expect(formatBytes(0)).toBe(""0 B"");
> 60 |     expect(formatBytes(100)).toBe(""100.0 B"");
     |           ^ Eager Test
  61 |     expect(formatBytes(1024)).toBe(""1.0 KB"");
  62 |     expect(formatBytes(1024 * 1024)).toBe(""1.0 MB"");
  63 |     expect(formatBytes(1024 * 1024 * 1024)).toBe(""1.0 GB"");"
/home/gabriel/Disk/Research/research-javascript-test-smells/repositories/github-readme-stats/tests/fmt.test.js,Eager Test,"{'line': 61, 'column': 11, 'index': 2363}","  59 |     expect(formatBytes(0)).toBe(""0 B"");
  60 |     expect(formatBytes(100)).toBe(""100.0 B"");
> 61 |     expect(formatBytes(1024)).toBe(""1.0 KB"");
     |           ^ Eager Test
  62 |     expect(formatBytes(1024 * 1024)).toBe(""1.0 MB"");
  63 |     expect(formatBytes(1024 * 1024 * 1024)).toBe(""1.0 GB"");
  64 |     expect(formatBytes(1024 * 1024 * 1024 * 1024)).toBe(""1.0 TB"");"
/home/gabriel/Disk/Research/research-javascript-test-smells/repositories/github-readme-stats/tests/fmt.test.js,Eager Test,"{'line': 62, 'column': 11, 'index': 2409}","  60 |     expect(formatBytes(100)).toBe(""100.0 B"");
  61 |     expect(formatBytes(1024)).toBe(""1.0 KB"");
> 62 |     expect(formatBytes(1024 * 1024)).toBe(""1.0 MB"");
     |           ^ Eager Test
  63 |     expect(formatBytes(1024 * 1024 * 1024)).toBe(""1.0 GB"");
  64 |     expect(formatBytes(1024 * 1024 * 1024 * 1024)).toBe(""1.0 TB"");
  65 |     expect(formatBytes(1024 * 1024 * 1024 * 1024 * 1024)).toBe(""1.0 PB"");"
/home/gabriel/Disk/Research/research-javascript-test-smells/repositories/github-readme-stats/tests/fmt.test.js,Eager Test,"{'line': 63, 'column': 11, 'index': 2462}","  61 |     expect(formatBytes(1024)).toBe(""1.0 KB"");
  62 |     expect(formatBytes(1024 * 1024)).toBe(""1.0 MB"");
> 63 |     expect(formatBytes(1024 * 1024 * 1024)).toBe(""1.0 GB"");
     |           ^ Eager Test
  64 |     expect(formatBytes(1024 * 1024 * 1024 * 1024)).toBe(""1.0 TB"");
  65 |     expect(formatBytes(1024 * 1024 * 1024 * 1024 * 1024)).toBe(""1.0 PB"");
  66 |     expect(formatBytes(1024 * 1024 * 1024 * 1024 * 1024 * 1024)).toBe(""1.0 EB"");"
/home/gabriel/Disk/Research/research-javascript-test-smells/repositories/github-readme-stats/tests/fmt.test.js,Eager Test,"{'line': 64, 'column': 11, 'index': 2522}","  62 |     expect(formatBytes(1024 * 1024)).toBe(""1.0 MB"");
  63 |     expect(formatBytes(1024 * 1024 * 1024)).toBe(""1.0 GB"");
> 64 |     expect(formatBytes(1024 * 1024 * 1024 * 1024)).toBe(""1.0 TB"");
     |           ^ Eager Test
  65 |     expect(formatBytes(1024 * 1024 * 1024 * 1024 * 1024)).toBe(""1.0 PB"");
  66 |     expect(formatBytes(1024 * 1024 * 1024 * 1024 * 1024 * 1024)).toBe(""1.0 EB"");
  67 |"
/home/gabriel/Disk/Research/research-javascript-test-smells/repositories/github-readme-stats/tests/fmt.test.js,Eager Test,"{'line': 65, 'column': 11, 'index': 2589}","  63 |     expect(formatBytes(1024 * 1024 * 1024)).toBe(""1.0 GB"");
  64 |     expect(formatBytes(1024 * 1024 * 1024 * 1024)).toBe(""1.0 TB"");
> 65 |     expect(formatBytes(1024 * 1024 * 1024 * 1024 * 1024)).toBe(""1.0 PB"");
     |           ^ Eager Test
  66 |     expect(formatBytes(1024 * 1024 * 1024 * 1024 * 1024 * 1024)).toBe(""1.0 EB"");
  67 |
  68 |     expect(formatBytes(1234 * 1024)).toBe(""1.2 MB"");"
/home/gabriel/Disk/Research/research-javascript-test-smells/repositories/github-readme-stats/tests/fmt.test.js,Eager Test,"{'line': 66, 'column': 11, 'index': 2663}","  64 |     expect(formatBytes(1024 * 1024 * 1024 * 1024)).toBe(""1.0 TB"");
  65 |     expect(formatBytes(1024 * 1024 * 1024 * 1024 * 1024)).toBe(""1.0 PB"");
> 66 |     expect(formatBytes(1024 * 1024 * 1024 * 1024 * 1024 * 1024)).toBe(""1.0 EB"");
     |           ^ Eager Test
  67 |
  68 |     expect(formatBytes(1234 * 1024)).toBe(""1.2 MB"");
  69 |     expect(formatBytes(123.4 * 1024)).toBe(""123.4 KB"");"
/home/gabriel/Disk/Research/research-javascript-test-smells/repositories/github-readme-stats/tests/fmt.test.js,Eager Test,"{'line': 68, 'column': 11, 'index': 2745}","  66 |     expect(formatBytes(1024 * 1024 * 1024 * 1024 * 1024 * 1024)).toBe(""1.0 EB"");
  67 |
> 68 |     expect(formatBytes(1234 * 1024)).toBe(""1.2 MB"");
     |           ^ Eager Test
  69 |     expect(formatBytes(123.4 * 1024)).toBe(""123.4 KB"");
  70 |   });
  71 |"
/home/gabriel/Disk/Research/research-javascript-test-smells/repositories/github-readme-stats/tests/fmt.test.js,Eager Test,"{'line': 69, 'column': 11, 'index': 2798}","  67 |
  68 |     expect(formatBytes(1234 * 1024)).toBe(""1.2 MB"");
> 69 |     expect(formatBytes(123.4 * 1024)).toBe(""123.4 KB"");
     |           ^ Eager Test
  70 |   });
  71 |
  72 |   it(""wrapTextMultiline: should not wrap small texts"", () => {"
/home/gabriel/Disk/Research/research-javascript-test-smells/repositories/github-readme-stats/tests/fmt.test.js,Lazy Test,"{'line': 10, 'column': 11, 'index': 259}","   8 | describe(""Test fmt.js"", () => {
   9 |   it(""kFormatter: should format numbers correctly by default"", () => {
> 10 |     expect(kFormatter(1)).toBe(1);
     |           ^ Lazy Test
  11 |     expect(kFormatter(-1)).toBe(-1);
  12 |     expect(kFormatter(500)).toBe(500);
  13 |     expect(kFormatter(1000)).toBe(""1k"");"
/home/gabriel/Disk/Research/research-javascript-test-smells/repositories/github-readme-stats/tests/fmt.test.js,Lazy Test,"{'line': 22, 'column': 11, 'index': 726}","  20 |
  21 |   it(""kFormatter: should format numbers correctly with 0 decimal precision"", () => {
> 22 |     expect(kFormatter(1, 0)).toBe(""0k"");
     |           ^ Lazy Test
  23 |     expect(kFormatter(-1, 0)).toBe(""-0k"");
  24 |     expect(kFormatter(500, 0)).toBe(""1k"");
  25 |     expect(kFormatter(1000, 0)).toBe(""1k"");"
/home/gabriel/Disk/Research/research-javascript-test-smells/repositories/github-readme-stats/tests/fmt.test.js,Lazy Test,"{'line': 35, 'column': 11, 'index': 1268}","  33 |
  34 |   it(""kFormatter: should format numbers correctly with 1 decimal precision"", () => {
> 35 |     expect(kFormatter(1, 1)).toBe(""0.0k"");
     |           ^ Lazy Test
  36 |     expect(kFormatter(-1, 1)).toBe(""-0.0k"");
  37 |     expect(kFormatter(500, 1)).toBe(""0.5k"");
  38 |     expect(kFormatter(1000, 1)).toBe(""1.0k"");"
/home/gabriel/Disk/Research/research-javascript-test-smells/repositories/github-readme-stats/tests/fmt.test.js,Lazy Test,"{'line': 47, 'column': 11, 'index': 1781}","  45 |
  46 |   it(""kFormatter: should format numbers correctly with 2 decimal precision"", () => {
> 47 |     expect(kFormatter(1, 2)).toBe(""0.00k"");
     |           ^ Lazy Test
  48 |     expect(kFormatter(-1, 2)).toBe(""-0.00k"");
  49 |     expect(kFormatter(500, 2)).toBe(""0.50k"");
  50 |     expect(kFormatter(1000, 2)).toBe(""1.00k"");"
/home/gabriel/Disk/Research/research-javascript-test-smells/repositories/github-readme-stats/tests/fmt.test.js,Lazy Test,"{'line': 74, 'column': 26, 'index': 2945}","  72 |   it(""wrapTextMultiline: should not wrap small texts"", () => {
  73 |     {
> 74 |       let multiLineText = wrapTextMultiline(""Small text should not wrap"");
     |                          ^ Lazy Test
  75 |       expect(multiLineText).toEqual([""Small text should not wrap""]);
  76 |     }
  77 |   });"
/home/gabriel/Disk/Research/research-javascript-test-smells/repositories/github-readme-stats/tests/fmt.test.js,Lazy Test,"{'line': 80, 'column': 24, 'index': 3159}","  78 |
  79 |   it(""wrapTextMultiline: should wrap large texts"", () => {
> 80 |     let multiLineText = wrapTextMultiline(
     |                        ^ Lazy Test
  81 |       ""Hello world long long long text"",
  82 |       20,
  83 |       3,"
/home/gabriel/Disk/Research/research-javascript-test-smells/repositories/github-readme-stats/tests/fmt.test.js,Lazy Test,"{'line': 89, 'column': 24, 'index': 3430}","  87 |
  88 |   it(""wrapTextMultiline: should wrap large texts and limit max lines"", () => {
> 89 |     let multiLineText = wrapTextMultiline(
     |                        ^ Lazy Test
  90 |       ""Hello world long long long text"",
  91 |       10,
  92 |       2,"
/home/gabriel/Disk/Research/research-javascript-test-smells/repositories/github-readme-stats/tests/fmt.test.js,Lazy Test,"{'line': 98, 'column': 24, 'index': 3680}","   96 |
   97 |   it(""wrapTextMultiline: should wrap chinese by punctuation"", () => {
>  98 |     let multiLineText = wrapTextMultiline(
      |                        ^ Lazy Test
   99 |       ""专门为刚开始刷题的同学准备的算法基地，没有最细只有更细，立志用动画将晦涩难懂的算法说的通俗易懂！"",
  100 |     );
  101 |     expect(multiLineText.length).toEqual(3);"
/home/gabriel/Disk/Research/research-javascript-test-smells/repositories/github-readme-stats/tests/fmt.test.js,Magic Number,"{'line': 10, 'column': 31, 'index': 279}","   8 | describe(""Test fmt.js"", () => {
   9 |   it(""kFormatter: should format numbers correctly by default"", () => {
> 10 |     expect(kFormatter(1)).toBe(1);
     |                               ^ Magic Number
  11 |     expect(kFormatter(-1)).toBe(-1);
  12 |     expect(kFormatter(500)).toBe(500);
  13 |     expect(kFormatter(1000)).toBe(""1k"");"
/home/gabriel/Disk/Research/research-javascript-test-smells/repositories/github-readme-stats/tests/fmt.test.js,Magic Number,"{'line': 12, 'column': 33, 'index': 353}","  10 |     expect(kFormatter(1)).toBe(1);
  11 |     expect(kFormatter(-1)).toBe(-1);
> 12 |     expect(kFormatter(500)).toBe(500);
     |                                 ^ Magic Number
  13 |     expect(kFormatter(1000)).toBe(""1k"");
  14 |     expect(kFormatter(1200)).toBe(""1.2k"");
  15 |     expect(kFormatter(10000)).toBe(""10k"");"
/home/gabriel/Disk/Research/research-javascript-test-smells/repositories/github-readme-stats/tests/fmt.test.js,Magic Number,"{'line': 101, 'column': 41, 'index': 3805}","   99 |       ""专门为刚开始刷题的同学准备的算法基地，没有最细只有更细，立志用动画将晦涩难懂的算法说的通俗易懂！"",
  100 |     );
> 101 |     expect(multiLineText.length).toEqual(3);
      |                                         ^ Magic Number
  102 |     expect(multiLineText[0].length).toEqual(18 * 8); // &#xxxxx; x 8
  103 |   });
  104 | });"
/home/gabriel/Disk/Research/research-javascript-test-smells/repositories/github-readme-stats/tests/flexLayout.test.js,Eager Test,"{'line': 6, 'column': 19, 'index': 210}","  4 | describe(""flexLayout"", () => {
  5 |   it(""should work with row & col layouts"", () => {
> 6 |     const layout = flexLayout({
    |                   ^ Eager Test
  7 |       items: [""<text>1</text>"", ""<text>2</text>""],
  8 |       gap: 60,
  9 |     });"
/home/gabriel/Disk/Research/research-javascript-test-smells/repositories/github-readme-stats/tests/flexLayout.test.js,Eager Test,"{'line': 16, 'column': 20, 'index': 481}","  14 |     ]);
  15 |
> 16 |     const columns = flexLayout({
     |                    ^ Eager Test
  17 |       items: [""<text>1</text>"", ""<text>2</text>""],
  18 |       gap: 60,
  19 |       direction: ""column"","
/home/gabriel/Disk/Research/research-javascript-test-smells/repositories/github-readme-stats/tests/flexLayout.test.js,Lazy Test,"{'line': 6, 'column': 19, 'index': 210}","  4 | describe(""flexLayout"", () => {
  5 |   it(""should work with row & col layouts"", () => {
> 6 |     const layout = flexLayout({
    |                   ^ Lazy Test
  7 |       items: [""<text>1</text>"", ""<text>2</text>""],
  8 |       gap: 60,
  9 |     });"
/home/gabriel/Disk/Research/research-javascript-test-smells/repositories/github-readme-stats/tests/flexLayout.test.js,Lazy Test,"{'line': 29, 'column': 19, 'index': 824}","  27 |
  28 |   it(""should work with sizes"", () => {
> 29 |     const layout = flexLayout({
     |                   ^ Lazy Test
  30 |       items: [
  31 |         ""<text>1</text>"",
  32 |         ""<text>2</text>"","
/home/gabriel/Disk/Research/research-javascript-test-smells/repositories/github-readme-stats/tests/fetchWakatime.test.js,Lazy Test,"{'line': 114, 'column': 23, 'index': 2778}","  112 |       .reply(200, wakaTimeData);
  113 |
> 114 |     const repo = await fetchWakatimeStats({ username });
      |                       ^ Lazy Test
  115 |     expect(repo).toStrictEqual(wakaTimeData.data);
  116 |   });
  117 |"
/home/gabriel/Disk/Research/research-javascript-test-smells/repositories/github-readme-stats/tests/fetchWakatime.test.js,Lazy Test,"{'line': 121, 'column': 17, 'index': 3030}","  119 |     mock.onGet(/\/https:\/\/wakatime\.com\/api/).reply(404, wakaTimeData);
  120 |
> 121 |     await expect(fetchWakatimeStats(""noone"")).rejects.toThrow(
      |                 ^ Lazy Test
  122 |       'Missing params ""username"" make sure you pass the parameters in URL',
  123 |     );
  124 |   });"
/home/gabriel/Disk/Research/research-javascript-test-smells/repositories/github-readme-stats/tests/fetchWakatime.test.js,Lazy Test,"{'line': 129, 'column': 17, 'index': 3325}","  127 |     mock.onGet(/\/https:\/\/wakatime\.com\/api/).reply(404, wakaTimeData);
  128 |
> 129 |     await expect(fetchWakatimeStats({ username: ""noone"" })).rejects.toThrow(
      |                 ^ Lazy Test
  130 |       ""Could not resolve to a User with the login of 'noone'"",
  131 |     );
  132 |   });"
/home/gabriel/Disk/Research/research-javascript-test-smells/repositories/github-readme-stats/tests/fetchTopLanguages.test.js,Lazy Test,"{'line': 67, 'column': 21, 'index': 1633}","  65 |     mock.onPost(""https://api.github.com/graphql"").reply(200, data_langs);
  66 |
> 67 |     let repo = await fetchTopLanguages(""anuraghazra"", [], 0.5, 0.5);
     |                     ^ Lazy Test
  68 |     expect(repo).toStrictEqual({
  69 |       HTML: {
  70 |         color: ""#0f0"","
/home/gabriel/Disk/Research/research-javascript-test-smells/repositories/github-readme-stats/tests/fetchTopLanguages.test.js,Lazy Test,"{'line': 87, 'column': 21, 'index': 2179}","  85 |     mock.onPost(""https://api.github.com/graphql"").reply(200, data_langs);
  86 |
> 87 |     let repo = await fetchTopLanguages(""anuraghazra"", [""test-repo-1""]);
     |                     ^ Lazy Test
  88 |     expect(repo).toStrictEqual({
  89 |       HTML: {
  90 |         color: ""#0f0"","
/home/gabriel/Disk/Research/research-javascript-test-smells/repositories/github-readme-stats/tests/fetchTopLanguages.test.js,Lazy Test,"{'line': 107, 'column': 21, 'index': 2685}","  105 |     mock.onPost(""https://api.github.com/graphql"").reply(200, data_langs);
  106 |
> 107 |     let repo = await fetchTopLanguages(""anuraghazra"", [], 1, 0);
      |                     ^ Lazy Test
  108 |     expect(repo).toStrictEqual({
  109 |       HTML: {
  110 |         color: ""#0f0"","
/home/gabriel/Disk/Research/research-javascript-test-smells/repositories/github-readme-stats/tests/fetchTopLanguages.test.js,Lazy Test,"{'line': 127, 'column': 21, 'index': 3184}","  125 |     mock.onPost(""https://api.github.com/graphql"").reply(200, data_langs);
  126 |
> 127 |     let repo = await fetchTopLanguages(""anuraghazra"", [], 0, 1);
      |                     ^ Lazy Test
  128 |     expect(repo).toStrictEqual({
  129 |       HTML: {
  130 |         color: ""#0f0"","
/home/gabriel/Disk/Research/research-javascript-test-smells/repositories/github-readme-stats/tests/fetchTopLanguages.test.js,Lazy Test,"{'line': 147, 'column': 17, 'index': 3651}","  145 |     mock.onPost(""https://api.github.com/graphql"").reply(200, error);
  146 |
> 147 |     await expect(fetchTopLanguages(""anuraghazra"")).rejects.toThrow(
      |                 ^ Lazy Test
  148 |       ""Could not resolve to a User with the login of 'noname'."",
  149 |     );
  150 |   });"
/home/gabriel/Disk/Research/research-javascript-test-smells/repositories/github-readme-stats/tests/fetchTopLanguages.test.js,Lazy Test,"{'line': 157, 'column': 17, 'index': 3993}","  155 |     });
  156 |
> 157 |     await expect(fetchTopLanguages(""anuraghazra"")).rejects.toThrow(
      |                 ^ Lazy Test
  158 |       ""Some test GraphQL error"",
  159 |     );
  160 |   });"
/home/gabriel/Disk/Research/research-javascript-test-smells/repositories/github-readme-stats/tests/fetchTopLanguages.test.js,Lazy Test,"{'line': 167, 'column': 17, 'index': 4322}","  165 |     });
  166 |
> 167 |     await expect(fetchTopLanguages(""anuraghazra"")).rejects.toThrow(
      |                 ^ Lazy Test
  168 |       ""Something went wrong while trying to retrieve the language data using the GraphQL API."",
  169 |     );
  170 |   });"
/home/gabriel/Disk/Research/research-javascript-test-smells/repositories/github-readme-stats/tests/fetchStats.test.js,Conditional Test Logic,"{'line': 111, 'column': 4, 'index': 2956}","  109 |     let req = JSON.parse(cfg.data);
  110 |
> 111 |     if (
      |    ^ Conditional Test Logic
  112 |       req.variables &&
  113 |       req.variables.startTime &&
  114 |       req.variables.startTime.startsWith(""2003"")"
/home/gabriel/Disk/Research/research-javascript-test-smells/repositories/github-readme-stats/tests/fetchStats.test.js,Eager Test,"{'line': 131, 'column': 22, 'index': 3382}","  129 | describe(""Test fetchStats"", () => {
  130 |   it(""should fetch correct stats"", async () => {
> 131 |     let stats = await fetchStats(""anuraghazra"");
      |                      ^ Eager Test
  132 |     const rank = calculateRank({
  133 |       all_commits: false,
  134 |       commits: 100,"
/home/gabriel/Disk/Research/research-javascript-test-smells/repositories/github-readme-stats/tests/fetchStats.test.js,Eager Test,"{'line': 132, 'column': 17, 'index': 3426}","  130 |   it(""should fetch correct stats"", async () => {
  131 |     let stats = await fetchStats(""anuraghazra"");
> 132 |     const rank = calculateRank({
      |                 ^ Eager Test
  133 |       all_commits: false,
  134 |       commits: 100,
  135 |       prs: 300,"
/home/gabriel/Disk/Research/research-javascript-test-smells/repositories/github-readme-stats/tests/fetchStats.test.js,Eager Test,"{'line': 167, 'column': 22, 'index': 4267}","  165 |       .replyOnce(200, data_repo_zero_stars);
  166 |
> 167 |     let stats = await fetchStats(""anuraghazra"");
      |                      ^ Eager Test
  168 |     const rank = calculateRank({
  169 |       all_commits: false,
  170 |       commits: 100,"
/home/gabriel/Disk/Research/research-javascript-test-smells/repositories/github-readme-stats/tests/fetchStats.test.js,Eager Test,"{'line': 168, 'column': 17, 'index': 4311}","  166 |
  167 |     let stats = await fetchStats(""anuraghazra"");
> 168 |     const rank = calculateRank({
      |                 ^ Eager Test
  169 |       all_commits: false,
  170 |       commits: 100,
  171 |       prs: 300,"
/home/gabriel/Disk/Research/research-javascript-test-smells/repositories/github-readme-stats/tests/fetchStats.test.js,Eager Test,"{'line': 209, 'column': 22, 'index': 5314}","  207 |       .reply(200, { total_count: 1000 });
  208 |
> 209 |     let stats = await fetchStats(""anuraghazra"", true);
      |                      ^ Eager Test
  210 |     const rank = calculateRank({
  211 |       all_commits: true,
  212 |       commits: 1000,"
/home/gabriel/Disk/Research/research-javascript-test-smells/repositories/github-readme-stats/tests/fetchStats.test.js,Eager Test,"{'line': 210, 'column': 17, 'index': 5364}","  208 |
  209 |     let stats = await fetchStats(""anuraghazra"", true);
> 210 |     const rank = calculateRank({
      |                 ^ Eager Test
  211 |       all_commits: true,
  212 |       commits: 1000,
  213 |       prs: 300,"
/home/gabriel/Disk/Research/research-javascript-test-smells/repositories/github-readme-stats/tests/fetchStats.test.js,Eager Test,"{'line': 258, 'column': 22, 'index': 6717}","  256 |       .reply(200, { total_count: 1000 });
  257 |
> 258 |     let stats = await fetchStats(""anuraghazra"", true, [""test-repo-1""]);
      |                      ^ Eager Test
  259 |     const rank = calculateRank({
  260 |       all_commits: true,
  261 |       commits: 1000,"
/home/gabriel/Disk/Research/research-javascript-test-smells/repositories/github-readme-stats/tests/fetchStats.test.js,Eager Test,"{'line': 259, 'column': 17, 'index': 6784}","  257 |
  258 |     let stats = await fetchStats(""anuraghazra"", true, [""test-repo-1""]);
> 259 |     const rank = calculateRank({
      |                 ^ Eager Test
  260 |       all_commits: true,
  261 |       commits: 1000,
  262 |       prs: 300,"
/home/gabriel/Disk/Research/research-javascript-test-smells/repositories/github-readme-stats/tests/fetchStats.test.js,Eager Test,"{'line': 289, 'column': 22, 'index': 7503}","  287 |     process.env.FETCH_MULTI_PAGE_STARS = true;
  288 |
> 289 |     let stats = await fetchStats(""anuraghazra"");
      |                      ^ Eager Test
  290 |     const rank = calculateRank({
  291 |       all_commits: false,
  292 |       commits: 100,"
/home/gabriel/Disk/Research/research-javascript-test-smells/repositories/github-readme-stats/tests/fetchStats.test.js,Eager Test,"{'line': 290, 'column': 17, 'index': 7547}","  288 |
  289 |     let stats = await fetchStats(""anuraghazra"");
> 290 |     const rank = calculateRank({
      |                 ^ Eager Test
  291 |       all_commits: false,
  292 |       commits: 100,
  293 |       prs: 300,"
/home/gabriel/Disk/Research/research-javascript-test-smells/repositories/github-readme-stats/tests/fetchStats.test.js,Eager Test,"{'line': 320, 'column': 22, 'index': 8268}","  318 |     process.env.FETCH_MULTI_PAGE_STARS = ""false"";
  319 |
> 320 |     let stats = await fetchStats(""anuraghazra"");
      |                      ^ Eager Test
  321 |     const rank = calculateRank({
  322 |       all_commits: false,
  323 |       commits: 100,"
/home/gabriel/Disk/Research/research-javascript-test-smells/repositories/github-readme-stats/tests/fetchStats.test.js,Eager Test,"{'line': 321, 'column': 17, 'index': 8312}","  319 |
  320 |     let stats = await fetchStats(""anuraghazra"");
> 321 |     const rank = calculateRank({
      |                 ^ Eager Test
  322 |       all_commits: false,
  323 |       commits: 100,
  324 |       prs: 300,"
/home/gabriel/Disk/Research/research-javascript-test-smells/repositories/github-readme-stats/tests/fetchStats.test.js,Eager Test,"{'line': 351, 'column': 22, 'index': 9028}","  349 |     process.env.FETCH_MULTI_PAGE_STARS = undefined;
  350 |
> 351 |     let stats = await fetchStats(""anuraghazra"");
      |                      ^ Eager Test
  352 |     const rank = calculateRank({
  353 |       all_commits: false,
  354 |       commits: 100,"
/home/gabriel/Disk/Research/research-javascript-test-smells/repositories/github-readme-stats/tests/fetchStats.test.js,Eager Test,"{'line': 352, 'column': 17, 'index': 9072}","  350 |
  351 |     let stats = await fetchStats(""anuraghazra"");
> 352 |     const rank = calculateRank({
      |                 ^ Eager Test
  353 |       all_commits: false,
  354 |       commits: 100,
  355 |       prs: 300,"
/home/gabriel/Disk/Research/research-javascript-test-smells/repositories/github-readme-stats/tests/fetchStats.test.js,Eager Test,"{'line': 380, 'column': 22, 'index': 9713}","  378 |
  379 |   it(""should not fetch additional stats data when it not requested"", async () => {
> 380 |     let stats = await fetchStats(""anuraghazra"");
      |                      ^ Eager Test
  381 |     const rank = calculateRank({
  382 |       all_commits: false,
  383 |       commits: 100,"
/home/gabriel/Disk/Research/research-javascript-test-smells/repositories/github-readme-stats/tests/fetchStats.test.js,Eager Test,"{'line': 381, 'column': 17, 'index': 9757}","  379 |   it(""should not fetch additional stats data when it not requested"", async () => {
  380 |     let stats = await fetchStats(""anuraghazra"");
> 381 |     const rank = calculateRank({
      |                 ^ Eager Test
  382 |       all_commits: false,
  383 |       commits: 100,
  384 |       prs: 300,"
/home/gabriel/Disk/Research/research-javascript-test-smells/repositories/github-readme-stats/tests/fetchStats.test.js,Eager Test,"{'line': 409, 'column': 22, 'index': 10385}","  407 |
  408 |   it(""should fetch additional stats when it requested"", async () => {
> 409 |     let stats = await fetchStats(""anuraghazra"", false, [], true, true, true);
      |                      ^ Eager Test
  410 |     const rank = calculateRank({
  411 |       all_commits: false,
  412 |       commits: 100,"
/home/gabriel/Disk/Research/research-javascript-test-smells/repositories/github-readme-stats/tests/fetchStats.test.js,Eager Test,"{'line': 410, 'column': 17, 'index': 10458}","  408 |   it(""should fetch additional stats when it requested"", async () => {
  409 |     let stats = await fetchStats(""anuraghazra"", false, [], true, true, true);
> 410 |     const rank = calculateRank({
      |                 ^ Eager Test
  411 |       all_commits: false,
  412 |       commits: 100,
  413 |       prs: 300,"
/home/gabriel/Disk/Research/research-javascript-test-smells/repositories/github-readme-stats/tests/fetchStats.test.js,Eager Test,"{'line': 438, 'column': 22, 'index': 11079}","  436 |
  437 |   it(""should get commits of provided year"", async () => {
> 438 |     let stats = await fetchStats(
      |                      ^ Eager Test
  439 |       ""anuraghazra"",
  440 |       false,
  441 |       [],"
/home/gabriel/Disk/Research/research-javascript-test-smells/repositories/github-readme-stats/tests/fetchStats.test.js,Eager Test,"{'line': 448, 'column': 17, 'index': 11211}","  446 |     );
  447 |
> 448 |     const rank = calculateRank({
      |                 ^ Eager Test
  449 |       all_commits: false,
  450 |       commits: 428,
  451 |       prs: 300,"
/home/gabriel/Disk/Research/research-javascript-test-smells/repositories/github-readme-stats/tests/fetchStats.test.js,Eager Test,"{'line': 480, 'column': 24, 'index': 11981}","  478 |       .onPost(""https://api.github.com/graphql"")
  479 |       .reply(200, data_without_pull_requests);
> 480 |     const stats = await fetchStats(""anuraghazra"", false, [], true);
      |                        ^ Eager Test
  481 |     const rank = calculateRank({
  482 |       all_commits: false,
  483 |       commits: 100,"
/home/gabriel/Disk/Research/research-javascript-test-smells/repositories/github-readme-stats/tests/fetchStats.test.js,Eager Test,"{'line': 481, 'column': 17, 'index': 12042}","  479 |       .reply(200, data_without_pull_requests);
  480 |     const stats = await fetchStats(""anuraghazra"", false, [], true);
> 481 |     const rank = calculateRank({
      |                 ^ Eager Test
  482 |       all_commits: false,
  483 |       commits: 100,
  484 |       prs: 0,"
/home/gabriel/Disk/Research/research-javascript-test-smells/repositories/github-readme-stats/tests/fetchStats.test.js,Lazy Test,"{'line': 131, 'column': 22, 'index': 3382}","  129 | describe(""Test fetchStats"", () => {
  130 |   it(""should fetch correct stats"", async () => {
> 131 |     let stats = await fetchStats(""anuraghazra"");
      |                      ^ Lazy Test
  132 |     const rank = calculateRank({
  133 |       all_commits: false,
  134 |       commits: 100,"
/home/gabriel/Disk/Research/research-javascript-test-smells/repositories/github-readme-stats/tests/fetchStats.test.js,Lazy Test,"{'line': 132, 'column': 17, 'index': 3426}","  130 |   it(""should fetch correct stats"", async () => {
  131 |     let stats = await fetchStats(""anuraghazra"");
> 132 |     const rank = calculateRank({
      |                 ^ Lazy Test
  133 |       all_commits: false,
  134 |       commits: 100,
  135 |       prs: 300,"
/home/gabriel/Disk/Research/research-javascript-test-smells/repositories/github-readme-stats/tests/fetchStats.test.js,Lazy Test,"{'line': 167, 'column': 22, 'index': 4267}","  165 |       .replyOnce(200, data_repo_zero_stars);
  166 |
> 167 |     let stats = await fetchStats(""anuraghazra"");
      |                      ^ Lazy Test
  168 |     const rank = calculateRank({
  169 |       all_commits: false,
  170 |       commits: 100,"
/home/gabriel/Disk/Research/research-javascript-test-smells/repositories/github-readme-stats/tests/fetchStats.test.js,Lazy Test,"{'line': 168, 'column': 17, 'index': 4311}","  166 |
  167 |     let stats = await fetchStats(""anuraghazra"");
> 168 |     const rank = calculateRank({
      |                 ^ Lazy Test
  169 |       all_commits: false,
  170 |       commits: 100,
  171 |       prs: 300,"
/home/gabriel/Disk/Research/research-javascript-test-smells/repositories/github-readme-stats/tests/fetchStats.test.js,Lazy Test,"{'line': 199, 'column': 17, 'index': 4993}","  197 |     mock.onPost(""https://api.github.com/graphql"").reply(200, error);
  198 |
> 199 |     await expect(fetchStats(""anuraghazra"")).rejects.toThrow(
      |                 ^ Lazy Test
  200 |       ""Could not resolve to a User with the login of 'noname'."",
  201 |     );
  202 |   });"
/home/gabriel/Disk/Research/research-javascript-test-smells/repositories/github-readme-stats/tests/fetchStats.test.js,Lazy Test,"{'line': 209, 'column': 22, 'index': 5314}","  207 |       .reply(200, { total_count: 1000 });
  208 |
> 209 |     let stats = await fetchStats(""anuraghazra"", true);
      |                      ^ Lazy Test
  210 |     const rank = calculateRank({
  211 |       all_commits: true,
  212 |       commits: 1000,"
/home/gabriel/Disk/Research/research-javascript-test-smells/repositories/github-readme-stats/tests/fetchStats.test.js,Lazy Test,"{'line': 210, 'column': 17, 'index': 5364}","  208 |
  209 |     let stats = await fetchStats(""anuraghazra"", true);
> 210 |     const rank = calculateRank({
      |                 ^ Lazy Test
  211 |       all_commits: true,
  212 |       commits: 1000,
  213 |       prs: 300,"
/home/gabriel/Disk/Research/research-javascript-test-smells/repositories/github-readme-stats/tests/fetchStats.test.js,Lazy Test,"{'line': 238, 'column': 11, 'index': 6013}","  236 |
  237 |   it(""should throw specific error when include_all_commits true and invalid username"", async () => {
> 238 |     expect(fetchStats(""asdf///---"", true)).rejects.toThrow(
      |           ^ Lazy Test
  239 |       new Error(""Invalid username provided.""),
  240 |     );
  241 |   });"
/home/gabriel/Disk/Research/research-javascript-test-smells/repositories/github-readme-stats/tests/fetchStats.test.js,Lazy Test,"{'line': 248, 'column': 11, 'index': 6378}","  246 |       .reply(200, { error: ""Some test error message"" });
  247 |
> 248 |     expect(fetchStats(""anuraghazra"", true)).rejects.toThrow(
      |           ^ Lazy Test
  249 |       new Error(""Could not fetch total commits.""),
  250 |     );
  251 |   });"
/home/gabriel/Disk/Research/research-javascript-test-smells/repositories/github-readme-stats/tests/fetchStats.test.js,Lazy Test,"{'line': 258, 'column': 22, 'index': 6717}","  256 |       .reply(200, { total_count: 1000 });
  257 |
> 258 |     let stats = await fetchStats(""anuraghazra"", true, [""test-repo-1""]);
      |                      ^ Lazy Test
  259 |     const rank = calculateRank({
  260 |       all_commits: true,
  261 |       commits: 1000,"
/home/gabriel/Disk/Research/research-javascript-test-smells/repositories/github-readme-stats/tests/fetchStats.test.js,Lazy Test,"{'line': 259, 'column': 17, 'index': 6784}","  257 |
  258 |     let stats = await fetchStats(""anuraghazra"", true, [""test-repo-1""]);
> 259 |     const rank = calculateRank({
      |                 ^ Lazy Test
  260 |       all_commits: true,
  261 |       commits: 1000,
  262 |       prs: 300,"
/home/gabriel/Disk/Research/research-javascript-test-smells/repositories/github-readme-stats/tests/fetchStats.test.js,Lazy Test,"{'line': 289, 'column': 22, 'index': 7503}","  287 |     process.env.FETCH_MULTI_PAGE_STARS = true;
  288 |
> 289 |     let stats = await fetchStats(""anuraghazra"");
      |                      ^ Lazy Test
  290 |     const rank = calculateRank({
  291 |       all_commits: false,
  292 |       commits: 100,"
/home/gabriel/Disk/Research/research-javascript-test-smells/repositories/github-readme-stats/tests/fetchStats.test.js,Lazy Test,"{'line': 290, 'column': 17, 'index': 7547}","  288 |
  289 |     let stats = await fetchStats(""anuraghazra"");
> 290 |     const rank = calculateRank({
      |                 ^ Lazy Test
  291 |       all_commits: false,
  292 |       commits: 100,
  293 |       prs: 300,"
/home/gabriel/Disk/Research/research-javascript-test-smells/repositories/github-readme-stats/tests/fetchStats.test.js,Lazy Test,"{'line': 320, 'column': 22, 'index': 8268}","  318 |     process.env.FETCH_MULTI_PAGE_STARS = ""false"";
  319 |
> 320 |     let stats = await fetchStats(""anuraghazra"");
      |                      ^ Lazy Test
  321 |     const rank = calculateRank({
  322 |       all_commits: false,
  323 |       commits: 100,"
/home/gabriel/Disk/Research/research-javascript-test-smells/repositories/github-readme-stats/tests/fetchStats.test.js,Lazy Test,"{'line': 321, 'column': 17, 'index': 8312}","  319 |
  320 |     let stats = await fetchStats(""anuraghazra"");
> 321 |     const rank = calculateRank({
      |                 ^ Lazy Test
  322 |       all_commits: false,
  323 |       commits: 100,
  324 |       prs: 300,"
/home/gabriel/Disk/Research/research-javascript-test-smells/repositories/github-readme-stats/tests/fetchStats.test.js,Lazy Test,"{'line': 351, 'column': 22, 'index': 9028}","  349 |     process.env.FETCH_MULTI_PAGE_STARS = undefined;
  350 |
> 351 |     let stats = await fetchStats(""anuraghazra"");
      |                      ^ Lazy Test
  352 |     const rank = calculateRank({
  353 |       all_commits: false,
  354 |       commits: 100,"
/home/gabriel/Disk/Research/research-javascript-test-smells/repositories/github-readme-stats/tests/fetchStats.test.js,Lazy Test,"{'line': 352, 'column': 17, 'index': 9072}","  350 |
  351 |     let stats = await fetchStats(""anuraghazra"");
> 352 |     const rank = calculateRank({
      |                 ^ Lazy Test
  353 |       all_commits: false,
  354 |       commits: 100,
  355 |       prs: 300,"
/home/gabriel/Disk/Research/research-javascript-test-smells/repositories/github-readme-stats/tests/fetchStats.test.js,Lazy Test,"{'line': 380, 'column': 22, 'index': 9713}","  378 |
  379 |   it(""should not fetch additional stats data when it not requested"", async () => {
> 380 |     let stats = await fetchStats(""anuraghazra"");
      |                      ^ Lazy Test
  381 |     const rank = calculateRank({
  382 |       all_commits: false,
  383 |       commits: 100,"
/home/gabriel/Disk/Research/research-javascript-test-smells/repositories/github-readme-stats/tests/fetchStats.test.js,Lazy Test,"{'line': 381, 'column': 17, 'index': 9757}","  379 |   it(""should not fetch additional stats data when it not requested"", async () => {
  380 |     let stats = await fetchStats(""anuraghazra"");
> 381 |     const rank = calculateRank({
      |                 ^ Lazy Test
  382 |       all_commits: false,
  383 |       commits: 100,
  384 |       prs: 300,"
/home/gabriel/Disk/Research/research-javascript-test-smells/repositories/github-readme-stats/tests/fetchStats.test.js,Lazy Test,"{'line': 409, 'column': 22, 'index': 10385}","  407 |
  408 |   it(""should fetch additional stats when it requested"", async () => {
> 409 |     let stats = await fetchStats(""anuraghazra"", false, [], true, true, true);
      |                      ^ Lazy Test
  410 |     const rank = calculateRank({
  411 |       all_commits: false,
  412 |       commits: 100,"
/home/gabriel/Disk/Research/research-javascript-test-smells/repositories/github-readme-stats/tests/fetchStats.test.js,Lazy Test,"{'line': 410, 'column': 17, 'index': 10458}","  408 |   it(""should fetch additional stats when it requested"", async () => {
  409 |     let stats = await fetchStats(""anuraghazra"", false, [], true, true, true);
> 410 |     const rank = calculateRank({
      |                 ^ Lazy Test
  411 |       all_commits: false,
  412 |       commits: 100,
  413 |       prs: 300,"
/home/gabriel/Disk/Research/research-javascript-test-smells/repositories/github-readme-stats/tests/fetchStats.test.js,Lazy Test,"{'line': 438, 'column': 22, 'index': 11079}","  436 |
  437 |   it(""should get commits of provided year"", async () => {
> 438 |     let stats = await fetchStats(
      |                      ^ Lazy Test
  439 |       ""anuraghazra"",
  440 |       false,
  441 |       [],"
/home/gabriel/Disk/Research/research-javascript-test-smells/repositories/github-readme-stats/tests/fetchStats.test.js,Lazy Test,"{'line': 448, 'column': 17, 'index': 11211}","  446 |     );
  447 |
> 448 |     const rank = calculateRank({
      |                 ^ Lazy Test
  449 |       all_commits: false,
  450 |       commits: 428,
  451 |       prs: 300,"
/home/gabriel/Disk/Research/research-javascript-test-smells/repositories/github-readme-stats/tests/fetchStats.test.js,Lazy Test,"{'line': 480, 'column': 24, 'index': 11981}","  478 |       .onPost(""https://api.github.com/graphql"")
  479 |       .reply(200, data_without_pull_requests);
> 480 |     const stats = await fetchStats(""anuraghazra"", false, [], true);
      |                        ^ Lazy Test
  481 |     const rank = calculateRank({
  482 |       all_commits: false,
  483 |       commits: 100,"
/home/gabriel/Disk/Research/research-javascript-test-smells/repositories/github-readme-stats/tests/fetchStats.test.js,Lazy Test,"{'line': 481, 'column': 17, 'index': 12042}","  479 |       .reply(200, data_without_pull_requests);
  480 |     const stats = await fetchStats(""anuraghazra"", false, [], true);
> 481 |     const rank = calculateRank({
      |                 ^ Lazy Test
  482 |       all_commits: false,
  483 |       commits: 100,
  484 |       prs: 0,"
/home/gabriel/Disk/Research/research-javascript-test-smells/repositories/github-readme-stats/tests/fetchRepo.test.js,Lazy Test,"{'line': 45, 'column': 21, 'index': 1030}","  43 |     mock.onPost(""https://api.github.com/graphql"").reply(200, data_user);
  44 |
> 45 |     let repo = await fetchRepo(""anuraghazra"", ""convoychat"");
     |                     ^ Lazy Test
  46 |
  47 |     expect(repo).toStrictEqual({
  48 |       ...data_repo.repository,"
/home/gabriel/Disk/Research/research-javascript-test-smells/repositories/github-readme-stats/tests/fetchRepo.test.js,Lazy Test,"{'line': 56, 'column': 21, 'index': 1357}","  54 |     mock.onPost(""https://api.github.com/graphql"").reply(200, data_org);
  55 |
> 56 |     let repo = await fetchRepo(""anuraghazra"", ""convoychat"");
     |                     ^ Lazy Test
  57 |     expect(repo).toStrictEqual({
  58 |       ...data_repo.repository,
  59 |       starCount: data_repo.repository.stargazers.totalCount,"
/home/gabriel/Disk/Research/research-javascript-test-smells/repositories/github-readme-stats/tests/fetchRepo.test.js,Lazy Test,"{'line': 68, 'column': 17, 'index': 1768}","  66 |       .reply(200, { data: { user: { repository: null }, organization: null } });
  67 |
> 68 |     await expect(fetchRepo(""anuraghazra"", ""convoychat"")).rejects.toThrow(
     |                 ^ Lazy Test
  69 |       ""User Repository Not found"",
  70 |     );
  71 |   });"
/home/gabriel/Disk/Research/research-javascript-test-smells/repositories/github-readme-stats/tests/fetchRepo.test.js,Lazy Test,"{'line': 78, 'column': 17, 'index': 2104}","  76 |       .reply(200, { data: { user: null, organization: { repository: null } } });
  77 |
> 78 |     await expect(fetchRepo(""anuraghazra"", ""convoychat"")).rejects.toThrow(
     |                 ^ Lazy Test
  79 |       ""Organization Repository Not found"",
  80 |     );
  81 |   });"
/home/gabriel/Disk/Research/research-javascript-test-smells/repositories/github-readme-stats/tests/fetchRepo.test.js,Lazy Test,"{'line': 88, 'column': 17, 'index': 2433}","  86 |       .reply(200, { data: { user: null, organization: null } });
  87 |
> 88 |     await expect(fetchRepo(""anuraghazra"", ""convoychat"")).rejects.toThrow(
     |                 ^ Lazy Test
  89 |       ""Not found"",
  90 |     );
  91 |   });"
/home/gabriel/Disk/Research/research-javascript-test-smells/repositories/github-readme-stats/tests/fetchRepo.test.js,Lazy Test,"{'line': 101, 'column': 17, 'index': 2794}","   99 |     });
  100 |
> 101 |     await expect(fetchRepo(""anuraghazra"", ""convoychat"")).rejects.toThrow(
      |                 ^ Lazy Test
  102 |       ""User Repository Not found"",
  103 |     );
  104 |   });"
/home/gabriel/Disk/Research/research-javascript-test-smells/repositories/github-readme-stats/tests/fetchGist.test.js,Lazy Test,"{'line': 81, 'column': 21, 'index': 1884}","  79 |     mock.onPost(""https://api.github.com/graphql"").reply(200, gist_data);
  80 |
> 81 |     let gist = await fetchGist(""bbfce31e0217a3689c8d961a356cb10d"");
     |                     ^ Lazy Test
  82 |
  83 |     expect(gist).toStrictEqual({
  84 |       name: ""countries.json"","
/home/gabriel/Disk/Research/research-javascript-test-smells/repositories/github-readme-stats/tests/fetchGist.test.js,Lazy Test,"{'line': 99, 'column': 17, 'index': 2632}","   97 |       .reply(200, gist_not_found_data);
   98 |
>  99 |     await expect(fetchGist(""bbfce31e0217a3689c8d961a356cb10d"")).rejects.toThrow(
      |                 ^ Lazy Test
  100 |       ""Gist not found"",
  101 |     );
  102 |   });"
/home/gabriel/Disk/Research/research-javascript-test-smells/repositories/github-readme-stats/tests/fetchGist.test.js,Lazy Test,"{'line': 107, 'column': 17, 'index': 2899}","  105 |     mock.onPost(""https://api.github.com/graphql"").reply(200, gist_errors_data);
  106 |
> 107 |     await expect(fetchGist(""bbfce31e0217a3689c8d961a356cb10d"")).rejects.toThrow(
      |                 ^ Lazy Test
  108 |       ""Some test GraphQL error"",
  109 |     );
  110 |   });"
/home/gabriel/Disk/Research/research-javascript-test-smells/repositories/github-readme-stats/tests/fetchGist.test.js,Lazy Test,"{'line': 113, 'column': 17, 'index': 3090}","  111 |
  112 |   it(""should throw error if id is not provided"", async () => {
> 113 |     await expect(fetchGist()).rejects.toThrow(
      |                 ^ Lazy Test
  114 |       'Missing params ""id"" make sure you pass the parameters in URL',
  115 |     );
  116 |   });"
/home/gabriel/Disk/Research/research-javascript-test-smells/repositories/github-readme-stats/tests/color.test.js,Lazy Test,"{'line': 6, 'column': 17, 'index': 220}","  4 | describe(""Test color.js"", () => {
  5 |   it(""getCardColors: should return expected values"", () => {
> 6 |     let colors = getCardColors({
    |                 ^ Lazy Test
  7 |       title_color: ""f00"",
  8 |       text_color: ""0f0"",
  9 |       ring_color: ""0000ff"","
/home/gabriel/Disk/Research/research-javascript-test-smells/repositories/github-readme-stats/tests/color.test.js,Lazy Test,"{'line': 26, 'column': 17, 'index': 725}","  24 |
  25 |   it(""getCardColors: should fallback to default colors if color is invalid"", () => {
> 26 |     let colors = getCardColors({
     |                 ^ Lazy Test
  27 |       title_color: ""invalidcolor"",
  28 |       text_color: ""0f0"",
  29 |       icon_color: ""00f"","
/home/gabriel/Disk/Research/research-javascript-test-smells/repositories/github-readme-stats/tests/color.test.js,Lazy Test,"{'line': 45, 'column': 17, 'index': 1232}","  43 |
  44 |   it(""getCardColors: should fallback to specified theme colors if is not defined"", () => {
> 45 |     let colors = getCardColors({
     |                 ^ Lazy Test
  46 |       theme: ""dark"",
  47 |     });
  48 |     expect(colors).toStrictEqual({"
/home/gabriel/Disk/Research/research-javascript-test-smells/repositories/github-readme-stats/tests/color.test.js,Lazy Test,"{'line': 59, 'column': 17, 'index': 1613}","  57 |
  58 |   it(""getCardColors: should return ring color equal to title color if not ring color is defined"", () => {
> 59 |     let colors = getCardColors({
     |                 ^ Lazy Test
  60 |       title_color: ""f00"",
  61 |       text_color: ""0f0"",
  62 |       icon_color: ""00f"","
/home/gabriel/Disk/Research/research-javascript-test-smells/repositories/github-readme-stats/tests/card.test.js,Duplicate Assert,"{'line': 87, 'column': 4, 'index': 2567}","  85 |     const card = new Card({ height: 200, width: 200, title: ""ok"" });
  86 |     document.body.innerHTML = card.render(``);
> 87 |     expect(document.getElementsByTagName(""svg"")[0]).toHaveAttribute(
     |    ^ Duplicate Assert
  88 |       ""height"",
  89 |       ""200"",
  90 |     );"
/home/gabriel/Disk/Research/research-javascript-test-smells/repositories/github-readme-stats/tests/card.test.js,Duplicate Assert,"{'line': 91, 'column': 4, 'index': 2672}","  89 |       ""200"",
  90 |     );
> 91 |     expect(document.getElementsByTagName(""svg"")[0]).toHaveAttribute(
     |    ^ Duplicate Assert
  92 |       ""width"",
  93 |       ""200"",
  94 |     );"
/home/gabriel/Disk/Research/research-javascript-test-smells/repositories/github-readme-stats/tests/card.test.js,Lazy Test,"{'line': 130, 'column': 58, 'index': 3899}","  128 |   it(""should render with correct colors"", () => {
  129 |     // returns theme based colors with proper overrides and defaults
> 130 |     const { titleColor, textColor, iconColor, bgColor } = getCardColors({
      |                                                          ^ Lazy Test
  131 |       title_color: ""f00"",
  132 |       icon_color: ""0f0"",
  133 |       text_color: ""00f"","
/home/gabriel/Disk/Research/research-javascript-test-smells/repositories/github-readme-stats/tests/card.test.js,Lazy Test,"{'line': 160, 'column': 58, 'index': 4706}","  158 |   });
  159 |   it(""should render gradient backgrounds"", () => {
> 160 |     const { titleColor, textColor, iconColor, bgColor } = getCardColors({
      |                                                          ^ Lazy Test
  161 |       title_color: ""f00"",
  162 |       icon_color: ""0f0"",
  163 |       text_color: ""00f"","
/home/gabriel/Disk/Research/research-javascript-test-smells/repositories/github-readme-stats/tests/calculateRank.test.js,Lazy Test,"{'line': 8, 'column': 6, 'index': 242}","   6 |   it(""new user gets C rank"", () => {
   7 |     expect(
>  8 |       calculateRank({
     |      ^ Lazy Test
   9 |         all_commits: false,
  10 |         commits: 0,
  11 |         prs: 0,"
/home/gabriel/Disk/Research/research-javascript-test-smells/repositories/github-readme-stats/tests/calculateRank.test.js,Lazy Test,"{'line': 23, 'column': 6, 'index': 551}","  21 |   it(""beginner user gets B- rank"", () => {
  22 |     expect(
> 23 |       calculateRank({
     |      ^ Lazy Test
  24 |         all_commits: false,
  25 |         commits: 125,
  26 |         prs: 25,"
/home/gabriel/Disk/Research/research-javascript-test-smells/repositories/github-readme-stats/tests/calculateRank.test.js,Lazy Test,"{'line': 38, 'column': 6, 'index': 878}","  36 |   it(""median user gets B+ rank"", () => {
  37 |     expect(
> 38 |       calculateRank({
     |      ^ Lazy Test
  39 |         all_commits: false,
  40 |         commits: 250,
  41 |         prs: 50,"
/home/gabriel/Disk/Research/research-javascript-test-smells/repositories/github-readme-stats/tests/calculateRank.test.js,Lazy Test,"{'line': 53, 'column': 6, 'index': 1221}","  51 |   it(""average user gets B+ rank (include_all_commits)"", () => {
  52 |     expect(
> 53 |       calculateRank({
     |      ^ Lazy Test
  54 |         all_commits: true,
  55 |         commits: 1000,
  56 |         prs: 50,"
/home/gabriel/Disk/Research/research-javascript-test-smells/repositories/github-readme-stats/tests/calculateRank.test.js,Lazy Test,"{'line': 68, 'column': 6, 'index': 1542}","  66 |   it(""advanced user gets A rank"", () => {
  67 |     expect(
> 68 |       calculateRank({
     |      ^ Lazy Test
  69 |         all_commits: false,
  70 |         commits: 500,
  71 |         prs: 100,"
/home/gabriel/Disk/Research/research-javascript-test-smells/repositories/github-readme-stats/tests/calculateRank.test.js,Lazy Test,"{'line': 83, 'column': 6, 'index': 1873}","  81 |   it(""expert user gets A+ rank"", () => {
  82 |     expect(
> 83 |       calculateRank({
     |      ^ Lazy Test
  84 |         all_commits: false,
  85 |         commits: 1000,
  86 |         prs: 200,"
/home/gabriel/Disk/Research/research-javascript-test-smells/repositories/github-readme-stats/tests/calculateRank.test.js,Lazy Test,"{'line': 98, 'column': 6, 'index': 2207}","   96 |   it(""sindresorhus gets S rank"", () => {
   97 |     expect(
>  98 |       calculateRank({
      |      ^ Lazy Test
   99 |         all_commits: false,
  100 |         commits: 1300,
  101 |         prs: 1500,"
/home/gabriel/Disk/Research/research-javascript-test-smells/repositories/github-readme-stats/tests/api.test.js,Duplicate Assert,"{'line': 281, 'column': 6, 'index': 7161}","  279 |       await api(req, res);
  280 |
> 281 |       expect(res.setHeader.mock.calls).toEqual([
      |      ^ Duplicate Assert
  282 |         [""Content-Type"", ""image/svg+xml""],
  283 |         [
  284 |           ""Cache-Control"","
/home/gabriel/Disk/Research/research-javascript-test-smells/repositories/github-readme-stats/tests/api.test.js,Duplicate Assert,"{'line': 297, 'column': 6, 'index': 7624}","  295 |       await api(req, res);
  296 |
> 297 |       expect(res.setHeader.mock.calls).toEqual([
      |      ^ Duplicate Assert
  298 |         [""Content-Type"", ""image/svg+xml""],
  299 |         [
  300 |           ""Cache-Control"","
/home/gabriel/Disk/Research/research-javascript-test-smells/repositories/github-readme-stats/tests/api.test.js,Duplicate Assert,"{'line': 297, 'column': 6, 'index': 7624}","  295 |       await api(req, res);
  296 |
> 297 |       expect(res.setHeader.mock.calls).toEqual([
      |      ^ Duplicate Assert
  298 |         [""Content-Type"", ""image/svg+xml""],
  299 |         [
  300 |           ""Cache-Control"","
/home/gabriel/Disk/Research/research-javascript-test-smells/repositories/github-readme-stats/tests/api.test.js,Duplicate Assert,"{'line': 312, 'column': 6, 'index': 8053}","  310 |       await api(req, res);
  311 |
> 312 |       expect(res.setHeader.mock.calls).toEqual([
      |      ^ Duplicate Assert
  313 |         [""Content-Type"", ""image/svg+xml""],
  314 |         [
  315 |           ""Cache-Control"","
/home/gabriel/Disk/Research/research-javascript-test-smells/repositories/github-readme-stats/tests/api.test.js,Duplicate Assert,"{'line': 312, 'column': 6, 'index': 8053}","  310 |       await api(req, res);
  311 |
> 312 |       expect(res.setHeader.mock.calls).toEqual([
      |      ^ Duplicate Assert
  313 |         [""Content-Type"", ""image/svg+xml""],
  314 |         [
  315 |           ""Cache-Control"","
/home/gabriel/Disk/Research/research-javascript-test-smells/repositories/github-readme-stats/tests/api.test.js,Lazy Test,"{'line': 126, 'column': 6, 'index': 2878}","  124 |     expect(res.setHeader).toHaveBeenCalledWith(""Content-Type"", ""image/svg+xml"");
  125 |     expect(res.send).toHaveBeenCalledWith(
> 126 |       renderStatsCard(stats, { ...req.query }),
      |      ^ Lazy Test
  127 |     );
  128 |   });
  129 |"
/home/gabriel/Disk/Research/research-javascript-test-smells/repositories/github-readme-stats/tests/api.test.js,Lazy Test,"{'line': 137, 'column': 6, 'index': 3190}","  135 |     expect(res.setHeader).toHaveBeenCalledWith(""Content-Type"", ""image/svg+xml"");
  136 |     expect(res.send).toHaveBeenCalledWith(
> 137 |       renderError({
      |      ^ Lazy Test
  138 |         message: error.errors[0].message,
  139 |         secondaryMessage:
  140 |           ""Make sure the provided username is not an organization"","
/home/gabriel/Disk/Research/research-javascript-test-smells/repositories/github-readme-stats/tests/api.test.js,Lazy Test,"{'line': 152, 'column': 6, 'index': 3659}","  150 |     expect(res.setHeader).toHaveBeenCalledWith(""Content-Type"", ""image/svg+xml"");
  151 |     expect(res.send).toHaveBeenCalledWith(
> 152 |       renderError({
      |      ^ Lazy Test
  153 |         message: error.errors[0].message,
  154 |         secondaryMessage:
  155 |           ""Make sure the provided username is not an organization"","
/home/gabriel/Disk/Research/research-javascript-test-smells/repositories/github-readme-stats/tests/api.test.js,Lazy Test,"{'line': 181, 'column': 6, 'index': 4414}","  179 |     expect(res.setHeader).toHaveBeenCalledWith(""Content-Type"", ""image/svg+xml"");
  180 |     expect(res.send).toHaveBeenCalledWith(
> 181 |       renderStatsCard(stats, {
      |      ^ Lazy Test
  182 |         hide: [""issues"", ""prs"", ""contribs""],
  183 |         show_icons: true,
  184 |         hide_border: true,"
/home/gabriel/Disk/Research/research-javascript-test-smells/repositories/github-readme-stats/tests/api.test.js,Lazy Test,"{'line': 345, 'column': 6, 'index': 8948}","  343 |     expect(res.setHeader).toHaveBeenCalledWith(""Content-Type"", ""image/svg+xml"");
  344 |     expect(res.send).toHaveBeenCalledWith(
> 345 |       renderStatsCard(stats, {
      |      ^ Lazy Test
  346 |         hide: [""issues"", ""prs"", ""contribs""],
  347 |         show_icons: true,
  348 |         hide_border: true,"
/home/gabriel/Disk/Research/research-javascript-test-smells/repositories/github-readme-stats/tests/api.test.js,Lazy Test,"{'line': 366, 'column': 6, 'index': 9561}","  364 |     expect(res.setHeader).toHaveBeenCalledWith(""Content-Type"", ""image/svg+xml"");
  365 |     expect(res.send).toHaveBeenCalledWith(
> 366 |       renderError({
      |      ^ Lazy Test
  367 |         message: ""This username is blacklisted"",
  368 |         secondaryMessage: ""Please deploy your own instance"",
  369 |         renderOptions: { show_repo_link: false },"
/home/gabriel/Disk/Research/research-javascript-test-smells/repositories/github-readme-stats/tests/api.test.js,Lazy Test,"{'line': 381, 'column': 6, 'index': 10057}","  379 |     expect(res.setHeader).toHaveBeenCalledWith(""Content-Type"", ""image/svg+xml"");
  380 |     expect(res.send).toHaveBeenCalledWith(
> 381 |       renderError({
      |      ^ Lazy Test
  382 |         message: ""Something went wrong"",
  383 |         secondaryMessage: ""Language not found"",
  384 |       }),"
/home/gabriel/Disk/Research/research-javascript-test-smells/repositories/github-readme-stats/tests/api.test.js,Lazy Test,"{'line': 402, 'column': 6, 'index': 10702}","  400 |     expect(res.setHeader).toHaveBeenCalledWith(""Content-Type"", ""image/svg+xml"");
  401 |     expect(res.send).toHaveBeenCalledWith(
> 402 |       renderError({
      |      ^ Lazy Test
  403 |         message: ""Could not fetch total commits."",
  404 |         secondaryMessage: ""Please try again later"",
  405 |       }),"
/home/gabriel/Disk/Research/research-javascript-test-smells/repositories/github-readme-stats/tests/e2e/e2e.test.js,Redundant Print,"{'line': 141, 'column': 4, 'index': 3480}","  139 |
  140 |     // Check if the Vercel preview instance language card function is up and running.
> 141 |     console.log(
      |    ^ Redundant Print
  142 |       `${VERCEL_PREVIEW_URL}/api/top-langs/?username=${USER}&${CACHE_BURST_STRING}`,
  143 |     );
  144 |     await expect("
