file,type,line,method,methodStart,methodEnd,source
/tests/Rickshaw.Series.test.js,SubOptimalAssert,"{'startLine':51,'endLine':51}","test('should add a new series item', () => {
      const series = createSeries();

      series.addItem({
        name: 'series2',
        data: [
          { x: 0, y: 10 },
          { x: 1, y: 13 },
          { x: 2, y: 12 }
        ]
      });

      expect(series.length).toBe(2);
      expect(series[1].name).toBe('series2');
      expect(series[1].data).toHaveLength(3);
    })",39,54,snuts
/tests/Rickshaw.Series.FixedDuration.test.js,SubOptimalAssert,"{'startLine':79,'endLine':79}","test('maintains maxDataPoints limit', () => {
      const maxPoints = 20;
      const series = new Rickshaw.Series.FixedDuration(
        [createSeriesData()],
        'spectrum2001',
        {
          timeBase: 0,
          timeInterval: 1,
          maxDataPoints: maxPoints
        }
      );

      // Add data points beyond maxDataPoints limit
      for (let i = 0; i < 300; i++) {
        series.addData({ series1: 42 });
      }

      // series[0].data.length is maxPoints + 2 because of how Rickshaw handles
      // data point interpolation at the edges of the time window
      expect(series[0].data.length).toBe(maxPoints + 2);
      expect(series.currentSize).toBe(maxPoints);
    })",60,81,snuts
/tests/Rickshaw.Graph.test.js,VerboseStatement,"{'startLine':97,'endLine':151}","test('handles custom d3 scales', () => {
      const element = document.createElement('div');
      document.body.appendChild(element);

      const times = [1380000000000, 1390000000000];
      const series = [{
        color: 'steelblue',
        data: [
          { x: times[0], y: 40 },
          { x: times[1], y: 49 }
        ]
      }];

      const scale = d3.time.scale();
      const graph = new Rickshaw.Graph({
        element: element,
        width: 960,
        height: 500,
        xScale: scale,
        yScale: d3.scale.sqrt(),
        series: series
      });

      graph.render();

      const xAxis = new Rickshaw.Graph.Axis.X({
        graph: graph,
        tickFormat: graph.x.tickFormat()
      });
      xAxis.render();

      const yAxis = new Rickshaw.Graph.Axis.Y({
        graph: graph
      });
      yAxis.render();

      // Check x-axis ticks
      expect(graph.x.ticks()[0]).toBeInstanceOf(Date);
      const xTicks = element.getElementsByClassName('x_ticks_d3')[0].getElementsByTagName('text');
      expect(xTicks[0].innerHTML).toBe('Sep 29');
      expect(xTicks[1].innerHTML).toBe('Oct 06');
      expect(xTicks[8].innerHTML).toBe('Nov 24');

      // Check y-axis ticks
      const yTicks = element.getElementsByClassName('y_ticks')[0].getElementsByTagName('g');
      expect(yTicks[0].getAttribute('transform')).toBe('translate(0,500)');
      expect(yTicks[1].getAttribute('transform')).toBe('translate(0,275.24400874015976)');
      expect(yTicks[2].getAttribute('transform')).toBe('translate(0,182.14702893572516)');

      // Check scale independence
      scale.range([0, 960]);
      expect(scale.range()).toEqual(graph.x.range());
      scale.range([0, 1]);
      expect(scale.range()).not.toEqual(graph.x.range());
    })",97,151,snuts
/tests/Rickshaw.Graph.Renderer.Scatterplot.test.js,OvercommentedTest,"{'startLine':41,'endLine':85}","test('should set series opacity correctly', () => {
    const element = document.createElement('div');
    
    // Create a graph with varying opacity values
    const graph = new Rickshaw.Graph({
      element,
      stroke: true,
      width: 10,
      height: 10,
      renderer: 'scatterplot',
      series: [
        {
          className: 'fnord',
          data: [
            { x: 0, y: 40 },
            { x: 1, y: 49 },
            { x: 2, y: 38 },
            { x: 3, y: 30 }
          ],
          opacity: 0.8
        },
        {
          className: 'fnord',
          data: [{ x: 4, y: 32 }]
        },
        {
          className: 'fnord',
          opacity: 0,
          data: [{ x: 5, y: 32 }]
        }
      ]
    });

    // Render the graph
    graph.render();

    // Query all circles - in D3 v3, the selection itself is an array-like object
    const circles = graph.vis.selectAll('circle.fnord');

    // Test different opacity values using D3 v3's array-like selection format
    expect(circles[0][1].getAttribute('opacity')).toBe('0.8'); // Custom opacity
    expect(circles[0][4].getAttribute('opacity')).toBe('1');   // Default opacity
    expect(circles[0][5].getAttribute('opacity')).toBe('0');   // Zero opacity
    element.remove();
  })",41,85,snuts
/tests/Rickshaw.Graph.Renderer.LinePlot.test.js,OvercommentedTest,"{'startLine':76,'endLine':106}","test('renders circles for data points', () => {
    const { graph, element } = createGraph();
    graph.render();

    // Should have 6 circles (3 points × 2 series)
    const circles = element.querySelectorAll('circle');
    expect(circles.length).toBe(6);

    // Check circle attributes
    circles.forEach(circle => {
      expect(circle.hasAttribute('cx')).toBe(true);
      expect(circle.hasAttribute('cy')).toBe(true);
      expect(circle.getAttribute('r')).toBe('3'); // default dotSize
      expect(circle.getAttribute('fill')).toBe('white');
      expect(circle.getAttribute('stroke-width')).toBe('2'); // default strokeWidth
    });

    // First series circles
    const firstSeriesCircles = Array.from(circles).slice(0, 3);
    firstSeriesCircles.forEach(circle => {
      expect(circle.getAttribute('stroke')).toBe('#ff0000');
      expect(circle.getAttribute('data-color')).toBe('#ff0000');
    });

    // Second series circles
    const secondSeriesCircles = Array.from(circles).slice(3);
    secondSeriesCircles.forEach(circle => {
      expect(circle.getAttribute('stroke')).toBe('#00ff00');
      expect(circle.getAttribute('data-color')).toBe('#00ff00');
    });
  })",76,106,snuts
/tests/Rickshaw.Graph.Renderer.LinePlot.test.js,SubOptimalAssert,"{'startLine':68,'endLine':68}","test('renders paths for each series', () => {
    const { graph, element } = createGraph();
    graph.render();

    // Should have two paths (one for each series)
    const paths = element.querySelectorAll('path');
    expect(paths.length).toBe(2);

    // Each path should have a d attribute
    paths.forEach(path => {
      expect(path.hasAttribute('d')).toBe(true);
    });
  })",62,74,snuts
/tests/Rickshaw.Graph.Renderer.LinePlot.test.js,SubOptimalAssert,"{'startLine':82,'endLine':82}","test('renders circles for data points', () => {
    const { graph, element } = createGraph();
    graph.render();

    // Should have 6 circles (3 points × 2 series)
    const circles = element.querySelectorAll('circle');
    expect(circles.length).toBe(6);

    // Check circle attributes
    circles.forEach(circle => {
      expect(circle.hasAttribute('cx')).toBe(true);
      expect(circle.hasAttribute('cy')).toBe(true);
      expect(circle.getAttribute('r')).toBe('3'); // default dotSize
      expect(circle.getAttribute('fill')).toBe('white');
      expect(circle.getAttribute('stroke-width')).toBe('2'); // default strokeWidth
    });

    // First series circles
    const firstSeriesCircles = Array.from(circles).slice(0, 3);
    firstSeriesCircles.forEach(circle => {
      expect(circle.getAttribute('stroke')).toBe('#ff0000');
      expect(circle.getAttribute('data-color')).toBe('#ff0000');
    });

    // Second series circles
    const secondSeriesCircles = Array.from(circles).slice(3);
    secondSeriesCircles.forEach(circle => {
      expect(circle.getAttribute('stroke')).toBe('#00ff00');
      expect(circle.getAttribute('data-color')).toBe('#00ff00');
    });
  })",76,106,snuts
/tests/Rickshaw.Graph.Renderer.LinePlot.test.js,SubOptimalAssert,"{'startLine':168,'endLine':168}","test('skips disabled series', () => {
    const { graph, element } = createGraph({
      series: [{
        color: '#ff0000',
        data: [
          { x: 0, y: 20 },
          { x: 1, y: 25 },
          { x: 2, y: 15 }
        ]
      }, {
        color: '#00ff00',
        disabled: true,
        data: [
          { x: 0, y: 10 },
          { x: 1, y: 15 },
          { x: 2, y: 30 }
        ]
      }]
    });
    graph.render();

    // Should only have one path and three circles
    const paths = element.querySelectorAll('path');
    const circles = element.querySelectorAll('circle');
    expect(paths.length).toBe(1);
    expect(circles.length).toBe(3);
  })",144,170,snuts
/tests/Rickshaw.Graph.Renderer.LinePlot.test.js,SubOptimalAssert,"{'startLine':169,'endLine':169}","test('skips disabled series', () => {
    const { graph, element } = createGraph({
      series: [{
        color: '#ff0000',
        data: [
          { x: 0, y: 20 },
          { x: 1, y: 25 },
          { x: 2, y: 15 }
        ]
      }, {
        color: '#00ff00',
        disabled: true,
        data: [
          { x: 0, y: 10 },
          { x: 1, y: 15 },
          { x: 2, y: 30 }
        ]
      }]
    });
    graph.render();

    // Should only have one path and three circles
    const paths = element.querySelectorAll('path');
    const circles = element.querySelectorAll('circle');
    expect(paths.length).toBe(1);
    expect(circles.length).toBe(3);
  })",144,170,snuts
/tests/Rickshaw.Graph.Renderer.LinePlot.test.js,SubOptimalAssert,"{'startLine':194,'endLine':194}","test('handles null values', () => {
    const { graph, element } = createGraph({
      series: [{
        color: '#ff0000',
        data: [
          { x: 0, y: 20 },
          { x: 1, y: null },
          { x: 2, y: 15 }
        ]
      }, {
        color: '#00ff00',
        data: [
          { x: 0, y: 10 },
          { x: 1, y: 15 },
          { x: 2, y: 30 }
        ]
      }]
    });
    graph.render();

    // Should have 5 circles (2 points in first series + 3 points in second series)
    const circles = element.querySelectorAll('circle');
    expect(circles.length).toBe(5);

    // Path should still be rendered
    const paths = element.querySelectorAll('path');
    expect(paths.length).toBe(2);
  })",172,199,snuts
/tests/Rickshaw.Graph.Renderer.LinePlot.test.js,SubOptimalAssert,"{'startLine':198,'endLine':198}","test('handles null values', () => {
    const { graph, element } = createGraph({
      series: [{
        color: '#ff0000',
        data: [
          { x: 0, y: 20 },
          { x: 1, y: null },
          { x: 2, y: 15 }
        ]
      }, {
        color: '#00ff00',
        data: [
          { x: 0, y: 10 },
          { x: 1, y: 15 },
          { x: 2, y: 30 }
        ]
      }]
    });
    graph.render();

    // Should have 5 circles (2 points in first series + 3 points in second series)
    const circles = element.querySelectorAll('circle');
    expect(circles.length).toBe(5);

    // Path should still be rendered
    const paths = element.querySelectorAll('path');
    expect(paths.length).toBe(2);
  })",172,199,snuts
/tests/Rickshaw.Graph.RangeSlider.Preview.test.js,SubOptimalAssert,"{'startLine':55,'endLine':55}","test('initializes with default settings', () => {
    const element = createTestElement();
    const graph = createTestGraph();
    
    const preview = new Rickshaw.Graph.RangeSlider.Preview({
      element,
      graph
    });

    expect(preview.element).toBe(element);
    expect(preview.element.style.position).toBe('relative');
    expect(preview.graphs).toEqual([graph]);
    expect(preview.heightRatio).toBe(0.2);
    expect(preview.config.height).toBe(100); // 500 * 0.2
    expect(preview.config.width).toBe(960);
    expect(preview.previews.length).toBe(1);
  })",40,56,snuts
/tests/Rickshaw.Graph.RangeSlider.Preview.test.js,SubOptimalAssert,"{'startLine':91,'endLine':91}","test('supports multiple graphs', () => {
    const element = createTestElement();
    const graph1 = createTestGraph({ renderer: 'scatterplot', color: 'steelblue' });
    const graph2 = createTestGraph({ renderer: 'line', color: 'red' });

    const preview = new Rickshaw.Graph.RangeSlider.Preview({
      element,
      graphs: [graph1, graph2]
    });

    expect(preview.graphs.length).toBe(2);
    expect(preview.previews.length).toBe(2);
    expect(preview.previews[0].renderer.name).toBe('scatterplot');
    expect(preview.previews[1].renderer.name).toBe('line');
  })",81,95,snuts
/tests/Rickshaw.Graph.RangeSlider.Preview.test.js,SubOptimalAssert,"{'startLine':92,'endLine':92}","test('supports multiple graphs', () => {
    const element = createTestElement();
    const graph1 = createTestGraph({ renderer: 'scatterplot', color: 'steelblue' });
    const graph2 = createTestGraph({ renderer: 'line', color: 'red' });

    const preview = new Rickshaw.Graph.RangeSlider.Preview({
      element,
      graphs: [graph1, graph2]
    });

    expect(preview.graphs.length).toBe(2);
    expect(preview.previews.length).toBe(2);
    expect(preview.previews[0].renderer.name).toBe('scatterplot');
    expect(preview.previews[1].renderer.name).toBe('line');
  })",81,95,snuts
/tests/Rickshaw.Graph.Legend.test.js,SubOptimalAssert,"{'startLine':37,'endLine':37}","test('renders legend with correct items', () => {
    const graph = createTestGraph();
    const legendElement = document.createElement('div');
    
    const legend = new Rickshaw.Graph.Legend({
      graph,
      element: legendElement
    });

    const items = legendElement.getElementsByTagName('li');
    expect(items.length).toBe(2);
    expect(items[1].getElementsByClassName('label')[0].innerHTML).toBe('foo');
    expect(items[0].getElementsByClassName('label')[0].innerHTML).toBe('bar');

    // Clean up
    graph.element.remove();
    legendElement.remove();
  })",27,44,snuts
/tests/Rickshaw.Graph.HoverDetail.test.js,SubOptimalAssert,"{'startLine':58,'endLine':58}","test('initializes with default settings', () => {
    const element = document.createElement('div');
    const graph = createTestGraph(element);
    
    const hoverDetail = new Rickshaw.Graph.HoverDetail({
      graph
    });

    expect(hoverDetail.visible).toBe(true);
    expect(typeof hoverDetail.formatter).toBe('function');
    expect(typeof hoverDetail.xFormatter).toBe('function');
    expect(typeof hoverDetail.yFormatter).toBe('function');

    const detail = d3.select(element).selectAll('.detail');
    expect(hoverDetail.element).toBe(detail[0][0]);
    expect(detail[0].length).toBe(1);

    // Clean up
    element.remove();
  })",43,62,snuts
/tests/Rickshaw.Graph.HoverDetail.test.js,SubOptimalAssert,"{'startLine':137,'endLine':137}","test('updates correctly on mouse events', () => {
    const element = document.createElement('div');
    const graph = createTestGraph(element);
    
    const hoverDetail = new Rickshaw.Graph.HoverDetail({
      graph
    });
    hoverDetail.render = jest.fn();

    // Test update without event
    hoverDetail.update();
    expect(hoverDetail.render).not.toHaveBeenCalled();

    // Test direct render with points
    hoverDetail.render({
      points: [{
        active: true,
        series: graph.series[0],
        value: graph.series[0].data[0],
        formattedXValue: '4 foo',
        formattedYValue: '32 bar'
      }]
    });
    expect(hoverDetail.render).toHaveBeenCalledWith(expect.objectContaining({
      points: expect.arrayContaining([
        expect.objectContaining({
          active: true,
          value: expect.objectContaining({ x: 4, y: 32 })
        })
      ])
    }));

    // Test render with null value
    hoverDetail.render({
      points: [{
        active: true,
        series: graph.series[0],
        value: { y: null }
      }]
    });
    const items = d3.select(element).selectAll('.item');
    expect(items[0].length).toBe(0);

    // Clean up
    element.remove();
  })",96,141,snuts
/tests/Rickshaw.Graph.HoverDetail.test.js,SubOptimalAssert,"{'startLine':164,'endLine':164}","test('handles event listeners correctly', () => {
    const element = document.createElement('div');
    const graph = createTestGraph(element);
    
    const onHide = jest.fn();
    const hoverDetail = new Rickshaw.Graph.HoverDetail({
      graph,
      onHide
    });

    expect(typeof hoverDetail.mousemoveListener).toBe('function');
    expect(typeof hoverDetail.mouseoutListener).toBe('function');

    // Test mouseout event
    const mouseoutEvent = createMouseEvent('mouseout');
    element.dispatchEvent(mouseoutEvent);
    expect(onHide).toHaveBeenCalledTimes(1);
    expect(hoverDetail.visible).toBe(false);

    // Test SPA-like DOM manipulation
    expect(hoverDetail.element.parentNode).toBe(element);
    expect(element.childNodes.length).toBe(2);
    graph.element.removeChild(element.childNodes[0]);
    graph.element.removeChild(element.childNodes[0]);
    expect(element.innerHTML).toBe('');
    expect(hoverDetail.element.parentNode).toBe(null);

    // Test mousemove after DOM manipulation
    hoverDetail.update = jest.fn();
    const moveEvent = createMouseEvent('mousemove');
    element.dispatchEvent(moveEvent);
    expect(hoverDetail.visible).toBe(true);
    expect(hoverDetail.update).toHaveBeenCalledTimes(1);

    // Test listener removal
    hoverDetail.update = jest.fn();
    hoverDetail._removeListeners();
    element.dispatchEvent(moveEvent);
    expect(hoverDetail.update).not.toHaveBeenCalled();

    // Clean up
    element.remove();
  })",143,185,snuts
/tests/Rickshaw.Graph.HoverDetail.test.js,SubOptimalAssert,"{'startLine':168,'endLine':168}","test('handles event listeners correctly', () => {
    const element = document.createElement('div');
    const graph = createTestGraph(element);
    
    const onHide = jest.fn();
    const hoverDetail = new Rickshaw.Graph.HoverDetail({
      graph,
      onHide
    });

    expect(typeof hoverDetail.mousemoveListener).toBe('function');
    expect(typeof hoverDetail.mouseoutListener).toBe('function');

    // Test mouseout event
    const mouseoutEvent = createMouseEvent('mouseout');
    element.dispatchEvent(mouseoutEvent);
    expect(onHide).toHaveBeenCalledTimes(1);
    expect(hoverDetail.visible).toBe(false);

    // Test SPA-like DOM manipulation
    expect(hoverDetail.element.parentNode).toBe(element);
    expect(element.childNodes.length).toBe(2);
    graph.element.removeChild(element.childNodes[0]);
    graph.element.removeChild(element.childNodes[0]);
    expect(element.innerHTML).toBe('');
    expect(hoverDetail.element.parentNode).toBe(null);

    // Test mousemove after DOM manipulation
    hoverDetail.update = jest.fn();
    const moveEvent = createMouseEvent('mousemove');
    element.dispatchEvent(moveEvent);
    expect(hoverDetail.visible).toBe(true);
    expect(hoverDetail.update).toHaveBeenCalledTimes(1);

    // Test listener removal
    hoverDetail.update = jest.fn();
    hoverDetail._removeListeners();
    element.dispatchEvent(moveEvent);
    expect(hoverDetail.update).not.toHaveBeenCalled();

    // Clean up
    element.remove();
  })",143,185,snuts
/tests/Rickshaw.Graph.HoverDetail.test.js,SubOptimalAssert,"{'startLine':212,'endLine':212}","test('renders hover details correctly', () => {
    const element = document.createElement('div');
    const graph = createTestGraph(element);
    
    const onShow = jest.fn();
    const onHide = jest.fn();
    const onRender = jest.fn();
    
    const hoverDetail = new Rickshaw.Graph.HoverDetail({
      graph,
      onShow,
      onHide,
      onRender
    });

    // Test render with null value
    hoverDetail.render({
      points: [{
        active: true,
        series: graph.series[0],
        value: { y: null }
      }]
    });

    let items = d3.select(element).selectAll('.item');
    expect(items[0].length).toBe(0);
    expect(onRender).not.toHaveBeenCalled();

    // Test render with multiple points
    hoverDetail.render({
      points: [{
        active: true,
        series: graph.series[0],
        value: graph.series[0].data[0],
        formattedXValue: '4 foo',
        formattedYValue: '32 bar'
      }, {
        active: true,
        series: graph.series[0],
        value: graph.series[0].data[1]
      }, {
        active: true,
        series: graph.series[0],
        value: { y: null }
      }]
    });

    expect(onShow).toHaveBeenCalledTimes(1);
    expect(onRender).toHaveBeenCalledTimes(1);

    const xLabel = d3.select(element).selectAll('.x_label');
    expect(xLabel[0].length).toBe(1);
    expect(xLabel[0][0].innerHTML).toBe('4 foo');

    items = d3.select(element).selectAll('.item');
    expect(items[0].length).toBe(1);
    expect(items[0][0].innerHTML).toBe('testseries:&nbsp;32 bar');

    const dots = d3.select(element).selectAll('.dot');
    expect(dots[0].length).toBe(1);

    // Test hide functionality
    hoverDetail.hide();
    expect(onHide).toHaveBeenCalledTimes(1);

    // Clean up
    element.remove();
  })",187,254,snuts
/tests/Rickshaw.Graph.HoverDetail.test.js,SubOptimalAssert,"{'startLine':238,'endLine':238}","test('renders hover details correctly', () => {
    const element = document.createElement('div');
    const graph = createTestGraph(element);
    
    const onShow = jest.fn();
    const onHide = jest.fn();
    const onRender = jest.fn();
    
    const hoverDetail = new Rickshaw.Graph.HoverDetail({
      graph,
      onShow,
      onHide,
      onRender
    });

    // Test render with null value
    hoverDetail.render({
      points: [{
        active: true,
        series: graph.series[0],
        value: { y: null }
      }]
    });

    let items = d3.select(element).selectAll('.item');
    expect(items[0].length).toBe(0);
    expect(onRender).not.toHaveBeenCalled();

    // Test render with multiple points
    hoverDetail.render({
      points: [{
        active: true,
        series: graph.series[0],
        value: graph.series[0].data[0],
        formattedXValue: '4 foo',
        formattedYValue: '32 bar'
      }, {
        active: true,
        series: graph.series[0],
        value: graph.series[0].data[1]
      }, {
        active: true,
        series: graph.series[0],
        value: { y: null }
      }]
    });

    expect(onShow).toHaveBeenCalledTimes(1);
    expect(onRender).toHaveBeenCalledTimes(1);

    const xLabel = d3.select(element).selectAll('.x_label');
    expect(xLabel[0].length).toBe(1);
    expect(xLabel[0][0].innerHTML).toBe('4 foo');

    items = d3.select(element).selectAll('.item');
    expect(items[0].length).toBe(1);
    expect(items[0][0].innerHTML).toBe('testseries:&nbsp;32 bar');

    const dots = d3.select(element).selectAll('.dot');
    expect(dots[0].length).toBe(1);

    // Test hide functionality
    hoverDetail.hide();
    expect(onHide).toHaveBeenCalledTimes(1);

    // Clean up
    element.remove();
  })",187,254,snuts
/tests/Rickshaw.Graph.HoverDetail.test.js,SubOptimalAssert,"{'startLine':242,'endLine':242}","test('renders hover details correctly', () => {
    const element = document.createElement('div');
    const graph = createTestGraph(element);
    
    const onShow = jest.fn();
    const onHide = jest.fn();
    const onRender = jest.fn();
    
    const hoverDetail = new Rickshaw.Graph.HoverDetail({
      graph,
      onShow,
      onHide,
      onRender
    });

    // Test render with null value
    hoverDetail.render({
      points: [{
        active: true,
        series: graph.series[0],
        value: { y: null }
      }]
    });

    let items = d3.select(element).selectAll('.item');
    expect(items[0].length).toBe(0);
    expect(onRender).not.toHaveBeenCalled();

    // Test render with multiple points
    hoverDetail.render({
      points: [{
        active: true,
        series: graph.series[0],
        value: graph.series[0].data[0],
        formattedXValue: '4 foo',
        formattedYValue: '32 bar'
      }, {
        active: true,
        series: graph.series[0],
        value: graph.series[0].data[1]
      }, {
        active: true,
        series: graph.series[0],
        value: { y: null }
      }]
    });

    expect(onShow).toHaveBeenCalledTimes(1);
    expect(onRender).toHaveBeenCalledTimes(1);

    const xLabel = d3.select(element).selectAll('.x_label');
    expect(xLabel[0].length).toBe(1);
    expect(xLabel[0][0].innerHTML).toBe('4 foo');

    items = d3.select(element).selectAll('.item');
    expect(items[0].length).toBe(1);
    expect(items[0][0].innerHTML).toBe('testseries:&nbsp;32 bar');

    const dots = d3.select(element).selectAll('.dot');
    expect(dots[0].length).toBe(1);

    // Test hide functionality
    hoverDetail.hide();
    expect(onHide).toHaveBeenCalledTimes(1);

    // Clean up
    element.remove();
  })",187,254,snuts
/tests/Rickshaw.Graph.HoverDetail.test.js,SubOptimalAssert,"{'startLine':246,'endLine':246}","test('renders hover details correctly', () => {
    const element = document.createElement('div');
    const graph = createTestGraph(element);
    
    const onShow = jest.fn();
    const onHide = jest.fn();
    const onRender = jest.fn();
    
    const hoverDetail = new Rickshaw.Graph.HoverDetail({
      graph,
      onShow,
      onHide,
      onRender
    });

    // Test render with null value
    hoverDetail.render({
      points: [{
        active: true,
        series: graph.series[0],
        value: { y: null }
      }]
    });

    let items = d3.select(element).selectAll('.item');
    expect(items[0].length).toBe(0);
    expect(onRender).not.toHaveBeenCalled();

    // Test render with multiple points
    hoverDetail.render({
      points: [{
        active: true,
        series: graph.series[0],
        value: graph.series[0].data[0],
        formattedXValue: '4 foo',
        formattedYValue: '32 bar'
      }, {
        active: true,
        series: graph.series[0],
        value: graph.series[0].data[1]
      }, {
        active: true,
        series: graph.series[0],
        value: { y: null }
      }]
    });

    expect(onShow).toHaveBeenCalledTimes(1);
    expect(onRender).toHaveBeenCalledTimes(1);

    const xLabel = d3.select(element).selectAll('.x_label');
    expect(xLabel[0].length).toBe(1);
    expect(xLabel[0][0].innerHTML).toBe('4 foo');

    items = d3.select(element).selectAll('.item');
    expect(items[0].length).toBe(1);
    expect(items[0][0].innerHTML).toBe('testseries:&nbsp;32 bar');

    const dots = d3.select(element).selectAll('.dot');
    expect(dots[0].length).toBe(1);

    // Test hide functionality
    hoverDetail.hide();
    expect(onHide).toHaveBeenCalledTimes(1);

    // Clean up
    element.remove();
  })",187,254,snuts
/tests/Rickshaw.Graph.HoverDetail.test.js,SubOptimalAssert,"{'startLine':266,'endLine':266}","test('handles DOM cleanup correctly', () => {
    const element = document.createElement('div');
    const graph = createTestGraph(element);
    
    const hoverDetail = new Rickshaw.Graph.HoverDetail({
      graph
    });

    // Test initial DOM state
    expect(hoverDetail.element.parentNode).toBe(element);
    expect(element.childNodes.length).toBe(2);

    // Test SPA-like DOM cleanup
    graph.element.removeChild(element.childNodes[0]);
    graph.element.removeChild(element.childNodes[0]);
    expect(element.innerHTML).toBe('');
    expect(hoverDetail.element.parentNode).toBe(null);

    // Test event handling after cleanup
    hoverDetail.update = jest.fn();
    const moveEvent = createMouseEvent('mousemove');
    element.dispatchEvent(moveEvent);
    expect(hoverDetail.visible).toBe(true);
    expect(hoverDetail.update).toHaveBeenCalledTimes(1);

    // Test listener removal
    hoverDetail.update = jest.fn();
    hoverDetail._removeListeners();
    element.dispatchEvent(moveEvent);
    expect(hoverDetail.update).not.toHaveBeenCalled();

    // Clean up
    element.remove();
  })",256,289,snuts
/tests/Rickshaw.Graph.HoverDetail.test.js,SubOptimalAssert,"{'startLine':272,'endLine':272}","test('handles DOM cleanup correctly', () => {
    const element = document.createElement('div');
    const graph = createTestGraph(element);
    
    const hoverDetail = new Rickshaw.Graph.HoverDetail({
      graph
    });

    // Test initial DOM state
    expect(hoverDetail.element.parentNode).toBe(element);
    expect(element.childNodes.length).toBe(2);

    // Test SPA-like DOM cleanup
    graph.element.removeChild(element.childNodes[0]);
    graph.element.removeChild(element.childNodes[0]);
    expect(element.innerHTML).toBe('');
    expect(hoverDetail.element.parentNode).toBe(null);

    // Test event handling after cleanup
    hoverDetail.update = jest.fn();
    const moveEvent = createMouseEvent('mousemove');
    element.dispatchEvent(moveEvent);
    expect(hoverDetail.visible).toBe(true);
    expect(hoverDetail.update).toHaveBeenCalledTimes(1);

    // Test listener removal
    hoverDetail.update = jest.fn();
    hoverDetail._removeListeners();
    element.dispatchEvent(moveEvent);
    expect(hoverDetail.update).not.toHaveBeenCalled();

    // Clean up
    element.remove();
  })",256,289,snuts
/tests/Rickshaw.Graph.HoverDetail.test.js,VerboseStatement,"{'startLine':64,'endLine':94}","test('accepts custom formatters', () => {
    const element = document.createElement('div');
    const graph = createTestGraph(element);
    
    const formatter = jest.fn();
    const xFormatter = jest.fn();
    const yFormatter = jest.fn();

    const hoverDetail = new Rickshaw.Graph.HoverDetail({
      graph,
      formatter,
      xFormatter,
      yFormatter
    });

    expect(formatter).not.toHaveBeenCalled();
    expect(xFormatter).not.toHaveBeenCalled();
    expect(yFormatter).not.toHaveBeenCalled();

    hoverDetail.formatter();
    expect(formatter).toHaveBeenCalledTimes(1);

    hoverDetail.xFormatter();
    expect(xFormatter).toHaveBeenCalledTimes(1);

    hoverDetail.yFormatter();
    expect(yFormatter).toHaveBeenCalledTimes(1);

    // Clean up
    element.remove();
  })",64,94,snuts
/tests/Rickshaw.Graph.HoverDetail.test.js,VerboseStatement,"{'startLine':143,'endLine':185}","test('handles event listeners correctly', () => {
    const element = document.createElement('div');
    const graph = createTestGraph(element);
    
    const onHide = jest.fn();
    const hoverDetail = new Rickshaw.Graph.HoverDetail({
      graph,
      onHide
    });

    expect(typeof hoverDetail.mousemoveListener).toBe('function');
    expect(typeof hoverDetail.mouseoutListener).toBe('function');

    // Test mouseout event
    const mouseoutEvent = createMouseEvent('mouseout');
    element.dispatchEvent(mouseoutEvent);
    expect(onHide).toHaveBeenCalledTimes(1);
    expect(hoverDetail.visible).toBe(false);

    // Test SPA-like DOM manipulation
    expect(hoverDetail.element.parentNode).toBe(element);
    expect(element.childNodes.length).toBe(2);
    graph.element.removeChild(element.childNodes[0]);
    graph.element.removeChild(element.childNodes[0]);
    expect(element.innerHTML).toBe('');
    expect(hoverDetail.element.parentNode).toBe(null);

    // Test mousemove after DOM manipulation
    hoverDetail.update = jest.fn();
    const moveEvent = createMouseEvent('mousemove');
    element.dispatchEvent(moveEvent);
    expect(hoverDetail.visible).toBe(true);
    expect(hoverDetail.update).toHaveBeenCalledTimes(1);

    // Test listener removal
    hoverDetail.update = jest.fn();
    hoverDetail._removeListeners();
    element.dispatchEvent(moveEvent);
    expect(hoverDetail.update).not.toHaveBeenCalled();

    // Clean up
    element.remove();
  })",143,185,snuts
/tests/Rickshaw.Graph.HoverDetail.test.js,VerboseStatement,"{'startLine':187,'endLine':254}","test('renders hover details correctly', () => {
    const element = document.createElement('div');
    const graph = createTestGraph(element);
    
    const onShow = jest.fn();
    const onHide = jest.fn();
    const onRender = jest.fn();
    
    const hoverDetail = new Rickshaw.Graph.HoverDetail({
      graph,
      onShow,
      onHide,
      onRender
    });

    // Test render with null value
    hoverDetail.render({
      points: [{
        active: true,
        series: graph.series[0],
        value: { y: null }
      }]
    });

    let items = d3.select(element).selectAll('.item');
    expect(items[0].length).toBe(0);
    expect(onRender).not.toHaveBeenCalled();

    // Test render with multiple points
    hoverDetail.render({
      points: [{
        active: true,
        series: graph.series[0],
        value: graph.series[0].data[0],
        formattedXValue: '4 foo',
        formattedYValue: '32 bar'
      }, {
        active: true,
        series: graph.series[0],
        value: graph.series[0].data[1]
      }, {
        active: true,
        series: graph.series[0],
        value: { y: null }
      }]
    });

    expect(onShow).toHaveBeenCalledTimes(1);
    expect(onRender).toHaveBeenCalledTimes(1);

    const xLabel = d3.select(element).selectAll('.x_label');
    expect(xLabel[0].length).toBe(1);
    expect(xLabel[0][0].innerHTML).toBe('4 foo');

    items = d3.select(element).selectAll('.item');
    expect(items[0].length).toBe(1);
    expect(items[0][0].innerHTML).toBe('testseries:&nbsp;32 bar');

    const dots = d3.select(element).selectAll('.dot');
    expect(dots[0].length).toBe(1);

    // Test hide functionality
    hoverDetail.hide();
    expect(onHide).toHaveBeenCalledTimes(1);

    // Clean up
    element.remove();
  })",187,254,snuts
/tests/Rickshaw.Graph.HoverDetail.test.js,VerboseStatement,"{'startLine':256,'endLine':289}","test('handles DOM cleanup correctly', () => {
    const element = document.createElement('div');
    const graph = createTestGraph(element);
    
    const hoverDetail = new Rickshaw.Graph.HoverDetail({
      graph
    });

    // Test initial DOM state
    expect(hoverDetail.element.parentNode).toBe(element);
    expect(element.childNodes.length).toBe(2);

    // Test SPA-like DOM cleanup
    graph.element.removeChild(element.childNodes[0]);
    graph.element.removeChild(element.childNodes[0]);
    expect(element.innerHTML).toBe('');
    expect(hoverDetail.element.parentNode).toBe(null);

    // Test event handling after cleanup
    hoverDetail.update = jest.fn();
    const moveEvent = createMouseEvent('mousemove');
    element.dispatchEvent(moveEvent);
    expect(hoverDetail.visible).toBe(true);
    expect(hoverDetail.update).toHaveBeenCalledTimes(1);

    // Test listener removal
    hoverDetail.update = jest.fn();
    hoverDetail._removeListeners();
    element.dispatchEvent(moveEvent);
    expect(hoverDetail.update).not.toHaveBeenCalled();

    // Clean up
    element.remove();
  })",256,289,snuts
/tests/Rickshaw.Graph.DragZoom.test.js,VerboseStatement,"{'startLine':57,'endLine':88}","test('creates and removes rect on drag', () => {
    // Initial state - no rect
    let rect = d3.select(element).selectAll('rect')[0][0];
    expect(rect).toBeUndefined();

    // Mousedown - should create rect
    const mouseDown = document.createEvent('MouseEvent');
    mouseDown.initMouseEvent('mousedown', true, true, window, 1, 800, 600, 290, 260, false, false, false, false, 0, null);
    drag.svg[0][0].dispatchEvent(mouseDown);

    rect = d3.select(element).selectAll('rect')[0][0];
    expect(rect).toBeTruthy();
    expect(rect.style.opacity).toBe(String(drag.opacity));

    // Mousemove - should update rect
    const mouseMove = document.createEvent('MouseEvent');
    mouseMove.initMouseEvent('mousemove', true, true, window, 1, 900, 600, 290, 260, false, false, false, false, 0, null);
    drag.svg[0][0].dispatchEvent(mouseMove);

    // Note: offsetX is not set in jsdom environment
    expect(rect.getAttribute('fill')).toBeNull();
    expect(rect.getAttribute('x')).toBeNull();
    expect(rect.getAttribute('width')).toBeNull();

    // Escape key - should remove rect
    const escapeKey = document.createEvent('KeyboardEvent');
    escapeKey.initEvent('keyup', true, true, null, false, false, false, false, 27, 0);
    document.dispatchEvent(escapeKey);

    rect = d3.select(element).selectAll('rect')[0][0];
    expect(rect).toBeUndefined();
  })",57,88,snuts
/tests/Rickshaw.Graph.DragZoom.test.js,VerboseStatement,"{'startLine':90,'endLine':117}","test('removes rect on mouseup without drag', () => {
    // Initial state - no rect
    let rect = d3.select(element).selectAll('rect')[0][0];
    expect(rect).toBeUndefined();

    // Mousedown - should create rect
    const mouseDown = document.createEvent('MouseEvent');
    mouseDown.initMouseEvent('mousedown', true, true, window, 1, 800, 600, 290, 260, false, false, false, false, 0, null);
    drag.svg[0][0].dispatchEvent(mouseDown);

    rect = d3.select(element).selectAll('rect')[0][0];
    expect(rect).toBeTruthy();
    expect(rect.style.opacity).toBe(String(drag.opacity));

    // Mouseup - should remove rect
    const mouseUp = document.createEvent('MouseEvent');
    mouseUp.initMouseEvent('mouseup', true, true, window, 1, 900, 600, 290, 260, false, false, false, false, 0, null);
    document.dispatchEvent(mouseUp);

    rect = d3.select(element).selectAll('rect')[0][0];
    expect(rect).toBeUndefined();

    // Mousedown again - should not create rect (listener removed)
    const mouseDownAgain = document.createEvent('MouseEvent');
    mouseDownAgain.initMouseEvent('mousedown', true, true, window, 1, 800, 600, 290, 260, false, false, false, false, 0, null);
    drag.svg[0][0].dispatchEvent(mouseDownAgain);
    expect(rect).toBeUndefined();
  })",90,117,snuts
/tests/Rickshaw.Graph.Behavior.Series.Order.test.js,GeneralFixture,"{'startLine':50,'endLine':50}","beforeAll(() => {
    // Store original jQuery and jQuery UI
    originalJQuery = window.jQuery;
    originalJQueryUI = window.jQuery ? window.jQuery.ui : undefined;
    originalSortable = jQuery.fn.sortable;

    // Set jQuery on window
    window.jQuery = jQuery;
    window.jQuery.ui = {};

    // Mock sortable functionality
    jQuery.fn.sortable = function(options) {
      jQuery(this).each(function() {
        const $el = jQuery(this);
        $el.data('ui-sortable', options);
        $el[0]._sortableOptions = options;
      });
      return this;
    };

    jQuery.fn.disableSelection = function() {
      return this;
    };
  })",48,71,snuts
/tests/Rickshaw.Graph.Behavior.Series.Order.test.js,GeneralFixture,"{'startLine':51,'endLine':51}","beforeAll(() => {
    // Store original jQuery and jQuery UI
    originalJQuery = window.jQuery;
    originalJQueryUI = window.jQuery ? window.jQuery.ui : undefined;
    originalSortable = jQuery.fn.sortable;

    // Set jQuery on window
    window.jQuery = jQuery;
    window.jQuery.ui = {};

    // Mock sortable functionality
    jQuery.fn.sortable = function(options) {
      jQuery(this).each(function() {
        const $el = jQuery(this);
        $el.data('ui-sortable', options);
        $el[0]._sortableOptions = options;
      });
      return this;
    };

    jQuery.fn.disableSelection = function() {
      return this;
    };
  })",48,71,snuts
/tests/Rickshaw.Graph.Behavior.Series.Order.test.js,GeneralFixture,"{'startLine':52,'endLine':52}","beforeAll(() => {
    // Store original jQuery and jQuery UI
    originalJQuery = window.jQuery;
    originalJQueryUI = window.jQuery ? window.jQuery.ui : undefined;
    originalSortable = jQuery.fn.sortable;

    // Set jQuery on window
    window.jQuery = jQuery;
    window.jQuery.ui = {};

    // Mock sortable functionality
    jQuery.fn.sortable = function(options) {
      jQuery(this).each(function() {
        const $el = jQuery(this);
        $el.data('ui-sortable', options);
        $el[0]._sortableOptions = options;
      });
      return this;
    };

    jQuery.fn.disableSelection = function() {
      return this;
    };
  })",48,71,snuts
/tests/Rickshaw.Graph.Behavior.Series.Highlight.test.js,OvercommentedTest,"{'startLine':102,'endLine':128}","test('reorders series for unstacked renderer', () => {
    const graph = createTestGraph('scatterplot'); // Unstack is true for scatterplot
    graph.renderer.unstack = true; // Explicitly set unstack
    const legend = createLegend(graph);
    
    const highlight = new Rickshaw.Graph.Behavior.Series.Highlight({
      graph,
      legend
    });

    // Store original series order
    const originalOrder = graph.series.map(s => s.name);
    
    // Trigger mouseover on first legend item (corresponds to series2)
    const mouseoverEvent = createMouseEvent('mouseover');
    legend.lines[0].element.dispatchEvent(mouseoverEvent);

    // Series should be reordered with highlighted series last
    expect(graph.series[graph.series.length - 1].name).toBe('series2');

    // Trigger mouseout
    const mouseoutEvent = createMouseEvent('mouseout');
    legend.lines[0].element.dispatchEvent(mouseoutEvent);

    // Series order should be restored
    expect(graph.series.map(s => s.name)).toEqual(originalOrder);
  })",102,128,snuts
/tests/Rickshaw.Graph.Behavior.Series.Highlight.test.js,OvercommentedTest,"{'startLine':130,'endLine':161}","test('supports custom transform function', () => {
    const graph = createTestGraph();
    const legend = createLegend(graph);
    
    const customTransform = jest.fn((isActive, series) => ({
      color: isActive ? series.color : '#999999'
    }));

    const highlight = new Rickshaw.Graph.Behavior.Series.Highlight({
      graph,
      legend,
      transform: customTransform
    });

    // Trigger mouseover on first legend item (corresponds to series2)
    const mouseoverEvent = createMouseEvent('mouseover');
    legend.lines[0].element.dispatchEvent(mouseoverEvent);

    // Custom transform should be called for each series
    expect(customTransform).toHaveBeenCalledTimes(2);
    
    // Verify transform was called with correct arguments
    const calls = customTransform.mock.calls;
    const activeCall = calls.find(call => call[0] === true);
    const inactiveCall = calls.find(call => call[0] === false);
    expect(activeCall[1].name).toBe('series2');
    expect(inactiveCall[1].name).toBe('series1');

    // Colors should be updated according to transform
    expect(graph.series[1].color).toBe('#00ff00'); // Active series keeps color
    expect(graph.series[0].color).toBe('#999999'); // Inactive series gets transformed
  })",130,161,snuts
/tests/Rickshaw.Graph.Behavior.Series.Highlight.test.js,OvercommentedTest,"{'startLine':163,'endLine':199}","test('preserves original properties when highlighting multiple series', () => {
    const graph = createTestGraph();
    const legend = createLegend(graph);
    
    const highlight = new Rickshaw.Graph.Behavior.Series.Highlight({
      graph,
      legend
    });

    // Store original properties
    const originalProps = graph.series.map(s => ({
      name: s.name,
      color: s.color,
      strokeColor: s.stroke.getAttribute('stroke')
    }));

    // Highlight first legend item (corresponds to series2)
    const mouseoverEvent = createMouseEvent('mouseover');
    legend.lines[0].element.dispatchEvent(mouseoverEvent);

    // Try to highlight second legend item (should be ignored while first is active)
    legend.lines[1].element.dispatchEvent(mouseoverEvent);

    // Only the non-highlighted series should be dimmed
    expect(graph.series[0].color).not.toBe(originalProps[0].color);
    expect(graph.series[0].color.toLowerCase()).toMatch(/^#[0-9a-f]{6}$/);

    // Unhighlight first legend item
    const mouseoutEvent = createMouseEvent('mouseout');
    legend.lines[0].element.dispatchEvent(mouseoutEvent);

    // All properties should be restored
    graph.series.forEach((series, i) => {
      expect(series.color).toBe(originalProps[i].color);
      expect(series.stroke.getAttribute('stroke')).toBe(originalProps[i].strokeColor);
    });
  })",163,199,snuts
/tests/Rickshaw.Graph.Behavior.Series.Highlight.test.js,VerboseStatement,"{'startLine':130,'endLine':161}","test('supports custom transform function', () => {
    const graph = createTestGraph();
    const legend = createLegend(graph);
    
    const customTransform = jest.fn((isActive, series) => ({
      color: isActive ? series.color : '#999999'
    }));

    const highlight = new Rickshaw.Graph.Behavior.Series.Highlight({
      graph,
      legend,
      transform: customTransform
    });

    // Trigger mouseover on first legend item (corresponds to series2)
    const mouseoverEvent = createMouseEvent('mouseover');
    legend.lines[0].element.dispatchEvent(mouseoverEvent);

    // Custom transform should be called for each series
    expect(customTransform).toHaveBeenCalledTimes(2);
    
    // Verify transform was called with correct arguments
    const calls = customTransform.mock.calls;
    const activeCall = calls.find(call => call[0] === true);
    const inactiveCall = calls.find(call => call[0] === false);
    expect(activeCall[1].name).toBe('series2');
    expect(inactiveCall[1].name).toBe('series1');

    // Colors should be updated according to transform
    expect(graph.series[1].color).toBe('#00ff00'); // Active series keeps color
    expect(graph.series[0].color).toBe('#999999'); // Inactive series gets transformed
  })",130,161,snuts
/tests/Rickshaw.Graph.Axis.Y.test.js,SubOptimalAssert,"{'startLine':33,'endLine':33}","test('should render y-axis with correct ticks and handle dimension changes', () => {
    // Set up test DOM elements
    document.body.innerHTML = `
      <div id=""y_axis"" style=""width: 40px;""></div>
      <div id=""chart""></div>
    `;

    // Initialize graph with test data
    const chartElement = document.getElementById('chart');
    const yAxisElement = document.getElementById('y_axis');

    const graph = new Rickshaw.Graph({
      width: 900,
      height: 600,
      element: chartElement,
      series: [{ data: [{ x: 4, y: 32 }, { x: 16, y: 100 }] }]
    });

    const yAxis = new Rickshaw.Graph.Axis.Y({
      element: yAxisElement,
      graph: graph,
      orientation: 'left'
    });

    yAxis.render();

    // Test tick rendering
    const ticks = d3.select(chartElement).selectAll('.y_grid .tick');
    expect(ticks[0].length).toBe(11);
    expect(ticks[0][0].getAttribute('data-y-value')).toBe('0');

    // Test initial dimensions
    expect(yAxis.width).toBe(40);
    expect(yAxis.height).toBe(600);

    // Test dimension updates
    yAxis.setSize({ width: 20 });
    expect(yAxis.width).toBe(20);
    expect(yAxis.height).toBe(600);
  })",5,44,snuts
/tests/Rickshaw.Graph.Axis.Y.test.js,VerboseStatement,"{'startLine':5,'endLine':44}","test('should render y-axis with correct ticks and handle dimension changes', () => {
    // Set up test DOM elements
    document.body.innerHTML = `
      <div id=""y_axis"" style=""width: 40px;""></div>
      <div id=""chart""></div>
    `;

    // Initialize graph with test data
    const chartElement = document.getElementById('chart');
    const yAxisElement = document.getElementById('y_axis');

    const graph = new Rickshaw.Graph({
      width: 900,
      height: 600,
      element: chartElement,
      series: [{ data: [{ x: 4, y: 32 }, { x: 16, y: 100 }] }]
    });

    const yAxis = new Rickshaw.Graph.Axis.Y({
      element: yAxisElement,
      graph: graph,
      orientation: 'left'
    });

    yAxis.render();

    // Test tick rendering
    const ticks = d3.select(chartElement).selectAll('.y_grid .tick');
    expect(ticks[0].length).toBe(11);
    expect(ticks[0][0].getAttribute('data-y-value')).toBe('0');

    // Test initial dimensions
    expect(yAxis.width).toBe(40);
    expect(yAxis.height).toBe(600);

    // Test dimension updates
    yAxis.setSize({ width: 20 });
    expect(yAxis.width).toBe(20);
    expect(yAxis.height).toBe(600);
  })",5,44,snuts
/tests/Rickshaw.Graph.Axis.X.test.js,SubOptimalAssert,"{'startLine':24,'endLine':24}","test('renders x-axis with correct ticks', () => {
    // Create test elements
    const element = document.createElement('div');

    // Initialize graph with test data
    const graph = new Rickshaw.Graph({
      width: 900,
      element: element,
      series: [{ data: [{ x: 4, y: 32 }, { x: 16, y: 100 }] }]
    });

    // Create and render x-axis
    const xAxis = new Rickshaw.Graph.Axis.X({
      graph: graph
    });
    xAxis.render();

    // Check ticks
    const ticks = d3.select(element).selectAll('.x_grid_d3 .tick');
    expect(ticks[0].length).toBe(13);
    expect(ticks[0][0].getAttribute('data-x-value')).toBe('4');
  })",5,26,snuts
/tests/Rickshaw.Graph.Annotate.test.js,OvercommentedTest,"{'startLine':67,'endLine':116}","test('updates annotations correctly', () => {
    // Create and append test elements to document
    const element = document.createElement('div');
    const annotateElement = document.createElement('div');
    document.body.appendChild(element);
    document.body.appendChild(annotateElement);

    const graph = new Rickshaw.Graph({
      element: element,
      width: 900,
      height: 100,
      series: [{
        data: [{ x: 2900, y: 10 }, { x: 3100, y: 20 }]
      }]
    });

    const annotate = new Rickshaw.Graph.Annotate({
      graph: graph,
      element: annotateElement
    });

    // Add an annotation
    const time = 3000;
    annotate.add(time, 'foo', time + 10 * 1000);
    graph.render();
    annotate.update();

    // Find and click the annotation element
    const annotations = d3.select(annotateElement).selectAll('.annotation');
    expect(annotations[0].length).toBeGreaterThan(0, 'No annotation elements found');
    
    const addedElement = annotations[0][0];
    const clickEvent = document.createEvent('Event');
    clickEvent.initEvent('click', true, true);
    addedElement.dispatchEvent(clickEvent);

    // Check if annotation becomes active after click
    expect(Array.from(addedElement.classList)).toContain('active');

    // Update graph and check if annotation stays visible
    annotate.graph.onUpdate();
    annotate.update();

    expect(addedElement.style.display).toBe('block');
    expect(Array.from(annotate.data[time].element.classList)).toContain('active');

    // Clean up
    document.body.removeChild(element);
    document.body.removeChild(annotateElement);
  })",67,116,snuts
/tests/Rickshaw.Graph.Annotate.test.js,SubOptimalAssert,"{'startLine':60,'endLine':60}","test('adds annotations correctly', () => {
    const graph = createTestGraph();
    const annotateElement = document.createElement('div');

    const annotate = new Rickshaw.Graph.Annotate({
      graph: graph,
      element: annotateElement
    });

    // Add an annotation with time and end time
    const time = 4;
    const endTime = time + 10;
    annotate.add(time, 'annotation', endTime);
    
    // Check if annotation was added with correct structure
    expect(annotate.data[time]).toEqual({
      boxes: [{
        content: 'annotation',
        end: endTime
      }]
    });

    // Add another annotation to the same time
    annotate.add(time, 'another annotation', endTime + 5);
    
    // Check both annotations at the same time point
    expect(annotate.data[time].boxes.length).toBe(2);
    expect(annotate.data[time].boxes[1]).toEqual({
      content: 'another annotation',
      end: endTime + 5
    });
  })",34,65,snuts
/tests/Rickshaw.Graph.Annotate.test.js,VerboseStatement,"{'startLine':67,'endLine':116}","test('updates annotations correctly', () => {
    // Create and append test elements to document
    const element = document.createElement('div');
    const annotateElement = document.createElement('div');
    document.body.appendChild(element);
    document.body.appendChild(annotateElement);

    const graph = new Rickshaw.Graph({
      element: element,
      width: 900,
      height: 100,
      series: [{
        data: [{ x: 2900, y: 10 }, { x: 3100, y: 20 }]
      }]
    });

    const annotate = new Rickshaw.Graph.Annotate({
      graph: graph,
      element: annotateElement
    });

    // Add an annotation
    const time = 3000;
    annotate.add(time, 'foo', time + 10 * 1000);
    graph.render();
    annotate.update();

    // Find and click the annotation element
    const annotations = d3.select(annotateElement).selectAll('.annotation');
    expect(annotations[0].length).toBeGreaterThan(0, 'No annotation elements found');
    
    const addedElement = annotations[0][0];
    const clickEvent = document.createEvent('Event');
    clickEvent.initEvent('click', true, true);
    addedElement.dispatchEvent(clickEvent);

    // Check if annotation becomes active after click
    expect(Array.from(addedElement.classList)).toContain('active');

    // Update graph and check if annotation stays visible
    annotate.graph.onUpdate();
    annotate.update();

    expect(addedElement.style.display).toBe('block');
    expect(Array.from(annotate.data[time].element.classList)).toContain('active');

    // Clean up
    document.body.removeChild(element);
    document.body.removeChild(annotateElement);
  })",67,116,snuts
/tests/Rickshaw.test.js,Magic Number,"{'line': 63, 'column': 37, 'index': 1963}",Failed to parse file: Unexpected reserved word 'package'. (2:6),,,steel
/tests/Rickshaw.test.js,Magic Number,"{'line': 76, 'column': 38, 'index': 2324}",Failed to parse file: Unexpected reserved word 'package'. (2:6),,,steel
/tests/Rickshaw.test.js,Magic Number,"{'line': 77, 'column': 38, 'index': 2366}",Failed to parse file: Unexpected reserved word 'package'. (2:6),,,steel
/tests/Rickshaw.Series.test.js,Duplicate Assert,"{'line': 28, 'column': 6, 'index': 736}","test('should create a valid series instance', () => {
      const series = createSeries();

      expect(series).toBeInstanceOf(Rickshaw.Series);
      expect(series).toBeInstanceOf(Array);
      expect(series[0].data).toEqual([
        { x: 0, y: 20 },
        { x: 1, y: 21 },
        { x: 2, y: 15 }
      ]);
    })",25,35,steel
/tests/Rickshaw.Series.test.js,Duplicate Assert,"{'line': 29, 'column': 6, 'index': 790}","test('should create a valid series instance', () => {
      const series = createSeries();

      expect(series).toBeInstanceOf(Rickshaw.Series);
      expect(series).toBeInstanceOf(Array);
      expect(series[0].data).toEqual([
        { x: 0, y: 20 },
        { x: 1, y: 21 },
        { x: 2, y: 15 }
      ]);
    })",25,35,steel
/tests/Rickshaw.Series.test.js,Magic Number,"{'line': 51, 'column': 33, 'index': 1281}","test('should add a new series item', () => {
      const series = createSeries();

      series.addItem({
        name: 'series2',
        data: [
          { x: 0, y: 10 },
          { x: 1, y: 13 },
          { x: 2, y: 12 }
        ]
      });

      expect(series.length).toBe(2);
      expect(series[1].name).toBe('series2');
      expect(series[1].data).toHaveLength(3);
    })",39,54,steel
/tests/Rickshaw.Series.test.js,Magic Number,"{'line': 53, 'column': 42, 'index': 1373}","test('should add a new series item', () => {
      const series = createSeries();

      series.addItem({
        name: 'series2',
        data: [
          { x: 0, y: 10 },
          { x: 1, y: 13 },
          { x: 2, y: 12 }
        ]
      });

      expect(series.length).toBe(2);
      expect(series[1].name).toBe('series2');
      expect(series[1].data).toHaveLength(3);
    })",39,54,steel
/tests/Rickshaw.Series.test.js,Magic Number,"{'line': 63, 'column': 42, 'index': 1603}","test('should add data point to existing series', () => {
      const series = createSeries();

      series.addData({ series1: 22 });

      expect(series[0].data).toHaveLength(4);
      expect(series[0].data[3].y).toBe(22);
    })",58,65,steel
/tests/Rickshaw.Series.test.js,Magic Number,"{'line': 64, 'column': 39, 'index': 1646}","test('should add data point to existing series', () => {
      const series = createSeries();

      series.addData({ series1: 22 });

      expect(series[0].data).toHaveLength(4);
      expect(series[0].data[3].y).toBe(22);
    })",58,65,steel
/tests/Rickshaw.Series.test.js,Magic Number,"{'line': 80, 'column': 39, 'index': 2016}","test('should add data points to multiple series', () => {
      const series = createSeries();
      series.addItem({
        name: 'series2',
        data: [
          { x: 0, y: 10 },
          { x: 1, y: 13 },
          { x: 2, y: 12 }
        ]
      });

      series.addData({ series1: 29, series2: 57 });

      expect(series[0].data[3].y).toBe(29);
      expect(series[1].data[3].y).toBe(57);
    })",67,82,steel
/tests/Rickshaw.Series.test.js,Magic Number,"{'line': 81, 'column': 39, 'index': 2060}","test('should add data points to multiple series', () => {
      const series = createSeries();
      series.addItem({
        name: 'series2',
        data: [
          { x: 0, y: 10 },
          { x: 1, y: 13 },
          { x: 2, y: 12 }
        ]
      });

      series.addData({ series1: 29, series2: 57 });

      expect(series[0].data[3].y).toBe(29);
      expect(series[1].data[3].y).toBe(57);
    })",67,82,steel
/tests/Rickshaw.Series.test.js,Magic Number,"{'line': 190, 'column': 35, 'index': 5113}","test('should load series data from dump format', () => {
      const series = new Rickshaw.Series([], 'spectrum2001', { timeBase: 0 });
      const data = {
        items: [createSeriesData()],
        timeInterval: 3,
        timeBase: 0
      };

      series.load(data);
      delete series.palette; // Remove palette for comparison

      expect(series.timeBase).toBe(0);
      expect(series.timeInterval).toBe(3);
      expect(series[0].data).toHaveLength(3);
      expect(series[0].name).toBe('series1');
    })",179,194,steel
/tests/Rickshaw.Series.test.js,Magic Number,"{'line': 191, 'column': 39, 'index': 5156}","test('should load series data from dump format', () => {
      const series = new Rickshaw.Series([], 'spectrum2001', { timeBase: 0 });
      const data = {
        items: [createSeriesData()],
        timeInterval: 3,
        timeBase: 0
      };

      series.load(data);
      delete series.palette; // Remove palette for comparison

      expect(series.timeBase).toBe(0);
      expect(series.timeInterval).toBe(3);
      expect(series[0].data).toHaveLength(3);
      expect(series[0].name).toBe('series1');
    })",179,194,steel
/tests/Rickshaw.Series.test.js,Magic Number,"{'line': 192, 'column': 42, 'index': 5202}","test('should load series data from dump format', () => {
      const series = new Rickshaw.Series([], 'spectrum2001', { timeBase: 0 });
      const data = {
        items: [createSeriesData()],
        timeInterval: 3,
        timeBase: 0
      };

      series.load(data);
      delete series.palette; // Remove palette for comparison

      expect(series.timeBase).toBe(0);
      expect(series.timeInterval).toBe(3);
      expect(series[0].data).toHaveLength(3);
      expect(series[0].name).toBe('series1');
    })",179,194,steel
/tests/Rickshaw.Series.FixedDuration.test.js,Conditional Test Logic,"{'line': 73, 'column': 6, 'index': 1993}","test('maintains maxDataPoints limit', () => {
      const maxPoints = 20;
      const series = new Rickshaw.Series.FixedDuration(
        [createSeriesData()],
        'spectrum2001',
        {
          timeBase: 0,
          timeInterval: 1,
          maxDataPoints: maxPoints
        }
      );

      // Add data points beyond maxDataPoints limit
      for (let i = 0; i < 300; i++) {
        series.addData({ series1: 42 });
      }

      // series[0].data.length is maxPoints + 2 because of how Rickshaw handles
      // data point interpolation at the edges of the time window
      expect(series[0].data.length).toBe(maxPoints + 2);
      expect(series.currentSize).toBe(maxPoints);
    })",60,81,steel
/tests/Rickshaw.Series.FixedDuration.test.js,Duplicate Assert,"{'line': 51, 'column': 6, 'index': 1345}","test('initializes with valid parameters', () => {
      const series = new Rickshaw.Series.FixedDuration(
        [createSeriesData()],
        'spectrum2001',
        {
          timeBase: 0,
          timeInterval: 30,
          maxDataPoints: 2000
        }
      );

      expect(series).toBeInstanceOf(Rickshaw.Series.FixedDuration);
      expect(series).toBeInstanceOf(Array);
      // Check if series has array-like behavior
      expect(series.length).toBeGreaterThan(0);
      expect(series[0]).toBeDefined();
    })",40,56,steel
/tests/Rickshaw.Series.FixedDuration.test.js,Duplicate Assert,"{'line': 52, 'column': 6, 'index': 1413}","test('initializes with valid parameters', () => {
      const series = new Rickshaw.Series.FixedDuration(
        [createSeriesData()],
        'spectrum2001',
        {
          timeBase: 0,
          timeInterval: 30,
          maxDataPoints: 2000
        }
      );

      expect(series).toBeInstanceOf(Rickshaw.Series.FixedDuration);
      expect(series).toBeInstanceOf(Array);
      // Check if series has array-like behavior
      expect(series.length).toBeGreaterThan(0);
      expect(series[0]).toBeDefined();
    })",40,56,steel
/tests/Rickshaw.Series.FixedDuration.test.js,Magic Number,"{'line': 54, 'column': 44, 'index': 1544}","test('initializes with valid parameters', () => {
      const series = new Rickshaw.Series.FixedDuration(
        [createSeriesData()],
        'spectrum2001',
        {
          timeBase: 0,
          timeInterval: 30,
          maxDataPoints: 2000
        }
      );

      expect(series).toBeInstanceOf(Rickshaw.Series.FixedDuration);
      expect(series).toBeInstanceOf(Array);
      // Check if series has array-like behavior
      expect(series.length).toBeGreaterThan(0);
      expect(series[0]).toBeDefined();
    })",40,56,steel
/tests/Rickshaw.Graph.test.js,Duplicate Assert,"{'line': 148, 'column': 6, 'index': 3906}","test('handles custom d3 scales', () => {
      const element = document.createElement('div');
      document.body.appendChild(element);

      const times = [1380000000000, 1390000000000];
      const series = [{
        color: 'steelblue',
        data: [
          { x: times[0], y: 40 },
          { x: times[1], y: 49 }
        ]
      }];

      const scale = d3.time.scale();
      const graph = new Rickshaw.Graph({
        element: element,
        width: 960,
        height: 500,
        xScale: scale,
        yScale: d3.scale.sqrt(),
        series: series
      });

      graph.render();

      const xAxis = new Rickshaw.Graph.Axis.X({
        graph: graph,
        tickFormat: graph.x.tickFormat()
      });
      xAxis.render();

      const yAxis = new Rickshaw.Graph.Axis.Y({
        graph: graph
      });
      yAxis.render();

      // Check x-axis ticks
      expect(graph.x.ticks()[0]).toBeInstanceOf(Date);
      const xTicks = element.getElementsByClassName('x_ticks_d3')[0].getElementsByTagName('text');
      expect(xTicks[0].innerHTML).toBe('Sep 29');
      expect(xTicks[1].innerHTML).toBe('Oct 06');
      expect(xTicks[8].innerHTML).toBe('Nov 24');

      // Check y-axis ticks
      const yTicks = element.getElementsByClassName('y_ticks')[0].getElementsByTagName('g');
      expect(yTicks[0].getAttribute('transform')).toBe('translate(0,500)');
      expect(yTicks[1].getAttribute('transform')).toBe('translate(0,275.24400874015976)');
      expect(yTicks[2].getAttribute('transform')).toBe('translate(0,182.14702893572516)');

      // Check scale independence
      scale.range([0, 960]);
      expect(scale.range()).toEqual(graph.x.range());
      scale.range([0, 1]);
      expect(scale.range()).not.toEqual(graph.x.range());
    })",97,151,steel
/tests/Rickshaw.Graph.test.js,Duplicate Assert,"{'line': 150, 'column': 6, 'index': 3987}","test('handles custom d3 scales', () => {
      const element = document.createElement('div');
      document.body.appendChild(element);

      const times = [1380000000000, 1390000000000];
      const series = [{
        color: 'steelblue',
        data: [
          { x: times[0], y: 40 },
          { x: times[1], y: 49 }
        ]
      }];

      const scale = d3.time.scale();
      const graph = new Rickshaw.Graph({
        element: element,
        width: 960,
        height: 500,
        xScale: scale,
        yScale: d3.scale.sqrt(),
        series: series
      });

      graph.render();

      const xAxis = new Rickshaw.Graph.Axis.X({
        graph: graph,
        tickFormat: graph.x.tickFormat()
      });
      xAxis.render();

      const yAxis = new Rickshaw.Graph.Axis.Y({
        graph: graph
      });
      yAxis.render();

      // Check x-axis ticks
      expect(graph.x.ticks()[0]).toBeInstanceOf(Date);
      const xTicks = element.getElementsByClassName('x_ticks_d3')[0].getElementsByTagName('text');
      expect(xTicks[0].innerHTML).toBe('Sep 29');
      expect(xTicks[1].innerHTML).toBe('Oct 06');
      expect(xTicks[8].innerHTML).toBe('Nov 24');

      // Check y-axis ticks
      const yTicks = element.getElementsByClassName('y_ticks')[0].getElementsByTagName('g');
      expect(yTicks[0].getAttribute('transform')).toBe('translate(0,500)');
      expect(yTicks[1].getAttribute('transform')).toBe('translate(0,275.24400874015976)');
      expect(yTicks[2].getAttribute('transform')).toBe('translate(0,182.14702893572516)');

      // Check scale independence
      scale.range([0, 960]);
      expect(scale.range()).toEqual(graph.x.range());
      scale.range([0, 1]);
      expect(scale.range()).not.toEqual(graph.x.range());
    })",97,151,steel
/tests/Rickshaw.Graph.test.js,Duplicate Assert,"{'line': 259, 'column': 6, 'index': 6446}","test('handles padding configuration', () => {
      const element = document.createElement('div');
      document.body.appendChild(element);

      const graph = new Rickshaw.Graph({
        element: element,
        width: 960,
        height: 500,
        padding: { top: 0.2 },
        renderer: 'stack',
        series: [{ data: [{ x: 1, y: 40 }] }]
      });

      expect(graph.renderer.padding).toEqual({
        bottom: 0.01,
        right: 0,
        left: 0,
        top: 0.2
      });
      expect(graph.padding).toBeUndefined();

      graph.configure({ padding: { top: 0.25, bottom: 0.25, right: 0.25, left: 0.25 } });

      expect(graph.renderer.padding).toEqual({
        bottom: 0.25,
        right: 0.25,
        left: 0.25,
        top: 0.25
      });
      expect(graph.padding).toBeUndefined();
    })",246,276,steel
/tests/Rickshaw.Graph.test.js,Duplicate Assert,"{'line': 265, 'column': 6, 'index': 6577}","test('handles padding configuration', () => {
      const element = document.createElement('div');
      document.body.appendChild(element);

      const graph = new Rickshaw.Graph({
        element: element,
        width: 960,
        height: 500,
        padding: { top: 0.2 },
        renderer: 'stack',
        series: [{ data: [{ x: 1, y: 40 }] }]
      });

      expect(graph.renderer.padding).toEqual({
        bottom: 0.01,
        right: 0,
        left: 0,
        top: 0.2
      });
      expect(graph.padding).toBeUndefined();

      graph.configure({ padding: { top: 0.25, bottom: 0.25, right: 0.25, left: 0.25 } });

      expect(graph.renderer.padding).toEqual({
        bottom: 0.25,
        right: 0.25,
        left: 0.25,
        top: 0.25
      });
      expect(graph.padding).toBeUndefined();
    })",246,276,steel
/tests/Rickshaw.Graph.test.js,Duplicate Assert,"{'line': 265, 'column': 6, 'index': 6577}","test('handles padding configuration', () => {
      const element = document.createElement('div');
      document.body.appendChild(element);

      const graph = new Rickshaw.Graph({
        element: element,
        width: 960,
        height: 500,
        padding: { top: 0.2 },
        renderer: 'stack',
        series: [{ data: [{ x: 1, y: 40 }] }]
      });

      expect(graph.renderer.padding).toEqual({
        bottom: 0.01,
        right: 0,
        left: 0,
        top: 0.2
      });
      expect(graph.padding).toBeUndefined();

      graph.configure({ padding: { top: 0.25, bottom: 0.25, right: 0.25, left: 0.25 } });

      expect(graph.renderer.padding).toEqual({
        bottom: 0.25,
        right: 0.25,
        left: 0.25,
        top: 0.25
      });
      expect(graph.padding).toBeUndefined();
    })",246,276,steel
/tests/Rickshaw.Graph.test.js,Duplicate Assert,"{'line': 269, 'column': 6, 'index': 6714}","test('handles padding configuration', () => {
      const element = document.createElement('div');
      document.body.appendChild(element);

      const graph = new Rickshaw.Graph({
        element: element,
        width: 960,
        height: 500,
        padding: { top: 0.2 },
        renderer: 'stack',
        series: [{ data: [{ x: 1, y: 40 }] }]
      });

      expect(graph.renderer.padding).toEqual({
        bottom: 0.01,
        right: 0,
        left: 0,
        top: 0.2
      });
      expect(graph.padding).toBeUndefined();

      graph.configure({ padding: { top: 0.25, bottom: 0.25, right: 0.25, left: 0.25 } });

      expect(graph.renderer.padding).toEqual({
        bottom: 0.25,
        right: 0.25,
        left: 0.25,
        top: 0.25
      });
      expect(graph.padding).toBeUndefined();
    })",246,276,steel
/tests/Rickshaw.Graph.test.js,Duplicate Assert,"{'line': 275, 'column': 6, 'index': 6852}","test('handles padding configuration', () => {
      const element = document.createElement('div');
      document.body.appendChild(element);

      const graph = new Rickshaw.Graph({
        element: element,
        width: 960,
        height: 500,
        padding: { top: 0.2 },
        renderer: 'stack',
        series: [{ data: [{ x: 1, y: 40 }] }]
      });

      expect(graph.renderer.padding).toEqual({
        bottom: 0.01,
        right: 0,
        left: 0,
        top: 0.2
      });
      expect(graph.padding).toBeUndefined();

      graph.configure({ padding: { top: 0.25, bottom: 0.25, right: 0.25, left: 0.25 } });

      expect(graph.renderer.padding).toEqual({
        bottom: 0.25,
        right: 0.25,
        left: 0.25,
        top: 0.25
      });
      expect(graph.padding).toBeUndefined();
    })",246,276,steel
/tests/Rickshaw.Graph.test.js,Duplicate Assert,"{'line': 275, 'column': 6, 'index': 6852}","test('handles padding configuration', () => {
      const element = document.createElement('div');
      document.body.appendChild(element);

      const graph = new Rickshaw.Graph({
        element: element,
        width: 960,
        height: 500,
        padding: { top: 0.2 },
        renderer: 'stack',
        series: [{ data: [{ x: 1, y: 40 }] }]
      });

      expect(graph.renderer.padding).toEqual({
        bottom: 0.01,
        right: 0,
        left: 0,
        top: 0.2
      });
      expect(graph.padding).toBeUndefined();

      graph.configure({ padding: { top: 0.25, bottom: 0.25, right: 0.25, left: 0.25 } });

      expect(graph.renderer.padding).toEqual({
        bottom: 0.25,
        right: 0.25,
        left: 0.25,
        top: 0.25
      });
      expect(graph.padding).toBeUndefined();
    })",246,276,steel
/tests/Rickshaw.Graph.test.js,Magic Number,"{'line': 315, 'column': 31, 'index': 8043}","test('handles dimension changes', () => {
      const element = document.createElement('div');
      document.body.appendChild(element);

      const graph = new Rickshaw.Graph({
        element: element,
        width: 960,
        height: 500,
        padding: { top: 0.2 },
        renderer: 'stack',
        series: [{ data: [{ x: 1, y: 40 }] }]
      });

      graph.configure({ width: 900, height: 100 });

      expect(graph.width).toBe(900);
      expect(graph.height).toBe(100);
      expect(graph.vis[0][0].getAttribute('width')).toBe('900');
      expect(graph.vis[0][0].getAttribute('height')).toBe('100');
    })",300,319,steel
/tests/Rickshaw.Graph.test.js,Magic Number,"{'line': 316, 'column': 32, 'index': 8081}","test('handles dimension changes', () => {
      const element = document.createElement('div');
      document.body.appendChild(element);

      const graph = new Rickshaw.Graph({
        element: element,
        width: 960,
        height: 500,
        padding: { top: 0.2 },
        renderer: 'stack',
        series: [{ data: [{ x: 1, y: 40 }] }]
      });

      graph.configure({ width: 900, height: 100 });

      expect(graph.width).toBe(900);
      expect(graph.height).toBe(100);
      expect(graph.vis[0][0].getAttribute('width')).toBe('900');
      expect(graph.vis[0][0].getAttribute('height')).toBe('100');
    })",300,319,steel
/tests/Rickshaw.Graph.test.js,Magic Number,"{'line': 336, 'column': 45, 'index': 8669}","test('updates series data', () => {
      const element = document.createElement('div');
      document.body.appendChild(element);

      const graph = new Rickshaw.Graph({
        element: element,
        width: 960,
        height: 500,
        padding: { top: 0.2 },
        renderer: 'stack',
        series: [{ data: [{ x: 1, y: 40 }] }]
      });

      expect(graph.series[0].data[0].y).toBe(40);

      graph.setSeries([{
        data: []
      }, {
        data: [{ x: 2, y: 3 }]
      }]);

      expect(graph.series[0].data[0]).toBeUndefined();
      expect(graph.series[1].data[0].x).toBe(2);
    })",323,346,steel
/tests/Rickshaw.Graph.test.js,Magic Number,"{'line': 345, 'column': 45, 'index': 8871}","test('updates series data', () => {
      const element = document.createElement('div');
      document.body.appendChild(element);

      const graph = new Rickshaw.Graph({
        element: element,
        width: 960,
        height: 500,
        padding: { top: 0.2 },
        renderer: 'stack',
        series: [{ data: [{ x: 1, y: 40 }] }]
      });

      expect(graph.series[0].data[0].y).toBe(40);

      graph.setSeries([{
        data: []
      }, {
        data: [{ x: 2, y: 3 }]
      }]);

      expect(graph.series[0].data[0]).toBeUndefined();
      expect(graph.series[1].data[0].x).toBe(2);
    })",323,346,steel
/tests/Rickshaw.Graph.test.js,Mystery Guest,"{'column': 23, 'line': 40}","test('renders SVG matching reference', () => {
    const element = document.createElement('div');
    document.body.appendChild(element);

    const graph = new Rickshaw.Graph({
      element: element,
      width: 960,
      height: 500,
      renderer: 'scatterplot',
      series: [{
        color: 'steelblue',
        data: [
          { x: 0, y: 40 },
          { x: 1, y: 49 },
          { x: 2, y: 38 },
          { x: 3, y: 30 }
        ],
        strokeWidth: 5,
        opacity: 0.8
      }, {
        color: 'blue',
        data: [{ x: 4, y: 32 }]
      }]
    });

    graph.renderer.dotSize = 6;
    graph.render();

    const generatedSVG = element.innerHTML;
    const exampleSVG = fs.readFileSync(__dirname + '/data/simple.svg', 'utf8').trim();

    expect(generatedSVG).toBe(exampleSVG);
  })",11,43,steel
/tests/Rickshaw.Graph.Renderer.test.js,Magic Number,"{'line': 184, 'column': 31, 'index': 5334}","test('creates both path and stroke elements', () => {
      const graph = createGraph({
        width: 10,
        height: 10,
        renderer: 'respectStrokeFactory',
        stroke: true,
        series: [{
          className: 'fnord',
          data: [
            { x: 0, y: 40 },
            { x: 1, y: 49 },
            { x: 2, y: 38 },
            { x: 3, y: 30 },
            { x: 4, y: 32 }
          ]
        }]
      });
      graph.render();

      const path = graph.vis.select('path.path.fnord');
      expect(path.size()).toBe(1);
      expect(path[0][0].getAttribute('opacity')).toBe('1');

      const stroke = graph.vis.select('path.stroke.fnord');
      expect(stroke.size()).toBe(1);

      // Check series references
      const firstSeries = graph.series[0];
      expect(d3.select(firstSeries.path).classed('path')).toBe(true);
      expect(d3.select(firstSeries.stroke).classed('stroke')).toBe(true);
    })",164,194,steel
/tests/Rickshaw.Graph.Renderer.test.js,Magic Number,"{'line': 188, 'column': 33, 'index': 5492}","test('creates both path and stroke elements', () => {
      const graph = createGraph({
        width: 10,
        height: 10,
        renderer: 'respectStrokeFactory',
        stroke: true,
        series: [{
          className: 'fnord',
          data: [
            { x: 0, y: 40 },
            { x: 1, y: 49 },
            { x: 2, y: 38 },
            { x: 3, y: 30 },
            { x: 4, y: 32 }
          ]
        }]
      });
      graph.render();

      const path = graph.vis.select('path.path.fnord');
      expect(path.size()).toBe(1);
      expect(path[0][0].getAttribute('opacity')).toBe('1');

      const stroke = graph.vis.select('path.stroke.fnord');
      expect(stroke.size()).toBe(1);

      // Check series references
      const firstSeries = graph.series[0];
      expect(d3.select(firstSeries.path).classed('path')).toBe(true);
      expect(d3.select(firstSeries.stroke).classed('stroke')).toBe(true);
    })",164,194,steel
/tests/Rickshaw.Graph.Renderer.test.js,Magic Number,"{'line': 227, 'column': 36, 'index': 6592}","test('initializes with default settings', () => {
      const graph = createGraph();
      const defaults = graph.renderer.defaults();

      expect(defaults.tension).toBe(0.8);
      expect(defaults.strokeWidth).toBe(2);
      expect(defaults.unstack).toBe(true);
      expect(defaults.padding).toEqual({ top: 0.01, right: 0.01, bottom: 0.01, left: 0.01 });
      expect(defaults.stroke).toBe(false);
      expect(defaults.opacity).toBe(1);
    })",223,233,steel
/tests/Rickshaw.Graph.Renderer.test.js,Magic Number,"{'line': 228, 'column': 40, 'index': 6638}","test('initializes with default settings', () => {
      const graph = createGraph();
      const defaults = graph.renderer.defaults();

      expect(defaults.tension).toBe(0.8);
      expect(defaults.strokeWidth).toBe(2);
      expect(defaults.unstack).toBe(true);
      expect(defaults.padding).toEqual({ top: 0.01, right: 0.01, bottom: 0.01, left: 0.01 });
      expect(defaults.stroke).toBe(false);
      expect(defaults.opacity).toBe(1);
    })",223,233,steel
/tests/Rickshaw.Graph.Renderer.test.js,Magic Number,"{'line': 232, 'column': 36, 'index': 6858}","test('initializes with default settings', () => {
      const graph = createGraph();
      const defaults = graph.renderer.defaults();

      expect(defaults.tension).toBe(0.8);
      expect(defaults.strokeWidth).toBe(2);
      expect(defaults.unstack).toBe(true);
      expect(defaults.padding).toEqual({ top: 0.01, right: 0.01, bottom: 0.01, left: 0.01 });
      expect(defaults.stroke).toBe(false);
      expect(defaults.opacity).toBe(1);
    })",223,233,steel
/tests/Rickshaw.Graph.Renderer.test.js,Magic Number,"{'line': 239, 'column': 46, 'index': 7059}","test('allows setting stroke width and tension', () => {
      const graph = createGraph();
      
      graph.renderer.setStrokeWidth(3);
      expect(graph.renderer.strokeWidth).toBe(3);

      graph.renderer.setTension(0.5);
      expect(graph.renderer.tension).toBe(0.5);
    })",235,243,steel
/tests/Rickshaw.Graph.Renderer.test.js,Magic Number,"{'line': 242, 'column': 42, 'index': 7144}","test('allows setting stroke width and tension', () => {
      const graph = createGraph();
      
      graph.renderer.setStrokeWidth(3);
      expect(graph.renderer.strokeWidth).toBe(3);

      graph.renderer.setTension(0.5);
      expect(graph.renderer.tension).toBe(0.5);
    })",235,243,steel
/tests/Rickshaw.Graph.Renderer.Scatterplot.test.js,Magic Number,"{'line': 37, 'column': 32, 'index': 926}","test('should add the series className to all scatterplot points', () => {
    const element = document.createElement('div');
    
    // Create a graph with test data
    const graph = new Rickshaw.Graph({
      element,
      stroke: true,
      width: 10,
      height: 10,
      renderer: 'scatterplot',
      series: [
        {
          className: 'fnord',
          data: [
            { x: 0, y: 40 },
            { x: 1, y: 49 },
            { x: 2, y: 38 },
            { x: 3, y: 30 }
          ],
          opacity: 0.8
        },
        {
          className: 'fnord',
          data: [{ x: 4, y: 32 }]
        }
      ]
    });

    // Render the graph
    graph.render();

    // Query for all circles with the className
    const circles = graph.vis.selectAll('circle.fnord');
    expect(circles.size()).toBe(5);
    element.remove();
  })",4,39,steel
/tests/Rickshaw.Graph.Renderer.LinePlot.test.js,Duplicate Assert,"{'line': 96, 'column': 6, 'index': 2622}","test('renders circles for data points', () => {
    const { graph, element } = createGraph();
    graph.render();

    // Should have 6 circles (3 points × 2 series)
    const circles = element.querySelectorAll('circle');
    expect(circles.length).toBe(6);

    // Check circle attributes
    circles.forEach(circle => {
      expect(circle.hasAttribute('cx')).toBe(true);
      expect(circle.hasAttribute('cy')).toBe(true);
      expect(circle.getAttribute('r')).toBe('3'); // default dotSize
      expect(circle.getAttribute('fill')).toBe('white');
      expect(circle.getAttribute('stroke-width')).toBe('2'); // default strokeWidth
    });

    // First series circles
    const firstSeriesCircles = Array.from(circles).slice(0, 3);
    firstSeriesCircles.forEach(circle => {
      expect(circle.getAttribute('stroke')).toBe('#ff0000');
      expect(circle.getAttribute('data-color')).toBe('#ff0000');
    });

    // Second series circles
    const secondSeriesCircles = Array.from(circles).slice(3);
    secondSeriesCircles.forEach(circle => {
      expect(circle.getAttribute('stroke')).toBe('#00ff00');
      expect(circle.getAttribute('data-color')).toBe('#00ff00');
    });
  })",76,106,steel
/tests/Rickshaw.Graph.Renderer.LinePlot.test.js,Duplicate Assert,"{'line': 97, 'column': 6, 'index': 2683}","test('renders circles for data points', () => {
    const { graph, element } = createGraph();
    graph.render();

    // Should have 6 circles (3 points × 2 series)
    const circles = element.querySelectorAll('circle');
    expect(circles.length).toBe(6);

    // Check circle attributes
    circles.forEach(circle => {
      expect(circle.hasAttribute('cx')).toBe(true);
      expect(circle.hasAttribute('cy')).toBe(true);
      expect(circle.getAttribute('r')).toBe('3'); // default dotSize
      expect(circle.getAttribute('fill')).toBe('white');
      expect(circle.getAttribute('stroke-width')).toBe('2'); // default strokeWidth
    });

    // First series circles
    const firstSeriesCircles = Array.from(circles).slice(0, 3);
    firstSeriesCircles.forEach(circle => {
      expect(circle.getAttribute('stroke')).toBe('#ff0000');
      expect(circle.getAttribute('data-color')).toBe('#ff0000');
    });

    // Second series circles
    const secondSeriesCircles = Array.from(circles).slice(3);
    secondSeriesCircles.forEach(circle => {
      expect(circle.getAttribute('stroke')).toBe('#00ff00');
      expect(circle.getAttribute('data-color')).toBe('#00ff00');
    });
  })",76,106,steel
/tests/Rickshaw.Graph.Renderer.LinePlot.test.js,Duplicate Assert,"{'line': 103, 'column': 6, 'index': 2892}","test('renders circles for data points', () => {
    const { graph, element } = createGraph();
    graph.render();

    // Should have 6 circles (3 points × 2 series)
    const circles = element.querySelectorAll('circle');
    expect(circles.length).toBe(6);

    // Check circle attributes
    circles.forEach(circle => {
      expect(circle.hasAttribute('cx')).toBe(true);
      expect(circle.hasAttribute('cy')).toBe(true);
      expect(circle.getAttribute('r')).toBe('3'); // default dotSize
      expect(circle.getAttribute('fill')).toBe('white');
      expect(circle.getAttribute('stroke-width')).toBe('2'); // default strokeWidth
    });

    // First series circles
    const firstSeriesCircles = Array.from(circles).slice(0, 3);
    firstSeriesCircles.forEach(circle => {
      expect(circle.getAttribute('stroke')).toBe('#ff0000');
      expect(circle.getAttribute('data-color')).toBe('#ff0000');
    });

    // Second series circles
    const secondSeriesCircles = Array.from(circles).slice(3);
    secondSeriesCircles.forEach(circle => {
      expect(circle.getAttribute('stroke')).toBe('#00ff00');
      expect(circle.getAttribute('data-color')).toBe('#00ff00');
    });
  })",76,106,steel
/tests/Rickshaw.Graph.Renderer.LinePlot.test.js,Duplicate Assert,"{'line': 104, 'column': 6, 'index': 2953}","test('renders circles for data points', () => {
    const { graph, element } = createGraph();
    graph.render();

    // Should have 6 circles (3 points × 2 series)
    const circles = element.querySelectorAll('circle');
    expect(circles.length).toBe(6);

    // Check circle attributes
    circles.forEach(circle => {
      expect(circle.hasAttribute('cx')).toBe(true);
      expect(circle.hasAttribute('cy')).toBe(true);
      expect(circle.getAttribute('r')).toBe('3'); // default dotSize
      expect(circle.getAttribute('fill')).toBe('white');
      expect(circle.getAttribute('stroke-width')).toBe('2'); // default strokeWidth
    });

    // First series circles
    const firstSeriesCircles = Array.from(circles).slice(0, 3);
    firstSeriesCircles.forEach(circle => {
      expect(circle.getAttribute('stroke')).toBe('#ff0000');
      expect(circle.getAttribute('data-color')).toBe('#ff0000');
    });

    // Second series circles
    const secondSeriesCircles = Array.from(circles).slice(3);
    secondSeriesCircles.forEach(circle => {
      expect(circle.getAttribute('stroke')).toBe('#00ff00');
      expect(circle.getAttribute('data-color')).toBe('#00ff00');
    });
  })",76,106,steel
/tests/Rickshaw.Graph.Renderer.LinePlot.test.js,Magic Number,"{'line': 49, 'column': 34, 'index': 1153}","test('has default settings', () => {
    const { graph } = createGraph();
    const renderer = new Rickshaw.Graph.Renderer.LinePlot({ graph });

    expect(renderer.name).toBe('lineplot');
    expect(renderer.dotSize).toBe(3);
    expect(renderer.strokeWidth).toBe(2);
    expect(renderer.unstack).toBe(true);
    expect(renderer.fill).toBe(false);
    expect(renderer.stroke).toBe(true);
    expect(renderer.padding).toEqual({
      top: 0.01,
      right: 0.01,
      bottom: 0.01,
      left: 0.01
    });
  })",44,60,steel
/tests/Rickshaw.Graph.Renderer.LinePlot.test.js,Magic Number,"{'line': 50, 'column': 38, 'index': 1195}","test('has default settings', () => {
    const { graph } = createGraph();
    const renderer = new Rickshaw.Graph.Renderer.LinePlot({ graph });

    expect(renderer.name).toBe('lineplot');
    expect(renderer.dotSize).toBe(3);
    expect(renderer.strokeWidth).toBe(2);
    expect(renderer.unstack).toBe(true);
    expect(renderer.fill).toBe(false);
    expect(renderer.stroke).toBe(true);
    expect(renderer.padding).toEqual({
      top: 0.01,
      right: 0.01,
      bottom: 0.01,
      left: 0.01
    });
  })",44,60,steel
/tests/Rickshaw.Graph.Renderer.LinePlot.test.js,Magic Number,"{'line': 68, 'column': 30, 'index': 1694}","test('renders paths for each series', () => {
    const { graph, element } = createGraph();
    graph.render();

    // Should have two paths (one for each series)
    const paths = element.querySelectorAll('path');
    expect(paths.length).toBe(2);

    // Each path should have a d attribute
    paths.forEach(path => {
      expect(path.hasAttribute('d')).toBe(true);
    });
  })",62,74,steel
/tests/Rickshaw.Graph.Renderer.LinePlot.test.js,Magic Number,"{'line': 82, 'column': 32, 'index': 2090}","test('renders circles for data points', () => {
    const { graph, element } = createGraph();
    graph.render();

    // Should have 6 circles (3 points × 2 series)
    const circles = element.querySelectorAll('circle');
    expect(circles.length).toBe(6);

    // Check circle attributes
    circles.forEach(circle => {
      expect(circle.hasAttribute('cx')).toBe(true);
      expect(circle.hasAttribute('cy')).toBe(true);
      expect(circle.getAttribute('r')).toBe('3'); // default dotSize
      expect(circle.getAttribute('fill')).toBe('white');
      expect(circle.getAttribute('stroke-width')).toBe('2'); // default strokeWidth
    });

    // First series circles
    const firstSeriesCircles = Array.from(circles).slice(0, 3);
    firstSeriesCircles.forEach(circle => {
      expect(circle.getAttribute('stroke')).toBe('#ff0000');
      expect(circle.getAttribute('data-color')).toBe('#ff0000');
    });

    // Second series circles
    const secondSeriesCircles = Array.from(circles).slice(3);
    secondSeriesCircles.forEach(circle => {
      expect(circle.getAttribute('stroke')).toBe('#00ff00');
      expect(circle.getAttribute('data-color')).toBe('#00ff00');
    });
  })",76,106,steel
/tests/Rickshaw.Graph.Renderer.LinePlot.test.js,Magic Number,"{'line': 168, 'column': 30, 'index': 4550}","test('skips disabled series', () => {
    const { graph, element } = createGraph({
      series: [{
        color: '#ff0000',
        data: [
          { x: 0, y: 20 },
          { x: 1, y: 25 },
          { x: 2, y: 15 }
        ]
      }, {
        color: '#00ff00',
        disabled: true,
        data: [
          { x: 0, y: 10 },
          { x: 1, y: 15 },
          { x: 2, y: 30 }
        ]
      }]
    });
    graph.render();

    // Should only have one path and three circles
    const paths = element.querySelectorAll('path');
    const circles = element.querySelectorAll('circle');
    expect(paths.length).toBe(1);
    expect(circles.length).toBe(3);
  })",144,170,steel
/tests/Rickshaw.Graph.Renderer.LinePlot.test.js,Magic Number,"{'line': 169, 'column': 32, 'index': 4586}","test('skips disabled series', () => {
    const { graph, element } = createGraph({
      series: [{
        color: '#ff0000',
        data: [
          { x: 0, y: 20 },
          { x: 1, y: 25 },
          { x: 2, y: 15 }
        ]
      }, {
        color: '#00ff00',
        disabled: true,
        data: [
          { x: 0, y: 10 },
          { x: 1, y: 15 },
          { x: 2, y: 30 }
        ]
      }]
    });
    graph.render();

    // Should only have one path and three circles
    const paths = element.querySelectorAll('path');
    const circles = element.querySelectorAll('circle');
    expect(paths.length).toBe(1);
    expect(circles.length).toBe(3);
  })",144,170,steel
/tests/Rickshaw.Graph.Renderer.LinePlot.test.js,Magic Number,"{'line': 194, 'column': 32, 'index': 5184}","test('handles null values', () => {
    const { graph, element } = createGraph({
      series: [{
        color: '#ff0000',
        data: [
          { x: 0, y: 20 },
          { x: 1, y: null },
          { x: 2, y: 15 }
        ]
      }, {
        color: '#00ff00',
        data: [
          { x: 0, y: 10 },
          { x: 1, y: 15 },
          { x: 2, y: 30 }
        ]
      }]
    });
    graph.render();

    // Should have 5 circles (2 points in first series + 3 points in second series)
    const circles = element.querySelectorAll('circle');
    expect(circles.length).toBe(5);

    // Path should still be rendered
    const paths = element.querySelectorAll('path');
    expect(paths.length).toBe(2);
  })",172,199,steel
/tests/Rickshaw.Graph.Renderer.LinePlot.test.js,Magic Number,"{'line': 198, 'column': 30, 'index': 5308}","test('handles null values', () => {
    const { graph, element } = createGraph({
      series: [{
        color: '#ff0000',
        data: [
          { x: 0, y: 20 },
          { x: 1, y: null },
          { x: 2, y: 15 }
        ]
      }, {
        color: '#00ff00',
        data: [
          { x: 0, y: 10 },
          { x: 1, y: 15 },
          { x: 2, y: 30 }
        ]
      }]
    });
    graph.render();

    // Should have 5 circles (2 points in first series + 3 points in second series)
    const circles = element.querySelectorAll('circle');
    expect(circles.length).toBe(5);

    // Path should still be rendered
    const paths = element.querySelectorAll('path');
    expect(paths.length).toBe(2);
  })",172,199,steel
/tests/Rickshaw.Graph.Renderer.LinePlot.test.js,Magic Number,"{'line': 235, 'column': 50, 'index': 6342}","test('uses graph tension', () => {
    const { graph } = createGraph();
    graph.renderer.tension = 0.8;

    const mockLine = {
      x: jest.fn().mockReturnThis(),
      y: jest.fn().mockReturnThis(),
      interpolate: jest.fn().mockReturnThis(),
      tension: jest.fn().mockReturnThis(),
      defined: jest.fn().mockReturnThis()
    };

    jest.spyOn(d3.svg, 'line').mockReturnValue(mockLine);
    graph.render();
    
    expect(mockLine.tension).toHaveBeenCalledWith(0.8);
    d3.svg.line.mockRestore();
  })",220,237,steel
/tests/Rickshaw.Graph.RangeSlider.test.js,Conditional Test Logic,"{'line': 11, 'column': 2, 'index': 284}",Unknown,,,steel
/tests/Rickshaw.Graph.RangeSlider.test.js,Conditional Test Logic,"{'line': 18, 'column': 2, 'index': 457}",Unknown,,,steel
/tests/Rickshaw.Graph.RangeSlider.test.js,Duplicate Assert,"{'line': 93, 'column': 4, 'index': 2317}","test('supports multiple graphs with shared slider', () => {
    const graphs = createGraphs();
    const slider = new Rickshaw.Graph.RangeSlider({
      element: document.getElementById('slider'),
      graphs: graphs
    });

    // Test multiple graphs support
    expect(slider.graphs).toBeTruthy();
    expect(slider.graph).toBe(slider.graphs[0]);

    // Test width adjustments
    expect(slider.element.style.width).toBe('');
    
    slider.graphs[0].configure({});
    expect(slider.element.style.width).toBe('400px');
    
    slider.graphs[2].configure({});
    expect(slider.element.style.width).toBe('1600px');
  })",81,100,steel
/tests/Rickshaw.Graph.RangeSlider.test.js,Duplicate Assert,"{'line': 96, 'column': 4, 'index': 2407}","test('supports multiple graphs with shared slider', () => {
    const graphs = createGraphs();
    const slider = new Rickshaw.Graph.RangeSlider({
      element: document.getElementById('slider'),
      graphs: graphs
    });

    // Test multiple graphs support
    expect(slider.graphs).toBeTruthy();
    expect(slider.graph).toBe(slider.graphs[0]);

    // Test width adjustments
    expect(slider.element.style.width).toBe('');
    
    slider.graphs[0].configure({});
    expect(slider.element.style.width).toBe('400px');
    
    slider.graphs[2].configure({});
    expect(slider.element.style.width).toBe('1600px');
  })",81,100,steel
/tests/Rickshaw.Graph.RangeSlider.test.js,Duplicate Assert,"{'line': 99, 'column': 4, 'index': 2502}","test('supports multiple graphs with shared slider', () => {
    const graphs = createGraphs();
    const slider = new Rickshaw.Graph.RangeSlider({
      element: document.getElementById('slider'),
      graphs: graphs
    });

    // Test multiple graphs support
    expect(slider.graphs).toBeTruthy();
    expect(slider.graph).toBe(slider.graphs[0]);

    // Test width adjustments
    expect(slider.element.style.width).toBe('');
    
    slider.graphs[0].configure({});
    expect(slider.element.style.width).toBe('400px');
    
    slider.graphs[2].configure({});
    expect(slider.element.style.width).toBe('1600px');
  })",81,100,steel
/tests/Rickshaw.Graph.RangeSlider.Preview.test.js,Magic Number,"{'line': 52, 'column': 37, 'index': 1663}","test('initializes with default settings', () => {
    const element = createTestElement();
    const graph = createTestGraph();
    
    const preview = new Rickshaw.Graph.RangeSlider.Preview({
      element,
      graph
    });

    expect(preview.element).toBe(element);
    expect(preview.element.style.position).toBe('relative');
    expect(preview.graphs).toEqual([graph]);
    expect(preview.heightRatio).toBe(0.2);
    expect(preview.config.height).toBe(100); // 500 * 0.2
    expect(preview.config.width).toBe(960);
    expect(preview.previews.length).toBe(1);
  })",40,56,steel
/tests/Rickshaw.Graph.RangeSlider.Preview.test.js,Magic Number,"{'line': 53, 'column': 39, 'index': 1708}","test('initializes with default settings', () => {
    const element = createTestElement();
    const graph = createTestGraph();
    
    const preview = new Rickshaw.Graph.RangeSlider.Preview({
      element,
      graph
    });

    expect(preview.element).toBe(element);
    expect(preview.element.style.position).toBe('relative');
    expect(preview.graphs).toEqual([graph]);
    expect(preview.heightRatio).toBe(0.2);
    expect(preview.config.height).toBe(100); // 500 * 0.2
    expect(preview.config.width).toBe(960);
    expect(preview.previews.length).toBe(1);
  })",40,56,steel
/tests/Rickshaw.Graph.RangeSlider.Preview.test.js,Magic Number,"{'line': 54, 'column': 38, 'index': 1765}","test('initializes with default settings', () => {
    const element = createTestElement();
    const graph = createTestGraph();
    
    const preview = new Rickshaw.Graph.RangeSlider.Preview({
      element,
      graph
    });

    expect(preview.element).toBe(element);
    expect(preview.element.style.position).toBe('relative');
    expect(preview.graphs).toEqual([graph]);
    expect(preview.heightRatio).toBe(0.2);
    expect(preview.config.height).toBe(100); // 500 * 0.2
    expect(preview.config.width).toBe(960);
    expect(preview.previews.length).toBe(1);
  })",40,56,steel
/tests/Rickshaw.Graph.RangeSlider.Preview.test.js,Magic Number,"{'line': 55, 'column': 41, 'index': 1812}","test('initializes with default settings', () => {
    const element = createTestElement();
    const graph = createTestGraph();
    
    const preview = new Rickshaw.Graph.RangeSlider.Preview({
      element,
      graph
    });

    expect(preview.element).toBe(element);
    expect(preview.element.style.position).toBe('relative');
    expect(preview.graphs).toEqual([graph]);
    expect(preview.heightRatio).toBe(0.2);
    expect(preview.config.height).toBe(100); // 500 * 0.2
    expect(preview.config.width).toBe(960);
    expect(preview.previews.length).toBe(1);
  })",40,56,steel
/tests/Rickshaw.Graph.RangeSlider.Preview.test.js,Magic Number,"{'line': 73, 'column': 39, 'index': 2234}","test('accepts custom configuration', () => {
    const element = createTestElement();
    const graph = createTestGraph();
    
    const preview = new Rickshaw.Graph.RangeSlider.Preview({
      element,
      graph,
      height: 150,
      width: 800,
      heightRatio: 0.3,
      frameColor: '#ff0000',
      frameOpacity: 0.5,
      minimumFrameWidth: 100
    });

    expect(preview.config.height).toBe(150);
    expect(preview.config.width).toBe(800);
    expect(preview.heightRatio).toBe(0.3);
    expect(preview.config.frameColor).toBe('#ff0000');
    expect(preview.config.frameOpacity).toBe(0.5);
    expect(preview.config.minimumFrameWidth).toBe(100);
  })",58,79,steel
/tests/Rickshaw.Graph.RangeSlider.Preview.test.js,Magic Number,"{'line': 74, 'column': 38, 'index': 2278}","test('accepts custom configuration', () => {
    const element = createTestElement();
    const graph = createTestGraph();
    
    const preview = new Rickshaw.Graph.RangeSlider.Preview({
      element,
      graph,
      height: 150,
      width: 800,
      heightRatio: 0.3,
      frameColor: '#ff0000',
      frameOpacity: 0.5,
      minimumFrameWidth: 100
    });

    expect(preview.config.height).toBe(150);
    expect(preview.config.width).toBe(800);
    expect(preview.heightRatio).toBe(0.3);
    expect(preview.config.frameColor).toBe('#ff0000');
    expect(preview.config.frameOpacity).toBe(0.5);
    expect(preview.config.minimumFrameWidth).toBe(100);
  })",58,79,steel
/tests/Rickshaw.Graph.RangeSlider.Preview.test.js,Magic Number,"{'line': 75, 'column': 37, 'index': 2321}","test('accepts custom configuration', () => {
    const element = createTestElement();
    const graph = createTestGraph();
    
    const preview = new Rickshaw.Graph.RangeSlider.Preview({
      element,
      graph,
      height: 150,
      width: 800,
      heightRatio: 0.3,
      frameColor: '#ff0000',
      frameOpacity: 0.5,
      minimumFrameWidth: 100
    });

    expect(preview.config.height).toBe(150);
    expect(preview.config.width).toBe(800);
    expect(preview.heightRatio).toBe(0.3);
    expect(preview.config.frameColor).toBe('#ff0000');
    expect(preview.config.frameOpacity).toBe(0.5);
    expect(preview.config.minimumFrameWidth).toBe(100);
  })",58,79,steel
/tests/Rickshaw.Graph.RangeSlider.Preview.test.js,Magic Number,"{'line': 77, 'column': 45, 'index': 2427}","test('accepts custom configuration', () => {
    const element = createTestElement();
    const graph = createTestGraph();
    
    const preview = new Rickshaw.Graph.RangeSlider.Preview({
      element,
      graph,
      height: 150,
      width: 800,
      heightRatio: 0.3,
      frameColor: '#ff0000',
      frameOpacity: 0.5,
      minimumFrameWidth: 100
    });

    expect(preview.config.height).toBe(150);
    expect(preview.config.width).toBe(800);
    expect(preview.heightRatio).toBe(0.3);
    expect(preview.config.frameColor).toBe('#ff0000');
    expect(preview.config.frameOpacity).toBe(0.5);
    expect(preview.config.minimumFrameWidth).toBe(100);
  })",58,79,steel
/tests/Rickshaw.Graph.RangeSlider.Preview.test.js,Magic Number,"{'line': 78, 'column': 50, 'index': 2483}","test('accepts custom configuration', () => {
    const element = createTestElement();
    const graph = createTestGraph();
    
    const preview = new Rickshaw.Graph.RangeSlider.Preview({
      element,
      graph,
      height: 150,
      width: 800,
      heightRatio: 0.3,
      frameColor: '#ff0000',
      frameOpacity: 0.5,
      minimumFrameWidth: 100
    });

    expect(preview.config.height).toBe(150);
    expect(preview.config.width).toBe(800);
    expect(preview.heightRatio).toBe(0.3);
    expect(preview.config.frameColor).toBe('#ff0000');
    expect(preview.config.frameOpacity).toBe(0.5);
    expect(preview.config.minimumFrameWidth).toBe(100);
  })",58,79,steel
/tests/Rickshaw.Graph.RangeSlider.Preview.test.js,Magic Number,"{'line': 91, 'column': 39, 'index': 2893}","test('supports multiple graphs', () => {
    const element = createTestElement();
    const graph1 = createTestGraph({ renderer: 'scatterplot', color: 'steelblue' });
    const graph2 = createTestGraph({ renderer: 'line', color: 'red' });

    const preview = new Rickshaw.Graph.RangeSlider.Preview({
      element,
      graphs: [graph1, graph2]
    });

    expect(preview.graphs.length).toBe(2);
    expect(preview.previews.length).toBe(2);
    expect(preview.previews[0].renderer.name).toBe('scatterplot');
    expect(preview.previews[1].renderer.name).toBe('line');
  })",81,95,steel
/tests/Rickshaw.Graph.RangeSlider.Preview.test.js,Magic Number,"{'line': 92, 'column': 41, 'index': 2938}","test('supports multiple graphs', () => {
    const element = createTestElement();
    const graph1 = createTestGraph({ renderer: 'scatterplot', color: 'steelblue' });
    const graph2 = createTestGraph({ renderer: 'line', color: 'red' });

    const preview = new Rickshaw.Graph.RangeSlider.Preview({
      element,
      graphs: [graph1, graph2]
    });

    expect(preview.graphs.length).toBe(2);
    expect(preview.previews.length).toBe(2);
    expect(preview.previews[0].renderer.name).toBe('scatterplot');
    expect(preview.previews[1].renderer.name).toBe('line');
  })",81,95,steel
/tests/Rickshaw.Graph.RangeSlider.Preview.test.js,Magic Number,"{'line': 156, 'column': 38, 'index': 5025}","test('handles width and height from graph', () => {
    const element = createTestElement();
    const graph = createTestGraph({ width: 1000, height: 600 });
    
    const preview = new Rickshaw.Graph.RangeSlider.Preview({
      element,
      graph,
      width: null,  // Should take from graph
      height: null  // Should calculate from graph using heightRatio
    });

    expect(preview.widthFromGraph).toBe(true);
    expect(preview.heightFromGraph).toBe(true);
    expect(preview.config.width).toBe(1000);
    expect(preview.config.height).toBe(120); // 600 * 0.2
  })",143,158,steel
/tests/Rickshaw.Graph.RangeSlider.Preview.test.js,Magic Number,"{'line': 157, 'column': 39, 'index': 5071}","test('handles width and height from graph', () => {
    const element = createTestElement();
    const graph = createTestGraph({ width: 1000, height: 600 });
    
    const preview = new Rickshaw.Graph.RangeSlider.Preview({
      element,
      graph,
      width: null,  // Should take from graph
      height: null  // Should calculate from graph using heightRatio
    });

    expect(preview.widthFromGraph).toBe(true);
    expect(preview.heightFromGraph).toBe(true);
    expect(preview.config.width).toBe(1000);
    expect(preview.config.height).toBe(120); // 600 * 0.2
  })",143,158,steel
/tests/Rickshaw.Graph.Legend.test.js,Magic Number,"{'line': 37, 'column': 30, 'index': 901}","test('renders legend with correct items', () => {
    const graph = createTestGraph();
    const legendElement = document.createElement('div');
    
    const legend = new Rickshaw.Graph.Legend({
      graph,
      element: legendElement
    });

    const items = legendElement.getElementsByTagName('li');
    expect(items.length).toBe(2);
    expect(items[1].getElementsByClassName('label')[0].innerHTML).toBe('foo');
    expect(items[0].getElementsByClassName('label')[0].innerHTML).toBe('bar');

    // Clean up
    graph.element.remove();
    legendElement.remove();
  })",27,44,steel
/tests/Rickshaw.Graph.HoverDetail.test.js,Conditional Test Logic,"{'line': 37, 'column': 4, 'index': 988}","describe('Rickshaw.Graph.HoverDetail', () => {
  // Helper function to create a test graph
  function createTestGraph(element, series = [{
    name: 'testseries',
    data: [{ x: 4, y: 32 }, { x: 16, y: 100 }]
  }]) {
    const graph = new Rickshaw.Graph({
      width: 900,
      height: 500,
      element,
      series,
      renderer: 'line' // Add renderer to initialize stackedData
    });
    graph.render(); // Pre-render graph
    
    // Mock getBoundingClientRect for the SVG element
    const svg = d3.select(element).select('svg').node();
    svg.getBoundingClientRect = () => ({
      left: 0,
      top: 0,
      width: 900,
      height: 500
    });

    return graph;
  }

  // Helper function to create mouse events
  function createMouseEvent(type, target) {
    const event = document.createEvent('Event');
    event.initEvent(type, true, true);
    event.relatedTarget = {
      compareDocumentPosition: jest.fn()
    };
    if (target) {
      event.target = target;
    }
    return event;
  }

  test('initializes with default settings', () => {
    const element = document.createElement('div');
    const graph = createTestGraph(element);
    
    const hoverDetail = new Rickshaw.Graph.HoverDetail({
      graph
    });

    expect(hoverDetail.visible).toBe(true);
    expect(typeof hoverDetail.formatter).toBe('function');
    expect(typeof hoverDetail.xFormatter).toBe('function');
    expect(typeof hoverDetail.yFormatter).toBe('function');

    const detail = d3.select(element).selectAll('.detail');
    expect(hoverDetail.element).toBe(detail[0][0]);
    expect(detail[0].length).toBe(1);

    // Clean up
    element.remove();
  });

  test('accepts custom formatters', () => {
    const element = document.createElement('div');
    const graph = createTestGraph(element);
    
    const formatter = jest.fn();
    const xFormatter = jest.fn();
    const yFormatter = jest.fn();

    const hoverDetail = new Rickshaw.Graph.HoverDetail({
      graph,
      formatter,
      xFormatter,
      yFormatter
    });

    expect(formatter).not.toHaveBeenCalled();
    expect(xFormatter).not.toHaveBeenCalled();
    expect(yFormatter).not.toHaveBeenCalled();

    hoverDetail.formatter();
    expect(formatter).toHaveBeenCalledTimes(1);

    hoverDetail.xFormatter();
    expect(xFormatter).toHaveBeenCalledTimes(1);

    hoverDetail.yFormatter();
    expect(yFormatter).toHaveBeenCalledTimes(1);

    // Clean up
    element.remove();
  });

  test('updates correctly on mouse events', () => {
    const element = document.createElement('div');
    const graph = createTestGraph(element);
    
    const hoverDetail = new Rickshaw.Graph.HoverDetail({
      graph
    });
    hoverDetail.render = jest.fn();

    // Test update without event
    hoverDetail.update();
    expect(hoverDetail.render).not.toHaveBeenCalled();

    // Test direct render with points
    hoverDetail.render({
      points: [{
        active: true,
        series: graph.series[0],
        value: graph.series[0].data[0],
        formattedXValue: '4 foo',
        formattedYValue: '32 bar'
      }]
    });
    expect(hoverDetail.render).toHaveBeenCalledWith(expect.objectContaining({
      points: expect.arrayContaining([
        expect.objectContaining({
          active: true,
          value: expect.objectContaining({ x: 4, y: 32 })
        })
      ])
    }));

    // Test render with null value
    hoverDetail.render({
      points: [{
        active: true,
        series: graph.series[0],
        value: { y: null }
      }]
    });
    const items = d3.select(element).selectAll('.item');
    expect(items[0].length).toBe(0);

    // Clean up
    element.remove();
  });

  test('handles event listeners correctly', () => {
    const element = document.createElement('div');
    const graph = createTestGraph(element);
    
    const onHide = jest.fn();
    const hoverDetail = new Rickshaw.Graph.HoverDetail({
      graph,
      onHide
    });

    expect(typeof hoverDetail.mousemoveListener).toBe('function');
    expect(typeof hoverDetail.mouseoutListener).toBe('function');

    // Test mouseout event
    const mouseoutEvent = createMouseEvent('mouseout');
    element.dispatchEvent(mouseoutEvent);
    expect(onHide).toHaveBeenCalledTimes(1);
    expect(hoverDetail.visible).toBe(false);

    // Test SPA-like DOM manipulation
    expect(hoverDetail.element.parentNode).toBe(element);
    expect(element.childNodes.length).toBe(2);
    graph.element.removeChild(element.childNodes[0]);
    graph.element.removeChild(element.childNodes[0]);
    expect(element.innerHTML).toBe('');
    expect(hoverDetail.element.parentNode).toBe(null);

    // Test mousemove after DOM manipulation
    hoverDetail.update = jest.fn();
    const moveEvent = createMouseEvent('mousemove');
    element.dispatchEvent(moveEvent);
    expect(hoverDetail.visible).toBe(true);
    expect(hoverDetail.update).toHaveBeenCalledTimes(1);

    // Test listener removal
    hoverDetail.update = jest.fn();
    hoverDetail._removeListeners();
    element.dispatchEvent(moveEvent);
    expect(hoverDetail.update).not.toHaveBeenCalled();

    // Clean up
    element.remove();
  });

  test('renders hover details correctly', () => {
    const element = document.createElement('div');
    const graph = createTestGraph(element);
    
    const onShow = jest.fn();
    const onHide = jest.fn();
    const onRender = jest.fn();
    
    const hoverDetail = new Rickshaw.Graph.HoverDetail({
      graph,
      onShow,
      onHide,
      onRender
    });

    // Test render with null value
    hoverDetail.render({
      points: [{
        active: true,
        series: graph.series[0],
        value: { y: null }
      }]
    });

    let items = d3.select(element).selectAll('.item');
    expect(items[0].length).toBe(0);
    expect(onRender).not.toHaveBeenCalled();

    // Test render with multiple points
    hoverDetail.render({
      points: [{
        active: true,
        series: graph.series[0],
        value: graph.series[0].data[0],
        formattedXValue: '4 foo',
        formattedYValue: '32 bar'
      }, {
        active: true,
        series: graph.series[0],
        value: graph.series[0].data[1]
      }, {
        active: true,
        series: graph.series[0],
        value: { y: null }
      }]
    });

    expect(onShow).toHaveBeenCalledTimes(1);
    expect(onRender).toHaveBeenCalledTimes(1);

    const xLabel = d3.select(element).selectAll('.x_label');
    expect(xLabel[0].length).toBe(1);
    expect(xLabel[0][0].innerHTML).toBe('4 foo');

    items = d3.select(element).selectAll('.item');
    expect(items[0].length).toBe(1);
    expect(items[0][0].innerHTML).toBe('testseries:&nbsp;32 bar');

    const dots = d3.select(element).selectAll('.dot');
    expect(dots[0].length).toBe(1);

    // Test hide functionality
    hoverDetail.hide();
    expect(onHide).toHaveBeenCalledTimes(1);

    // Clean up
    element.remove();
  });

  test('handles DOM cleanup correctly', () => {
    const element = document.createElement('div');
    const graph = createTestGraph(element);
    
    const hoverDetail = new Rickshaw.Graph.HoverDetail({
      graph
    });

    // Test initial DOM state
    expect(hoverDetail.element.parentNode).toBe(element);
    expect(element.childNodes.length).toBe(2);

    // Test SPA-like DOM cleanup
    graph.element.removeChild(element.childNodes[0]);
    graph.element.removeChild(element.childNodes[0]);
    expect(element.innerHTML).toBe('');
    expect(hoverDetail.element.parentNode).toBe(null);

    // Test event handling after cleanup
    hoverDetail.update = jest.fn();
    const moveEvent = createMouseEvent('mousemove');
    element.dispatchEvent(moveEvent);
    expect(hoverDetail.visible).toBe(true);
    expect(hoverDetail.update).toHaveBeenCalledTimes(1);

    // Test listener removal
    hoverDetail.update = jest.fn();
    hoverDetail._removeListeners();
    element.dispatchEvent(moveEvent);
    expect(hoverDetail.update).not.toHaveBeenCalled();

    // Clean up
    element.remove();
  });
})",3,290,steel
/tests/Rickshaw.Graph.HoverDetail.test.js,Duplicate Assert,"{'line': 79, 'column': 4, 'index': 2091}","test('accepts custom formatters', () => {
    const element = document.createElement('div');
    const graph = createTestGraph(element);
    
    const formatter = jest.fn();
    const xFormatter = jest.fn();
    const yFormatter = jest.fn();

    const hoverDetail = new Rickshaw.Graph.HoverDetail({
      graph,
      formatter,
      xFormatter,
      yFormatter
    });

    expect(formatter).not.toHaveBeenCalled();
    expect(xFormatter).not.toHaveBeenCalled();
    expect(yFormatter).not.toHaveBeenCalled();

    hoverDetail.formatter();
    expect(formatter).toHaveBeenCalledTimes(1);

    hoverDetail.xFormatter();
    expect(xFormatter).toHaveBeenCalledTimes(1);

    hoverDetail.yFormatter();
    expect(yFormatter).toHaveBeenCalledTimes(1);

    // Clean up
    element.remove();
  })",64,94,steel
/tests/Rickshaw.Graph.HoverDetail.test.js,Duplicate Assert,"{'line': 80, 'column': 4, 'index': 2137}","test('accepts custom formatters', () => {
    const element = document.createElement('div');
    const graph = createTestGraph(element);
    
    const formatter = jest.fn();
    const xFormatter = jest.fn();
    const yFormatter = jest.fn();

    const hoverDetail = new Rickshaw.Graph.HoverDetail({
      graph,
      formatter,
      xFormatter,
      yFormatter
    });

    expect(formatter).not.toHaveBeenCalled();
    expect(xFormatter).not.toHaveBeenCalled();
    expect(yFormatter).not.toHaveBeenCalled();

    hoverDetail.formatter();
    expect(formatter).toHaveBeenCalledTimes(1);

    hoverDetail.xFormatter();
    expect(xFormatter).toHaveBeenCalledTimes(1);

    hoverDetail.yFormatter();
    expect(yFormatter).toHaveBeenCalledTimes(1);

    // Clean up
    element.remove();
  })",64,94,steel
/tests/Rickshaw.Graph.HoverDetail.test.js,Duplicate Assert,"{'line': 81, 'column': 4, 'index': 2184}","test('accepts custom formatters', () => {
    const element = document.createElement('div');
    const graph = createTestGraph(element);
    
    const formatter = jest.fn();
    const xFormatter = jest.fn();
    const yFormatter = jest.fn();

    const hoverDetail = new Rickshaw.Graph.HoverDetail({
      graph,
      formatter,
      xFormatter,
      yFormatter
    });

    expect(formatter).not.toHaveBeenCalled();
    expect(xFormatter).not.toHaveBeenCalled();
    expect(yFormatter).not.toHaveBeenCalled();

    hoverDetail.formatter();
    expect(formatter).toHaveBeenCalledTimes(1);

    hoverDetail.xFormatter();
    expect(xFormatter).toHaveBeenCalledTimes(1);

    hoverDetail.yFormatter();
    expect(yFormatter).toHaveBeenCalledTimes(1);

    // Clean up
    element.remove();
  })",64,94,steel
/tests/Rickshaw.Graph.HoverDetail.test.js,Duplicate Assert,"{'line': 84, 'column': 4, 'index': 2261}","test('accepts custom formatters', () => {
    const element = document.createElement('div');
    const graph = createTestGraph(element);
    
    const formatter = jest.fn();
    const xFormatter = jest.fn();
    const yFormatter = jest.fn();

    const hoverDetail = new Rickshaw.Graph.HoverDetail({
      graph,
      formatter,
      xFormatter,
      yFormatter
    });

    expect(formatter).not.toHaveBeenCalled();
    expect(xFormatter).not.toHaveBeenCalled();
    expect(yFormatter).not.toHaveBeenCalled();

    hoverDetail.formatter();
    expect(formatter).toHaveBeenCalledTimes(1);

    hoverDetail.xFormatter();
    expect(xFormatter).toHaveBeenCalledTimes(1);

    hoverDetail.yFormatter();
    expect(yFormatter).toHaveBeenCalledTimes(1);

    // Clean up
    element.remove();
  })",64,94,steel
/tests/Rickshaw.Graph.HoverDetail.test.js,Duplicate Assert,"{'line': 87, 'column': 4, 'index': 2340}","test('accepts custom formatters', () => {
    const element = document.createElement('div');
    const graph = createTestGraph(element);
    
    const formatter = jest.fn();
    const xFormatter = jest.fn();
    const yFormatter = jest.fn();

    const hoverDetail = new Rickshaw.Graph.HoverDetail({
      graph,
      formatter,
      xFormatter,
      yFormatter
    });

    expect(formatter).not.toHaveBeenCalled();
    expect(xFormatter).not.toHaveBeenCalled();
    expect(yFormatter).not.toHaveBeenCalled();

    hoverDetail.formatter();
    expect(formatter).toHaveBeenCalledTimes(1);

    hoverDetail.xFormatter();
    expect(xFormatter).toHaveBeenCalledTimes(1);

    hoverDetail.yFormatter();
    expect(yFormatter).toHaveBeenCalledTimes(1);

    // Clean up
    element.remove();
  })",64,94,steel
/tests/Rickshaw.Graph.HoverDetail.test.js,Duplicate Assert,"{'line': 90, 'column': 4, 'index': 2420}","test('accepts custom formatters', () => {
    const element = document.createElement('div');
    const graph = createTestGraph(element);
    
    const formatter = jest.fn();
    const xFormatter = jest.fn();
    const yFormatter = jest.fn();

    const hoverDetail = new Rickshaw.Graph.HoverDetail({
      graph,
      formatter,
      xFormatter,
      yFormatter
    });

    expect(formatter).not.toHaveBeenCalled();
    expect(xFormatter).not.toHaveBeenCalled();
    expect(yFormatter).not.toHaveBeenCalled();

    hoverDetail.formatter();
    expect(formatter).toHaveBeenCalledTimes(1);

    hoverDetail.xFormatter();
    expect(xFormatter).toHaveBeenCalledTimes(1);

    hoverDetail.yFormatter();
    expect(yFormatter).toHaveBeenCalledTimes(1);

    // Clean up
    element.remove();
  })",64,94,steel
/tests/Rickshaw.Graph.HoverDetail.test.js,Duplicate Assert,"{'line': 107, 'column': 4, 'index': 2840}","test('updates correctly on mouse events', () => {
    const element = document.createElement('div');
    const graph = createTestGraph(element);
    
    const hoverDetail = new Rickshaw.Graph.HoverDetail({
      graph
    });
    hoverDetail.render = jest.fn();

    // Test update without event
    hoverDetail.update();
    expect(hoverDetail.render).not.toHaveBeenCalled();

    // Test direct render with points
    hoverDetail.render({
      points: [{
        active: true,
        series: graph.series[0],
        value: graph.series[0].data[0],
        formattedXValue: '4 foo',
        formattedYValue: '32 bar'
      }]
    });
    expect(hoverDetail.render).toHaveBeenCalledWith(expect.objectContaining({
      points: expect.arrayContaining([
        expect.objectContaining({
          active: true,
          value: expect.objectContaining({ x: 4, y: 32 })
        })
      ])
    }));

    // Test render with null value
    hoverDetail.render({
      points: [{
        active: true,
        series: graph.series[0],
        value: { y: null }
      }]
    });
    const items = d3.select(element).selectAll('.item');
    expect(items[0].length).toBe(0);

    // Clean up
    element.remove();
  })",96,141,steel
/tests/Rickshaw.Graph.HoverDetail.test.js,Duplicate Assert,"{'line': 119, 'column': 4, 'index': 3156}","test('updates correctly on mouse events', () => {
    const element = document.createElement('div');
    const graph = createTestGraph(element);
    
    const hoverDetail = new Rickshaw.Graph.HoverDetail({
      graph
    });
    hoverDetail.render = jest.fn();

    // Test update without event
    hoverDetail.update();
    expect(hoverDetail.render).not.toHaveBeenCalled();

    // Test direct render with points
    hoverDetail.render({
      points: [{
        active: true,
        series: graph.series[0],
        value: graph.series[0].data[0],
        formattedXValue: '4 foo',
        formattedYValue: '32 bar'
      }]
    });
    expect(hoverDetail.render).toHaveBeenCalledWith(expect.objectContaining({
      points: expect.arrayContaining([
        expect.objectContaining({
          active: true,
          value: expect.objectContaining({ x: 4, y: 32 })
        })
      ])
    }));

    // Test render with null value
    hoverDetail.render({
      points: [{
        active: true,
        series: graph.series[0],
        value: { y: null }
      }]
    });
    const items = d3.select(element).selectAll('.item');
    expect(items[0].length).toBe(0);

    // Clean up
    element.remove();
  })",96,141,steel
/tests/Rickshaw.Graph.HoverDetail.test.js,Duplicate Assert,"{'line': 160, 'column': 4, 'index': 4313}","test('handles event listeners correctly', () => {
    const element = document.createElement('div');
    const graph = createTestGraph(element);
    
    const onHide = jest.fn();
    const hoverDetail = new Rickshaw.Graph.HoverDetail({
      graph,
      onHide
    });

    expect(typeof hoverDetail.mousemoveListener).toBe('function');
    expect(typeof hoverDetail.mouseoutListener).toBe('function');

    // Test mouseout event
    const mouseoutEvent = createMouseEvent('mouseout');
    element.dispatchEvent(mouseoutEvent);
    expect(onHide).toHaveBeenCalledTimes(1);
    expect(hoverDetail.visible).toBe(false);

    // Test SPA-like DOM manipulation
    expect(hoverDetail.element.parentNode).toBe(element);
    expect(element.childNodes.length).toBe(2);
    graph.element.removeChild(element.childNodes[0]);
    graph.element.removeChild(element.childNodes[0]);
    expect(element.innerHTML).toBe('');
    expect(hoverDetail.element.parentNode).toBe(null);

    // Test mousemove after DOM manipulation
    hoverDetail.update = jest.fn();
    const moveEvent = createMouseEvent('mousemove');
    element.dispatchEvent(moveEvent);
    expect(hoverDetail.visible).toBe(true);
    expect(hoverDetail.update).toHaveBeenCalledTimes(1);

    // Test listener removal
    hoverDetail.update = jest.fn();
    hoverDetail._removeListeners();
    element.dispatchEvent(moveEvent);
    expect(hoverDetail.update).not.toHaveBeenCalled();

    // Clean up
    element.remove();
  })",143,185,steel
/tests/Rickshaw.Graph.HoverDetail.test.js,Duplicate Assert,"{'line': 163, 'column': 4, 'index': 4397}","test('handles event listeners correctly', () => {
    const element = document.createElement('div');
    const graph = createTestGraph(element);
    
    const onHide = jest.fn();
    const hoverDetail = new Rickshaw.Graph.HoverDetail({
      graph,
      onHide
    });

    expect(typeof hoverDetail.mousemoveListener).toBe('function');
    expect(typeof hoverDetail.mouseoutListener).toBe('function');

    // Test mouseout event
    const mouseoutEvent = createMouseEvent('mouseout');
    element.dispatchEvent(mouseoutEvent);
    expect(onHide).toHaveBeenCalledTimes(1);
    expect(hoverDetail.visible).toBe(false);

    // Test SPA-like DOM manipulation
    expect(hoverDetail.element.parentNode).toBe(element);
    expect(element.childNodes.length).toBe(2);
    graph.element.removeChild(element.childNodes[0]);
    graph.element.removeChild(element.childNodes[0]);
    expect(element.innerHTML).toBe('');
    expect(hoverDetail.element.parentNode).toBe(null);

    // Test mousemove after DOM manipulation
    hoverDetail.update = jest.fn();
    const moveEvent = createMouseEvent('mousemove');
    element.dispatchEvent(moveEvent);
    expect(hoverDetail.visible).toBe(true);
    expect(hoverDetail.update).toHaveBeenCalledTimes(1);

    // Test listener removal
    hoverDetail.update = jest.fn();
    hoverDetail._removeListeners();
    element.dispatchEvent(moveEvent);
    expect(hoverDetail.update).not.toHaveBeenCalled();

    // Clean up
    element.remove();
  })",143,185,steel
/tests/Rickshaw.Graph.HoverDetail.test.js,Duplicate Assert,"{'line': 168, 'column': 4, 'index': 4650}","test('handles event listeners correctly', () => {
    const element = document.createElement('div');
    const graph = createTestGraph(element);
    
    const onHide = jest.fn();
    const hoverDetail = new Rickshaw.Graph.HoverDetail({
      graph,
      onHide
    });

    expect(typeof hoverDetail.mousemoveListener).toBe('function');
    expect(typeof hoverDetail.mouseoutListener).toBe('function');

    // Test mouseout event
    const mouseoutEvent = createMouseEvent('mouseout');
    element.dispatchEvent(mouseoutEvent);
    expect(onHide).toHaveBeenCalledTimes(1);
    expect(hoverDetail.visible).toBe(false);

    // Test SPA-like DOM manipulation
    expect(hoverDetail.element.parentNode).toBe(element);
    expect(element.childNodes.length).toBe(2);
    graph.element.removeChild(element.childNodes[0]);
    graph.element.removeChild(element.childNodes[0]);
    expect(element.innerHTML).toBe('');
    expect(hoverDetail.element.parentNode).toBe(null);

    // Test mousemove after DOM manipulation
    hoverDetail.update = jest.fn();
    const moveEvent = createMouseEvent('mousemove');
    element.dispatchEvent(moveEvent);
    expect(hoverDetail.visible).toBe(true);
    expect(hoverDetail.update).toHaveBeenCalledTimes(1);

    // Test listener removal
    hoverDetail.update = jest.fn();
    hoverDetail._removeListeners();
    element.dispatchEvent(moveEvent);
    expect(hoverDetail.update).not.toHaveBeenCalled();

    // Clean up
    element.remove();
  })",143,185,steel
/tests/Rickshaw.Graph.HoverDetail.test.js,Duplicate Assert,"{'line': 174, 'column': 4, 'index': 4878}","test('handles event listeners correctly', () => {
    const element = document.createElement('div');
    const graph = createTestGraph(element);
    
    const onHide = jest.fn();
    const hoverDetail = new Rickshaw.Graph.HoverDetail({
      graph,
      onHide
    });

    expect(typeof hoverDetail.mousemoveListener).toBe('function');
    expect(typeof hoverDetail.mouseoutListener).toBe('function');

    // Test mouseout event
    const mouseoutEvent = createMouseEvent('mouseout');
    element.dispatchEvent(mouseoutEvent);
    expect(onHide).toHaveBeenCalledTimes(1);
    expect(hoverDetail.visible).toBe(false);

    // Test SPA-like DOM manipulation
    expect(hoverDetail.element.parentNode).toBe(element);
    expect(element.childNodes.length).toBe(2);
    graph.element.removeChild(element.childNodes[0]);
    graph.element.removeChild(element.childNodes[0]);
    expect(element.innerHTML).toBe('');
    expect(hoverDetail.element.parentNode).toBe(null);

    // Test mousemove after DOM manipulation
    hoverDetail.update = jest.fn();
    const moveEvent = createMouseEvent('mousemove');
    element.dispatchEvent(moveEvent);
    expect(hoverDetail.visible).toBe(true);
    expect(hoverDetail.update).toHaveBeenCalledTimes(1);

    // Test listener removal
    hoverDetail.update = jest.fn();
    hoverDetail._removeListeners();
    element.dispatchEvent(moveEvent);
    expect(hoverDetail.update).not.toHaveBeenCalled();

    // Clean up
    element.remove();
  })",143,185,steel
/tests/Rickshaw.Graph.HoverDetail.test.js,Duplicate Assert,"{'line': 175, 'column': 4, 'index': 4922}","test('handles event listeners correctly', () => {
    const element = document.createElement('div');
    const graph = createTestGraph(element);
    
    const onHide = jest.fn();
    const hoverDetail = new Rickshaw.Graph.HoverDetail({
      graph,
      onHide
    });

    expect(typeof hoverDetail.mousemoveListener).toBe('function');
    expect(typeof hoverDetail.mouseoutListener).toBe('function');

    // Test mouseout event
    const mouseoutEvent = createMouseEvent('mouseout');
    element.dispatchEvent(mouseoutEvent);
    expect(onHide).toHaveBeenCalledTimes(1);
    expect(hoverDetail.visible).toBe(false);

    // Test SPA-like DOM manipulation
    expect(hoverDetail.element.parentNode).toBe(element);
    expect(element.childNodes.length).toBe(2);
    graph.element.removeChild(element.childNodes[0]);
    graph.element.removeChild(element.childNodes[0]);
    expect(element.innerHTML).toBe('');
    expect(hoverDetail.element.parentNode).toBe(null);

    // Test mousemove after DOM manipulation
    hoverDetail.update = jest.fn();
    const moveEvent = createMouseEvent('mousemove');
    element.dispatchEvent(moveEvent);
    expect(hoverDetail.visible).toBe(true);
    expect(hoverDetail.update).toHaveBeenCalledTimes(1);

    // Test listener removal
    hoverDetail.update = jest.fn();
    hoverDetail._removeListeners();
    element.dispatchEvent(moveEvent);
    expect(hoverDetail.update).not.toHaveBeenCalled();

    // Clean up
    element.remove();
  })",143,185,steel
/tests/Rickshaw.Graph.HoverDetail.test.js,Duplicate Assert,"{'line': 181, 'column': 4, 'index': 5119}","test('handles event listeners correctly', () => {
    const element = document.createElement('div');
    const graph = createTestGraph(element);
    
    const onHide = jest.fn();
    const hoverDetail = new Rickshaw.Graph.HoverDetail({
      graph,
      onHide
    });

    expect(typeof hoverDetail.mousemoveListener).toBe('function');
    expect(typeof hoverDetail.mouseoutListener).toBe('function');

    // Test mouseout event
    const mouseoutEvent = createMouseEvent('mouseout');
    element.dispatchEvent(mouseoutEvent);
    expect(onHide).toHaveBeenCalledTimes(1);
    expect(hoverDetail.visible).toBe(false);

    // Test SPA-like DOM manipulation
    expect(hoverDetail.element.parentNode).toBe(element);
    expect(element.childNodes.length).toBe(2);
    graph.element.removeChild(element.childNodes[0]);
    graph.element.removeChild(element.childNodes[0]);
    expect(element.innerHTML).toBe('');
    expect(hoverDetail.element.parentNode).toBe(null);

    // Test mousemove after DOM manipulation
    hoverDetail.update = jest.fn();
    const moveEvent = createMouseEvent('mousemove');
    element.dispatchEvent(moveEvent);
    expect(hoverDetail.visible).toBe(true);
    expect(hoverDetail.update).toHaveBeenCalledTimes(1);

    // Test listener removal
    hoverDetail.update = jest.fn();
    hoverDetail._removeListeners();
    element.dispatchEvent(moveEvent);
    expect(hoverDetail.update).not.toHaveBeenCalled();

    // Clean up
    element.remove();
  })",143,185,steel
/tests/Rickshaw.Graph.HoverDetail.test.js,Duplicate Assert,"{'line': 212, 'column': 4, 'index': 5821}","test('renders hover details correctly', () => {
    const element = document.createElement('div');
    const graph = createTestGraph(element);
    
    const onShow = jest.fn();
    const onHide = jest.fn();
    const onRender = jest.fn();
    
    const hoverDetail = new Rickshaw.Graph.HoverDetail({
      graph,
      onShow,
      onHide,
      onRender
    });

    // Test render with null value
    hoverDetail.render({
      points: [{
        active: true,
        series: graph.series[0],
        value: { y: null }
      }]
    });

    let items = d3.select(element).selectAll('.item');
    expect(items[0].length).toBe(0);
    expect(onRender).not.toHaveBeenCalled();

    // Test render with multiple points
    hoverDetail.render({
      points: [{
        active: true,
        series: graph.series[0],
        value: graph.series[0].data[0],
        formattedXValue: '4 foo',
        formattedYValue: '32 bar'
      }, {
        active: true,
        series: graph.series[0],
        value: graph.series[0].data[1]
      }, {
        active: true,
        series: graph.series[0],
        value: { y: null }
      }]
    });

    expect(onShow).toHaveBeenCalledTimes(1);
    expect(onRender).toHaveBeenCalledTimes(1);

    const xLabel = d3.select(element).selectAll('.x_label');
    expect(xLabel[0].length).toBe(1);
    expect(xLabel[0][0].innerHTML).toBe('4 foo');

    items = d3.select(element).selectAll('.item');
    expect(items[0].length).toBe(1);
    expect(items[0][0].innerHTML).toBe('testseries:&nbsp;32 bar');

    const dots = d3.select(element).selectAll('.dot');
    expect(dots[0].length).toBe(1);

    // Test hide functionality
    hoverDetail.hide();
    expect(onHide).toHaveBeenCalledTimes(1);

    // Clean up
    element.remove();
  })",187,254,steel
/tests/Rickshaw.Graph.HoverDetail.test.js,Duplicate Assert,"{'line': 213, 'column': 4, 'index': 5858}","test('renders hover details correctly', () => {
    const element = document.createElement('div');
    const graph = createTestGraph(element);
    
    const onShow = jest.fn();
    const onHide = jest.fn();
    const onRender = jest.fn();
    
    const hoverDetail = new Rickshaw.Graph.HoverDetail({
      graph,
      onShow,
      onHide,
      onRender
    });

    // Test render with null value
    hoverDetail.render({
      points: [{
        active: true,
        series: graph.series[0],
        value: { y: null }
      }]
    });

    let items = d3.select(element).selectAll('.item');
    expect(items[0].length).toBe(0);
    expect(onRender).not.toHaveBeenCalled();

    // Test render with multiple points
    hoverDetail.render({
      points: [{
        active: true,
        series: graph.series[0],
        value: graph.series[0].data[0],
        formattedXValue: '4 foo',
        formattedYValue: '32 bar'
      }, {
        active: true,
        series: graph.series[0],
        value: graph.series[0].data[1]
      }, {
        active: true,
        series: graph.series[0],
        value: { y: null }
      }]
    });

    expect(onShow).toHaveBeenCalledTimes(1);
    expect(onRender).toHaveBeenCalledTimes(1);

    const xLabel = d3.select(element).selectAll('.x_label');
    expect(xLabel[0].length).toBe(1);
    expect(xLabel[0][0].innerHTML).toBe('4 foo');

    items = d3.select(element).selectAll('.item');
    expect(items[0].length).toBe(1);
    expect(items[0][0].innerHTML).toBe('testseries:&nbsp;32 bar');

    const dots = d3.select(element).selectAll('.dot');
    expect(dots[0].length).toBe(1);

    // Test hide functionality
    hoverDetail.hide();
    expect(onHide).toHaveBeenCalledTimes(1);

    // Clean up
    element.remove();
  })",187,254,steel
/tests/Rickshaw.Graph.HoverDetail.test.js,Duplicate Assert,"{'line': 235, 'column': 4, 'index': 6410}","test('renders hover details correctly', () => {
    const element = document.createElement('div');
    const graph = createTestGraph(element);
    
    const onShow = jest.fn();
    const onHide = jest.fn();
    const onRender = jest.fn();
    
    const hoverDetail = new Rickshaw.Graph.HoverDetail({
      graph,
      onShow,
      onHide,
      onRender
    });

    // Test render with null value
    hoverDetail.render({
      points: [{
        active: true,
        series: graph.series[0],
        value: { y: null }
      }]
    });

    let items = d3.select(element).selectAll('.item');
    expect(items[0].length).toBe(0);
    expect(onRender).not.toHaveBeenCalled();

    // Test render with multiple points
    hoverDetail.render({
      points: [{
        active: true,
        series: graph.series[0],
        value: graph.series[0].data[0],
        formattedXValue: '4 foo',
        formattedYValue: '32 bar'
      }, {
        active: true,
        series: graph.series[0],
        value: graph.series[0].data[1]
      }, {
        active: true,
        series: graph.series[0],
        value: { y: null }
      }]
    });

    expect(onShow).toHaveBeenCalledTimes(1);
    expect(onRender).toHaveBeenCalledTimes(1);

    const xLabel = d3.select(element).selectAll('.x_label');
    expect(xLabel[0].length).toBe(1);
    expect(xLabel[0][0].innerHTML).toBe('4 foo');

    items = d3.select(element).selectAll('.item');
    expect(items[0].length).toBe(1);
    expect(items[0][0].innerHTML).toBe('testseries:&nbsp;32 bar');

    const dots = d3.select(element).selectAll('.dot');
    expect(dots[0].length).toBe(1);

    // Test hide functionality
    hoverDetail.hide();
    expect(onHide).toHaveBeenCalledTimes(1);

    // Clean up
    element.remove();
  })",187,254,steel
/tests/Rickshaw.Graph.HoverDetail.test.js,Duplicate Assert,"{'line': 242, 'column': 4, 'index': 6659}","test('renders hover details correctly', () => {
    const element = document.createElement('div');
    const graph = createTestGraph(element);
    
    const onShow = jest.fn();
    const onHide = jest.fn();
    const onRender = jest.fn();
    
    const hoverDetail = new Rickshaw.Graph.HoverDetail({
      graph,
      onShow,
      onHide,
      onRender
    });

    // Test render with null value
    hoverDetail.render({
      points: [{
        active: true,
        series: graph.series[0],
        value: { y: null }
      }]
    });

    let items = d3.select(element).selectAll('.item');
    expect(items[0].length).toBe(0);
    expect(onRender).not.toHaveBeenCalled();

    // Test render with multiple points
    hoverDetail.render({
      points: [{
        active: true,
        series: graph.series[0],
        value: graph.series[0].data[0],
        formattedXValue: '4 foo',
        formattedYValue: '32 bar'
      }, {
        active: true,
        series: graph.series[0],
        value: graph.series[0].data[1]
      }, {
        active: true,
        series: graph.series[0],
        value: { y: null }
      }]
    });

    expect(onShow).toHaveBeenCalledTimes(1);
    expect(onRender).toHaveBeenCalledTimes(1);

    const xLabel = d3.select(element).selectAll('.x_label');
    expect(xLabel[0].length).toBe(1);
    expect(xLabel[0][0].innerHTML).toBe('4 foo');

    items = d3.select(element).selectAll('.item');
    expect(items[0].length).toBe(1);
    expect(items[0][0].innerHTML).toBe('testseries:&nbsp;32 bar');

    const dots = d3.select(element).selectAll('.dot');
    expect(dots[0].length).toBe(1);

    // Test hide functionality
    hoverDetail.hide();
    expect(onHide).toHaveBeenCalledTimes(1);

    // Clean up
    element.remove();
  })",187,254,steel
/tests/Rickshaw.Graph.HoverDetail.test.js,Duplicate Assert,"{'line': 265, 'column': 4, 'index': 7258}","test('handles DOM cleanup correctly', () => {
    const element = document.createElement('div');
    const graph = createTestGraph(element);
    
    const hoverDetail = new Rickshaw.Graph.HoverDetail({
      graph
    });

    // Test initial DOM state
    expect(hoverDetail.element.parentNode).toBe(element);
    expect(element.childNodes.length).toBe(2);

    // Test SPA-like DOM cleanup
    graph.element.removeChild(element.childNodes[0]);
    graph.element.removeChild(element.childNodes[0]);
    expect(element.innerHTML).toBe('');
    expect(hoverDetail.element.parentNode).toBe(null);

    // Test event handling after cleanup
    hoverDetail.update = jest.fn();
    const moveEvent = createMouseEvent('mousemove');
    element.dispatchEvent(moveEvent);
    expect(hoverDetail.visible).toBe(true);
    expect(hoverDetail.update).toHaveBeenCalledTimes(1);

    // Test listener removal
    hoverDetail.update = jest.fn();
    hoverDetail._removeListeners();
    element.dispatchEvent(moveEvent);
    expect(hoverDetail.update).not.toHaveBeenCalled();

    // Clean up
    element.remove();
  })",256,289,steel
/tests/Rickshaw.Graph.HoverDetail.test.js,Duplicate Assert,"{'line': 272, 'column': 4, 'index': 7545}","test('handles DOM cleanup correctly', () => {
    const element = document.createElement('div');
    const graph = createTestGraph(element);
    
    const hoverDetail = new Rickshaw.Graph.HoverDetail({
      graph
    });

    // Test initial DOM state
    expect(hoverDetail.element.parentNode).toBe(element);
    expect(element.childNodes.length).toBe(2);

    // Test SPA-like DOM cleanup
    graph.element.removeChild(element.childNodes[0]);
    graph.element.removeChild(element.childNodes[0]);
    expect(element.innerHTML).toBe('');
    expect(hoverDetail.element.parentNode).toBe(null);

    // Test event handling after cleanup
    hoverDetail.update = jest.fn();
    const moveEvent = createMouseEvent('mousemove');
    element.dispatchEvent(moveEvent);
    expect(hoverDetail.visible).toBe(true);
    expect(hoverDetail.update).toHaveBeenCalledTimes(1);

    // Test listener removal
    hoverDetail.update = jest.fn();
    hoverDetail._removeListeners();
    element.dispatchEvent(moveEvent);
    expect(hoverDetail.update).not.toHaveBeenCalled();

    // Clean up
    element.remove();
  })",256,289,steel
/tests/Rickshaw.Graph.HoverDetail.test.js,Duplicate Assert,"{'line': 279, 'column': 4, 'index': 7813}","test('handles DOM cleanup correctly', () => {
    const element = document.createElement('div');
    const graph = createTestGraph(element);
    
    const hoverDetail = new Rickshaw.Graph.HoverDetail({
      graph
    });

    // Test initial DOM state
    expect(hoverDetail.element.parentNode).toBe(element);
    expect(element.childNodes.length).toBe(2);

    // Test SPA-like DOM cleanup
    graph.element.removeChild(element.childNodes[0]);
    graph.element.removeChild(element.childNodes[0]);
    expect(element.innerHTML).toBe('');
    expect(hoverDetail.element.parentNode).toBe(null);

    // Test event handling after cleanup
    hoverDetail.update = jest.fn();
    const moveEvent = createMouseEvent('mousemove');
    element.dispatchEvent(moveEvent);
    expect(hoverDetail.visible).toBe(true);
    expect(hoverDetail.update).toHaveBeenCalledTimes(1);

    // Test listener removal
    hoverDetail.update = jest.fn();
    hoverDetail._removeListeners();
    element.dispatchEvent(moveEvent);
    expect(hoverDetail.update).not.toHaveBeenCalled();

    // Clean up
    element.remove();
  })",256,289,steel
/tests/Rickshaw.Graph.HoverDetail.test.js,Duplicate Assert,"{'line': 285, 'column': 4, 'index': 8010}","test('handles DOM cleanup correctly', () => {
    const element = document.createElement('div');
    const graph = createTestGraph(element);
    
    const hoverDetail = new Rickshaw.Graph.HoverDetail({
      graph
    });

    // Test initial DOM state
    expect(hoverDetail.element.parentNode).toBe(element);
    expect(element.childNodes.length).toBe(2);

    // Test SPA-like DOM cleanup
    graph.element.removeChild(element.childNodes[0]);
    graph.element.removeChild(element.childNodes[0]);
    expect(element.innerHTML).toBe('');
    expect(hoverDetail.element.parentNode).toBe(null);

    // Test event handling after cleanup
    hoverDetail.update = jest.fn();
    const moveEvent = createMouseEvent('mousemove');
    element.dispatchEvent(moveEvent);
    expect(hoverDetail.visible).toBe(true);
    expect(hoverDetail.update).toHaveBeenCalledTimes(1);

    // Test listener removal
    hoverDetail.update = jest.fn();
    hoverDetail._removeListeners();
    element.dispatchEvent(moveEvent);
    expect(hoverDetail.update).not.toHaveBeenCalled();

    // Clean up
    element.remove();
  })",256,289,steel
/tests/Rickshaw.Graph.HoverDetail.test.js,Magic Number,"{'line': 58, 'column': 34, 'index': 1660}","test('initializes with default settings', () => {
    const element = document.createElement('div');
    const graph = createTestGraph(element);
    
    const hoverDetail = new Rickshaw.Graph.HoverDetail({
      graph
    });

    expect(hoverDetail.visible).toBe(true);
    expect(typeof hoverDetail.formatter).toBe('function');
    expect(typeof hoverDetail.xFormatter).toBe('function');
    expect(typeof hoverDetail.yFormatter).toBe('function');

    const detail = d3.select(element).selectAll('.detail');
    expect(hoverDetail.element).toBe(detail[0][0]);
    expect(detail[0].length).toBe(1);

    // Clean up
    element.remove();
  })",43,62,steel
/tests/Rickshaw.Graph.HoverDetail.test.js,Magic Number,"{'line': 137, 'column': 33, 'index': 3681}","test('updates correctly on mouse events', () => {
    const element = document.createElement('div');
    const graph = createTestGraph(element);
    
    const hoverDetail = new Rickshaw.Graph.HoverDetail({
      graph
    });
    hoverDetail.render = jest.fn();

    // Test update without event
    hoverDetail.update();
    expect(hoverDetail.render).not.toHaveBeenCalled();

    // Test direct render with points
    hoverDetail.render({
      points: [{
        active: true,
        series: graph.series[0],
        value: graph.series[0].data[0],
        formattedXValue: '4 foo',
        formattedYValue: '32 bar'
      }]
    });
    expect(hoverDetail.render).toHaveBeenCalledWith(expect.objectContaining({
      points: expect.arrayContaining([
        expect.objectContaining({
          active: true,
          value: expect.objectContaining({ x: 4, y: 32 })
        })
      ])
    }));

    // Test render with null value
    hoverDetail.render({
      points: [{
        active: true,
        series: graph.series[0],
        value: { y: null }
      }]
    });
    const items = d3.select(element).selectAll('.item');
    expect(items[0].length).toBe(0);

    // Clean up
    element.remove();
  })",96,141,steel
/tests/Rickshaw.Graph.HoverDetail.test.js,Magic Number,"{'line': 164, 'column': 43, 'index': 4494}","test('handles event listeners correctly', () => {
    const element = document.createElement('div');
    const graph = createTestGraph(element);
    
    const onHide = jest.fn();
    const hoverDetail = new Rickshaw.Graph.HoverDetail({
      graph,
      onHide
    });

    expect(typeof hoverDetail.mousemoveListener).toBe('function');
    expect(typeof hoverDetail.mouseoutListener).toBe('function');

    // Test mouseout event
    const mouseoutEvent = createMouseEvent('mouseout');
    element.dispatchEvent(mouseoutEvent);
    expect(onHide).toHaveBeenCalledTimes(1);
    expect(hoverDetail.visible).toBe(false);

    // Test SPA-like DOM manipulation
    expect(hoverDetail.element.parentNode).toBe(element);
    expect(element.childNodes.length).toBe(2);
    graph.element.removeChild(element.childNodes[0]);
    graph.element.removeChild(element.childNodes[0]);
    expect(element.innerHTML).toBe('');
    expect(hoverDetail.element.parentNode).toBe(null);

    // Test mousemove after DOM manipulation
    hoverDetail.update = jest.fn();
    const moveEvent = createMouseEvent('mousemove');
    element.dispatchEvent(moveEvent);
    expect(hoverDetail.visible).toBe(true);
    expect(hoverDetail.update).toHaveBeenCalledTimes(1);

    // Test listener removal
    hoverDetail.update = jest.fn();
    hoverDetail._removeListeners();
    element.dispatchEvent(moveEvent);
    expect(hoverDetail.update).not.toHaveBeenCalled();

    // Clean up
    element.remove();
  })",143,185,steel
/tests/Rickshaw.Graph.HoverDetail.test.js,Magic Number,"{'line': 212, 'column': 33, 'index': 5850}","test('renders hover details correctly', () => {
    const element = document.createElement('div');
    const graph = createTestGraph(element);
    
    const onShow = jest.fn();
    const onHide = jest.fn();
    const onRender = jest.fn();
    
    const hoverDetail = new Rickshaw.Graph.HoverDetail({
      graph,
      onShow,
      onHide,
      onRender
    });

    // Test render with null value
    hoverDetail.render({
      points: [{
        active: true,
        series: graph.series[0],
        value: { y: null }
      }]
    });

    let items = d3.select(element).selectAll('.item');
    expect(items[0].length).toBe(0);
    expect(onRender).not.toHaveBeenCalled();

    // Test render with multiple points
    hoverDetail.render({
      points: [{
        active: true,
        series: graph.series[0],
        value: graph.series[0].data[0],
        formattedXValue: '4 foo',
        formattedYValue: '32 bar'
      }, {
        active: true,
        series: graph.series[0],
        value: graph.series[0].data[1]
      }, {
        active: true,
        series: graph.series[0],
        value: { y: null }
      }]
    });

    expect(onShow).toHaveBeenCalledTimes(1);
    expect(onRender).toHaveBeenCalledTimes(1);

    const xLabel = d3.select(element).selectAll('.x_label');
    expect(xLabel[0].length).toBe(1);
    expect(xLabel[0][0].innerHTML).toBe('4 foo');

    items = d3.select(element).selectAll('.item');
    expect(items[0].length).toBe(1);
    expect(items[0][0].innerHTML).toBe('testseries:&nbsp;32 bar');

    const dots = d3.select(element).selectAll('.dot');
    expect(dots[0].length).toBe(1);

    // Test hide functionality
    hoverDetail.hide();
    expect(onHide).toHaveBeenCalledTimes(1);

    // Clean up
    element.remove();
  })",187,254,steel
/tests/Rickshaw.Graph.HoverDetail.test.js,Magic Number,"{'line': 238, 'column': 34, 'index': 6549}","test('renders hover details correctly', () => {
    const element = document.createElement('div');
    const graph = createTestGraph(element);
    
    const onShow = jest.fn();
    const onHide = jest.fn();
    const onRender = jest.fn();
    
    const hoverDetail = new Rickshaw.Graph.HoverDetail({
      graph,
      onShow,
      onHide,
      onRender
    });

    // Test render with null value
    hoverDetail.render({
      points: [{
        active: true,
        series: graph.series[0],
        value: { y: null }
      }]
    });

    let items = d3.select(element).selectAll('.item');
    expect(items[0].length).toBe(0);
    expect(onRender).not.toHaveBeenCalled();

    // Test render with multiple points
    hoverDetail.render({
      points: [{
        active: true,
        series: graph.series[0],
        value: graph.series[0].data[0],
        formattedXValue: '4 foo',
        formattedYValue: '32 bar'
      }, {
        active: true,
        series: graph.series[0],
        value: graph.series[0].data[1]
      }, {
        active: true,
        series: graph.series[0],
        value: { y: null }
      }]
    });

    expect(onShow).toHaveBeenCalledTimes(1);
    expect(onRender).toHaveBeenCalledTimes(1);

    const xLabel = d3.select(element).selectAll('.x_label');
    expect(xLabel[0].length).toBe(1);
    expect(xLabel[0][0].innerHTML).toBe('4 foo');

    items = d3.select(element).selectAll('.item');
    expect(items[0].length).toBe(1);
    expect(items[0][0].innerHTML).toBe('testseries:&nbsp;32 bar');

    const dots = d3.select(element).selectAll('.dot');
    expect(dots[0].length).toBe(1);

    // Test hide functionality
    hoverDetail.hide();
    expect(onHide).toHaveBeenCalledTimes(1);

    // Clean up
    element.remove();
  })",187,254,steel
/tests/Rickshaw.Graph.HoverDetail.test.js,Magic Number,"{'line': 242, 'column': 33, 'index': 6688}","test('renders hover details correctly', () => {
    const element = document.createElement('div');
    const graph = createTestGraph(element);
    
    const onShow = jest.fn();
    const onHide = jest.fn();
    const onRender = jest.fn();
    
    const hoverDetail = new Rickshaw.Graph.HoverDetail({
      graph,
      onShow,
      onHide,
      onRender
    });

    // Test render with null value
    hoverDetail.render({
      points: [{
        active: true,
        series: graph.series[0],
        value: { y: null }
      }]
    });

    let items = d3.select(element).selectAll('.item');
    expect(items[0].length).toBe(0);
    expect(onRender).not.toHaveBeenCalled();

    // Test render with multiple points
    hoverDetail.render({
      points: [{
        active: true,
        series: graph.series[0],
        value: graph.series[0].data[0],
        formattedXValue: '4 foo',
        formattedYValue: '32 bar'
      }, {
        active: true,
        series: graph.series[0],
        value: graph.series[0].data[1]
      }, {
        active: true,
        series: graph.series[0],
        value: { y: null }
      }]
    });

    expect(onShow).toHaveBeenCalledTimes(1);
    expect(onRender).toHaveBeenCalledTimes(1);

    const xLabel = d3.select(element).selectAll('.x_label');
    expect(xLabel[0].length).toBe(1);
    expect(xLabel[0][0].innerHTML).toBe('4 foo');

    items = d3.select(element).selectAll('.item');
    expect(items[0].length).toBe(1);
    expect(items[0][0].innerHTML).toBe('testseries:&nbsp;32 bar');

    const dots = d3.select(element).selectAll('.dot');
    expect(dots[0].length).toBe(1);

    // Test hide functionality
    hoverDetail.hide();
    expect(onHide).toHaveBeenCalledTimes(1);

    // Clean up
    element.remove();
  })",187,254,steel
/tests/Rickshaw.Graph.HoverDetail.test.js,Magic Number,"{'line': 246, 'column': 32, 'index': 6847}","test('renders hover details correctly', () => {
    const element = document.createElement('div');
    const graph = createTestGraph(element);
    
    const onShow = jest.fn();
    const onHide = jest.fn();
    const onRender = jest.fn();
    
    const hoverDetail = new Rickshaw.Graph.HoverDetail({
      graph,
      onShow,
      onHide,
      onRender
    });

    // Test render with null value
    hoverDetail.render({
      points: [{
        active: true,
        series: graph.series[0],
        value: { y: null }
      }]
    });

    let items = d3.select(element).selectAll('.item');
    expect(items[0].length).toBe(0);
    expect(onRender).not.toHaveBeenCalled();

    // Test render with multiple points
    hoverDetail.render({
      points: [{
        active: true,
        series: graph.series[0],
        value: graph.series[0].data[0],
        formattedXValue: '4 foo',
        formattedYValue: '32 bar'
      }, {
        active: true,
        series: graph.series[0],
        value: graph.series[0].data[1]
      }, {
        active: true,
        series: graph.series[0],
        value: { y: null }
      }]
    });

    expect(onShow).toHaveBeenCalledTimes(1);
    expect(onRender).toHaveBeenCalledTimes(1);

    const xLabel = d3.select(element).selectAll('.x_label');
    expect(xLabel[0].length).toBe(1);
    expect(xLabel[0][0].innerHTML).toBe('4 foo');

    items = d3.select(element).selectAll('.item');
    expect(items[0].length).toBe(1);
    expect(items[0][0].innerHTML).toBe('testseries:&nbsp;32 bar');

    const dots = d3.select(element).selectAll('.dot');
    expect(dots[0].length).toBe(1);

    // Test hide functionality
    hoverDetail.hide();
    expect(onHide).toHaveBeenCalledTimes(1);

    // Clean up
    element.remove();
  })",187,254,steel
/tests/Rickshaw.Graph.HoverDetail.test.js,Magic Number,"{'line': 266, 'column': 43, 'index': 7355}","test('handles DOM cleanup correctly', () => {
    const element = document.createElement('div');
    const graph = createTestGraph(element);
    
    const hoverDetail = new Rickshaw.Graph.HoverDetail({
      graph
    });

    // Test initial DOM state
    expect(hoverDetail.element.parentNode).toBe(element);
    expect(element.childNodes.length).toBe(2);

    // Test SPA-like DOM cleanup
    graph.element.removeChild(element.childNodes[0]);
    graph.element.removeChild(element.childNodes[0]);
    expect(element.innerHTML).toBe('');
    expect(hoverDetail.element.parentNode).toBe(null);

    // Test event handling after cleanup
    hoverDetail.update = jest.fn();
    const moveEvent = createMouseEvent('mousemove');
    element.dispatchEvent(moveEvent);
    expect(hoverDetail.visible).toBe(true);
    expect(hoverDetail.update).toHaveBeenCalledTimes(1);

    // Test listener removal
    hoverDetail.update = jest.fn();
    hoverDetail._removeListeners();
    element.dispatchEvent(moveEvent);
    expect(hoverDetail.update).not.toHaveBeenCalled();

    // Clean up
    element.remove();
  })",256,289,steel
/tests/Rickshaw.Graph.DragZoom.test.js,Duplicate Assert,"{'line': 60, 'column': 4, 'index': 1354}","test('creates and removes rect on drag', () => {
    // Initial state - no rect
    let rect = d3.select(element).selectAll('rect')[0][0];
    expect(rect).toBeUndefined();

    // Mousedown - should create rect
    const mouseDown = document.createEvent('MouseEvent');
    mouseDown.initMouseEvent('mousedown', true, true, window, 1, 800, 600, 290, 260, false, false, false, false, 0, null);
    drag.svg[0][0].dispatchEvent(mouseDown);

    rect = d3.select(element).selectAll('rect')[0][0];
    expect(rect).toBeTruthy();
    expect(rect.style.opacity).toBe(String(drag.opacity));

    // Mousemove - should update rect
    const mouseMove = document.createEvent('MouseEvent');
    mouseMove.initMouseEvent('mousemove', true, true, window, 1, 900, 600, 290, 260, false, false, false, false, 0, null);
    drag.svg[0][0].dispatchEvent(mouseMove);

    // Note: offsetX is not set in jsdom environment
    expect(rect.getAttribute('fill')).toBeNull();
    expect(rect.getAttribute('x')).toBeNull();
    expect(rect.getAttribute('width')).toBeNull();

    // Escape key - should remove rect
    const escapeKey = document.createEvent('KeyboardEvent');
    escapeKey.initEvent('keyup', true, true, null, false, false, false, false, 27, 0);
    document.dispatchEvent(escapeKey);

    rect = d3.select(element).selectAll('rect')[0][0];
    expect(rect).toBeUndefined();
  })",57,88,steel
/tests/Rickshaw.Graph.DragZoom.test.js,Duplicate Assert,"{'line': 60, 'column': 4, 'index': 1354}","test('creates and removes rect on drag', () => {
    // Initial state - no rect
    let rect = d3.select(element).selectAll('rect')[0][0];
    expect(rect).toBeUndefined();

    // Mousedown - should create rect
    const mouseDown = document.createEvent('MouseEvent');
    mouseDown.initMouseEvent('mousedown', true, true, window, 1, 800, 600, 290, 260, false, false, false, false, 0, null);
    drag.svg[0][0].dispatchEvent(mouseDown);

    rect = d3.select(element).selectAll('rect')[0][0];
    expect(rect).toBeTruthy();
    expect(rect.style.opacity).toBe(String(drag.opacity));

    // Mousemove - should update rect
    const mouseMove = document.createEvent('MouseEvent');
    mouseMove.initMouseEvent('mousemove', true, true, window, 1, 900, 600, 290, 260, false, false, false, false, 0, null);
    drag.svg[0][0].dispatchEvent(mouseMove);

    // Note: offsetX is not set in jsdom environment
    expect(rect.getAttribute('fill')).toBeNull();
    expect(rect.getAttribute('x')).toBeNull();
    expect(rect.getAttribute('width')).toBeNull();

    // Escape key - should remove rect
    const escapeKey = document.createEvent('KeyboardEvent');
    escapeKey.initEvent('keyup', true, true, null, false, false, false, false, 27, 0);
    document.dispatchEvent(escapeKey);

    rect = d3.select(element).selectAll('rect')[0][0];
    expect(rect).toBeUndefined();
  })",57,88,steel
/tests/Rickshaw.Graph.DragZoom.test.js,Duplicate Assert,"{'line': 68, 'column': 4, 'index': 1709}","test('creates and removes rect on drag', () => {
    // Initial state - no rect
    let rect = d3.select(element).selectAll('rect')[0][0];
    expect(rect).toBeUndefined();

    // Mousedown - should create rect
    const mouseDown = document.createEvent('MouseEvent');
    mouseDown.initMouseEvent('mousedown', true, true, window, 1, 800, 600, 290, 260, false, false, false, false, 0, null);
    drag.svg[0][0].dispatchEvent(mouseDown);

    rect = d3.select(element).selectAll('rect')[0][0];
    expect(rect).toBeTruthy();
    expect(rect.style.opacity).toBe(String(drag.opacity));

    // Mousemove - should update rect
    const mouseMove = document.createEvent('MouseEvent');
    mouseMove.initMouseEvent('mousemove', true, true, window, 1, 900, 600, 290, 260, false, false, false, false, 0, null);
    drag.svg[0][0].dispatchEvent(mouseMove);

    // Note: offsetX is not set in jsdom environment
    expect(rect.getAttribute('fill')).toBeNull();
    expect(rect.getAttribute('x')).toBeNull();
    expect(rect.getAttribute('width')).toBeNull();

    // Escape key - should remove rect
    const escapeKey = document.createEvent('KeyboardEvent');
    escapeKey.initEvent('keyup', true, true, null, false, false, false, false, 27, 0);
    document.dispatchEvent(escapeKey);

    rect = d3.select(element).selectAll('rect')[0][0];
    expect(rect).toBeUndefined();
  })",57,88,steel
/tests/Rickshaw.Graph.DragZoom.test.js,Duplicate Assert,"{'line': 87, 'column': 4, 'index': 2549}","test('creates and removes rect on drag', () => {
    // Initial state - no rect
    let rect = d3.select(element).selectAll('rect')[0][0];
    expect(rect).toBeUndefined();

    // Mousedown - should create rect
    const mouseDown = document.createEvent('MouseEvent');
    mouseDown.initMouseEvent('mousedown', true, true, window, 1, 800, 600, 290, 260, false, false, false, false, 0, null);
    drag.svg[0][0].dispatchEvent(mouseDown);

    rect = d3.select(element).selectAll('rect')[0][0];
    expect(rect).toBeTruthy();
    expect(rect.style.opacity).toBe(String(drag.opacity));

    // Mousemove - should update rect
    const mouseMove = document.createEvent('MouseEvent');
    mouseMove.initMouseEvent('mousemove', true, true, window, 1, 900, 600, 290, 260, false, false, false, false, 0, null);
    drag.svg[0][0].dispatchEvent(mouseMove);

    // Note: offsetX is not set in jsdom environment
    expect(rect.getAttribute('fill')).toBeNull();
    expect(rect.getAttribute('x')).toBeNull();
    expect(rect.getAttribute('width')).toBeNull();

    // Escape key - should remove rect
    const escapeKey = document.createEvent('KeyboardEvent');
    escapeKey.initEvent('keyup', true, true, null, false, false, false, false, 27, 0);
    document.dispatchEvent(escapeKey);

    rect = d3.select(element).selectAll('rect')[0][0];
    expect(rect).toBeUndefined();
  })",57,88,steel
/tests/Rickshaw.Graph.DragZoom.test.js,Duplicate Assert,"{'line': 87, 'column': 4, 'index': 2549}","test('creates and removes rect on drag', () => {
    // Initial state - no rect
    let rect = d3.select(element).selectAll('rect')[0][0];
    expect(rect).toBeUndefined();

    // Mousedown - should create rect
    const mouseDown = document.createEvent('MouseEvent');
    mouseDown.initMouseEvent('mousedown', true, true, window, 1, 800, 600, 290, 260, false, false, false, false, 0, null);
    drag.svg[0][0].dispatchEvent(mouseDown);

    rect = d3.select(element).selectAll('rect')[0][0];
    expect(rect).toBeTruthy();
    expect(rect.style.opacity).toBe(String(drag.opacity));

    // Mousemove - should update rect
    const mouseMove = document.createEvent('MouseEvent');
    mouseMove.initMouseEvent('mousemove', true, true, window, 1, 900, 600, 290, 260, false, false, false, false, 0, null);
    drag.svg[0][0].dispatchEvent(mouseMove);

    // Note: offsetX is not set in jsdom environment
    expect(rect.getAttribute('fill')).toBeNull();
    expect(rect.getAttribute('x')).toBeNull();
    expect(rect.getAttribute('width')).toBeNull();

    // Escape key - should remove rect
    const escapeKey = document.createEvent('KeyboardEvent');
    escapeKey.initEvent('keyup', true, true, null, false, false, false, false, 27, 0);
    document.dispatchEvent(escapeKey);

    rect = d3.select(element).selectAll('rect')[0][0];
    expect(rect).toBeUndefined();
  })",57,88,steel
/tests/Rickshaw.Graph.DragZoom.test.js,Duplicate Assert,"{'line': 93, 'column': 4, 'index': 2735}","test('removes rect on mouseup without drag', () => {
    // Initial state - no rect
    let rect = d3.select(element).selectAll('rect')[0][0];
    expect(rect).toBeUndefined();

    // Mousedown - should create rect
    const mouseDown = document.createEvent('MouseEvent');
    mouseDown.initMouseEvent('mousedown', true, true, window, 1, 800, 600, 290, 260, false, false, false, false, 0, null);
    drag.svg[0][0].dispatchEvent(mouseDown);

    rect = d3.select(element).selectAll('rect')[0][0];
    expect(rect).toBeTruthy();
    expect(rect.style.opacity).toBe(String(drag.opacity));

    // Mouseup - should remove rect
    const mouseUp = document.createEvent('MouseEvent');
    mouseUp.initMouseEvent('mouseup', true, true, window, 1, 900, 600, 290, 260, false, false, false, false, 0, null);
    document.dispatchEvent(mouseUp);

    rect = d3.select(element).selectAll('rect')[0][0];
    expect(rect).toBeUndefined();

    // Mousedown again - should not create rect (listener removed)
    const mouseDownAgain = document.createEvent('MouseEvent');
    mouseDownAgain.initMouseEvent('mousedown', true, true, window, 1, 800, 600, 290, 260, false, false, false, false, 0, null);
    drag.svg[0][0].dispatchEvent(mouseDownAgain);
    expect(rect).toBeUndefined();
  })",90,117,steel
/tests/Rickshaw.Graph.DragZoom.test.js,Duplicate Assert,"{'line': 93, 'column': 4, 'index': 2735}","test('removes rect on mouseup without drag', () => {
    // Initial state - no rect
    let rect = d3.select(element).selectAll('rect')[0][0];
    expect(rect).toBeUndefined();

    // Mousedown - should create rect
    const mouseDown = document.createEvent('MouseEvent');
    mouseDown.initMouseEvent('mousedown', true, true, window, 1, 800, 600, 290, 260, false, false, false, false, 0, null);
    drag.svg[0][0].dispatchEvent(mouseDown);

    rect = d3.select(element).selectAll('rect')[0][0];
    expect(rect).toBeTruthy();
    expect(rect.style.opacity).toBe(String(drag.opacity));

    // Mouseup - should remove rect
    const mouseUp = document.createEvent('MouseEvent');
    mouseUp.initMouseEvent('mouseup', true, true, window, 1, 900, 600, 290, 260, false, false, false, false, 0, null);
    document.dispatchEvent(mouseUp);

    rect = d3.select(element).selectAll('rect')[0][0];
    expect(rect).toBeUndefined();

    // Mousedown again - should not create rect (listener removed)
    const mouseDownAgain = document.createEvent('MouseEvent');
    mouseDownAgain.initMouseEvent('mousedown', true, true, window, 1, 800, 600, 290, 260, false, false, false, false, 0, null);
    drag.svg[0][0].dispatchEvent(mouseDownAgain);
    expect(rect).toBeUndefined();
  })",90,117,steel
/tests/Rickshaw.Graph.DragZoom.test.js,Duplicate Assert,"{'line': 101, 'column': 4, 'index': 3090}","test('removes rect on mouseup without drag', () => {
    // Initial state - no rect
    let rect = d3.select(element).selectAll('rect')[0][0];
    expect(rect).toBeUndefined();

    // Mousedown - should create rect
    const mouseDown = document.createEvent('MouseEvent');
    mouseDown.initMouseEvent('mousedown', true, true, window, 1, 800, 600, 290, 260, false, false, false, false, 0, null);
    drag.svg[0][0].dispatchEvent(mouseDown);

    rect = d3.select(element).selectAll('rect')[0][0];
    expect(rect).toBeTruthy();
    expect(rect.style.opacity).toBe(String(drag.opacity));

    // Mouseup - should remove rect
    const mouseUp = document.createEvent('MouseEvent');
    mouseUp.initMouseEvent('mouseup', true, true, window, 1, 900, 600, 290, 260, false, false, false, false, 0, null);
    document.dispatchEvent(mouseUp);

    rect = d3.select(element).selectAll('rect')[0][0];
    expect(rect).toBeUndefined();

    // Mousedown again - should not create rect (listener removed)
    const mouseDownAgain = document.createEvent('MouseEvent');
    mouseDownAgain.initMouseEvent('mousedown', true, true, window, 1, 800, 600, 290, 260, false, false, false, false, 0, null);
    drag.svg[0][0].dispatchEvent(mouseDownAgain);
    expect(rect).toBeUndefined();
  })",90,117,steel
/tests/Rickshaw.Graph.DragZoom.test.js,Duplicate Assert,"{'line': 110, 'column': 4, 'index': 3485}","test('removes rect on mouseup without drag', () => {
    // Initial state - no rect
    let rect = d3.select(element).selectAll('rect')[0][0];
    expect(rect).toBeUndefined();

    // Mousedown - should create rect
    const mouseDown = document.createEvent('MouseEvent');
    mouseDown.initMouseEvent('mousedown', true, true, window, 1, 800, 600, 290, 260, false, false, false, false, 0, null);
    drag.svg[0][0].dispatchEvent(mouseDown);

    rect = d3.select(element).selectAll('rect')[0][0];
    expect(rect).toBeTruthy();
    expect(rect.style.opacity).toBe(String(drag.opacity));

    // Mouseup - should remove rect
    const mouseUp = document.createEvent('MouseEvent');
    mouseUp.initMouseEvent('mouseup', true, true, window, 1, 900, 600, 290, 260, false, false, false, false, 0, null);
    document.dispatchEvent(mouseUp);

    rect = d3.select(element).selectAll('rect')[0][0];
    expect(rect).toBeUndefined();

    // Mousedown again - should not create rect (listener removed)
    const mouseDownAgain = document.createEvent('MouseEvent');
    mouseDownAgain.initMouseEvent('mousedown', true, true, window, 1, 800, 600, 290, 260, false, false, false, false, 0, null);
    drag.svg[0][0].dispatchEvent(mouseDownAgain);
    expect(rect).toBeUndefined();
  })",90,117,steel
/tests/Rickshaw.Graph.DragZoom.test.js,Duplicate Assert,"{'line': 110, 'column': 4, 'index': 3485}","test('removes rect on mouseup without drag', () => {
    // Initial state - no rect
    let rect = d3.select(element).selectAll('rect')[0][0];
    expect(rect).toBeUndefined();

    // Mousedown - should create rect
    const mouseDown = document.createEvent('MouseEvent');
    mouseDown.initMouseEvent('mousedown', true, true, window, 1, 800, 600, 290, 260, false, false, false, false, 0, null);
    drag.svg[0][0].dispatchEvent(mouseDown);

    rect = d3.select(element).selectAll('rect')[0][0];
    expect(rect).toBeTruthy();
    expect(rect.style.opacity).toBe(String(drag.opacity));

    // Mouseup - should remove rect
    const mouseUp = document.createEvent('MouseEvent');
    mouseUp.initMouseEvent('mouseup', true, true, window, 1, 900, 600, 290, 260, false, false, false, false, 0, null);
    document.dispatchEvent(mouseUp);

    rect = d3.select(element).selectAll('rect')[0][0];
    expect(rect).toBeUndefined();

    // Mousedown again - should not create rect (listener removed)
    const mouseDownAgain = document.createEvent('MouseEvent');
    mouseDownAgain.initMouseEvent('mousedown', true, true, window, 1, 800, 600, 290, 260, false, false, false, false, 0, null);
    drag.svg[0][0].dispatchEvent(mouseDownAgain);
    expect(rect).toBeUndefined();
  })",90,117,steel
/tests/Rickshaw.Graph.DragZoom.test.js,Duplicate Assert,"{'line': 116, 'column': 4, 'index': 3828}","test('removes rect on mouseup without drag', () => {
    // Initial state - no rect
    let rect = d3.select(element).selectAll('rect')[0][0];
    expect(rect).toBeUndefined();

    // Mousedown - should create rect
    const mouseDown = document.createEvent('MouseEvent');
    mouseDown.initMouseEvent('mousedown', true, true, window, 1, 800, 600, 290, 260, false, false, false, false, 0, null);
    drag.svg[0][0].dispatchEvent(mouseDown);

    rect = d3.select(element).selectAll('rect')[0][0];
    expect(rect).toBeTruthy();
    expect(rect.style.opacity).toBe(String(drag.opacity));

    // Mouseup - should remove rect
    const mouseUp = document.createEvent('MouseEvent');
    mouseUp.initMouseEvent('mouseup', true, true, window, 1, 900, 600, 290, 260, false, false, false, false, 0, null);
    document.dispatchEvent(mouseUp);

    rect = d3.select(element).selectAll('rect')[0][0];
    expect(rect).toBeUndefined();

    // Mousedown again - should not create rect (listener removed)
    const mouseDownAgain = document.createEvent('MouseEvent');
    mouseDownAgain.initMouseEvent('mousedown', true, true, window, 1, 800, 600, 290, 260, false, false, false, false, 0, null);
    drag.svg[0][0].dispatchEvent(mouseDownAgain);
    expect(rect).toBeUndefined();
  })",90,117,steel
/tests/Rickshaw.Graph.DragZoom.test.js,Duplicate Assert,"{'line': 116, 'column': 4, 'index': 3828}","test('removes rect on mouseup without drag', () => {
    // Initial state - no rect
    let rect = d3.select(element).selectAll('rect')[0][0];
    expect(rect).toBeUndefined();

    // Mousedown - should create rect
    const mouseDown = document.createEvent('MouseEvent');
    mouseDown.initMouseEvent('mousedown', true, true, window, 1, 800, 600, 290, 260, false, false, false, false, 0, null);
    drag.svg[0][0].dispatchEvent(mouseDown);

    rect = d3.select(element).selectAll('rect')[0][0];
    expect(rect).toBeTruthy();
    expect(rect.style.opacity).toBe(String(drag.opacity));

    // Mouseup - should remove rect
    const mouseUp = document.createEvent('MouseEvent');
    mouseUp.initMouseEvent('mouseup', true, true, window, 1, 900, 600, 290, 260, false, false, false, false, 0, null);
    document.dispatchEvent(mouseUp);

    rect = d3.select(element).selectAll('rect')[0][0];
    expect(rect).toBeUndefined();

    // Mousedown again - should not create rect (listener removed)
    const mouseDownAgain = document.createEvent('MouseEvent');
    mouseDownAgain.initMouseEvent('mousedown', true, true, window, 1, 800, 600, 290, 260, false, false, false, false, 0, null);
    drag.svg[0][0].dispatchEvent(mouseDownAgain);
    expect(rect).toBeUndefined();
  })",90,117,steel
/tests/Rickshaw.Graph.DragZoom.test.js,Magic Number,"{'line': 54, 'column': 31, 'index': 1196}","test('initializes with correct properties', () => {
    expect(graph.renderer.name).toBe(drag.graph.renderer.name);
    expect(drag.svgWidth).toBe(960);
  })",52,55,steel
/tests/Rickshaw.Graph.Behavior.Series.Order.test.js,Conditional Test Logic,"{'line': 76, 'column': 4, 'index': 1882}","afterAll(() => {
    // Restore original jQuery and jQuery UI
    window.jQuery = originalJQuery;
    if (originalJQuery && originalJQueryUI) {
      window.jQuery.ui = originalJQueryUI;
    } else if (window.jQuery) {
      delete window.jQuery.ui;
    }

    // Restore original sortable
    jQuery.fn.sortable = originalSortable;
  })",73,84,steel
/tests/Rickshaw.Graph.Behavior.Series.Order.test.js,Conditional Test Logic,"{'line': 78, 'column': 11, 'index': 1978}","afterAll(() => {
    // Restore original jQuery and jQuery UI
    window.jQuery = originalJQuery;
    if (originalJQuery && originalJQueryUI) {
      window.jQuery.ui = originalJQueryUI;
    } else if (window.jQuery) {
      delete window.jQuery.ui;
    }

    // Restore original sortable
    jQuery.fn.sortable = originalSortable;
  })",73,84,steel
/tests/Rickshaw.Graph.Behavior.Series.Highlight.test.js,Duplicate Assert,"{'line': 90, 'column': 4, 'index': 2338}","test('highlights series on mouseover', () => {
    const graph = createTestGraph();
    const legend = createLegend(graph);
    
    const highlight = new Rickshaw.Graph.Behavior.Series.Highlight({
      graph,
      legend
    });

    // Store original colors
    const originalColors = {
      series1: graph.series[0].color,
      series2: graph.series[1].color
    };

    // Trigger mouseover on first legend item (corresponds to series2)
    const mouseoverEvent = createMouseEvent('mouseover');
    legend.lines[0].element.dispatchEvent(mouseoverEvent);

    // Non-highlighted series should be dimmed
    expect(graph.series[0].color).not.toBe(originalColors.series1);
    expect(graph.series[0].color.toLowerCase()).toMatch(/^#[0-9a-f]{6}$/);

    // Trigger mouseout
    const mouseoutEvent = createMouseEvent('mouseout');
    legend.lines[0].element.dispatchEvent(mouseoutEvent);

    // Colors should be restored
    expect(graph.series[0].color).toBe(originalColors.series1);
    expect(graph.series[1].color).toBe(originalColors.series2);
  })",70,100,steel
/tests/Rickshaw.Graph.Behavior.Series.Highlight.test.js,Duplicate Assert,"{'line': 98, 'column': 4, 'index': 2654}","test('highlights series on mouseover', () => {
    const graph = createTestGraph();
    const legend = createLegend(graph);
    
    const highlight = new Rickshaw.Graph.Behavior.Series.Highlight({
      graph,
      legend
    });

    // Store original colors
    const originalColors = {
      series1: graph.series[0].color,
      series2: graph.series[1].color
    };

    // Trigger mouseover on first legend item (corresponds to series2)
    const mouseoverEvent = createMouseEvent('mouseover');
    legend.lines[0].element.dispatchEvent(mouseoverEvent);

    // Non-highlighted series should be dimmed
    expect(graph.series[0].color).not.toBe(originalColors.series1);
    expect(graph.series[0].color.toLowerCase()).toMatch(/^#[0-9a-f]{6}$/);

    // Trigger mouseout
    const mouseoutEvent = createMouseEvent('mouseout');
    legend.lines[0].element.dispatchEvent(mouseoutEvent);

    // Colors should be restored
    expect(graph.series[0].color).toBe(originalColors.series1);
    expect(graph.series[1].color).toBe(originalColors.series2);
  })",70,100,steel
/tests/Rickshaw.Graph.Axis.Y.test.js,Duplicate Assert,"{'line': 37, 'column': 4, 'index': 1071}","test('should render y-axis with correct ticks and handle dimension changes', () => {
    // Set up test DOM elements
    document.body.innerHTML = `
      <div id=""y_axis"" style=""width: 40px;""></div>
      <div id=""chart""></div>
    `;

    // Initialize graph with test data
    const chartElement = document.getElementById('chart');
    const yAxisElement = document.getElementById('y_axis');

    const graph = new Rickshaw.Graph({
      width: 900,
      height: 600,
      element: chartElement,
      series: [{ data: [{ x: 4, y: 32 }, { x: 16, y: 100 }] }]
    });

    const yAxis = new Rickshaw.Graph.Axis.Y({
      element: yAxisElement,
      graph: graph,
      orientation: 'left'
    });

    yAxis.render();

    // Test tick rendering
    const ticks = d3.select(chartElement).selectAll('.y_grid .tick');
    expect(ticks[0].length).toBe(11);
    expect(ticks[0][0].getAttribute('data-y-value')).toBe('0');

    // Test initial dimensions
    expect(yAxis.width).toBe(40);
    expect(yAxis.height).toBe(600);

    // Test dimension updates
    yAxis.setSize({ width: 20 });
    expect(yAxis.width).toBe(20);
    expect(yAxis.height).toBe(600);
  })",5,44,steel
/tests/Rickshaw.Graph.Axis.Y.test.js,Duplicate Assert,"{'line': 38, 'column': 4, 'index': 1105}","test('should render y-axis with correct ticks and handle dimension changes', () => {
    // Set up test DOM elements
    document.body.innerHTML = `
      <div id=""y_axis"" style=""width: 40px;""></div>
      <div id=""chart""></div>
    `;

    // Initialize graph with test data
    const chartElement = document.getElementById('chart');
    const yAxisElement = document.getElementById('y_axis');

    const graph = new Rickshaw.Graph({
      width: 900,
      height: 600,
      element: chartElement,
      series: [{ data: [{ x: 4, y: 32 }, { x: 16, y: 100 }] }]
    });

    const yAxis = new Rickshaw.Graph.Axis.Y({
      element: yAxisElement,
      graph: graph,
      orientation: 'left'
    });

    yAxis.render();

    // Test tick rendering
    const ticks = d3.select(chartElement).selectAll('.y_grid .tick');
    expect(ticks[0].length).toBe(11);
    expect(ticks[0][0].getAttribute('data-y-value')).toBe('0');

    // Test initial dimensions
    expect(yAxis.width).toBe(40);
    expect(yAxis.height).toBe(600);

    // Test dimension updates
    yAxis.setSize({ width: 20 });
    expect(yAxis.width).toBe(20);
    expect(yAxis.height).toBe(600);
  })",5,44,steel
/tests/Rickshaw.Graph.Axis.Y.test.js,Duplicate Assert,"{'line': 38, 'column': 4, 'index': 1105}","test('should render y-axis with correct ticks and handle dimension changes', () => {
    // Set up test DOM elements
    document.body.innerHTML = `
      <div id=""y_axis"" style=""width: 40px;""></div>
      <div id=""chart""></div>
    `;

    // Initialize graph with test data
    const chartElement = document.getElementById('chart');
    const yAxisElement = document.getElementById('y_axis');

    const graph = new Rickshaw.Graph({
      width: 900,
      height: 600,
      element: chartElement,
      series: [{ data: [{ x: 4, y: 32 }, { x: 16, y: 100 }] }]
    });

    const yAxis = new Rickshaw.Graph.Axis.Y({
      element: yAxisElement,
      graph: graph,
      orientation: 'left'
    });

    yAxis.render();

    // Test tick rendering
    const ticks = d3.select(chartElement).selectAll('.y_grid .tick');
    expect(ticks[0].length).toBe(11);
    expect(ticks[0][0].getAttribute('data-y-value')).toBe('0');

    // Test initial dimensions
    expect(yAxis.width).toBe(40);
    expect(yAxis.height).toBe(600);

    // Test dimension updates
    yAxis.setSize({ width: 20 });
    expect(yAxis.width).toBe(20);
    expect(yAxis.height).toBe(600);
  })",5,44,steel
/tests/Rickshaw.Graph.Axis.Y.test.js,Duplicate Assert,"{'line': 42, 'column': 4, 'index': 1206}","test('should render y-axis with correct ticks and handle dimension changes', () => {
    // Set up test DOM elements
    document.body.innerHTML = `
      <div id=""y_axis"" style=""width: 40px;""></div>
      <div id=""chart""></div>
    `;

    // Initialize graph with test data
    const chartElement = document.getElementById('chart');
    const yAxisElement = document.getElementById('y_axis');

    const graph = new Rickshaw.Graph({
      width: 900,
      height: 600,
      element: chartElement,
      series: [{ data: [{ x: 4, y: 32 }, { x: 16, y: 100 }] }]
    });

    const yAxis = new Rickshaw.Graph.Axis.Y({
      element: yAxisElement,
      graph: graph,
      orientation: 'left'
    });

    yAxis.render();

    // Test tick rendering
    const ticks = d3.select(chartElement).selectAll('.y_grid .tick');
    expect(ticks[0].length).toBe(11);
    expect(ticks[0][0].getAttribute('data-y-value')).toBe('0');

    // Test initial dimensions
    expect(yAxis.width).toBe(40);
    expect(yAxis.height).toBe(600);

    // Test dimension updates
    yAxis.setSize({ width: 20 });
    expect(yAxis.width).toBe(20);
    expect(yAxis.height).toBe(600);
  })",5,44,steel
/tests/Rickshaw.Graph.Axis.Y.test.js,Duplicate Assert,"{'line': 43, 'column': 4, 'index': 1240}","test('should render y-axis with correct ticks and handle dimension changes', () => {
    // Set up test DOM elements
    document.body.innerHTML = `
      <div id=""y_axis"" style=""width: 40px;""></div>
      <div id=""chart""></div>
    `;

    // Initialize graph with test data
    const chartElement = document.getElementById('chart');
    const yAxisElement = document.getElementById('y_axis');

    const graph = new Rickshaw.Graph({
      width: 900,
      height: 600,
      element: chartElement,
      series: [{ data: [{ x: 4, y: 32 }, { x: 16, y: 100 }] }]
    });

    const yAxis = new Rickshaw.Graph.Axis.Y({
      element: yAxisElement,
      graph: graph,
      orientation: 'left'
    });

    yAxis.render();

    // Test tick rendering
    const ticks = d3.select(chartElement).selectAll('.y_grid .tick');
    expect(ticks[0].length).toBe(11);
    expect(ticks[0][0].getAttribute('data-y-value')).toBe('0');

    // Test initial dimensions
    expect(yAxis.width).toBe(40);
    expect(yAxis.height).toBe(600);

    // Test dimension updates
    yAxis.setSize({ width: 20 });
    expect(yAxis.width).toBe(20);
    expect(yAxis.height).toBe(600);
  })",5,44,steel
/tests/Rickshaw.Graph.Axis.Y.test.js,Duplicate Assert,"{'line': 43, 'column': 4, 'index': 1240}","test('should render y-axis with correct ticks and handle dimension changes', () => {
    // Set up test DOM elements
    document.body.innerHTML = `
      <div id=""y_axis"" style=""width: 40px;""></div>
      <div id=""chart""></div>
    `;

    // Initialize graph with test data
    const chartElement = document.getElementById('chart');
    const yAxisElement = document.getElementById('y_axis');

    const graph = new Rickshaw.Graph({
      width: 900,
      height: 600,
      element: chartElement,
      series: [{ data: [{ x: 4, y: 32 }, { x: 16, y: 100 }] }]
    });

    const yAxis = new Rickshaw.Graph.Axis.Y({
      element: yAxisElement,
      graph: graph,
      orientation: 'left'
    });

    yAxis.render();

    // Test tick rendering
    const ticks = d3.select(chartElement).selectAll('.y_grid .tick');
    expect(ticks[0].length).toBe(11);
    expect(ticks[0][0].getAttribute('data-y-value')).toBe('0');

    // Test initial dimensions
    expect(yAxis.width).toBe(40);
    expect(yAxis.height).toBe(600);

    // Test dimension updates
    yAxis.setSize({ width: 20 });
    expect(yAxis.width).toBe(20);
    expect(yAxis.height).toBe(600);
  })",5,44,steel
/tests/Rickshaw.Graph.Axis.Y.test.js,Magic Number,"{'line': 33, 'column': 33, 'index': 966}","test('should render y-axis with correct ticks and handle dimension changes', () => {
    // Set up test DOM elements
    document.body.innerHTML = `
      <div id=""y_axis"" style=""width: 40px;""></div>
      <div id=""chart""></div>
    `;

    // Initialize graph with test data
    const chartElement = document.getElementById('chart');
    const yAxisElement = document.getElementById('y_axis');

    const graph = new Rickshaw.Graph({
      width: 900,
      height: 600,
      element: chartElement,
      series: [{ data: [{ x: 4, y: 32 }, { x: 16, y: 100 }] }]
    });

    const yAxis = new Rickshaw.Graph.Axis.Y({
      element: yAxisElement,
      graph: graph,
      orientation: 'left'
    });

    yAxis.render();

    // Test tick rendering
    const ticks = d3.select(chartElement).selectAll('.y_grid .tick');
    expect(ticks[0].length).toBe(11);
    expect(ticks[0][0].getAttribute('data-y-value')).toBe('0');

    // Test initial dimensions
    expect(yAxis.width).toBe(40);
    expect(yAxis.height).toBe(600);

    // Test dimension updates
    yAxis.setSize({ width: 20 });
    expect(yAxis.width).toBe(20);
    expect(yAxis.height).toBe(600);
  })",5,44,steel
/tests/Rickshaw.Graph.Axis.Y.test.js,Magic Number,"{'line': 37, 'column': 29, 'index': 1096}","test('should render y-axis with correct ticks and handle dimension changes', () => {
    // Set up test DOM elements
    document.body.innerHTML = `
      <div id=""y_axis"" style=""width: 40px;""></div>
      <div id=""chart""></div>
    `;

    // Initialize graph with test data
    const chartElement = document.getElementById('chart');
    const yAxisElement = document.getElementById('y_axis');

    const graph = new Rickshaw.Graph({
      width: 900,
      height: 600,
      element: chartElement,
      series: [{ data: [{ x: 4, y: 32 }, { x: 16, y: 100 }] }]
    });

    const yAxis = new Rickshaw.Graph.Axis.Y({
      element: yAxisElement,
      graph: graph,
      orientation: 'left'
    });

    yAxis.render();

    // Test tick rendering
    const ticks = d3.select(chartElement).selectAll('.y_grid .tick');
    expect(ticks[0].length).toBe(11);
    expect(ticks[0][0].getAttribute('data-y-value')).toBe('0');

    // Test initial dimensions
    expect(yAxis.width).toBe(40);
    expect(yAxis.height).toBe(600);

    // Test dimension updates
    yAxis.setSize({ width: 20 });
    expect(yAxis.width).toBe(20);
    expect(yAxis.height).toBe(600);
  })",5,44,steel
/tests/Rickshaw.Graph.Axis.Y.test.js,Magic Number,"{'line': 38, 'column': 30, 'index': 1131}","test('should render y-axis with correct ticks and handle dimension changes', () => {
    // Set up test DOM elements
    document.body.innerHTML = `
      <div id=""y_axis"" style=""width: 40px;""></div>
      <div id=""chart""></div>
    `;

    // Initialize graph with test data
    const chartElement = document.getElementById('chart');
    const yAxisElement = document.getElementById('y_axis');

    const graph = new Rickshaw.Graph({
      width: 900,
      height: 600,
      element: chartElement,
      series: [{ data: [{ x: 4, y: 32 }, { x: 16, y: 100 }] }]
    });

    const yAxis = new Rickshaw.Graph.Axis.Y({
      element: yAxisElement,
      graph: graph,
      orientation: 'left'
    });

    yAxis.render();

    // Test tick rendering
    const ticks = d3.select(chartElement).selectAll('.y_grid .tick');
    expect(ticks[0].length).toBe(11);
    expect(ticks[0][0].getAttribute('data-y-value')).toBe('0');

    // Test initial dimensions
    expect(yAxis.width).toBe(40);
    expect(yAxis.height).toBe(600);

    // Test dimension updates
    yAxis.setSize({ width: 20 });
    expect(yAxis.width).toBe(20);
    expect(yAxis.height).toBe(600);
  })",5,44,steel
/tests/Rickshaw.Graph.Axis.Y.test.js,Magic Number,"{'line': 42, 'column': 29, 'index': 1231}","test('should render y-axis with correct ticks and handle dimension changes', () => {
    // Set up test DOM elements
    document.body.innerHTML = `
      <div id=""y_axis"" style=""width: 40px;""></div>
      <div id=""chart""></div>
    `;

    // Initialize graph with test data
    const chartElement = document.getElementById('chart');
    const yAxisElement = document.getElementById('y_axis');

    const graph = new Rickshaw.Graph({
      width: 900,
      height: 600,
      element: chartElement,
      series: [{ data: [{ x: 4, y: 32 }, { x: 16, y: 100 }] }]
    });

    const yAxis = new Rickshaw.Graph.Axis.Y({
      element: yAxisElement,
      graph: graph,
      orientation: 'left'
    });

    yAxis.render();

    // Test tick rendering
    const ticks = d3.select(chartElement).selectAll('.y_grid .tick');
    expect(ticks[0].length).toBe(11);
    expect(ticks[0][0].getAttribute('data-y-value')).toBe('0');

    // Test initial dimensions
    expect(yAxis.width).toBe(40);
    expect(yAxis.height).toBe(600);

    // Test dimension updates
    yAxis.setSize({ width: 20 });
    expect(yAxis.width).toBe(20);
    expect(yAxis.height).toBe(600);
  })",5,44,steel
/tests/Rickshaw.Graph.Axis.Y.test.js,Magic Number,"{'line': 43, 'column': 30, 'index': 1266}","test('should render y-axis with correct ticks and handle dimension changes', () => {
    // Set up test DOM elements
    document.body.innerHTML = `
      <div id=""y_axis"" style=""width: 40px;""></div>
      <div id=""chart""></div>
    `;

    // Initialize graph with test data
    const chartElement = document.getElementById('chart');
    const yAxisElement = document.getElementById('y_axis');

    const graph = new Rickshaw.Graph({
      width: 900,
      height: 600,
      element: chartElement,
      series: [{ data: [{ x: 4, y: 32 }, { x: 16, y: 100 }] }]
    });

    const yAxis = new Rickshaw.Graph.Axis.Y({
      element: yAxisElement,
      graph: graph,
      orientation: 'left'
    });

    yAxis.render();

    // Test tick rendering
    const ticks = d3.select(chartElement).selectAll('.y_grid .tick');
    expect(ticks[0].length).toBe(11);
    expect(ticks[0][0].getAttribute('data-y-value')).toBe('0');

    // Test initial dimensions
    expect(yAxis.width).toBe(40);
    expect(yAxis.height).toBe(600);

    // Test dimension updates
    yAxis.setSize({ width: 20 });
    expect(yAxis.width).toBe(20);
    expect(yAxis.height).toBe(600);
  })",5,44,steel
/tests/Rickshaw.Graph.Axis.X.test.js,Magic Number,"{'line': 24, 'column': 33, 'index': 680}","test('renders x-axis with correct ticks', () => {
    // Create test elements
    const element = document.createElement('div');

    // Initialize graph with test data
    const graph = new Rickshaw.Graph({
      width: 900,
      element: element,
      series: [{ data: [{ x: 4, y: 32 }, { x: 16, y: 100 }] }]
    });

    // Create and render x-axis
    const xAxis = new Rickshaw.Graph.Axis.X({
      graph: graph
    });
    xAxis.render();

    // Check ticks
    const ticks = d3.select(element).selectAll('.x_grid_d3 .tick');
    expect(ticks[0].length).toBe(13);
    expect(ticks[0][0].getAttribute('data-x-value')).toBe('4');
  })",5,26,steel
/tests/Rickshaw.Graph.Annotate.test.js,Magic Number,"{'line': 60, 'column': 50, 'index': 1730}","test('adds annotations correctly', () => {
    const graph = createTestGraph();
    const annotateElement = document.createElement('div');

    const annotate = new Rickshaw.Graph.Annotate({
      graph: graph,
      element: annotateElement
    });

    // Add an annotation with time and end time
    const time = 4;
    const endTime = time + 10;
    annotate.add(time, 'annotation', endTime);
    
    // Check if annotation was added with correct structure
    expect(annotate.data[time]).toEqual({
      boxes: [{
        content: 'annotation',
        end: endTime
      }]
    });

    // Add another annotation to the same time
    annotate.add(time, 'another annotation', endTime + 5);
    
    // Check both annotations at the same time point
    expect(annotate.data[time].boxes.length).toBe(2);
    expect(annotate.data[time].boxes[1]).toEqual({
      content: 'another annotation',
      end: endTime + 5
    });
  })",34,65,steel
/tests/Rickshaw.Graph.Annotate.test.js,Magic Number,"{'line': 96, 'column': 50, 'index': 2772}","test('updates annotations correctly', () => {
    // Create and append test elements to document
    const element = document.createElement('div');
    const annotateElement = document.createElement('div');
    document.body.appendChild(element);
    document.body.appendChild(annotateElement);

    const graph = new Rickshaw.Graph({
      element: element,
      width: 900,
      height: 100,
      series: [{
        data: [{ x: 2900, y: 10 }, { x: 3100, y: 20 }]
      }]
    });

    const annotate = new Rickshaw.Graph.Annotate({
      graph: graph,
      element: annotateElement
    });

    // Add an annotation
    const time = 3000;
    annotate.add(time, 'foo', time + 10 * 1000);
    graph.render();
    annotate.update();

    // Find and click the annotation element
    const annotations = d3.select(annotateElement).selectAll('.annotation');
    expect(annotations[0].length).toBeGreaterThan(0, 'No annotation elements found');
    
    const addedElement = annotations[0][0];
    const clickEvent = document.createEvent('Event');
    clickEvent.initEvent('click', true, true);
    addedElement.dispatchEvent(clickEvent);

    // Check if annotation becomes active after click
    expect(Array.from(addedElement.classList)).toContain('active');

    // Update graph and check if annotation stays visible
    annotate.graph.onUpdate();
    annotate.update();

    expect(addedElement.style.display).toBe('block');
    expect(Array.from(annotate.data[time].element.classList)).toContain('active');

    // Clean up
    document.body.removeChild(element);
    document.body.removeChild(annotateElement);
  })",67,116,steel
/tests/Rickshaw.Graph.Ajax.test.js,Duplicate Assert,"{'line': 99, 'column': 4, 'index': 2761}","test('handles different data formats', () => {
    const jQuery = { ajax: jest.fn() };
    global.jQuery = jQuery;

    const element = document.createElement('div');
    const ajax = new Rickshaw.Graph.Ajax({
      dataURL: 'http://example.com/data',
      element: element,
      width: 50,
      height: 50
    });

    // Test with array format
    const arrayData = [
      { name: 'series1', data: [{ x: 1, y: 1 }] }
    ];
    const successCallback = jQuery.ajax.mock.calls[0][0].success;
    successCallback(arrayData);
    expect(element.querySelector('svg')).not.toBeNull();

    // Test with object format - convert to array format
    const objectData = {
      series1: [{ x: 2, y: 2 }]
    };
    const formattedData = [
      { name: 'series1', data: objectData.series1 }
    ];
    successCallback(formattedData);
    expect(element.querySelector('svg')).not.toBeNull();

    delete global.jQuery;
  })",81,112,steel
/tests/Rickshaw.Graph.Ajax.test.js,Duplicate Assert,"{'line': 99, 'column': 4, 'index': 2761}","test('handles different data formats', () => {
    const jQuery = { ajax: jest.fn() };
    global.jQuery = jQuery;

    const element = document.createElement('div');
    const ajax = new Rickshaw.Graph.Ajax({
      dataURL: 'http://example.com/data',
      element: element,
      width: 50,
      height: 50
    });

    // Test with array format
    const arrayData = [
      { name: 'series1', data: [{ x: 1, y: 1 }] }
    ];
    const successCallback = jQuery.ajax.mock.calls[0][0].success;
    successCallback(arrayData);
    expect(element.querySelector('svg')).not.toBeNull();

    // Test with object format - convert to array format
    const objectData = {
      series1: [{ x: 2, y: 2 }]
    };
    const formattedData = [
      { name: 'series1', data: objectData.series1 }
    ];
    successCallback(formattedData);
    expect(element.querySelector('svg')).not.toBeNull();

    delete global.jQuery;
  })",81,112,steel
/tests/Rickshaw.Graph.Ajax.test.js,Duplicate Assert,"{'line': 109, 'column': 4, 'index': 3063}","test('handles different data formats', () => {
    const jQuery = { ajax: jest.fn() };
    global.jQuery = jQuery;

    const element = document.createElement('div');
    const ajax = new Rickshaw.Graph.Ajax({
      dataURL: 'http://example.com/data',
      element: element,
      width: 50,
      height: 50
    });

    // Test with array format
    const arrayData = [
      { name: 'series1', data: [{ x: 1, y: 1 }] }
    ];
    const successCallback = jQuery.ajax.mock.calls[0][0].success;
    successCallback(arrayData);
    expect(element.querySelector('svg')).not.toBeNull();

    // Test with object format - convert to array format
    const objectData = {
      series1: [{ x: 2, y: 2 }]
    };
    const formattedData = [
      { name: 'series1', data: objectData.series1 }
    ];
    successCallback(formattedData);
    expect(element.querySelector('svg')).not.toBeNull();

    delete global.jQuery;
  })",81,112,steel
/tests/Rickshaw.Graph.Ajax.test.js,Duplicate Assert,"{'line': 109, 'column': 4, 'index': 3063}","test('handles different data formats', () => {
    const jQuery = { ajax: jest.fn() };
    global.jQuery = jQuery;

    const element = document.createElement('div');
    const ajax = new Rickshaw.Graph.Ajax({
      dataURL: 'http://example.com/data',
      element: element,
      width: 50,
      height: 50
    });

    // Test with array format
    const arrayData = [
      { name: 'series1', data: [{ x: 1, y: 1 }] }
    ];
    const successCallback = jQuery.ajax.mock.calls[0][0].success;
    successCallback(arrayData);
    expect(element.querySelector('svg')).not.toBeNull();

    // Test with object format - convert to array format
    const objectData = {
      series1: [{ x: 2, y: 2 }]
    };
    const formattedData = [
      { name: 'series1', data: objectData.series1 }
    ];
    successCallback(formattedData);
    expect(element.querySelector('svg')).not.toBeNull();

    delete global.jQuery;
  })",81,112,steel
/tests/Rickshaw.Fixtures.Time.Local.test.js,Magic Number,"{'line': 60, 'column': 33, 'index': 1790}","test('uses correct timezone', () => {
    // February 1, 2013 00:00:00 EST
    const february = 1359694800;
    
    // Create a Date object from the timestamp
    const date = new Date(february * 1000);
    
    // Verify it's midnight in EST
    expect(date.getHours()).toBe(0);
    expect(date.getMinutes()).toBe(0);
    expect(date.getSeconds()).toBe(0);
    expect(date.getTimezoneOffset()).toBe(300); // EST is UTC-5, so offset is 300 minutes
  })",52,64,steel
/tests/Rickshaw.Fixtures.Time.Local.test.js,Magic Number,"{'line': 61, 'column': 35, 'index': 1829}","test('uses correct timezone', () => {
    // February 1, 2013 00:00:00 EST
    const february = 1359694800;
    
    // Create a Date object from the timestamp
    const date = new Date(february * 1000);
    
    // Verify it's midnight in EST
    expect(date.getHours()).toBe(0);
    expect(date.getMinutes()).toBe(0);
    expect(date.getSeconds()).toBe(0);
    expect(date.getTimezoneOffset()).toBe(300); // EST is UTC-5, so offset is 300 minutes
  })",52,64,steel
/tests/Rickshaw.Fixtures.Time.Local.test.js,Magic Number,"{'line': 62, 'column': 35, 'index': 1868}","test('uses correct timezone', () => {
    // February 1, 2013 00:00:00 EST
    const february = 1359694800;
    
    // Create a Date object from the timestamp
    const date = new Date(february * 1000);
    
    // Verify it's midnight in EST
    expect(date.getHours()).toBe(0);
    expect(date.getMinutes()).toBe(0);
    expect(date.getSeconds()).toBe(0);
    expect(date.getTimezoneOffset()).toBe(300); // EST is UTC-5, so offset is 300 minutes
  })",52,64,steel
/tests/Rickshaw.Fixtures.Time.Local.test.js,Magic Number,"{'line': 63, 'column': 42, 'index': 1914}","test('uses correct timezone', () => {
    // February 1, 2013 00:00:00 EST
    const february = 1359694800;
    
    // Create a Date object from the timestamp
    const date = new Date(february * 1000);
    
    // Verify it's midnight in EST
    expect(date.getHours()).toBe(0);
    expect(date.getMinutes()).toBe(0);
    expect(date.getSeconds()).toBe(0);
    expect(date.getTimezoneOffset()).toBe(300); // EST is UTC-5, so offset is 300 minutes
  })",52,64,steel
/tests/Rickshaw.Fixtures.Number.test.js,Conditional Test Logic,"{'line': 20, 'column': 8, 'index': 723}","test(`formats ${input} to ${expected}`, () => {
        const result = NumberFixtures.formatKMBT(input);
        if (typeof expected === 'number') {
          expect(result).toBe(expected);
        } else {
          expect(String(result)).toBe(expected);
        }
      })",18,25,steel
/tests/Rickshaw.Fixtures.Number.test.js,Conditional Test Logic,"{'line': 45, 'column': 8, 'index': 1552}","test(`formats ${input} to ${expected}`, () => {
        const result = NumberFixtures.formatBase1024KMGTP(input);
        if (typeof expected === 'number') {
          expect(result).toBe(expected);
        } else {
          expect(String(result)).toBe(expected);
        }
      })",43,50,steel
/tests/Rickshaw.Color.Palette.test.js,Conditional Test Logic,"{'line': 114, 'column': 6, 'index': 3219}","test.skip('rotates through colors when reaching end', () => {
      const palette = new Rickshaw.Color.Palette();
      const colors = [];

      // Get colors for more than one rotation
      for (let i = 0; i < palette.scheme.length + 2; i++) {
        colors.push(palette.color());
      }

      // Check first rotation matches scheme
      expect(colors.slice(0, palette.scheme.length)).toEqual(palette.scheme);
      
      // Check rotation wraps around
      expect(colors[palette.scheme.length]).toBe(palette.scheme[0]);
      expect(colors[palette.scheme.length + 1]).toBe(palette.scheme[1]);
    })",109,124,steel
/tests/Rickshaw.Color.Palette.test.js,Ignored Test,"{'line': 109, 'column': 9, 'index': 3031}","test.skip('rotates through colors when reaching end', () => {
      const palette = new Rickshaw.Color.Palette();
      const colors = [];

      // Get colors for more than one rotation
      for (let i = 0; i < palette.scheme.length + 2; i++) {
        colors.push(palette.color());
      }

      // Check first rotation matches scheme
      expect(colors.slice(0, palette.scheme.length)).toEqual(palette.scheme);
      
      // Check rotation wraps around
      expect(colors[palette.scheme.length]).toBe(palette.scheme[0]);
      expect(colors[palette.scheme.length + 1]).toBe(palette.scheme[1]);
    })",109,124,steel
/tests/Rickshaw.Color.Palette.test.js,Magic Number,"{'line': 18, 'column': 38, 'index': 457}","test('initializes with default settings', () => {
    const palette = new Rickshaw.Color.Palette();

    expect(typeof palette.schemes).toBe('object');
    expect(palette.scheme).toEqual([
      '#cb513a',
      '#73c03a',
      '#65b9ac',
      '#4682b4',
      '#96557e',
      '#785f43',
      '#858772',
      '#b5b6a9'
    ]);
    expect(palette.runningIndex).toBe(0);
    expect(palette.generatorIndex).toBe(0);
    expect(palette.rotateCount).toBe(8);
    expect(typeof palette.color).toBe('function');
    expect(typeof palette.interpolateColor).toBe('function');
  })",4,23,steel
/tests/Rickshaw.Color.Palette.test.js,Magic Number,"{'line': 19, 'column': 40, 'index': 501}","test('initializes with default settings', () => {
    const palette = new Rickshaw.Color.Palette();

    expect(typeof palette.schemes).toBe('object');
    expect(palette.scheme).toEqual([
      '#cb513a',
      '#73c03a',
      '#65b9ac',
      '#4682b4',
      '#96557e',
      '#785f43',
      '#858772',
      '#b5b6a9'
    ]);
    expect(palette.runningIndex).toBe(0);
    expect(palette.generatorIndex).toBe(0);
    expect(palette.rotateCount).toBe(8);
    expect(typeof palette.color).toBe('function');
    expect(typeof palette.interpolateColor).toBe('function');
  })",4,23,steel
/tests/Rickshaw.Color.Palette.test.js,Magic Number,"{'line': 20, 'column': 37, 'index': 542}","test('initializes with default settings', () => {
    const palette = new Rickshaw.Color.Palette();

    expect(typeof palette.schemes).toBe('object');
    expect(palette.scheme).toEqual([
      '#cb513a',
      '#73c03a',
      '#65b9ac',
      '#4682b4',
      '#96557e',
      '#785f43',
      '#858772',
      '#b5b6a9'
    ]);
    expect(palette.runningIndex).toBe(0);
    expect(palette.generatorIndex).toBe(0);
    expect(palette.rotateCount).toBe(8);
    expect(typeof palette.color).toBe('function');
    expect(typeof palette.interpolateColor).toBe('function');
  })",4,23,steel
/tests/Rickshaw.Color.Palette.test.js,Magic Number,"{'line': 62, 'column': 38, 'index': 1436}","test('handles interpolatedStopCount option', () => {
    const palette = new Rickshaw.Color.Palette({
      interpolatedStopCount: 4
    });

    expect(typeof palette.schemes).toBe('object');
    expect(palette.scheme).toEqual([
      '#cb513a',
      '#c98339',
      '#c7b439',
      '#a5c439',
      '#73c03a',
      '#51c043',
      '#4fbd66',
      '#5abb8d',
      '#65b9ac',
      '#5db8b8',
      '#55a9b7',
      '#4c97b7',
      '#4682b4',
      '#4a51ac',
      '#724ea5',
      '#95519d',
      '#96557e',
      '#8f5066',
      '#874c4f',
      '#805547',
      '#785f43',
      '#7d6d4e',
      '#817959',
      '#848365',
      '#858772',
      '#91937f',
      '#9d9f8d',
      '#a9aa9b',
      '#b5b6a9'
    ]);
    expect(palette.runningIndex).toBe(0);
    expect(palette.generatorIndex).toBe(0);
    expect(palette.rotateCount).toBe(29);
    expect(typeof palette.color).toBe('function');
    expect(typeof palette.interpolateColor).toBe('function');
  })",25,67,steel
/tests/Rickshaw.Color.Palette.test.js,Magic Number,"{'line': 63, 'column': 40, 'index': 1480}","test('handles interpolatedStopCount option', () => {
    const palette = new Rickshaw.Color.Palette({
      interpolatedStopCount: 4
    });

    expect(typeof palette.schemes).toBe('object');
    expect(palette.scheme).toEqual([
      '#cb513a',
      '#c98339',
      '#c7b439',
      '#a5c439',
      '#73c03a',
      '#51c043',
      '#4fbd66',
      '#5abb8d',
      '#65b9ac',
      '#5db8b8',
      '#55a9b7',
      '#4c97b7',
      '#4682b4',
      '#4a51ac',
      '#724ea5',
      '#95519d',
      '#96557e',
      '#8f5066',
      '#874c4f',
      '#805547',
      '#785f43',
      '#7d6d4e',
      '#817959',
      '#848365',
      '#858772',
      '#91937f',
      '#9d9f8d',
      '#a9aa9b',
      '#b5b6a9'
    ]);
    expect(palette.runningIndex).toBe(0);
    expect(palette.generatorIndex).toBe(0);
    expect(palette.rotateCount).toBe(29);
    expect(typeof palette.color).toBe('function');
    expect(typeof palette.interpolateColor).toBe('function');
  })",25,67,steel
/tests/Rickshaw.Color.Palette.test.js,Magic Number,"{'line': 64, 'column': 37, 'index': 1521}","test('handles interpolatedStopCount option', () => {
    const palette = new Rickshaw.Color.Palette({
      interpolatedStopCount: 4
    });

    expect(typeof palette.schemes).toBe('object');
    expect(palette.scheme).toEqual([
      '#cb513a',
      '#c98339',
      '#c7b439',
      '#a5c439',
      '#73c03a',
      '#51c043',
      '#4fbd66',
      '#5abb8d',
      '#65b9ac',
      '#5db8b8',
      '#55a9b7',
      '#4c97b7',
      '#4682b4',
      '#4a51ac',
      '#724ea5',
      '#95519d',
      '#96557e',
      '#8f5066',
      '#874c4f',
      '#805547',
      '#785f43',
      '#7d6d4e',
      '#817959',
      '#848365',
      '#858772',
      '#91937f',
      '#9d9f8d',
      '#a9aa9b',
      '#b5b6a9'
    ]);
    expect(palette.runningIndex).toBe(0);
    expect(palette.generatorIndex).toBe(0);
    expect(palette.rotateCount).toBe(29);
    expect(typeof palette.color).toBe('function');
    expect(typeof palette.interpolateColor).toBe('function');
  })",25,67,steel
