file,type,line,frame
/home/gabriel/Disk/Research/research-javascript-test-smells/repositories/nock/tests/test_unix_socket.js,Conditional Test Logic,"{'line': 14, 'column': 0, 'index': 309}","  12 | let server
  13 |
> 14 | if (os.platform() === 'win32') {
  15 |   // Skipping Unix socket tests on Windows
  16 |   return
  17 | }"
/home/gabriel/Disk/Research/research-javascript-test-smells/repositories/nock/tests/test_unix_socket.js,Conditional Test Logic,"{'line': 27, 'column': 8, 'index': 630}","  25 |     await new Promise((resolve, reject) => {
  26 |       server.listen(socketPath, err => {
> 27 |         if (err) reject(err)
     |        ^ Conditional Test Logic
  28 |         else resolve()
  29 |       })
  30 |     })"
/home/gabriel/Disk/Research/research-javascript-test-smells/repositories/nock/tests/test_unix_socket.js,Conditional Test Logic,"{'line': 36, 'column': 8, 'index': 799}","  34 |     await new Promise((resolve, reject) => {
  35 |       server.close(err => {
> 36 |         if (err) reject(err)
     |        ^ Conditional Test Logic
  37 |         else resolve()
  38 |       })
  39 |     })"
/home/gabriel/Disk/Research/research-javascript-test-smells/repositories/nock/tests/test_unix_socket.js,Conditional Test Logic,"{'line': 44, 'column': 6, 'index': 928}","  42 |       fs.unlinkSync(socketPath)
  43 |     } catch (err) {
> 44 |       if (err.code !== 'ENOENT') throw err
     |      ^ Conditional Test Logic
  45 |     }
  46 |   })
  47 |"
/home/gabriel/Disk/Research/research-javascript-test-smells/repositories/nock/tests/test_socket.js,Conditional Test Logic,"{'line': 87, 'column': 4, 'index': 2326}","  85 |
  86 |   _read(size) {
> 87 |     if (this._currentOffset >= this._content.length) {
     |    ^ Conditional Test Logic
  88 |       this.push(null)
  89 |       return
  90 |     }"
/home/gabriel/Disk/Research/research-javascript-test-smells/repositories/nock/tests/test_socket.js,Unknown Test,"{'column': 2, 'line': 30}","  28 |
  29 | describe('`Socket#setTimeout()`', () => {
> 30 |   it('adds callback as a one-time listener for parity with a real socket', done => {
     |  ^ Unknown Test
  31 |     nock('http://example.test').get('/').delayConnection(100).reply()
  32 |
  33 |     const onTimeout = () => {"
/home/gabriel/Disk/Research/research-javascript-test-smells/repositories/nock/tests/test_socket.js,Unknown Test,"{'column': 2, 'line': 42}","  40 |   })
  41 |
> 42 |   it('can be called without a callback', done => {
     |  ^ Unknown Test
  43 |     nock('http://example.test').get('/').delayConnection(100).reply()
  44 |
  45 |     http.get('http://example.test').on('socket', socket => {"
/home/gabriel/Disk/Research/research-javascript-test-smells/repositories/nock/tests/test_socket.js,Unknown Test,"{'column': 2, 'line': 56}","  54 |
  55 | describe('`Socket#destroy()`', () => {
> 56 |   it('can destroy the socket if stream is not finished', async () => {
     |  ^ Unknown Test
  57 |     const scope = nock('http://example.test')
  58 |
  59 |     scope.intercept('/somepath', 'GET').reply(() => {"
/home/gabriel/Disk/Research/research-javascript-test-smells/repositories/nock/tests/test_reply_with_error.js,Duplicate Assert,"{'line': 50, 'column': 6, 'index': 1129}","  48 |
  49 |     req.on('error', e => {
> 50 |       expect(e).to.be.an.instanceof(Error)
     |      ^ Duplicate Assert
  51 |       expect(e).to.have.property('message', 'Connection refused')
  52 |       expect(e).to.have.property('code', 'ECONNREFUSED')
  53 |       scope.done()"
/home/gabriel/Disk/Research/research-javascript-test-smells/repositories/nock/tests/test_reply_with_error.js,Duplicate Assert,"{'line': 51, 'column': 6, 'index': 1172}","  49 |     req.on('error', e => {
  50 |       expect(e).to.be.an.instanceof(Error)
> 51 |       expect(e).to.have.property('message', 'Connection refused')
     |      ^ Duplicate Assert
  52 |       expect(e).to.have.property('code', 'ECONNREFUSED')
  53 |       scope.done()
  54 |       done()"
/home/gabriel/Disk/Research/research-javascript-test-smells/repositories/nock/tests/test_reply_with_error.js,Duplicate Assert,"{'line': 52, 'column': 6, 'index': 1238}","  50 |       expect(e).to.be.an.instanceof(Error)
  51 |       expect(e).to.have.property('message', 'Connection refused')
> 52 |       expect(e).to.have.property('code', 'ECONNREFUSED')
     |      ^ Duplicate Assert
  53 |       scope.done()
  54 |       done()
  55 |     })"
/home/gabriel/Disk/Research/research-javascript-test-smells/repositories/nock/tests/test_gzip_request.js,Unknown Test,"{'column': 0, 'line': 37}","  35 | })
  36 |
> 37 | it('should accept and decode gzip encoded application/json, when headers come from a client as an array', done => {
  38 |   const compressedMessage = zlib.gzipSync(JSON.stringify({ my: 'contents' }))
  39 |
  40 |   const scope = nock('http://example.test')"
/home/gabriel/Disk/Research/research-javascript-test-smells/repositories/nock/tests/test_fetch.js,Conditional Test Logic,"{'line': 336, 'column': 8, 'index': 10423}","  334 |     beforeEach(async () => {
  335 |       const server = await startHttpServer((request, response) => {
> 336 |         if (request.url === '/redirected') {
      |        ^ Conditional Test Logic
  337 |           response.writeHead(200).end('redirected')
  338 |         } else {
  339 |           response.writeHead(302, { Location: '/redirected' }).end()"
/home/gabriel/Disk/Research/research-javascript-test-smells/repositories/nock/tests/test_fetch.js,Duplicate Assert,"{'line': 589, 'column': 6, 'index': 18591}","  587 |       const response1 = await fetch(origin)
  588 |       expect(await response1.text()).to.equal(exampleText)
> 589 |       expect(response1.headers.get('content-encoding')).to.equal('deflate')
      |      ^ Duplicate Assert
  590 |
  591 |       nock.restore()
  592 |       const recorded = nock.recorder.play()"
/home/gabriel/Disk/Research/research-javascript-test-smells/repositories/nock/tests/test_fetch.js,Duplicate Assert,"{'line': 601, 'column': 6, 'index': 18973}","  599 |       const response2 = await fetch(origin)
  600 |       expect(await response2.text()).to.equal(exampleText)
> 601 |       expect(response1.headers.get('content-encoding')).to.equal('deflate')
      |      ^ Duplicate Assert
  602 |
  603 |       nocks.forEach(nock => nock.done())
  604 |     })"
/home/gabriel/Disk/Research/research-javascript-test-smells/repositories/nock/tests/test_fetch.js,Exception Handling,"{'line': 299, 'column': 10, 'index': 9298}","  297 |         .text()
  298 |         .then(() => {
> 299 |           throw new Error('Should have thrown')
      |          ^ Exception Handling
  300 |         })
  301 |         .catch(e => {
  302 |           expect(e.message).to.contain('Decompression failed')"
/home/gabriel/Disk/Research/research-javascript-test-smells/repositories/nock/tests/test_fetch.js,Ignored Test,"{'line': 308, 'column': 7, 'index': 9569}","  306 |
  307 |     // May be a bug in Node.js which swallows the error. Need to investigate it further
> 308 |     it.skip('should throw error if encoding is used with uncompressed body', async () => {
      |       ^ Ignored Test
  309 |       const message = 'Lorem ipsum dolor sit amet'
  310 |
  311 |       const scope = nock('http://example.test')"
/home/gabriel/Disk/Research/research-javascript-test-smells/repositories/nock/tests/test_fetch.js,Ignored Test,"{'line': 528, 'column': 7, 'index': 16599}","  526 |   describe('recording', () => {
  527 |     // Skip this test until the fix will be backported to all LTS versions.
> 528 |     it.skip('records and replays gzipped nocks correctly', async () => {
      |       ^ Ignored Test
  529 |       const exampleText = '<html><body>example</body></html>'
  530 |
  531 |       const { origin } = await startHttpServer((request, response) => {"
/home/gabriel/Disk/Research/research-javascript-test-smells/repositories/nock/tests/test_fetch.js,Unknown Test,"{'column': 2, 'line': 66}","  64 |   })
  65 |
> 66 |   it('no match', async () => {
     |  ^ Unknown Test
  67 |     nock('http://example.test').get('/').reply()
  68 |
  69 |     await assertRejects("
/home/gabriel/Disk/Research/research-javascript-test-smells/repositories/nock/tests/test_fetch.js,Unknown Test,"{'column': 2, 'line': 118}","  116 |   })
  117 |
> 118 |   it('should support body cancellation', async () => {
      |  ^ Unknown Test
  119 |     const scope = nock('http://test').post('/').reply(200)
  120 |
  121 |     const response = await fetch('http://test', { method: 'POST' })"
/home/gabriel/Disk/Research/research-javascript-test-smells/repositories/nock/tests/test_fetch.js,Unknown Test,"{'column': 2, 'line': 126}","  124 |   })
  125 |
> 126 |   it('should abort a request with a timeout signal', async () => {
      |  ^ Unknown Test
  127 |     const scope = nock('http://test.com').get('/').delayBody(100).reply(200)
  128 |
  129 |     const response = await fetch('http://test.com', {"
/home/gabriel/Disk/Research/research-javascript-test-smells/repositories/nock/tests/test_fetch.js,Unknown Test,"{'column': 2, 'line': 140}","  138 |
  139 |   // https://github.com/nock/nock/issues/2768
> 140 |   it('should not mess the Headers object', async () => {
      |  ^ Unknown Test
  141 |     nock('https://api.test.com', {
  142 |       reqheaders: { 'Content-Type': 'application/json' },
  143 |     })"
/home/gabriel/Disk/Research/research-javascript-test-smells/repositories/nock/tests/test_fetch.js,Unknown Test,"{'column': 2, 'line': 155}","  153 |
  154 |   // https://github.com/nock/nock/issues/2780
> 155 |   it('should not mess the Headers object', async () => {
      |  ^ Unknown Test
  156 |     nock('https://api.test.com', {
  157 |       reqheaders: { 'Content-Type': 'application/json' },
  158 |     })"
/home/gabriel/Disk/Research/research-javascript-test-smells/repositories/nock/tests/test_fetch.js,Unknown Test,"{'column': 4, 'line': 393}","  391 |     })
  392 |
> 393 |     it('should throws a network error on a redirect for a request with ""error"" redirect mode', async () => {
      |    ^ Unknown Test
  394 |       nock(origin)
  395 |         .get('/')
  396 |         .reply(302, '', { Location: `${origin}/redirected` })"
/home/gabriel/Disk/Research/research-javascript-test-smells/repositories/nock/tests/test_fetch.js,Unknown Test,"{'column': 4, 'line': 404}","  402 |     })
  403 |
> 404 |     it('should throws a network error on a non-303 redirect with a body', async () => {
      |    ^ Unknown Test
  405 |       nock(origin)
  406 |         .post('/')
  407 |         .reply(302, '', { Location: `${origin}/redirected` })"
/home/gabriel/Disk/Research/research-javascript-test-smells/repositories/nock/tests/test_fetch.js,Unknown Test,"{'column': 4, 'line': 415}","  413 |     })
  414 |
> 415 |     it('should throws a network error on redirects to a non-HTTP scheme', async () => {
      |    ^ Unknown Test
  416 |       nock(origin).get('/').reply(302, '', { Location: `wss://localhost` })
  417 |
  418 |       await assertRejects(fetch(origin), /Failed to fetch/)"
/home/gabriel/Disk/Research/research-javascript-test-smells/repositories/nock/tests/test_fetch.js,Unknown Test,"{'column': 4, 'line': 421}","  419 |     })
  420 |
> 421 |     it('should throws on a redirect with credentials for a ""cors"" request', async () => {
      |    ^ Unknown Test
  422 |       nock(origin)
  423 |         .get('/')
  424 |         .reply(302, '', { Location: `http://user:password@localhost` })"
/home/gabriel/Disk/Research/research-javascript-test-smells/repositories/nock/tests/test_destroy.js,Sleepy Test,"{'line': 51, 'column': 4, 'index': 1362}","  49 |
  50 |     // give the `setImmediate` calls enough time to cycle.
> 51 |     setTimeout(() => done(), 10)
     |    ^ Sleepy Test
  52 |   })
  53 | })
  54 |"
/home/gabriel/Disk/Research/research-javascript-test-smells/repositories/nock/tests/test_destroy.js,Unknown Test,"{'column': 2, 'line': 38}","  36 |   })
  37 |
> 38 |   it('should not emit an response if destroyed first', done => {
     |  ^ Unknown Test
  39 |     nock('http://example.test').get('/').reply()
  40 |
  41 |     const req = http"
/home/gabriel/Disk/Research/research-javascript-test-smells/repositories/nock/tests/test_common.js,Duplicate Assert,"{'line': 228, 'column': 4, 'index': 6619}","  226 |
  227 |     // Confidence check.
> 228 |     expect(headers).to.have.property('HoSt')
      |    ^ Duplicate Assert
  229 |     expect(headers).to.have.property('Content-typE')
  230 |
  231 |     // Act."
/home/gabriel/Disk/Research/research-javascript-test-smells/repositories/nock/tests/test_common.js,Duplicate Assert,"{'line': 229, 'column': 4, 'index': 6664}","  227 |     // Confidence check.
  228 |     expect(headers).to.have.property('HoSt')
> 229 |     expect(headers).to.have.property('Content-typE')
      |    ^ Duplicate Assert
  230 |
  231 |     // Act.
  232 |     common.deleteHeadersField(headers, 'HOST')"
/home/gabriel/Disk/Research/research-javascript-test-smells/repositories/nock/tests/test_common.js,Duplicate Assert,"{'line': 236, 'column': 4, 'index': 6848}","  234 |
  235 |     // Assert.
> 236 |     expect(headers).to.not.have.property('HoSt')
      |    ^ Duplicate Assert
  237 |     expect(headers).to.not.have.property('Content-typE')
  238 |   })
  239 |"
/home/gabriel/Disk/Research/research-javascript-test-smells/repositories/nock/tests/test_common.js,Duplicate Assert,"{'line': 237, 'column': 4, 'index': 6897}","  235 |     // Assert.
  236 |     expect(headers).to.not.have.property('HoSt')
> 237 |     expect(headers).to.not.have.property('Content-typE')
      |    ^ Duplicate Assert
  238 |   })
  239 |
  240 |   it('should remove multiple fields with same case-insensitive names', () => {"
/home/gabriel/Disk/Research/research-javascript-test-smells/repositories/nock/tests/test_common.js,Duplicate Assert,"{'line': 629, 'column': 4, 'index': 17068}","  627 |     const result = expand(original)
  628 |     expect(result).deep.equal({ foo: { bar: ['baz'] } })
> 629 |     expect(original).deep.equal({ 'foo[bar][0]': 'baz' })
      |    ^ Duplicate Assert
  630 |     expect(original).not.equal(result)
  631 |   })
  632 | })"
/home/gabriel/Disk/Research/research-javascript-test-smells/repositories/nock/tests/test_common.js,Duplicate Assert,"{'line': 630, 'column': 4, 'index': 17126}","  628 |     expect(result).deep.equal({ foo: { bar: ['baz'] } })
  629 |     expect(original).deep.equal({ 'foo[bar][0]': 'baz' })
> 630 |     expect(original).not.equal(result)
      |    ^ Duplicate Assert
  631 |   })
  632 | })
  633 |"
/home/gabriel/Disk/Research/research-javascript-test-smells/repositories/nock/tests/test_common.js,Lazy Test,"{'line': 27, 'column': 21, 'index': 1070}","  25 |   describe('unit', () => {
  26 |     it('ignores new line characters from strings', () => {
> 27 |       const result = matchBody(
     |                     ^ Lazy Test
  28 |         {},
  29 |         'something //here is something more \n',
  30 |         'something //here is something more \n\r',"
/home/gabriel/Disk/Research/research-javascript-test-smells/repositories/nock/tests/test_common.js,Lazy Test,"{'line': 39, 'column': 6, 'index': 1441}","  37 |       const matchCbSpy = sinon.spy()
  38 |
> 39 |       matchBody({}, matchCbSpy, exampleBody)
     |      ^ Lazy Test
  40 |       expect(matchCbSpy).to.have.been.calledOnceWithExactly(exampleBody)
  41 |     })
  42 |"
/home/gabriel/Disk/Research/research-javascript-test-smells/repositories/nock/tests/test_common.js,Lazy Test,"{'line': 44, 'column': 21, 'index': 1662}","  42 |
  43 |     it('should not throw, when headers come node-fetch style as array', () => {
> 44 |       const result = matchBody(
     |                     ^ Lazy Test
  45 |         { headers: { 'Content-Type': ['multipart/form-data;'] } },
  46 |         {},
  47 |         'test',"
/home/gabriel/Disk/Research/research-javascript-test-smells/repositories/nock/tests/test_common.js,Lazy Test,"{'line': 53, 'column': 21, 'index': 1950}","  51 |
  52 |     it(""should not ignore new line characters from strings when Content-Type contains 'multipart'"", () => {
> 53 |       const result = matchBody(
     |                     ^ Lazy Test
  54 |         { headers: { 'Content-Type': 'multipart/form-data;' } },
  55 |         'something //here is something more \nHello',
  56 |         'something //here is something more \nHello',"
/home/gabriel/Disk/Research/research-javascript-test-smells/repositories/nock/tests/test_common.js,Lazy Test,"{'line': 62, 'column': 21, 'index': 2355}","  60 |
  61 |     it(""should not ignore new line characters from strings when Content-Type contains 'multipart' (arrays come node-fetch style as array)"", () => {
> 62 |       const result = matchBody(
     |                     ^ Lazy Test
  63 |         { headers: { 'Content-Type': ['multipart/form-data;'] } },
  64 |         'something //here is something more \nHello',
  65 |         'something //here is something more \nHello',"
/home/gabriel/Disk/Research/research-javascript-test-smells/repositories/nock/tests/test_common.js,Lazy Test,"{'line': 71, 'column': 21, 'index': 2680}","  69 |
  70 |     it('should use strict equality for deep comparisons', () => {
> 71 |       const result = matchBody({}, { number: 1 }, '{""number"": ""1""}')
     |                     ^ Lazy Test
  72 |       expect(result).to.equal(false)
  73 |     })
  74 |"
/home/gabriel/Disk/Research/research-javascript-test-smells/repositories/nock/tests/test_common.js,Lazy Test,"{'line': 77, 'column': 6, 'index': 2873}","  75 |     it('should not modify the original spec object', () => {
  76 |       const spec = { number: 1 }
> 77 |       matchBody(
     |      ^ Lazy Test
  78 |         {
  79 |           headers: { 'Content-Type': 'application/x-www-form-urlencoded' },
  80 |         },"
/home/gabriel/Disk/Research/research-javascript-test-smells/repositories/nock/tests/test_common.js,Unknown Test,"{'column': 2, 'line': 479}","  477 |   })
  478 |
> 479 |   it('can include auth info', async () => {
      |  ^ Unknown Test
  480 |     const scope = nock('http://example.test')
  481 |       .get('/')
  482 |       .basicAuth({ user: 'user', pass: 'pw' })"
/home/gabriel/Disk/Research/research-javascript-test-smells/repositories/nock/tests/test_back.js,Duplicate Assert,"{'line': 225, 'column': 6, 'index': 6654}","  223 |       const fixtureLoc = `${nockBack.fixtures}/${fixture}`
  224 |
> 225 |       expect(fs.existsSync(fixtureLoc)).to.be.false()
      |      ^ Duplicate Assert
  226 |
  227 |       nockBack(fixture, () => {
  228 |         startHttpServer(requestListener).then(server => {"
/home/gabriel/Disk/Research/research-javascript-test-smells/repositories/nock/tests/test_back.js,Duplicate Assert,"{'line': 242, 'column': 16, 'index': 7199}","  240 |               response.on('end', () => {
  241 |                 expect(onData).to.have.been.called()
> 242 |                 expect(fs.existsSync(fixtureLoc)).to.be.false()
      |                ^ Duplicate Assert
  243 |                 done()
  244 |               })
  245 |             },"
/home/gabriel/Disk/Research/research-javascript-test-smells/repositories/nock/tests/test_back.js,Duplicate Assert,"{'line': 280, 'column': 6, 'index': 8298}","  278 |
  279 |     it('should record when configured correctly', done => {
> 280 |       expect(fs.existsSync(fixtureLoc)).to.be.false()
      |      ^ Duplicate Assert
  281 |
  282 |       nockBack(fixture, nockDone => {
  283 |         startHttpServer(requestListener).then(server => {"
/home/gabriel/Disk/Research/research-javascript-test-smells/repositories/nock/tests/test_back.js,Duplicate Assert,"{'line': 294, 'column': 14, 'index': 8735}","  292 |
  293 |               expect(response.statusCode).to.equal(217)
> 294 |               expect(fs.existsSync(fixtureLoc)).to.be.true()
      |              ^ Duplicate Assert
  295 |               done()
  296 |             },
  297 |           )"
/home/gabriel/Disk/Research/research-javascript-test-smells/repositories/nock/tests/test_back.js,Duplicate Assert,"{'line': 347, 'column': 6, 'index': 10172}","  345 |     // nock.activate() after calling nock.restore().
  346 |     it('can record twice', done => {
> 347 |       expect(fs.existsSync(fixtureLoc)).to.be.false()
      |      ^ Duplicate Assert
  348 |
  349 |       nockBack(fixture, function (nockDone) {
  350 |         startHttpServer(requestListener).then(server => {"
/home/gabriel/Disk/Research/research-javascript-test-smells/repositories/nock/tests/test_back.js,Duplicate Assert,"{'line': 361, 'column': 14, 'index': 10617}","  359 |
  360 |               expect(response.statusCode).to.equal(217)
> 361 |               expect(fs.existsSync(fixtureLoc)).to.be.true()
      |              ^ Duplicate Assert
  362 |               done()
  363 |             },
  364 |           )"
/home/gabriel/Disk/Research/research-javascript-test-smells/repositories/nock/tests/test_back.js,Duplicate Assert,"{'line': 398, 'column': 6, 'index': 11613}","  396 |
  397 |     it('should filter after recording', done => {
> 398 |       expect(fs.existsSync(fixtureLoc)).to.be.false()
      |      ^ Duplicate Assert
  399 |
  400 |       // You would do some filtering here, but for this test we'll just return
  401 |       // an empty array."
/home/gabriel/Disk/Research/research-javascript-test-smells/repositories/nock/tests/test_back.js,Duplicate Assert,"{'line': 416, 'column': 14, 'index': 12215}","  414 |
  415 |               expect(response.statusCode).to.equal(217)
> 416 |               expect(fs.existsSync(fixtureLoc)).to.be.true()
      |              ^ Duplicate Assert
  417 |               expect(this.scopes).to.be.empty()
  418 |               done()
  419 |             },"
/home/gabriel/Disk/Research/research-javascript-test-smells/repositories/nock/tests/test_back.js,Duplicate Assert,"{'line': 428, 'column': 6, 'index': 12517}","  426 |
  427 |     it('should format after recording', done => {
> 428 |       expect(fs.existsSync(fixtureLoc)).to.be.false()
      |      ^ Duplicate Assert
  429 |
  430 |       const afterRecord = () => 'string-response'
  431 |"
/home/gabriel/Disk/Research/research-javascript-test-smells/repositories/nock/tests/test_back.js,Duplicate Assert,"{'line': 444, 'column': 14, 'index': 13030}","  442 |
  443 |               expect(response.statusCode).to.equal(217)
> 444 |               expect(fs.existsSync(fixtureLoc)).to.be.true()
      |              ^ Duplicate Assert
  445 |               expect(fs.readFileSync(fixtureLoc, 'utf8')).to.equal(
  446 |                 'string-response',
  447 |               )"
/home/gabriel/Disk/Research/research-javascript-test-smells/repositories/nock/tests/test_back.js,Duplicate Assert,"{'line': 526, 'column': 6, 'index': 15497}","  524 |
  525 |     it('should record when configured correctly', done => {
> 526 |       expect(fs.existsSync(fixtureLoc)).to.be.false()
      |      ^ Duplicate Assert
  527 |
  528 |       nockBack(fixture, nockDone => {
  529 |         startHttpServer(requestListener).then(server => {"
/home/gabriel/Disk/Research/research-javascript-test-smells/repositories/nock/tests/test_back.js,Duplicate Assert,"{'line': 540, 'column': 14, 'index': 15934}","  538 |
  539 |               expect(response.statusCode).to.equal(217)
> 540 |               expect(fs.existsSync(fixtureLoc)).to.be.true()
      |              ^ Duplicate Assert
  541 |               done()
  542 |             },
  543 |           )"
/home/gabriel/Disk/Research/research-javascript-test-smells/repositories/nock/tests/test_back.js,Duplicate Assert,"{'line': 593, 'column': 6, 'index': 17371}","  591 |     // nock.activate() after calling nock.restore().
  592 |     it('can record twice', done => {
> 593 |       expect(fs.existsSync(fixtureLoc)).to.be.false()
      |      ^ Duplicate Assert
  594 |
  595 |       nockBack(fixture, function (nockDone) {
  596 |         startHttpServer(requestListener).then(server => {"
/home/gabriel/Disk/Research/research-javascript-test-smells/repositories/nock/tests/test_back.js,Duplicate Assert,"{'line': 607, 'column': 14, 'index': 17816}","  605 |
  606 |               expect(response.statusCode).to.equal(217)
> 607 |               expect(fs.existsSync(fixtureLoc)).to.be.true()
      |              ^ Duplicate Assert
  608 |               done()
  609 |             },
  610 |           )"
/home/gabriel/Disk/Research/research-javascript-test-smells/repositories/nock/tests/test_back.js,Duplicate Assert,"{'line': 662, 'column': 6, 'index': 19307}","  660 |
  661 |     it('should filter after recording', done => {
> 662 |       expect(fs.existsSync(fixtureLoc)).to.be.false()
      |      ^ Duplicate Assert
  663 |
  664 |       // You would do some filtering here, but for this test we'll just return
  665 |       // an empty array."
/home/gabriel/Disk/Research/research-javascript-test-smells/repositories/nock/tests/test_back.js,Duplicate Assert,"{'line': 680, 'column': 14, 'index': 19909}","  678 |
  679 |               expect(response.statusCode).to.equal(217)
> 680 |               expect(fs.existsSync(fixtureLoc)).to.be.true()
      |              ^ Duplicate Assert
  681 |               expect(this.scopes).to.be.empty()
  682 |               done()
  683 |             },"
/home/gabriel/Disk/Research/research-javascript-test-smells/repositories/nock/tests/test_back.js,Duplicate Assert,"{'line': 692, 'column': 6, 'index': 20211}","  690 |
  691 |     it('should format after recording', done => {
> 692 |       expect(fs.existsSync(fixtureLoc)).to.be.false()
      |      ^ Duplicate Assert
  693 |
  694 |       const afterRecord = () => 'string-response'
  695 |"
/home/gabriel/Disk/Research/research-javascript-test-smells/repositories/nock/tests/test_back.js,Duplicate Assert,"{'line': 708, 'column': 14, 'index': 20724}","  706 |
  707 |               expect(response.statusCode).to.equal(217)
> 708 |               expect(fs.existsSync(fixtureLoc)).to.be.true()
      |              ^ Duplicate Assert
  709 |               expect(fs.readFileSync(fixtureLoc, 'utf8')).to.equal(
  710 |                 'string-response',
  711 |               )"
/home/gabriel/Disk/Research/research-javascript-test-smells/repositories/nock/tests/test_back.js,Unknown Test,"{'column': 4, 'line': 175}","  173 |     it('should allow normal nocks to work', testNock)
  174 |
> 175 |     it('should enable net connect', done => {
      |    ^ Unknown Test
  176 |       nock.disableNetConnect()
  177 |       nockBack.setMode('wild')
  178 |       // TODO: It would be nice if there were a cleaner way to assert that net"
/home/gabriel/Disk/Research/research-javascript-test-smells/repositories/nock/tests/test_abort_signal.js,Duplicate Assert,"{'line': 52, 'column': 4, 'index': 1439}","  50 |     }).catch(error => error)
  51 |
> 52 |     expect(error).to.have.property('message', 'The operation was aborted')
     |    ^ Duplicate Assert
  53 |     expect(error).to.have.property('name', 'AbortError')
  54 |     expect(error).to.have.property('code', 'ABORT_ERR')
  55 |     expect(error.cause).to.have.property("
/home/gabriel/Disk/Research/research-javascript-test-smells/repositories/nock/tests/test_abort_signal.js,Duplicate Assert,"{'line': 53, 'column': 4, 'index': 1514}","  51 |
  52 |     expect(error).to.have.property('message', 'The operation was aborted')
> 53 |     expect(error).to.have.property('name', 'AbortError')
     |    ^ Duplicate Assert
  54 |     expect(error).to.have.property('code', 'ABORT_ERR')
  55 |     expect(error.cause).to.have.property(
  56 |       'message',"
/home/gabriel/Disk/Research/research-javascript-test-smells/repositories/nock/tests/test_abort_signal.js,Duplicate Assert,"{'line': 54, 'column': 4, 'index': 1571}","  52 |     expect(error).to.have.property('message', 'The operation was aborted')
  53 |     expect(error).to.have.property('name', 'AbortError')
> 54 |     expect(error).to.have.property('code', 'ABORT_ERR')
     |    ^ Duplicate Assert
  55 |     expect(error.cause).to.have.property(
  56 |       'message',
  57 |       'This operation was aborted',"
/home/gabriel/Disk/Research/research-javascript-test-smells/repositories/nock/tests/test_abort_signal.js,Duplicate Assert,"{'line': 74, 'column': 4, 'index': 2215}","  72 |     }).catch(error => error)
  73 |
> 74 |     expect(error).to.have.property('message', 'The operation was aborted')
     |    ^ Duplicate Assert
  75 |     expect(error).to.have.property('name', 'AbortError')
  76 |     expect(error).to.have.property('code', 'ABORT_ERR')
  77 |     expect(error.cause).to.eql(cause)"
/home/gabriel/Disk/Research/research-javascript-test-smells/repositories/nock/tests/test_abort_signal.js,Duplicate Assert,"{'line': 75, 'column': 4, 'index': 2290}","  73 |
  74 |     expect(error).to.have.property('message', 'The operation was aborted')
> 75 |     expect(error).to.have.property('name', 'AbortError')
     |    ^ Duplicate Assert
  76 |     expect(error).to.have.property('code', 'ABORT_ERR')
  77 |     expect(error.cause).to.eql(cause)
  78 |     expect(scope.isDone()).to.be.false()"
/home/gabriel/Disk/Research/research-javascript-test-smells/repositories/nock/tests/test_abort_signal.js,Duplicate Assert,"{'line': 76, 'column': 4, 'index': 2347}","  74 |     expect(error).to.have.property('message', 'The operation was aborted')
  75 |     expect(error).to.have.property('name', 'AbortError')
> 76 |     expect(error).to.have.property('code', 'ABORT_ERR')
     |    ^ Duplicate Assert
  77 |     expect(error.cause).to.eql(cause)
  78 |     expect(scope.isDone()).to.be.false()
  79 |   })"
/home/gabriel/Disk/Research/research-javascript-test-smells/repositories/nock/tests/test_abort_signal.js,Duplicate Assert,"{'line': 112, 'column': 4, 'index': 3461}","  110 |
  111 |     const error = await makeRequest().catch(error => error)
> 112 |     expect(error).to.have.property('message', 'The operation was aborted')
      |    ^ Duplicate Assert
  113 |     expect(error).to.have.property('name', 'AbortError')
  114 |     expect(error).to.have.property('code', 'ABORT_ERR')
  115 |     expect(error.cause).to.have.property("
/home/gabriel/Disk/Research/research-javascript-test-smells/repositories/nock/tests/test_abort_signal.js,Duplicate Assert,"{'line': 113, 'column': 4, 'index': 3536}","  111 |     const error = await makeRequest().catch(error => error)
  112 |     expect(error).to.have.property('message', 'The operation was aborted')
> 113 |     expect(error).to.have.property('name', 'AbortError')
      |    ^ Duplicate Assert
  114 |     expect(error).to.have.property('code', 'ABORT_ERR')
  115 |     expect(error.cause).to.have.property(
  116 |       'message',"
/home/gabriel/Disk/Research/research-javascript-test-smells/repositories/nock/tests/test_abort_signal.js,Duplicate Assert,"{'line': 114, 'column': 4, 'index': 3593}","  112 |     expect(error).to.have.property('message', 'The operation was aborted')
  113 |     expect(error).to.have.property('name', 'AbortError')
> 114 |     expect(error).to.have.property('code', 'ABORT_ERR')
      |    ^ Duplicate Assert
  115 |     expect(error.cause).to.have.property(
  116 |       'message',
  117 |       'This operation was aborted',"
/home/gabriel/Disk/Research/research-javascript-test-smells/repositories/nock/tests/test_abort_signal.js,Duplicate Assert,"{'line': 134, 'column': 4, 'index': 4162}","  132 |     }).catch(error => error)
  133 |
> 134 |     expect(error).to.have.property('message', 'The operation was aborted')
      |    ^ Duplicate Assert
  135 |     expect(error).to.have.property('name', 'AbortError')
  136 |     expect(error).to.have.property('code', 'ABORT_ERR')
  137 |     expect(error.cause).to.have.property('name', 'TimeoutError')"
/home/gabriel/Disk/Research/research-javascript-test-smells/repositories/nock/tests/test_abort_signal.js,Duplicate Assert,"{'line': 135, 'column': 4, 'index': 4237}","  133 |
  134 |     expect(error).to.have.property('message', 'The operation was aborted')
> 135 |     expect(error).to.have.property('name', 'AbortError')
      |    ^ Duplicate Assert
  136 |     expect(error).to.have.property('code', 'ABORT_ERR')
  137 |     expect(error.cause).to.have.property('name', 'TimeoutError')
  138 |     scope.done()"
/home/gabriel/Disk/Research/research-javascript-test-smells/repositories/nock/tests/test_abort_signal.js,Duplicate Assert,"{'line': 136, 'column': 4, 'index': 4294}","  134 |     expect(error).to.have.property('message', 'The operation was aborted')
  135 |     expect(error).to.have.property('name', 'AbortError')
> 136 |     expect(error).to.have.property('code', 'ABORT_ERR')
      |    ^ Duplicate Assert
  137 |     expect(error.cause).to.have.property('name', 'TimeoutError')
  138 |     scope.done()
  139 |   })"
/home/gabriel/Disk/Research/research-javascript-test-smells/repositories/nock/tests/test_abort_signal.js,Duplicate Assert,"{'line': 153, 'column': 4, 'index': 4815}","  151 |     }).catch(error => error)
  152 |
> 153 |     expect(error).to.have.property('message', 'The operation was aborted')
      |    ^ Duplicate Assert
  154 |     expect(error).to.have.property('name', 'AbortError')
  155 |     expect(error).to.have.property('code', 'ABORT_ERR')
  156 |     expect(error.cause).to.have.property('name', 'TimeoutError')"
/home/gabriel/Disk/Research/research-javascript-test-smells/repositories/nock/tests/test_abort_signal.js,Duplicate Assert,"{'line': 154, 'column': 4, 'index': 4890}","  152 |
  153 |     expect(error).to.have.property('message', 'The operation was aborted')
> 154 |     expect(error).to.have.property('name', 'AbortError')
      |    ^ Duplicate Assert
  155 |     expect(error).to.have.property('code', 'ABORT_ERR')
  156 |     expect(error.cause).to.have.property('name', 'TimeoutError')
  157 |"
/home/gabriel/Disk/Research/research-javascript-test-smells/repositories/nock/tests/test_abort_signal.js,Duplicate Assert,"{'line': 155, 'column': 4, 'index': 4947}","  153 |     expect(error).to.have.property('message', 'The operation was aborted')
  154 |     expect(error).to.have.property('name', 'AbortError')
> 155 |     expect(error).to.have.property('code', 'ABORT_ERR')
      |    ^ Duplicate Assert
  156 |     expect(error.cause).to.have.property('name', 'TimeoutError')
  157 |
  158 |     scope.done()"
/home/gabriel/Disk/Research/research-javascript-test-smells/repositories/nock/tests/test_abort.js,Ignored Test,"{'line': 165, 'column': 5, 'index': 5258}","  163 |
  164 |   // TODO: https://github.com/mswjs/interceptors/pull/542#issuecomment-2028881290
> 165 |   it.skip('Emits the expected event sequence when aborted after a delay from the `finish` event', done => {
      |     ^ Ignored Test
  166 |     // use the delay functionality to create a window where the abort is called during the artificial connection wait.
  167 |     const scope = nock('http://example.test').get('/').delay(100).reply()
  168 |"
/home/gabriel/Disk/Research/research-javascript-test-smells/repositories/nock/tests/test_abort.js,Sleepy Test,"{'line': 25, 'column': 4, 'index': 903}","  23 |     req.write('foo')
  24 |
> 25 |     setTimeout(() => {
     |    ^ Sleepy Test
  26 |       expect(emitSpy).to.have.been.calledTwice()
  27 |       expect(emitSpy.firstCall).to.have.been.calledWith('close')
  28 |       expect(emitSpy.secondCall).to.have.been.calledWith('abort')"
/home/gabriel/Disk/Research/research-javascript-test-smells/repositories/nock/tests/test_abort.js,Sleepy Test,"{'line': 42, 'column': 4, 'index': 1464}","  40 |     req.end()
  41 |
> 42 |     setTimeout(() => {
     |    ^ Sleepy Test
  43 |       expect(emitSpy).to.have.been.calledTwice()
  44 |       expect(emitSpy.firstCall).to.have.been.calledWith('close')
  45 |       expect(emitSpy.secondCall).to.have.been.calledWith('abort')"
/home/gabriel/Disk/Research/research-javascript-test-smells/repositories/nock/tests/test_abort.js,Sleepy Test,"{'line': 59, 'column': 4, 'index': 2043}","  57 |     req.flushHeaders()
  58 |
> 59 |     setTimeout(() => {
     |    ^ Sleepy Test
  60 |       expect(emitSpy).to.have.been.calledTwice()
  61 |       expect(emitSpy.firstCall).to.have.been.calledWith('close')
  62 |       expect(emitSpy.secondCall).to.have.been.calledWith('abort')"
/home/gabriel/Disk/Research/research-javascript-test-smells/repositories/nock/tests/test_abort.js,Sleepy Test,"{'line': 76, 'column': 4, 'index': 2598}","  74 |     req.abort()
  75 |
> 76 |     setTimeout(() => {
     |    ^ Sleepy Test
  77 |       expect(emitSpy).to.have.been.calledTwice()
  78 |       expect(emitSpy.firstCall).to.have.been.calledWith('close')
  79 |       expect(emitSpy.secondCall).to.have.been.calledWith('abort')"
/home/gabriel/Disk/Research/research-javascript-test-smells/repositories/nock/tests/test_abort.js,Sleepy Test,"{'line': 100, 'column': 4, 'index': 3336}","   98 |     req.end()
   99 |
> 100 |     setTimeout(() => {
      |    ^ Sleepy Test
  101 |       const events = emitSpy.args.map(i => i[0])
  102 |       expect(events).to.deep.equal(['socket', 'abort', 'error', 'close'])
  103 |       expect(scope.isDone()).to.be.false()"
/home/gabriel/Disk/Research/research-javascript-test-smells/repositories/nock/tests/test_abort.js,Sleepy Test,"{'line': 122, 'column': 4, 'index': 3971}","  120 |     req.end()
  121 |
> 122 |     setTimeout(() => {
      |    ^ Sleepy Test
  123 |       const events = emitSpy.args.map(i => i[0])
  124 |       // important: `abort` and `error` events only fire once and the `close` event still fires at the end
  125 |       expect(events).to.deep.equal(['socket', 'abort', 'error', 'close'])"
/home/gabriel/Disk/Research/research-javascript-test-smells/repositories/nock/tests/test_abort.js,Sleepy Test,"{'line': 149, 'column': 4, 'index': 4900}","  147 |     req.end()
  148 |
> 149 |     setTimeout(() => {
      |    ^ Sleepy Test
  150 |       const events = emitSpy.args.map(i => i[0])
  151 |       expect(events).to.deep.equal([
  152 |         'socket',"
/home/gabriel/Disk/Research/research-javascript-test-smells/repositories/nock/tests/test_abort.js,Sleepy Test,"{'line': 209, 'column': 4, 'index': 6506}","  207 |     req.end()
  208 |
> 209 |     setTimeout(() => {
      |    ^ Sleepy Test
  210 |       const events = emitSpy.args.map(i => i[0])
  211 |       expect(events).to.deep.equal([
  212 |         'socket',"
/home/gabriel/Disk/Research/research-javascript-test-smells/repositories/nock/tests/got/test_stream.js,Conditional Test Logic,"{'line': 221, 'column': 10, 'index': 4981}","  219 |         res.on('readable', function () {
  220 |           let buf
> 221 |           while ((buf = res.read())) body += buf
      |          ^ Conditional Test Logic
  222 |         })
  223 |
  224 |         res.once('end', function () {"
/home/gabriel/Disk/Research/research-javascript-test-smells/repositories/nock/tests/got/test_stream.js,Conditional Test Logic,"{'line': 251, 'column': 8, 'index': 5667}","  249 |       res.on('readable', function () {
  250 |         let chunk
> 251 |         while ((chunk = res.read()) !== null) {
      |        ^ Conditional Test Logic
  252 |           responseBody += chunk.toString()
  253 |         }
  254 |         if (chunk === null && !ended) {"
/home/gabriel/Disk/Research/research-javascript-test-smells/repositories/nock/tests/got/test_stream.js,Conditional Test Logic,"{'line': 254, 'column': 8, 'index': 5768}","  252 |           responseBody += chunk.toString()
  253 |         }
> 254 |         if (chunk === null && !ended) {
      |        ^ Conditional Test Logic
  255 |           ended = true
  256 |           expect(responseBody).to.equal('this is the response body yeah')
  257 |           done()"
/home/gabriel/Disk/Research/research-javascript-test-smells/repositories/nock/tests/got/test_stream.js,Ignored Test,"{'line': 267, 'column': 3, 'index': 6008}","  265 |
  266 | // TODO: what's the use case for this test?
> 267 | it.skip('error events on reply streams proxy to the response', done => {
      |   ^ Ignored Test
  268 |   // This test could probably be written to use got, however, that lib has a lot
  269 |   // of built in error handling and this test would get convoluted.
  270 |"
/home/gabriel/Disk/Research/research-javascript-test-smells/repositories/nock/tests/got/test_stream.js,Sleepy Test,"{'line': 50, 'column': 4, 'index': 1322}","  48 |     const didTimeout = sinon.spy()
  49 |
> 50 |     setTimeout(() => {
     |    ^ Sleepy Test
  51 |       didTimeout()
  52 |       res.resume()
  53 |     }, 200)"
/home/gabriel/Disk/Research/research-javascript-test-smells/repositories/nock/tests/got/test_stream.js,Sleepy Test,"{'line': 65, 'column': 4, 'index': 1636}","  63 |     // Manually simulate multiple 'data' events.
  64 |     response.emit('data', 'one')
> 65 |     setTimeout(() => {
     |    ^ Sleepy Test
  66 |       response.emit('data', 'two')
  67 |       response.end()
  68 |     }, 0)"
/home/gabriel/Disk/Research/research-javascript-test-smells/repositories/nock/tests/got/test_stream.js,Unknown Test,"{'column': 0, 'line': 155}","  153 |
  154 | // TODO Convert to async / got.
> 155 | it('response pipe without implicit end', done => {
  156 |   const dest = (() => {
  157 |     function Constructor() {
  158 |       events.EventEmitter.call(this)"
/home/gabriel/Disk/Research/research-javascript-test-smells/repositories/nock/tests/got/test_scope.js,Duplicate Assert,"{'line': 17, 'column': 2, 'index': 454}","  15 |   )
  16 |
> 17 |   expect(scopes).to.be.an.instanceOf(Array)
     |  ^ Duplicate Assert
  18 |   expect(scopes).to.have.lengthOf.at.least(1)
  19 |
  20 |   scopes.forEach(scope => {"
/home/gabriel/Disk/Research/research-javascript-test-smells/repositories/nock/tests/got/test_scope.js,Duplicate Assert,"{'line': 18, 'column': 2, 'index': 498}","  16 |
  17 |   expect(scopes).to.be.an.instanceOf(Array)
> 18 |   expect(scopes).to.have.lengthOf.at.least(1)
     |  ^ Duplicate Assert
  19 |
  20 |   scopes.forEach(scope => {
  21 |     scope.interceptors.forEach(interceptor => {"
/home/gabriel/Disk/Research/research-javascript-test-smells/repositories/nock/tests/got/test_scope.js,Duplicate Assert,"{'line': 81, 'column': 4, 'index': 2405}","  79 |
  80 |     // Confidence check.
> 81 |     expect(scope.activeMocks()).to.deep.equal([key])
     |    ^ Duplicate Assert
  82 |
  83 |     // Act.
  84 |     scope.remove(key, scope.interceptors[0])"
/home/gabriel/Disk/Research/research-javascript-test-smells/repositories/nock/tests/got/test_scope.js,Duplicate Assert,"{'line': 87, 'column': 4, 'index': 2532}","  85 |
  86 |     // Assert.
> 87 |     expect(scope.activeMocks()).to.deep.equal([])
     |    ^ Duplicate Assert
  88 |   })
  89 |
  90 |   it('when a mock is persisted, does nothing', () => {"
/home/gabriel/Disk/Research/research-javascript-test-smells/repositories/nock/tests/got/test_scope.js,Duplicate Assert,"{'line': 95, 'column': 4, 'index': 2791}","  93 |
  94 |     // Confidence check.
> 95 |     expect(scope.activeMocks()).to.deep.equal([key])
     |    ^ Duplicate Assert
  96 |
  97 |     // Act.
  98 |     scope.remove(key, scope.interceptors[0])"
/home/gabriel/Disk/Research/research-javascript-test-smells/repositories/nock/tests/got/test_scope.js,Duplicate Assert,"{'line': 101, 'column': 4, 'index': 2918}","   99 |
  100 |     // Assert.
> 101 |     expect(scope.activeMocks()).to.deep.equal([key])
      |    ^ Duplicate Assert
  102 |   })
  103 |
  104 |   it('when the key is nonexistent, does nothing', () => {"
/home/gabriel/Disk/Research/research-javascript-test-smells/repositories/nock/tests/got/test_scope.js,Duplicate Assert,"{'line': 109, 'column': 4, 'index': 3173}","  107 |
  108 |     // Confidence check.
> 109 |     expect(scope.activeMocks()).to.deep.equal([key])
      |    ^ Duplicate Assert
  110 |
  111 |     // Act.
  112 |     scope.remove('GET http://bogus.test:80/', scope.interceptors[0])"
/home/gabriel/Disk/Research/research-javascript-test-smells/repositories/nock/tests/got/test_scope.js,Duplicate Assert,"{'line': 115, 'column': 4, 'index': 3324}","  113 |
  114 |     // Assert.
> 115 |     expect(scope.activeMocks()).to.deep.equal([key])
      |    ^ Duplicate Assert
  116 |   })
  117 | })
  118 |"
/home/gabriel/Disk/Research/research-javascript-test-smells/repositories/nock/tests/got/test_scope.js,Duplicate Assert,"{'line': 129, 'column': 4, 'index': 3766}","  127 |     const scope = nock('http://example.test').get('/').reply()
  128 |
> 129 |     expect(scope.isDone()).to.be.false()
      |    ^ Duplicate Assert
  130 |
  131 |     await got('http://example.test/')
  132 |"
/home/gabriel/Disk/Research/research-javascript-test-smells/repositories/nock/tests/got/test_scope.js,Duplicate Assert,"{'line': 133, 'column': 4, 'index': 3847}","  131 |     await got('http://example.test/')
  132 |
> 133 |     expect(scope.isDone()).to.be.true()
      |    ^ Duplicate Assert
  134 |
  135 |     scope.done()
  136 |   })"
/home/gabriel/Disk/Research/research-javascript-test-smells/repositories/nock/tests/got/test_request_overrider.js,Duplicate Assert,"{'line': 368, 'column': 4, 'index': 9402}","  366 |     // `writableEnded` was added in v12.9.0 to rename `finished` which was deprecated in v13.4.0. it's just an alias,
  367 |     // but it only denotes that `end` was called on the request not that the socket has finished flushing (hence the rename).
> 368 |     expect(req.finished).to.be.false()
      |    ^ Duplicate Assert
  369 |     const hasWriteable = 'writableEnded' in req // to support v10
  370 |     expect(req.writableEnded).to.equal(hasWriteable ? false : undefined)
  371 |"
/home/gabriel/Disk/Research/research-javascript-test-smells/repositories/nock/tests/got/test_request_overrider.js,Duplicate Assert,"{'line': 370, 'column': 4, 'index': 9507}","  368 |     expect(req.finished).to.be.false()
  369 |     const hasWriteable = 'writableEnded' in req // to support v10
> 370 |     expect(req.writableEnded).to.equal(hasWriteable ? false : undefined)
      |    ^ Duplicate Assert
  371 |
  372 |     // `writableFinished` denotes all data has been flushed to the underlying system, immediately before
  373 |     // the 'finish' event is emitted. Nock's ""socket"" is instantaneous so these attributes never differ."
/home/gabriel/Disk/Research/research-javascript-test-smells/repositories/nock/tests/got/test_request_overrider.js,Duplicate Assert,"{'line': 374, 'column': 4, 'index': 9791}","  372 |     // `writableFinished` denotes all data has been flushed to the underlying system, immediately before
  373 |     // the 'finish' event is emitted. Nock's ""socket"" is instantaneous so these attributes never differ.
> 374 |     expect(req.writableFinished).to.equal(hasWriteable ? false : undefined)
      |    ^ Duplicate Assert
  375 |
  376 |     req.on('finish', () => {
  377 |       expect(req.finished).to.be.true()"
/home/gabriel/Disk/Research/research-javascript-test-smells/repositories/nock/tests/got/test_request_overrider.js,Duplicate Assert,"{'line': 377, 'column': 6, 'index': 9899}","  375 |
  376 |     req.on('finish', () => {
> 377 |       expect(req.finished).to.be.true()
      |      ^ Duplicate Assert
  378 |       expect(req.writableEnded).to.equal(hasWriteable ? true : undefined)
  379 |       expect(req.writableFinished).to.equal(hasWriteable ? true : undefined)
  380 |"
/home/gabriel/Disk/Research/research-javascript-test-smells/repositories/nock/tests/got/test_request_overrider.js,Duplicate Assert,"{'line': 378, 'column': 6, 'index': 9939}","  376 |     req.on('finish', () => {
  377 |       expect(req.finished).to.be.true()
> 378 |       expect(req.writableEnded).to.equal(hasWriteable ? true : undefined)
      |      ^ Duplicate Assert
  379 |       expect(req.writableFinished).to.equal(hasWriteable ? true : undefined)
  380 |
  381 |       done()"
/home/gabriel/Disk/Research/research-javascript-test-smells/repositories/nock/tests/got/test_request_overrider.js,Duplicate Assert,"{'line': 379, 'column': 6, 'index': 10013}","  377 |       expect(req.finished).to.be.true()
  378 |       expect(req.writableEnded).to.equal(hasWriteable ? true : undefined)
> 379 |       expect(req.writableFinished).to.equal(hasWriteable ? true : undefined)
      |      ^ Duplicate Assert
  380 |
  381 |       done()
  382 |     })"
/home/gabriel/Disk/Research/research-javascript-test-smells/repositories/nock/tests/got/test_request_overrider.js,Duplicate Assert,"{'line': 531, 'column': 6, 'index': 13675}","  529 |
  530 |     req.once('response', res => {
> 531 |       expect(req.socket).to.equal(req.connection)
      |      ^ Duplicate Assert
  532 |       expect(req.socket).to.equal(res.socket)
  533 |       expect(res.socket).to.equal(res.client)
  534 |       expect(res.socket).to.equal(res.connection)"
/home/gabriel/Disk/Research/research-javascript-test-smells/repositories/nock/tests/got/test_request_overrider.js,Duplicate Assert,"{'line': 532, 'column': 6, 'index': 13725}","  530 |     req.once('response', res => {
  531 |       expect(req.socket).to.equal(req.connection)
> 532 |       expect(req.socket).to.equal(res.socket)
      |      ^ Duplicate Assert
  533 |       expect(res.socket).to.equal(res.client)
  534 |       expect(res.socket).to.equal(res.connection)
  535 |       done()"
/home/gabriel/Disk/Research/research-javascript-test-smells/repositories/nock/tests/got/test_request_overrider.js,Duplicate Assert,"{'line': 533, 'column': 6, 'index': 13771}","  531 |       expect(req.socket).to.equal(req.connection)
  532 |       expect(req.socket).to.equal(res.socket)
> 533 |       expect(res.socket).to.equal(res.client)
      |      ^ Duplicate Assert
  534 |       expect(res.socket).to.equal(res.connection)
  535 |       done()
  536 |     })"
/home/gabriel/Disk/Research/research-javascript-test-smells/repositories/nock/tests/got/test_request_overrider.js,Duplicate Assert,"{'line': 534, 'column': 6, 'index': 13817}","  532 |       expect(req.socket).to.equal(res.socket)
  533 |       expect(res.socket).to.equal(res.client)
> 534 |       expect(res.socket).to.equal(res.connection)
      |      ^ Duplicate Assert
  535 |       done()
  536 |     })
  537 |   })"
/home/gabriel/Disk/Research/research-javascript-test-smells/repositories/nock/tests/got/test_request_overrider.js,Duplicate Assert,"{'line': 717, 'column': 4, 'index': 18667}","  715 |     })
  716 |
> 717 |     expect(req.method).to.equal('GET')
      |    ^ Duplicate Assert
  718 |
  719 |     req.on('response', res => {
  720 |       expect(req.method).to.equal('GET')"
/home/gabriel/Disk/Research/research-javascript-test-smells/repositories/nock/tests/got/test_request_overrider.js,Duplicate Assert,"{'line': 720, 'column': 6, 'index': 18741}","  718 |
  719 |     req.on('response', res => {
> 720 |       expect(req.method).to.equal('GET')
      |      ^ Duplicate Assert
  721 |       scope.done()
  722 |       done()
  723 |     })"
/home/gabriel/Disk/Research/research-javascript-test-smells/repositories/nock/tests/got/test_request_overrider.js,Ignored Test,"{'line': 663, 'column': 5, 'index': 17174}","  661 |   })
  662 |
> 663 |   it.skip('socket has getPeerCertificate() method which returns a random base64 string', done => {
      |     ^ Ignored Test
  664 |     nock('https://example.test').get('/').reply()
  665 |
  666 |     const req = https.get('https://example.test')"
/home/gabriel/Disk/Research/research-javascript-test-smells/repositories/nock/tests/got/test_request_overrider.js,Ignored Test,"{'line': 755, 'column': 5, 'index': 19534}","  753 |   })
  754 |
> 755 |   it.skip('Request with `Expect: 100-continue` triggers continue event', done => {
      |     ^ Ignored Test
  756 |     // This is a replacement for a wide-bracket regression test that was added
  757 |     // for https://github.com/nock/nock/issues/256.
  758 |     //"
/home/gabriel/Disk/Research/research-javascript-test-smells/repositories/nock/tests/got/test_request_overrider.js,Sleepy Test,"{'line': 404, 'column': 6, 'index': 10527}","  402 |       res.pause()
  403 |
> 404 |       setTimeout(() => {
      |      ^ Sleepy Test
  405 |         didTimeout()
  406 |         res.resume()
  407 |       }, 500)"
/home/gabriel/Disk/Research/research-javascript-test-smells/repositories/nock/tests/got/test_request_overrider.js,Sleepy Test,"{'line': 656, 'column': 6, 'index': 17058}","  654 |       socket.destroy().destroy().destroy()
  655 |
> 656 |       setTimeout(() => {
      |      ^ Sleepy Test
  657 |         expect(closeSpy).to.have.been.calledOnce()
  658 |         done()
  659 |       }, 10)"
/home/gabriel/Disk/Research/research-javascript-test-smells/repositories/nock/tests/got/test_request_overrider.js,Unknown Test,"{'column': 2, 'line': 47}","  45 |   })
  46 |
> 47 |   it('emits the response event', done => {
     |  ^ Unknown Test
  48 |     const scope = nock('http://example.test').get('/').reply()
  49 |
  50 |     const req = http.get('http://example.test')"
/home/gabriel/Disk/Research/research-javascript-test-smells/repositories/nock/tests/got/test_request_overrider.js,Unknown Test,"{'column': 2, 'line': 239}","  237 |   })
  238 |
> 239 |   it('request.end called with only data and encoding', done => {
      |  ^ Unknown Test
  240 |     const scope = nock('http://example.test').post('/', 'foobar').reply()
  241 |
  242 |     const req = http.request("
/home/gabriel/Disk/Research/research-javascript-test-smells/repositories/nock/tests/got/test_request_overrider.js,Unknown Test,"{'column': 2, 'line': 286}","  284 |
  285 |   // https://github.com/nock/nock/issues/2112
> 286 |   it('request.end can be called multiple times without a chunk and not error', done => {
      |  ^ Unknown Test
  287 |     const scope = nock('http://example.test').get('/').reply()
  288 |
  289 |     const req = http.request("
/home/gabriel/Disk/Research/research-javascript-test-smells/repositories/nock/tests/got/test_request_overrider.js,Unknown Test,"{'column': 2, 'line': 602}","  600 |   })
  601 |
> 602 |   it('socket has setKeepAlive() method', done => {
      |  ^ Unknown Test
  603 |     nock('http://example.test').get('/').reply(200, 'hey')
  604 |
  605 |     const req = http.get('http://example.test')"
/home/gabriel/Disk/Research/research-javascript-test-smells/repositories/nock/tests/got/test_request_overrider.js,Unknown Test,"{'column': 2, 'line': 612}","  610 |   })
  611 |
> 612 |   it('socket has write() method', done => {
      |  ^ Unknown Test
  613 |     nock('http://example.test').get('/').reply(200, 'hey')
  614 |
  615 |     const req = http.get('http://example.test')"
/home/gabriel/Disk/Research/research-javascript-test-smells/repositories/nock/tests/got/test_request_overrider.js,Unknown Test,"{'column': 2, 'line': 634}","  632 |   })
  633 |
> 634 |   it('socket has destroy() method', done => {
      |  ^ Unknown Test
  635 |     nock('http://example.test').get('/').reply(200, 'hey')
  636 |
  637 |     const req = http.get('http://example.test')"
/home/gabriel/Disk/Research/research-javascript-test-smells/repositories/nock/tests/got/test_reply_headers.js,Conditional Test Logic,"{'line': 420, 'column': 6, 'index': 11822}","  418 |     })
  419 |     afterEach(() => {
> 420 |       if (clock) {
      |      ^ Conditional Test Logic
  421 |         clock.uninstall()
  422 |         clock = undefined
  423 |       }"
/home/gabriel/Disk/Research/research-javascript-test-smells/repositories/nock/tests/got/test_reply_headers.js,Duplicate Assert,"{'line': 329, 'column': 6, 'index': 9355}","  327 |       expect(rawHeaders).to.deep.equal(['X-My-Headers', '1'])
  328 |
> 329 |       expect(counter).to.equal(1)
      |      ^ Duplicate Assert
  330 |
  331 |       const { headers: headers2, rawHeaders: rawHeaders2 } = await got(
  332 |         'http://example.test/',"
/home/gabriel/Disk/Research/research-javascript-test-smells/repositories/nock/tests/got/test_reply_headers.js,Duplicate Assert,"{'line': 337, 'column': 6, 'index': 9628}","  335 |       expect(rawHeaders2).to.deep.equal(['X-My-Headers', '2'])
  336 |
> 337 |       expect(counter).to.equal(2)
      |      ^ Duplicate Assert
  338 |
  339 |       scope.done()
  340 |     })"
/home/gabriel/Disk/Research/research-javascript-test-smells/repositories/nock/tests/got/test_reply_function_sync.js,Duplicate Assert,"{'line': 95, 'column': 6, 'index': 2876}","  93 |         })
  94 |
> 95 |       expect(onReply).not.to.have.been.called()
     |      ^ Duplicate Assert
  96 |       await got('http://example.test/')
  97 |       expect(onReply).to.have.been.calledOnce()
  98 |"
/home/gabriel/Disk/Research/research-javascript-test-smells/repositories/nock/tests/got/test_reply_function_sync.js,Duplicate Assert,"{'line': 97, 'column': 6, 'index': 2964}","   95 |       expect(onReply).not.to.have.been.called()
   96 |       await got('http://example.test/')
>  97 |       expect(onReply).to.have.been.calledOnce()
      |      ^ Duplicate Assert
   98 |
   99 |       scope.done()
  100 |     })"
/home/gabriel/Disk/Research/research-javascript-test-smells/repositories/nock/tests/got/test_reply_function_async.js,Exception Handling,"{'line': 164, 'column': 10, 'index': 5150}","  162 |         .get('/')
  163 |         .reply(201, async () => {
> 164 |           throw Error('oh no!')
      |          ^ Exception Handling
  165 |         })
  166 |
  167 |       await assertRejects(got('http://example.test'), /oh no!/)"
/home/gabriel/Disk/Research/research-javascript-test-smells/repositories/nock/tests/got/test_reply_function_async.js,Exception Handling,"{'line': 174, 'column': 10, 'index': 5452}","  172 |         .get('/')
  173 |         .reply(async () => {
> 174 |           throw Error('oh no!')
      |          ^ Exception Handling
  175 |         })
  176 |
  177 |       await assertRejects(got('http://example.test'), /oh no!/)"
/home/gabriel/Disk/Research/research-javascript-test-smells/repositories/nock/tests/got/test_reply_function_async.js,Sleepy Test,"{'line': 37, 'column': 10, 'index': 1172}","  35 |         .get('/')
  36 |         .reply((path, requestBody, callback) => {
> 37 |           setTimeout(
     |          ^ Sleepy Test
  38 |             () =>
  39 |               callback(null, [
  40 |                 202,"
/home/gabriel/Disk/Research/research-javascript-test-smells/repositories/nock/tests/got/test_reply_function_async.js,Sleepy Test,"{'line': 69, 'column': 10, 'index': 2222}","  67 |             'user-agent': 'got (https://github.com/sindresorhus/got)',
  68 |           })
> 69 |           setTimeout(function () {
     |          ^ Sleepy Test
  70 |             cb(null, 'foobar')
  71 |           }, 1e3)
  72 |         })"
/home/gabriel/Disk/Research/research-javascript-test-smells/repositories/nock/tests/got/test_reply_function_async.js,Unknown Test,"{'column': 4, 'line': 87}","  85 |     })
  86 |
> 87 |     it('reply should throw on error on the callback', async () => {
     |    ^ Unknown Test
  88 |       nock('http://example.test')
  89 |         .get('/')
  90 |         .reply(500, (path, requestBody, callback) =>"
/home/gabriel/Disk/Research/research-javascript-test-smells/repositories/nock/tests/got/test_reply_function_async.js,Unknown Test,"{'column': 4, 'line': 97}","   95 |     })
   96 |
>  97 |     it('an error passed to the callback propagates when [err, fullResponseArray] is expected', async () => {
      |    ^ Unknown Test
   98 |       nock('http://example.test')
   99 |         .get('/')
  100 |         .reply((path, requestBody, callback) => {"
/home/gabriel/Disk/Research/research-javascript-test-smells/repositories/nock/tests/got/test_reply_function_async.js,Unknown Test,"{'column': 4, 'line': 160}","  158 |     })
  159 |
> 160 |     it('when reply is called with a status code and an async function that throws, it propagates the error', async () => {
      |    ^ Unknown Test
  161 |       nock('http://example.test')
  162 |         .get('/')
  163 |         .reply(201, async () => {"
/home/gabriel/Disk/Research/research-javascript-test-smells/repositories/nock/tests/got/test_reply_function_async.js,Unknown Test,"{'column': 4, 'line': 170}","  168 |     })
  169 |
> 170 |     it('when reply is called with an async function that throws, it propagates the error', async () => {
      |    ^ Unknown Test
  171 |       nock('http://example.test')
  172 |         .get('/')
  173 |         .reply(async () => {"
/home/gabriel/Disk/Research/research-javascript-test-smells/repositories/nock/tests/got/test_reply_body.js,Duplicate Assert,"{'line': 17, 'column': 4, 'index': 492}","  15 |
  16 |     expect(statusCode).to.equal(200)
> 17 |     expect(headers).not.to.have.property('date')
     |    ^ Duplicate Assert
  18 |     expect(headers).not.to.have.property('content-length')
  19 |     expect(headers).to.include({ 'content-type': 'application/json' })
  20 |     expect(body).to.be.a('string').and.equal(JSON.stringify(responseBody))"
/home/gabriel/Disk/Research/research-javascript-test-smells/repositories/nock/tests/got/test_reply_body.js,Duplicate Assert,"{'line': 18, 'column': 4, 'index': 541}","  16 |     expect(statusCode).to.equal(200)
  17 |     expect(headers).not.to.have.property('date')
> 18 |     expect(headers).not.to.have.property('content-length')
     |    ^ Duplicate Assert
  19 |     expect(headers).to.include({ 'content-type': 'application/json' })
  20 |     expect(body).to.be.a('string').and.equal(JSON.stringify(responseBody))
  21 |     scope.done()"
/home/gabriel/Disk/Research/research-javascript-test-smells/repositories/nock/tests/got/test_reply_body.js,Duplicate Assert,"{'line': 19, 'column': 4, 'index': 600}","  17 |     expect(headers).not.to.have.property('date')
  18 |     expect(headers).not.to.have.property('content-length')
> 19 |     expect(headers).to.include({ 'content-type': 'application/json' })
     |    ^ Duplicate Assert
  20 |     expect(body).to.be.a('string').and.equal(JSON.stringify(responseBody))
  21 |     scope.done()
  22 |   })"
/home/gabriel/Disk/Research/research-javascript-test-smells/repositories/nock/tests/got/test_reply_body.js,Duplicate Assert,"{'line': 31, 'column': 4, 'index': 1053}","  29 |
  30 |     expect(statusCode).to.equal(200)
> 31 |     expect(headers).not.to.have.property('date')
     |    ^ Duplicate Assert
  32 |     expect(headers).not.to.have.property('content-length')
  33 |     expect(headers).to.include({ 'content-type': 'application/json' })
  34 |     expect(body).to.be.a('string').and.equal(JSON.stringify(responseBody))"
/home/gabriel/Disk/Research/research-javascript-test-smells/repositories/nock/tests/got/test_reply_body.js,Duplicate Assert,"{'line': 32, 'column': 4, 'index': 1102}","  30 |     expect(statusCode).to.equal(200)
  31 |     expect(headers).not.to.have.property('date')
> 32 |     expect(headers).not.to.have.property('content-length')
     |    ^ Duplicate Assert
  33 |     expect(headers).to.include({ 'content-type': 'application/json' })
  34 |     expect(body).to.be.a('string').and.equal(JSON.stringify(responseBody))
  35 |     scope.done()"
/home/gabriel/Disk/Research/research-javascript-test-smells/repositories/nock/tests/got/test_reply_body.js,Duplicate Assert,"{'line': 33, 'column': 4, 'index': 1161}","  31 |     expect(headers).not.to.have.property('date')
  32 |     expect(headers).not.to.have.property('content-length')
> 33 |     expect(headers).to.include({ 'content-type': 'application/json' })
     |    ^ Duplicate Assert
  34 |     expect(body).to.be.a('string').and.equal(JSON.stringify(responseBody))
  35 |     scope.done()
  36 |   })"
/home/gabriel/Disk/Research/research-javascript-test-smells/repositories/nock/tests/got/test_reply_body.js,Exception Handling,"{'line': 100, 'column': 8, 'index': 3293}","   98 |     const unencodableObject = {
   99 |       toJSON() {
> 100 |         throw Error('bad!')
      |        ^ Exception Handling
  101 |       },
  102 |     }
  103 |"
/home/gabriel/Disk/Research/research-javascript-test-smells/repositories/nock/tests/got/test_repeating.js,Conditional Test Logic,"{'line': 33, 'column': 4, 'index': 756}","  31 |
  32 |     // eslint-disable-next-line no-unused-vars
> 33 |     for (const _ of Array(2)) {
     |    ^ Conditional Test Logic
  34 |       const { statusCode } = await got('http://example.test/')
  35 |       expect(statusCode).to.equal(200)
  36 |     }"
/home/gabriel/Disk/Research/research-javascript-test-smells/repositories/nock/tests/got/test_repeating.js,Conditional Test Logic,"{'line': 53, 'column': 4, 'index': 1216}","  51 |
  52 |     // eslint-disable-next-line no-unused-vars
> 53 |     for (const _ of Array(3)) {
     |    ^ Conditional Test Logic
  54 |       const { statusCode } = await got('http://example.test/')
  55 |       expect(statusCode).to.equal(200)
  56 |     }"
/home/gabriel/Disk/Research/research-javascript-test-smells/repositories/nock/tests/got/test_repeating.js,Conditional Test Logic,"{'line': 74, 'column': 6, 'index': 1729}","  72 |
  73 |       // eslint-disable-next-line no-unused-vars
> 74 |       for (const _ of Array(4)) {
     |      ^ Conditional Test Logic
  75 |         const { statusCode } = await got('http://example.test/')
  76 |         expect(statusCode).to.equal(200)
  77 |       }"
/home/gabriel/Disk/Research/research-javascript-test-smells/repositories/nock/tests/got/test_repeating.js,Conditional Test Logic,"{'line': 109, 'column': 4, 'index': 2618}","  107 |
  108 |     // eslint-disable-next-line no-unused-vars
> 109 |     for (const _ of Array(2)) {
      |    ^ Conditional Test Logic
  110 |       expect(scope.isDone()).to.be.false()
  111 |       await got('http://example.test/')
  112 |     }"
/home/gabriel/Disk/Research/research-javascript-test-smells/repositories/nock/tests/got/test_repeating.js,Duplicate Assert,"{'line': 110, 'column': 6, 'index': 2652}","  108 |     // eslint-disable-next-line no-unused-vars
  109 |     for (const _ of Array(2)) {
> 110 |       expect(scope.isDone()).to.be.false()
      |      ^ Duplicate Assert
  111 |       await got('http://example.test/')
  112 |     }
  113 |     expect(scope.isDone()).to.be.true()"
/home/gabriel/Disk/Research/research-javascript-test-smells/repositories/nock/tests/got/test_repeating.js,Duplicate Assert,"{'line': 113, 'column': 4, 'index': 2739}","  111 |       await got('http://example.test/')
  112 |     }
> 113 |     expect(scope.isDone()).to.be.true()
      |    ^ Duplicate Assert
  114 |   })
  115 | })
  116 |"
/home/gabriel/Disk/Research/research-javascript-test-smells/repositories/nock/tests/got/test_remove_interceptor.js,Duplicate Assert,"{'line': 30, 'column': 6, 'index': 981}","  28 |       const scope = givenInterceptor.reply(200, 'hey')
  29 |
> 30 |       expect(scope.pendingMocks()).to.deep.equal([
     |      ^ Duplicate Assert
  31 |         'GET http://example.test:80/somepath',
  32 |       ])
  33 |"
/home/gabriel/Disk/Research/research-javascript-test-smells/repositories/nock/tests/got/test_remove_interceptor.js,Duplicate Assert,"{'line': 36, 'column': 6, 'index': 1158}","  34 |       expect(nock.removeInterceptor(givenInterceptor)).to.be.true()
  35 |
> 36 |       expect(scope.pendingMocks()).to.deep.equal([])
     |      ^ Duplicate Assert
  37 |     })
  38 |
  39 |     it('removes given interceptor for https', async () => {"
/home/gabriel/Disk/Research/research-javascript-test-smells/repositories/nock/tests/got/test_remove_interceptor.js,Duplicate Assert,"{'line': 120, 'column': 6, 'index': 3615}","  118 |         .get('/somepath')
  119 |         .reply(200, 'hey')
> 120 |       expect(scope.pendingMocks()).to.deep.equal([
      |      ^ Duplicate Assert
  121 |         'GET https://example.test:443/somepath',
  122 |       ])
  123 |"
/home/gabriel/Disk/Research/research-javascript-test-smells/repositories/nock/tests/got/test_remove_interceptor.js,Duplicate Assert,"{'line': 132, 'column': 6, 'index': 3897}","  130 |       ).to.be.true()
  131 |
> 132 |       expect(scope.pendingMocks()).to.deep.equal([])
      |      ^ Duplicate Assert
  133 |     })
  134 |
  135 |     it('can match a request with a method', () => {"
/home/gabriel/Disk/Research/research-javascript-test-smells/repositories/nock/tests/got/test_remove_interceptor.js,Duplicate Assert,"{'line': 139, 'column': 6, 'index': 4112}","  137 |         .post('/somepath')
  138 |         .reply(200, 'hey')
> 139 |       expect(scope.pendingMocks()).to.deep.equal([
      |      ^ Duplicate Assert
  140 |         'POST http://example.test:80/somepath',
  141 |       ])
  142 |"
/home/gabriel/Disk/Research/research-javascript-test-smells/repositories/nock/tests/got/test_remove_interceptor.js,Duplicate Assert,"{'line': 151, 'column': 6, 'index': 4393}","  149 |       ).to.be.true()
  150 |
> 151 |       expect(scope.pendingMocks()).to.deep.equal([])
      |      ^ Duplicate Assert
  152 |     })
  153 |
  154 |     it('can match the default path `/` when no path is specified', () => {"
/home/gabriel/Disk/Research/research-javascript-test-smells/repositories/nock/tests/got/test_remove_interceptor.js,Duplicate Assert,"{'line': 156, 'column': 6, 'index': 4604}","  154 |     it('can match the default path `/` when no path is specified', () => {
  155 |       const scope = nock('http://example.test').get('/').reply(200, 'hey')
> 156 |       expect(scope.pendingMocks()).to.deep.equal([
      |      ^ Duplicate Assert
  157 |         'GET http://example.test:80/',
  158 |       ])
  159 |"
/home/gabriel/Disk/Research/research-javascript-test-smells/repositories/nock/tests/got/test_remove_interceptor.js,Duplicate Assert,"{'line': 166, 'column': 6, 'index': 4821}","  164 |       ).to.be.true()
  165 |
> 166 |       expect(scope.pendingMocks()).to.deep.equal([])
      |      ^ Duplicate Assert
  167 |     })
  168 |
  169 |     it('only removes interceptors whose path matches', () => {"
/home/gabriel/Disk/Research/research-javascript-test-smells/repositories/nock/tests/got/test_remove_interceptor.js,Duplicate Assert,"{'line': 177, 'column': 6, 'index': 5153}","  175 |         .reply(200, 'hey')
  176 |
> 177 |       expect(scope1.pendingMocks()).to.deep.equal([
      |      ^ Duplicate Assert
  178 |         'GET http://example.test:80/somepath',
  179 |       ])
  180 |       expect(scope2.pendingMocks()).to.deep.equal(["
/home/gabriel/Disk/Research/research-javascript-test-smells/repositories/nock/tests/got/test_remove_interceptor.js,Duplicate Assert,"{'line': 180, 'column': 6, 'index': 5261}","  178 |         'GET http://example.test:80/somepath',
  179 |       ])
> 180 |       expect(scope2.pendingMocks()).to.deep.equal([
      |      ^ Duplicate Assert
  181 |         'GET http://example.test:80/anotherpath',
  182 |       ])
  183 |"
/home/gabriel/Disk/Research/research-javascript-test-smells/repositories/nock/tests/got/test_remove_interceptor.js,Duplicate Assert,"{'line': 191, 'column': 6, 'index': 5522}","  189 |       ).to.be.true()
  190 |
> 191 |       expect(scope1.pendingMocks()).to.deep.equal([
      |      ^ Duplicate Assert
  192 |         'GET http://example.test:80/somepath',
  193 |       ])
  194 |       expect(scope2.pendingMocks()).to.deep.equal([])"
/home/gabriel/Disk/Research/research-javascript-test-smells/repositories/nock/tests/got/test_remove_interceptor.js,Duplicate Assert,"{'line': 194, 'column': 6, 'index': 5630}","  192 |         'GET http://example.test:80/somepath',
  193 |       ])
> 194 |       expect(scope2.pendingMocks()).to.deep.equal([])
      |      ^ Duplicate Assert
  195 |     })
  196 |   })
  197 | })"
/home/gabriel/Disk/Research/research-javascript-test-smells/repositories/nock/tests/got/test_recorder.js,Conditional Test Logic,"{'line': 21, 'column': 4, 'index': 534}","  19 |   afterEach(() => {
  20 |     let leaks = Object.keys(global).splice(globalCount, Number.MAX_VALUE)
> 21 |     if (leaks.length === 1 && leaks[0] === '_key') {
     |    ^ Conditional Test Logic
  22 |       leaks = []
  23 |     }
  24 |     expect(leaks).to.be.empty()"
/home/gabriel/Disk/Research/research-javascript-test-smells/repositories/nock/tests/got/test_recorder.js,Conditional Test Logic,"{'line': 254, 'column': 6, 'index': 7095}","  252 |
  253 |     const { origin } = await servers.startHttpServer((request, response) => {
> 254 |       switch (require('url').parse(request.url).pathname) {
      |      ^ Conditional Test Logic
  255 |         case '/':
  256 |           response.writeHead(302, { Location: '/abc' })
  257 |           break"
/home/gabriel/Disk/Research/research-javascript-test-smells/repositories/nock/tests/got/test_recorder.js,Conditional Test Logic,"{'line': 718, 'column': 6, 'index': 19302}","  716 |
  717 |     const { origin } = await servers.startHttpServer((request, response) => {
> 718 |       switch (require('url').parse(request.url).pathname) {
      |      ^ Conditional Test Logic
  719 |         case '/':
  720 |           response.writeHead(302, { Location: '/abc' })
  721 |           break"
/home/gabriel/Disk/Research/research-javascript-test-smells/repositories/nock/tests/got/test_recorder.js,Conditional Test Logic,"{'line': 1029, 'column': 14, 'index': 27361}","  1027 |               ++readableCount
  1028 |               let chunk
> 1029 |               while ((chunk = res.read()) !== null) {
       |              ^ Conditional Test Logic
  1030 |                 expect(chunk.toString()).to.equal(responseBody)
  1031 |                 ++chunkCount
  1032 |               }"
/home/gabriel/Disk/Research/research-javascript-test-smells/repositories/nock/tests/got/test_recorder.js,Duplicate Assert,"{'line': 77, 'column': 4, 'index': 2318}","  75 |     //  We ensure that there are no overrides.
  76 |     nock.restore()
> 77 |     expect(nock.isActive()).to.be.false()
     |    ^ Duplicate Assert
  78 |     //  We active the nock overriding - as it's done by merely loading nock.
  79 |     nock.activate()
  80 |     expect(nock.isActive()).to.be.true()"
/home/gabriel/Disk/Research/research-javascript-test-smells/repositories/nock/tests/got/test_recorder.js,Duplicate Assert,"{'line': 80, 'column': 4, 'index': 2457}","  78 |     //  We active the nock overriding - as it's done by merely loading nock.
  79 |     nock.activate()
> 80 |     expect(nock.isActive()).to.be.true()
     |    ^ Duplicate Assert
  81 |     //  We start recording.
  82 |     nock.recorder.rec()
  83 |     //  Nothing happens (nothing has been thrown) - which was the original behavior -"
/home/gabriel/Disk/Research/research-javascript-test-smells/repositories/nock/tests/got/test_recorder.js,Duplicate Assert,"{'line': 85, 'column': 4, 'index': 2678}","  83 |     //  Nothing happens (nothing has been thrown) - which was the original behavior -
  84 |     //  and mocking has been deactivated.
> 85 |     expect(nock.isActive()).to.be.false()
     |    ^ Duplicate Assert
  86 |   })
  87 |
  88 |   it('records', async () => {"
/home/gabriel/Disk/Research/research-javascript-test-smells/repositories/nock/tests/got/test_recorder.js,Duplicate Assert,"{'line': 1237, 'column': 10, 'index': 32805}","  1235 |
  1236 |         response.on('end', async () => {
> 1237 |           expect(Buffer.concat(data).toString('hex')).to.equal(
       |          ^ Duplicate Assert
  1238 |             transparentGifHex,
  1239 |           )
  1240 |"
/home/gabriel/Disk/Research/research-javascript-test-smells/repositories/nock/tests/got/test_recorder.js,Duplicate Assert,"{'line': 1260, 'column': 16, 'index': 33466}","  1258 |
  1259 |               response.on('end', () => {
> 1260 |                 expect(Buffer.concat(data).toString('hex')).to.equal(
       |                ^ Duplicate Assert
  1261 |                   transparentGifHex,
  1262 |                 )
  1263 |                 done()"
/home/gabriel/Disk/Research/research-javascript-test-smells/repositories/nock/tests/got/test_recorder.js,Ignored Test,"{'line': 29, 'column': 5, 'index': 885}","  27 |   // The problem is that after the migration to ""@mswjs/interceptors"" the request is no longer synchronous, which is Node compatible behavior.
  28 |   // so in the test we initiate a new recording session because we record the first request.
> 29 |   it.skip('does not record requests from previous sessions', async () => {
     |     ^ Ignored Test
  30 |     const { origin } = await servers.startHttpServer()
  31 |
  32 |     nock.restore()"
/home/gabriel/Disk/Research/research-javascript-test-smells/repositories/nock/tests/got/test_recorder.js,Sleepy Test,"{'line': 1153, 'column': 6, 'index': 30722}","  1151 |     const requestListener = (req, res) => {
  1152 |       res.write('foo')
> 1153 |       setTimeout(() => {
       |      ^ Sleepy Test
  1154 |         res.end('bar')
  1155 |       }, 25)
  1156 |     }"
/home/gabriel/Disk/Research/research-javascript-test-smells/repositories/nock/tests/got/test_recorder.js,Sleepy Test,"{'line': 1175, 'column': 10, 'index': 31177}","  1173 |           let buffer = Buffer.from('')
  1174 |
> 1175 |           setTimeout(() => {
       |          ^ Sleepy Test
  1176 |             res
  1177 |               .on('data', data => {
  1178 |                 buffer = Buffer.concat([buffer, data])"
/home/gabriel/Disk/Research/research-javascript-test-smells/repositories/nock/tests/got/test_recorder.js,Unknown Test,"{'column': 2, 'line': 1279}","  1277 |
  1278 |   // https://github.com/nock/nock/issues/2086
> 1279 |   it('should not resume the response stream', done => {
       |  ^ Unknown Test
  1280 |     nock.recorder.rec(true)
  1281 |
  1282 |     servers.startHttpServer().then(({ origin }) => {"
/home/gabriel/Disk/Research/research-javascript-test-smells/repositories/nock/tests/got/test_query_complex.js,Unknown Test,"{'column': 2, 'line': 7}","   5 |
   6 | describe('`query()` complex encoding', () => {
>  7 |   it('query with array', async () => {
     |  ^ Unknown Test
   8 |     // In Node 10.x this can be updated:
   9 |     // const exampleQuery = new URLSearchParams([
  10 |     //   ['list', 123],"
/home/gabriel/Disk/Research/research-javascript-test-smells/repositories/nock/tests/got/test_query_complex.js,Unknown Test,"{'column': 2, 'line': 30}","  28 |   // the `qs` library. These are not standard, although they are compatible with
  29 |   // the `qs` option to `request`.
> 30 |   it('query with array which contains unencoded value', async () => {
     |  ^ Unknown Test
  31 |     const expectedQuery = {
  32 |       list: ['hello%20world', '2hello%20world', 3],
  33 |       a: 'b',"
/home/gabriel/Disk/Research/research-javascript-test-smells/repositories/nock/tests/got/test_query_complex.js,Unknown Test,"{'column': 2, 'line': 47}","  45 |   })
  46 |
> 47 |   it('query with array which contains pre-encoded values ', async () => {
     |  ^ Unknown Test
  48 |     const expectedQuery = { list: ['hello%20world', '2hello%20world'] }
  49 |     const queryString = 'list%5B0%5D=hello%20world&list%5B1%5D=2hello%20world'
  50 |"
/home/gabriel/Disk/Research/research-javascript-test-smells/repositories/nock/tests/got/test_query_complex.js,Unknown Test,"{'column': 2, 'line': 60}","  58 |   })
  59 |
> 60 |   it('query with object', async () => {
     |  ^ Unknown Test
  61 |     const expectedQuery = {
  62 |       a: {
  63 |         b: ['c', 'd'],"
/home/gabriel/Disk/Research/research-javascript-test-smells/repositories/nock/tests/got/test_query_complex.js,Unknown Test,"{'column': 2, 'line': 80}","  78 |   })
  79 |
> 80 |   it('query with object which contains unencoded value', async () => {
     |  ^ Unknown Test
  81 |     const exampleQuery = {
  82 |       a: {
  83 |         b: 'hello%20world',"
/home/gabriel/Disk/Research/research-javascript-test-smells/repositories/nock/tests/got/test_query_complex.js,Unknown Test,"{'column': 2, 'line': 97}","   95 |   })
   96 |
>  97 |   it('query with object which contains pre-encoded values', async () => {
      |  ^ Unknown Test
   98 |     const queryString = 'a%5Bb%5D=hello%20world'
   99 |     const exampleQuery = {
  100 |       a: {"
/home/gabriel/Disk/Research/research-javascript-test-smells/repositories/nock/tests/got/test_query_complex.js,Unknown Test,"{'column': 2, 'line': 114}","  112 |   })
  113 |
> 114 |   it('query with array and regexp', async () => {
      |  ^ Unknown Test
  115 |     // In Node 10.x this can be updated:
  116 |     // const exampleQuery = new URLSearchParams([
  117 |     //   ['list', 123],"
/home/gabriel/Disk/Research/research-javascript-test-smells/repositories/nock/tests/got/test_query.js,Unknown Test,"{'column': 4, 'line': 189}","  187 |     })
  188 |
> 189 |     it('will not match when a query string does not match name=value', async () => {
      |    ^ Unknown Test
  190 |       nock('http://example.test').get('/').query({ foo: 'bar' }).reply()
  191 |
  192 |       await assertRejects("
/home/gabriel/Disk/Research/research-javascript-test-smells/repositories/nock/tests/got/test_query.js,Unknown Test,"{'column': 4, 'line': 198}","  196 |     })
  197 |
> 198 |     it('will not match when a query string is present that was not registered', async () => {
      |    ^ Unknown Test
  199 |       nock('http://example.test').get('/').query({ foo: 'bar' }).reply()
  200 |
  201 |       await assertRejects("
/home/gabriel/Disk/Research/research-javascript-test-smells/repositories/nock/tests/got/test_query.js,Unknown Test,"{'column': 4, 'line': 207}","  205 |     })
  206 |
> 207 |     it('will not match when a query string is malformed', async () => {
      |    ^ Unknown Test
  208 |       // This is a valid query string so it's not really malformed, just not
  209 |       // matching. Should this test be removed?
  210 |       nock('http://example.test').get('/').query({ foo: 'bar' }).reply()"
/home/gabriel/Disk/Research/research-javascript-test-smells/repositories/nock/tests/got/test_query.js,Unknown Test,"{'column': 4, 'line': 218}","  216 |     })
  217 |
> 218 |     it('will not match when a query string has fewer correct values than expected', async () => {
      |    ^ Unknown Test
  219 |       nock('http://example.test')
  220 |         .get('/')
  221 |         .query({"
/home/gabriel/Disk/Research/research-javascript-test-smells/repositories/nock/tests/got/test_query.js,Unknown Test,"{'column': 4, 'line': 235}","  233 |     })
  234 |
> 235 |     it('query matching should not consider request arrays equal to comma-separated expectations', async () => {
      |    ^ Unknown Test
  236 |       nock('http://example.test').get('/').query({ foo: 'bar,baz' }).reply()
  237 |
  238 |       await assertRejects("
/home/gabriel/Disk/Research/research-javascript-test-smells/repositories/nock/tests/got/test_query.js,Unknown Test,"{'column': 4, 'line': 244}","  242 |     })
  243 |
> 244 |     it('query matching should not consider comma-separated requests equal to array expectations', async () => {
      |    ^ Unknown Test
  245 |       nock('http://example.test')
  246 |         .get('/')
  247 |         .query({ foo: ['bar', 'baz'] })"
/home/gabriel/Disk/Research/research-javascript-test-smells/repositories/nock/tests/got/test_query.js,Unknown Test,"{'column': 4, 'line': 328}","  326 |     })
  327 |
> 328 |     it('function return false the query treat as un-matched', async () => {
      |    ^ Unknown Test
  329 |       nock('http://example.test')
  330 |         .get('/')
  331 |         .query(() => false)"
/home/gabriel/Disk/Research/research-javascript-test-smells/repositories/nock/tests/got/test_persist_optionally.js,Conditional Test Logic,"{'line': 177, 'column': 4, 'index': 4985}","  175 |       .reply(200, 'Yay!')
  176 |
> 177 |     for (let i = 0; i < 2; ++i) {
      |    ^ Conditional Test Logic
  178 |       const { statusCode, body } = await got('http://example.test/')
  179 |       expect(statusCode).to.equal(200)
  180 |       expect(body).to.equal('Hello from the file!')"
/home/gabriel/Disk/Research/research-javascript-test-smells/repositories/nock/tests/got/test_persist_optionally.js,Duplicate Assert,"{'line': 70, 'column': 6, 'index': 2092}","  68 |         .persist()
  69 |
> 70 |       expect(nock.pendingMocks()).to.be.empty()
     |      ^ Duplicate Assert
  71 |
  72 |       const response1 = await got('http://example.test/')
  73 |       expect(response1.statusCode).to.equal(200)"
/home/gabriel/Disk/Research/research-javascript-test-smells/repositories/nock/tests/got/test_persist_optionally.js,Duplicate Assert,"{'line': 75, 'column': 6, 'index': 2249}","  73 |       expect(response1.statusCode).to.equal(200)
  74 |
> 75 |       expect(nock.pendingMocks()).to.be.empty()
     |      ^ Duplicate Assert
  76 |
  77 |       const response2 = await got('http://example.test/')
  78 |       expect(response2.statusCode).to.equal(200)"
/home/gabriel/Disk/Research/research-javascript-test-smells/repositories/nock/tests/got/test_persist_optionally.js,Duplicate Assert,"{'line': 79, 'column': 6, 'index': 2405}","  77 |       const response2 = await got('http://example.test/')
  78 |       expect(response2.statusCode).to.equal(200)
> 79 |       expect(nock.pendingMocks()).to.be.empty()
     |      ^ Duplicate Assert
  80 |
  81 |       scope.done()
  82 |     })"
/home/gabriel/Disk/Research/research-javascript-test-smells/repositories/nock/tests/got/test_persist_optionally.js,Duplicate Assert,"{'line': 89, 'column': 6, 'index': 2687}","  87 |
  88 |     http.get({ host: 'example.test', path: '/456' }, res => {
> 89 |       expect(res.statusCode).to.equal(200)
     |      ^ Duplicate Assert
  90 |       http.get({ host: 'example.test', path: '/456' }, res => {
  91 |         expect(res.statusCode).to.equal(200)
  92 |         done()"
/home/gabriel/Disk/Research/research-javascript-test-smells/repositories/nock/tests/got/test_persist_optionally.js,Duplicate Assert,"{'line': 91, 'column': 8, 'index': 2796}","  89 |       expect(res.statusCode).to.equal(200)
  90 |       http.get({ host: 'example.test', path: '/456' }, res => {
> 91 |         expect(res.statusCode).to.equal(200)
     |        ^ Duplicate Assert
  92 |         done()
  93 |       })
  94 |     })"
/home/gabriel/Disk/Research/research-javascript-test-smells/repositories/nock/tests/got/test_persist_optionally.js,Duplicate Assert,"{'line': 100, 'column': 4, 'index': 3034}","   98 |     nock('http://example.test').get('/optional').optionally().reply(200)
   99 |
> 100 |     expect(nock.activeMocks()).to.deep.equal([
      |    ^ Duplicate Assert
  101 |       'GET http://example.test:80/optional',
  102 |     ])
  103 |     http.get({ host: 'example.test', path: '/optional' }, res => {"
/home/gabriel/Disk/Research/research-javascript-test-smells/repositories/nock/tests/got/test_persist_optionally.js,Duplicate Assert,"{'line': 104, 'column': 6, 'index': 3202}","  102 |     ])
  103 |     http.get({ host: 'example.test', path: '/optional' }, res => {
> 104 |       expect(nock.activeMocks()).to.be.empty()
      |      ^ Duplicate Assert
  105 |       done()
  106 |     })
  107 |   })"
/home/gabriel/Disk/Research/research-javascript-test-smells/repositories/nock/tests/got/test_persist_optionally.js,Duplicate Assert,"{'line': 117, 'column': 4, 'index': 3505}","  115 |       .persist()
  116 |
> 117 |     expect(nock.activeMocks()).to.deep.equal([
      |    ^ Duplicate Assert
  118 |       'GET http://example.test:80/persisted',
  119 |     ])
  120 |"
/home/gabriel/Disk/Research/research-javascript-test-smells/repositories/nock/tests/got/test_persist_optionally.js,Duplicate Assert,"{'line': 123, 'column': 4, 'index': 3654}","  121 |     await got('http://example.test/persisted')
  122 |
> 123 |     expect(nock.activeMocks()).to.deep.equal([
      |    ^ Duplicate Assert
  124 |       'GET http://example.test:80/persisted',
  125 |     ])
  126 |"
/home/gabriel/Disk/Research/research-javascript-test-smells/repositories/nock/tests/got/test_persist_optionally.js,Duplicate Assert,"{'line': 136, 'column': 4, 'index': 3957}","  134 |       .reply(200, 'Persisting all the way')
  135 |
> 136 |     expect(scope.isDone()).to.be.false()
      |    ^ Duplicate Assert
  137 |
  138 |     await got('http://example.test/')
  139 |"
/home/gabriel/Disk/Research/research-javascript-test-smells/repositories/nock/tests/got/test_persist_optionally.js,Duplicate Assert,"{'line': 140, 'column': 4, 'index': 4038}","  138 |     await got('http://example.test/')
  139 |
> 140 |     expect(scope.isDone()).to.be.true()
      |    ^ Duplicate Assert
  141 |
  142 |     await got('http://example.test/')
  143 |"
/home/gabriel/Disk/Research/research-javascript-test-smells/repositories/nock/tests/got/test_persist_optionally.js,Duplicate Assert,"{'line': 144, 'column': 4, 'index': 4118}","  142 |     await got('http://example.test/')
  143 |
> 144 |     expect(scope.isDone()).to.be.true()
      |    ^ Duplicate Assert
  145 |   })
  146 |
  147 |   it('persisted mocks appear in `pendingMocks()`', async () => {"
/home/gabriel/Disk/Research/research-javascript-test-smells/repositories/nock/tests/got/test_persist_optionally.js,Duplicate Assert,"{'line': 190, 'column': 4, 'index': 5386}","  188 |       .reply(200, 'Persisting all the way')
  189 |
> 190 |     expect(scope.isDone()).to.be.false()
      |    ^ Duplicate Assert
  191 |
  192 |     await got('http://example.test/')
  193 |"
/home/gabriel/Disk/Research/research-javascript-test-smells/repositories/nock/tests/got/test_persist_optionally.js,Duplicate Assert,"{'line': 194, 'column': 4, 'index': 5467}","  192 |     await got('http://example.test/')
  193 |
> 194 |     expect(scope.isDone()).to.be.true()
      |    ^ Duplicate Assert
  195 |     expect(nock.activeMocks()).to.deep.equal(['GET http://example.test:80/'])
  196 |
  197 |     scope.persist(false)"
/home/gabriel/Disk/Research/research-javascript-test-smells/repositories/nock/tests/got/test_persist_optionally.js,Duplicate Assert,"{'line': 195, 'column': 4, 'index': 5507}","  193 |
  194 |     expect(scope.isDone()).to.be.true()
> 195 |     expect(nock.activeMocks()).to.deep.equal(['GET http://example.test:80/'])
      |    ^ Duplicate Assert
  196 |
  197 |     scope.persist(false)
  198 |"
/home/gabriel/Disk/Research/research-javascript-test-smells/repositories/nock/tests/got/test_persist_optionally.js,Duplicate Assert,"{'line': 201, 'column': 4, 'index': 5651}","  199 |     await got('http://example.test/')
  200 |
> 201 |     expect(nock.activeMocks()).to.be.empty()
      |    ^ Duplicate Assert
  202 |     expect(scope.isDone()).to.be.true()
  203 |
  204 |     await assertRejects("
/home/gabriel/Disk/Research/research-javascript-test-smells/repositories/nock/tests/got/test_persist_optionally.js,Duplicate Assert,"{'line': 202, 'column': 4, 'index': 5696}","  200 |
  201 |     expect(nock.activeMocks()).to.be.empty()
> 202 |     expect(scope.isDone()).to.be.true()
      |    ^ Duplicate Assert
  203 |
  204 |     await assertRejects(
  205 |       got('http://example.test/'),"
/home/gabriel/Disk/Research/research-javascript-test-smells/repositories/nock/tests/got/test_persist_optionally.js,Mystery Guest,"{'column': 4, 'line': 46}","  44 |     nock('http://example.test').get('/abc').optionally().reply(200)
  45 |
> 46 |     http.get({ host: 'example.test', path: '/abc' }, res => {
     |    ^ Mystery Guest
  47 |       expect(res.statusCode).to.equal(200)
  48 |       expect(nock.pendingMocks()).to.be.empty()
  49 |       done()"
/home/gabriel/Disk/Research/research-javascript-test-smells/repositories/nock/tests/got/test_persist_optionally.js,Mystery Guest,"{'column': 4, 'line': 88}","  86 |     nock('http://example.test').get('/456').optionally().times(2).reply(200)
  87 |
> 88 |     http.get({ host: 'example.test', path: '/456' }, res => {
     |    ^ Mystery Guest
  89 |       expect(res.statusCode).to.equal(200)
  90 |       http.get({ host: 'example.test', path: '/456' }, res => {
  91 |         expect(res.statusCode).to.equal(200)"
/home/gabriel/Disk/Research/research-javascript-test-smells/repositories/nock/tests/got/test_persist_optionally.js,Mystery Guest,"{'column': 6, 'line': 90}","  88 |     http.get({ host: 'example.test', path: '/456' }, res => {
  89 |       expect(res.statusCode).to.equal(200)
> 90 |       http.get({ host: 'example.test', path: '/456' }, res => {
     |      ^ Mystery Guest
  91 |         expect(res.statusCode).to.equal(200)
  92 |         done()
  93 |       })"
/home/gabriel/Disk/Research/research-javascript-test-smells/repositories/nock/tests/got/test_persist_optionally.js,Mystery Guest,"{'column': 4, 'line': 103}","  101 |       'GET http://example.test:80/optional',
  102 |     ])
> 103 |     http.get({ host: 'example.test', path: '/optional' }, res => {
      |    ^ Mystery Guest
  104 |       expect(nock.activeMocks()).to.be.empty()
  105 |       done()
  106 |     })"
/home/gabriel/Disk/Research/research-javascript-test-smells/repositories/nock/tests/got/test_nock_lifecycle.js,Conditional Test Logic,"{'line': 32, 'column': 8, 'index': 855}","  30 |         onResponse()
  31 |
> 32 |         if (request.url === '/') {
     |        ^ Conditional Test Logic
  33 |           response.writeHead(200)
  34 |           response.write('server served a response')
  35 |         }"
/home/gabriel/Disk/Research/research-javascript-test-smells/repositories/nock/tests/got/test_nock_lifecycle.js,Duplicate Assert,"{'line': 16, 'column': 6, 'index': 423}","  14 |     it('double activation throws exception', () => {
  15 |       nock.restore()
> 16 |       expect(nock.isActive()).to.be.false()
     |      ^ Duplicate Assert
  17 |
  18 |       nock.activate()
  19 |       expect(nock.isActive()).to.be.true()"
/home/gabriel/Disk/Research/research-javascript-test-smells/repositories/nock/tests/got/test_nock_lifecycle.js,Duplicate Assert,"{'line': 19, 'column': 6, 'index': 490}","  17 |
  18 |       nock.activate()
> 19 |       expect(nock.isActive()).to.be.true()
     |      ^ Duplicate Assert
  20 |
  21 |       expect(() => nock.activate()).to.throw(Error, 'Nock already active')
  22 |"
/home/gabriel/Disk/Research/research-javascript-test-smells/repositories/nock/tests/got/test_nock_lifecycle.js,Duplicate Assert,"{'line': 23, 'column': 6, 'index': 610}","  21 |       expect(() => nock.activate()).to.throw(Error, 'Nock already active')
  22 |
> 23 |       expect(nock.isActive()).to.be.true()
     |      ^ Duplicate Assert
  24 |     })
  25 |
  26 |     it('(re-)activate after restore', async () => {"
/home/gabriel/Disk/Research/research-javascript-test-smells/repositories/nock/tests/got/test_nock_lifecycle.js,Duplicate Assert,"{'line': 43, 'column': 6, 'index': 1118}","  41 |
  42 |       nock.restore()
> 43 |       expect(nock.isActive()).to.be.false()
     |      ^ Duplicate Assert
  44 |
  45 |       expect(await got(origin)).to.include({ statusCode: 200 })
  46 |"
/home/gabriel/Disk/Research/research-javascript-test-smells/repositories/nock/tests/got/test_nock_lifecycle.js,Duplicate Assert,"{'line': 45, 'column': 6, 'index': 1163}","  43 |       expect(nock.isActive()).to.be.false()
  44 |
> 45 |       expect(await got(origin)).to.include({ statusCode: 200 })
     |      ^ Duplicate Assert
  46 |
  47 |       expect(scope.isDone()).to.be.false()
  48 |"
/home/gabriel/Disk/Research/research-javascript-test-smells/repositories/nock/tests/got/test_nock_lifecycle.js,Duplicate Assert,"{'line': 47, 'column': 6, 'index': 1228}","  45 |       expect(await got(origin)).to.include({ statusCode: 200 })
  46 |
> 47 |       expect(scope.isDone()).to.be.false()
     |      ^ Duplicate Assert
  48 |
  49 |       nock.activate()
  50 |       expect(nock.isActive()).to.be.true()"
/home/gabriel/Disk/Research/research-javascript-test-smells/repositories/nock/tests/got/test_nock_lifecycle.js,Duplicate Assert,"{'line': 50, 'column': 6, 'index': 1294}","  48 |
  49 |       nock.activate()
> 50 |       expect(nock.isActive()).to.be.true()
     |      ^ Duplicate Assert
  51 |
  52 |       expect(await got(origin)).to.include({ statusCode: 304 })
  53 |"
/home/gabriel/Disk/Research/research-javascript-test-smells/repositories/nock/tests/got/test_nock_lifecycle.js,Duplicate Assert,"{'line': 52, 'column': 6, 'index': 1338}","  50 |       expect(nock.isActive()).to.be.true()
  51 |
> 52 |       expect(await got(origin)).to.include({ statusCode: 304 })
     |      ^ Duplicate Assert
  53 |
  54 |       expect(scope.isDone()).to.be.true()
  55 |"
/home/gabriel/Disk/Research/research-javascript-test-smells/repositories/nock/tests/got/test_nock_lifecycle.js,Duplicate Assert,"{'line': 54, 'column': 6, 'index': 1403}","  52 |       expect(await got(origin)).to.include({ statusCode: 304 })
  53 |
> 54 |       expect(scope.isDone()).to.be.true()
     |      ^ Duplicate Assert
  55 |
  56 |       expect(onResponse).to.have.been.calledOnce()
  57 |     })"
/home/gabriel/Disk/Research/research-javascript-test-smells/repositories/nock/tests/got/test_nock_lifecycle.js,Duplicate Assert,"{'line': 78, 'column': 6, 'index': 2057}","  76 |         .get('/somepath')
  77 |         .reply(200, 'hey')
> 78 |       expect(scope1.pendingMocks()).to.deep.equal([
     |      ^ Duplicate Assert
  79 |         'GET http://example.test:80/somepath',
  80 |       ])
  81 |       const scope2 = nock('http://example.test')"
/home/gabriel/Disk/Research/research-javascript-test-smells/repositories/nock/tests/got/test_nock_lifecycle.js,Duplicate Assert,"{'line': 84, 'column': 6, 'index': 2267}","  82 |         .get('/somepath')
  83 |         .reply(200, 'hey')
> 84 |       expect(scope2.pendingMocks()).to.deep.equal([
     |      ^ Duplicate Assert
  85 |         'GET http://example.test:80/somepath',
  86 |       ])
  87 |"
/home/gabriel/Disk/Research/research-javascript-test-smells/repositories/nock/tests/got/test_nock_lifecycle.js,Duplicate Assert,"{'line': 90, 'column': 6, 'index': 2399}","  88 |       nock.cleanAll()
  89 |
> 90 |       expect(scope1.pendingMocks()).to.be.empty()
     |      ^ Duplicate Assert
  91 |       expect(scope2.pendingMocks()).to.be.empty()
  92 |     })
  93 |"
/home/gabriel/Disk/Research/research-javascript-test-smells/repositories/nock/tests/got/test_nock_lifecycle.js,Duplicate Assert,"{'line': 91, 'column': 6, 'index': 2449}","  89 |
  90 |       expect(scope1.pendingMocks()).to.be.empty()
> 91 |       expect(scope2.pendingMocks()).to.be.empty()
     |      ^ Duplicate Assert
  92 |     })
  93 |
  94 |     it('removes persistent mocks', async () => {"
/home/gabriel/Disk/Research/research-javascript-test-smells/repositories/nock/tests/got/test_nock_lifecycle.js,Duplicate Assert,"{'line': 132, 'column': 6, 'index': 3847}","  130 |       const scope = nock('http://example.test').get('/').reply()
  131 |
> 132 |       expect(nock.isDone()).to.be.false()
      |      ^ Duplicate Assert
  133 |
  134 |       await got('http://example.test/')
  135 |"
/home/gabriel/Disk/Research/research-javascript-test-smells/repositories/nock/tests/got/test_nock_lifecycle.js,Duplicate Assert,"{'line': 136, 'column': 6, 'index': 3931}","  134 |       await got('http://example.test/')
  135 |
> 136 |       expect(nock.isDone()).to.be.true()
      |      ^ Duplicate Assert
  137 |
  138 |       scope.done()
  139 |     })"
/home/gabriel/Disk/Research/research-javascript-test-smells/repositories/nock/tests/got/test_nock_lifecycle.js,Duplicate Assert,"{'line': 146, 'column': 6, 'index': 4212}","  144 |       nock('http://example.test').get('/').reply()
  145 |
> 146 |       expect(nock.pendingMocks()).to.deep.equal(['GET http://example.test:80/'])
      |      ^ Duplicate Assert
  147 |
  148 |       await got('http://example.test/')
  149 |"
/home/gabriel/Disk/Research/research-javascript-test-smells/repositories/nock/tests/got/test_nock_lifecycle.js,Duplicate Assert,"{'line': 150, 'column': 6, 'index': 4335}","  148 |       await got('http://example.test/')
  149 |
> 150 |       expect(nock.pendingMocks()).to.be.empty()
      |      ^ Duplicate Assert
  151 |     })
  152 |   })
  153 |"
/home/gabriel/Disk/Research/research-javascript-test-smells/repositories/nock/tests/got/test_nock_lifecycle.js,Ignored Test,"{'line': 108, 'column': 7, 'index': 2848}","  106 |     })
  107 |
> 108 |     it.skip('should be safe to call in the middle of a request', done => {
      |       ^ Ignored Test
  109 |       // This covers a race-condition where cleanAll() is called while a request
  110 |       // is in mid-flight. The request itself should continue to process normally.
  111 |       // Notably, `cleanAll` is being called before the Interceptor is marked as"
/home/gabriel/Disk/Research/research-javascript-test-smells/repositories/nock/tests/got/test_nock_lifecycle.js,Sleepy Test,"{'line': 217, 'column': 6, 'index': 6412}","  215 |       http.get('http://example.test', onRequest)
  216 |
> 217 |       setTimeout(() => {
      |      ^ Sleepy Test
  218 |         expect(onRequest).not.to.have.been.called()
  219 |         done()
  220 |       }, 200)"
/home/gabriel/Disk/Research/research-javascript-test-smells/repositories/nock/tests/got/test_net_connect.js,Unknown Test,"{'column': 2, 'line': 12}","  10 |
  11 | describe('`disableNetConnect()`', () => {
> 12 |   it('prevents connection to unmocked hosts', async () => {
     |  ^ Unknown Test
  13 |     nock.disableNetConnect()
  14 |
  15 |     nock('http://www.example.test').get('/').reply(200)"
/home/gabriel/Disk/Research/research-javascript-test-smells/repositories/nock/tests/got/test_net_connect.js,Unknown Test,"{'column': 2, 'line': 52}","  50 |   })
  51 |
> 52 |   it('disallows request for other domains, via string', async () => {
     |  ^ Unknown Test
  53 |     nock.enableNetConnect('localhost')
  54 |
  55 |     await assertRejects("
/home/gabriel/Disk/Research/research-javascript-test-smells/repositories/nock/tests/got/test_net_connect.js,Unknown Test,"{'column': 2, 'line': 75}","  73 |   })
  74 |
> 75 |   it('disallows request for other domains, via regexp', async () => {
     |  ^ Unknown Test
  76 |     nock.enableNetConnect(/ocalhos/)
  77 |
  78 |     await assertRejects("
/home/gabriel/Disk/Research/research-javascript-test-smells/repositories/nock/tests/got/test_net_connect.js,Unknown Test,"{'column': 2, 'line': 98}","   96 |   })
   97 |
>  98 |   it('disallows request for other domains, via function', async () => {
      |  ^ Unknown Test
   99 |     nock.enableNetConnect(host => host.includes('ocalhos'))
  100 |
  101 |     await assertRejects("
/home/gabriel/Disk/Research/research-javascript-test-smells/repositories/nock/tests/got/test_logging.js,Conditional Test Logic,"{'line': 74, 'column': 8, 'index': 4442}","  72 |       try {
  73 |         expect(lines.length).to.be.equal(assertions.length)
> 74 |         for (let i = 1; i < lines.length; i++) {
     |        ^ Conditional Test Logic
  75 |           expect(lines[i], `${i}: ${lines[i]}`).to.match(assertions[i])
  76 |         }
  77 |       } catch (e) {"
/home/gabriel/Disk/Research/research-javascript-test-smells/repositories/nock/tests/got/test_logging.js,Ignored Test,"{'line': 8, 'column': 5, 'index': 195}","   6 |
   7 | describe('Logging using the `debug` package', () => {
>  8 |   it.skip('match debugging works', async () => {
     |     ^ Ignored Test
   9 |     // the log function will have been a few dozen times, there are a few specific to matching we want to validate:
  10 |
  11 |     let resolveTest"
/home/gabriel/Disk/Research/research-javascript-test-smells/repositories/nock/tests/got/test_intercept_parallel.js,Conditional Test Logic,"{'line': 17, 'column': 8, 'index': 503}","  15 |       .then(res => res.statusCode)
  16 |       .catch(reason => {
> 17 |         if (reason.code === 'ERR_NOCK_NO_MATCH') return 418
     |        ^ Conditional Test Logic
  18 |         throw reason
  19 |       })
  20 |"
/home/gabriel/Disk/Research/research-javascript-test-smells/repositories/nock/tests/got/test_intercept_parallel.js,Duplicate Assert,"{'line': 80, 'column': 4, 'index': 2084}","  78 |     ])
  79 |
> 80 |     expect(fooHeadersStub).to.have.calledTwice()
     |    ^ Duplicate Assert
  81 |     expect(fooHeadersStub).to.have.been.calledWithExactly('A')
  82 |     expect(fooHeadersStub).to.have.been.calledWithExactly('B')
  83 |     expect(nock.isDone()).to.equal(true)"
/home/gabriel/Disk/Research/research-javascript-test-smells/repositories/nock/tests/got/test_intercept_parallel.js,Duplicate Assert,"{'line': 81, 'column': 4, 'index': 2133}","  79 |
  80 |     expect(fooHeadersStub).to.have.calledTwice()
> 81 |     expect(fooHeadersStub).to.have.been.calledWithExactly('A')
     |    ^ Duplicate Assert
  82 |     expect(fooHeadersStub).to.have.been.calledWithExactly('B')
  83 |     expect(nock.isDone()).to.equal(true)
  84 |   })"
/home/gabriel/Disk/Research/research-javascript-test-smells/repositories/nock/tests/got/test_intercept_parallel.js,Duplicate Assert,"{'line': 82, 'column': 4, 'index': 2196}","  80 |     expect(fooHeadersStub).to.have.calledTwice()
  81 |     expect(fooHeadersStub).to.have.been.calledWithExactly('A')
> 82 |     expect(fooHeadersStub).to.have.been.calledWithExactly('B')
     |    ^ Duplicate Assert
  83 |     expect(nock.isDone()).to.equal(true)
  84 |   })
  85 | })"
/home/gabriel/Disk/Research/research-javascript-test-smells/repositories/nock/tests/got/test_intercept.js,Duplicate Assert,"{'line': 145, 'column': 4, 'index': 4232}","  143 |
  144 |     expect(statusCode).to.equal(200)
> 145 |     expect(body).to.be.an.instanceOf(Buffer)
      |    ^ Duplicate Assert
  146 |     expect(body).to.have.lengthOf(0)
  147 |     scope.done()
  148 |   })"
/home/gabriel/Disk/Research/research-javascript-test-smells/repositories/nock/tests/got/test_intercept.js,Duplicate Assert,"{'line': 146, 'column': 4, 'index': 4277}","  144 |     expect(statusCode).to.equal(200)
  145 |     expect(body).to.be.an.instanceOf(Buffer)
> 146 |     expect(body).to.have.lengthOf(0)
      |    ^ Duplicate Assert
  147 |     scope.done()
  148 |   })
  149 |"
/home/gabriel/Disk/Research/research-javascript-test-smells/repositories/nock/tests/got/test_intercept.js,Ignored Test,"{'line': 689, 'column': 5, 'index': 18255}","  687 |   // TODO: Try to convert to async/got.
  688 |   // TODO: Why is this the correct behavior?
> 689 |   it.skip('get correct filtering with scope and request headers filtering', done => {
      |     ^ Ignored Test
  690 |     const responseText = 'OK!'
  691 |     const requestHeaders = { host: 'foo.example.test' }
  692 |"
/home/gabriel/Disk/Research/research-javascript-test-smells/repositories/nock/tests/got/test_intercept.js,Ignored Test,"{'line': 855, 'column': 5, 'index': 23201}","  853 |   // FIXME: This marked as `skip` because it is an existing bug.
  854 |   // https://github.com/nock/nock/issues/1108
> 855 |   it.skip('match hostname as regex and string in tandem', async () => {
      |     ^ Ignored Test
  856 |     const scope1 = nock(/.*/).get('/hello/world').reply()
  857 |     const scope2 = nock('http://example.test').get('/hello/planet').reply()
  858 |"
/home/gabriel/Disk/Research/research-javascript-test-smells/repositories/nock/tests/got/test_intercept.js,Unknown Test,"{'column': 2, 'line': 372}","  370 |   })
  371 |
> 372 |   it('hostname is case insensitive', done => {
      |  ^ Unknown Test
  373 |     const scope = nock('http://example.test').get('/path').reply()
  374 |
  375 |     const req = http.request("
/home/gabriel/Disk/Research/research-javascript-test-smells/repositories/nock/tests/got/test_intercept.js,Unknown Test,"{'column': 2, 'line': 517}","  515 |   })
  516 |
> 517 |   it('two scopes with the same request are consumed', async () => {
      |  ^ Unknown Test
  518 |     const scope1 = nock('http://example.test')
  519 |       .get('/')
  520 |       .reply(200, 'Hello World!')"
/home/gabriel/Disk/Research/research-javascript-test-smells/repositories/nock/tests/got/test_intercept.js,Unknown Test,"{'column': 2, 'line': 534}","  532 |
  533 |   // TODO: Move this test to test_header_matching.
> 534 |   it('username and password works', done => {
      |  ^ Unknown Test
  535 |     const scope = nock('http://example.test')
  536 |       .get('/')
  537 |       .reply(200, 'Welcome, username')"
/home/gabriel/Disk/Research/research-javascript-test-smells/repositories/nock/tests/got/test_intercept.js,Unknown Test,"{'column': 2, 'line': 571}","  569 |   })
  570 |
> 571 |   it('different port works', done => {
      |  ^ Unknown Test
  572 |     const scope = nock('http://example.test:8081').get('/').reply()
  573 |
  574 |     http"
/home/gabriel/Disk/Research/research-javascript-test-smells/repositories/nock/tests/got/test_intercept.js,Unknown Test,"{'column': 2, 'line': 589}","  587 |   })
  588 |
> 589 |   it('explicitly specifiying port 80 works', done => {
      |  ^ Unknown Test
  590 |     const scope = nock('http://example.test:80').get('/').reply()
  591 |
  592 |     http"
/home/gabriel/Disk/Research/research-javascript-test-smells/repositories/nock/tests/got/test_intercept.js,Unknown Test,"{'column': 2, 'line': 607}","  605 |   })
  606 |
> 607 |   it('post with object', done => {
      |  ^ Unknown Test
  608 |     const scope = nock('http://example.test')
  609 |       .post('/claim', { some_data: 'something' })
  610 |       .reply()"
/home/gabriel/Disk/Research/research-javascript-test-smells/repositories/nock/tests/got/test_intercept.js,Unknown Test,"{'column': 2, 'line': 730}","  728 |   })
  729 |
> 730 |   it('succeeds even when host request header is not specified', done => {
      |  ^ Unknown Test
  731 |     const scope = nock('http://example.test').post('/resource').reply()
  732 |
  733 |     const opts = {"
/home/gabriel/Disk/Research/research-javascript-test-smells/repositories/nock/tests/got/test_intercept.js,Unknown Test,"{'column': 2, 'line': 957}","  955 |
  956 |   // TODO: What is the intention of this test?
> 957 |   it('no content type provided', done => {
      |  ^ Unknown Test
  958 |     const scope = nock('http://example.test')
  959 |       .replyContentLength()
  960 |       .post('/httppost', () => true)"
/home/gabriel/Disk/Research/research-javascript-test-smells/repositories/nock/tests/got/test_intercept.js,Unknown Test,"{'column': 2, 'line': 1055}","  1053 |   // These tests use `http` directly because `got` never calls `http` with the
  1054 |   // three arg form.
> 1055 |   it('first arg as URL instance', done => {
       |  ^ Unknown Test
  1056 |     const scope = nock('http://example.test').get('/').reply()
  1057 |
  1058 |     http.get(new url.URL('http://example.test'), () => {"
/home/gabriel/Disk/Research/research-javascript-test-smells/repositories/nock/tests/got/test_header_matching.js,Duplicate Assert,"{'line': 601, 'column': 2, 'index': 17578}","  599 |
  600 |   req.setHeader('X-Custom-Header', 'My Value')
> 601 |   expect(req.getHeader('X-Custom-Header')).to.equal('My Value')
      |  ^ Duplicate Assert
  602 |
  603 |   req.removeHeader('X-Custom-Header')
  604 |   expect(req.getHeader('X-Custom-Header')).to.be.undefined()"
/home/gabriel/Disk/Research/research-javascript-test-smells/repositories/nock/tests/got/test_header_matching.js,Duplicate Assert,"{'line': 604, 'column': 2, 'index': 17681}","  602 |
  603 |   req.removeHeader('X-Custom-Header')
> 604 |   expect(req.getHeader('X-Custom-Header')).to.be.undefined()
      |  ^ Duplicate Assert
  605 |
  606 |   req.end()
  607 | })"
/home/gabriel/Disk/Research/research-javascript-test-smells/repositories/nock/tests/got/test_header_matching.js,Unknown Test,"{'column': 4, 'line': 32}","  30 |     })
  31 |
> 32 |     it('should not match headers with function: does not match when match declined', async () => {
     |    ^ Unknown Test
  33 |       nock('http://example.test')
  34 |         .matchHeader('x-my-headers', () => false)
  35 |         // `.matchHeader()` is called on the interceptor. It precedes the call to"
/home/gabriel/Disk/Research/research-javascript-test-smells/repositories/nock/tests/got/test_header_matching.js,Unknown Test,"{'column': 4, 'line': 212}","  210 |     })
  211 |
> 212 |     it('should not match headers with function: does not match when match declined', async () => {
      |    ^ Unknown Test
  213 |       nock('http://example.test')
  214 |         .get('/')
  215 |         .matchHeader('x-my-headers', () => false)"
/home/gabriel/Disk/Research/research-javascript-test-smells/repositories/nock/tests/got/test_header_matching.js,Unknown Test,"{'column': 4, 'line': 267}","  265 |
  266 |   describe('`Scope#reqheaders`', () => {
> 267 |     it('should fail when specified request header is missing', async () => {
      |    ^ Unknown Test
  268 |       nock('http://example.test', {
  269 |         reqheaders: {
  270 |           'X-App-Token': 'apptoken',"
/home/gabriel/Disk/Research/research-javascript-test-smells/repositories/nock/tests/got/test_header_matching.js,Unknown Test,"{'column': 4, 'line': 523}","  521 |     })
  522 |
> 523 |     it('should not prevent match when badheaders are absent but other headers are present', async () => {
      |    ^ Unknown Test
  524 |       const scope = nock('http://example.test', {
  525 |         badheaders: ['cookie'],
  526 |       })"
/home/gabriel/Disk/Research/research-javascript-test-smells/repositories/nock/tests/got/test_header_matching.js,Unknown Test,"{'column': 4, 'line': 567}","  565 |     })
  566 |
> 567 |     it('Host header is used to reject a match if defined on the scope and request', async () => {
      |    ^ Unknown Test
  568 |       nock('http://example.test', {
  569 |         reqheaders: { host: 'example.test' },
  570 |       })"
/home/gabriel/Disk/Research/research-javascript-test-smells/repositories/nock/tests/got/test_fake_timer.js,Unknown Test,"{'column': 0, 'line': 8}","   6 |
   7 | // https://github.com/nock/nock/issues/1334
>  8 | it('should still return successfully when fake timer is enabled', async () => {
   9 |   const clock = fakeTimers.install()
  10 |   const scope = nock('http://example.test').get('/').reply()
  11 |"
/home/gabriel/Disk/Research/research-javascript-test-smells/repositories/nock/tests/got/test_events.js,Duplicate Assert,"{'line': 39, 'column': 4, 'index': 940}","  37 |   scope.on('request', function (req, interceptor, body) {
  38 |     onRequest()
> 39 |     expect(req.path).to.equal('/please')
     |    ^ Duplicate Assert
  40 |     expect(interceptor.interceptionCounter).to.equal(1)
  41 |     expect(body).to.deep.equal(data)
  42 |     expect(onReplied).to.not.have.been.called()"
/home/gabriel/Disk/Research/research-javascript-test-smells/repositories/nock/tests/got/test_events.js,Duplicate Assert,"{'line': 40, 'column': 4, 'index': 981}","  38 |     onRequest()
  39 |     expect(req.path).to.equal('/please')
> 40 |     expect(interceptor.interceptionCounter).to.equal(1)
     |    ^ Duplicate Assert
  41 |     expect(body).to.deep.equal(data)
  42 |     expect(onReplied).to.not.have.been.called()
  43 |   })"
/home/gabriel/Disk/Research/research-javascript-test-smells/repositories/nock/tests/got/test_events.js,Duplicate Assert,"{'line': 42, 'column': 4, 'index': 1074}","  40 |     expect(interceptor.interceptionCounter).to.equal(1)
  41 |     expect(body).to.deep.equal(data)
> 42 |     expect(onReplied).to.not.have.been.called()
     |    ^ Duplicate Assert
  43 |   })
  44 |
  45 |   scope.on('replied', function (req, interceptor) {"
/home/gabriel/Disk/Research/research-javascript-test-smells/repositories/nock/tests/got/test_events.js,Duplicate Assert,"{'line': 47, 'column': 4, 'index': 1196}","  45 |   scope.on('replied', function (req, interceptor) {
  46 |     onReplied()
> 47 |     expect(req.path).to.equal('/please')
     |    ^ Duplicate Assert
  48 |     expect(interceptor.interceptionCounter).to.equal(1)
  49 |   })
  50 |"
/home/gabriel/Disk/Research/research-javascript-test-smells/repositories/nock/tests/got/test_events.js,Duplicate Assert,"{'line': 48, 'column': 4, 'index': 1237}","  46 |     onReplied()
  47 |     expect(req.path).to.equal('/please')
> 48 |     expect(interceptor.interceptionCounter).to.equal(1)
     |    ^ Duplicate Assert
  49 |   })
  50 |
  51 |   await got.post('http://example.test/please', {"
/home/gabriel/Disk/Research/research-javascript-test-smells/repositories/nock/tests/got/test_events.js,Duplicate Assert,"{'line': 61, 'column': 2, 'index': 1559}","  59 |   scope.done()
  60 |   expect(onRequest).to.have.been.calledOnce()
> 61 |   expect(onReplied).to.have.been.calledOnce()
     |  ^ Duplicate Assert
  62 | })
  63 |
  64 | it('emits request and replied events when response body is a stream', async () => {"
/home/gabriel/Disk/Research/research-javascript-test-smells/repositories/nock/tests/got/test_events.js,Unknown Test,"{'column': 0, 'line': 83}","  81 | })
  82 |
> 83 | it('emits no match when no match and no mock', done => {
  84 |   nock.emitter.once('no match', () => {
  85 |     done()
  86 |   })"
/home/gabriel/Disk/Research/research-javascript-test-smells/repositories/nock/tests/got/test_dynamic_mock.js,Sleepy Test,"{'line': 54, 'column': 8, 'index': 1681}","  52 |       .get('/')
  53 |       .reply(function (path, reqBody, cb) {
> 54 |         setTimeout(function () {
     |        ^ Sleepy Test
  55 |           cb(null, [201, 'GHI'])
  56 |         }, 1e3)
  57 |       })"
/home/gabriel/Disk/Research/research-javascript-test-smells/repositories/nock/tests/got/test_delay.js,Sleepy Test,"{'line': 189, 'column': 4, 'index': 5932}","  187 |       .reply(200, () => passthrough)
  188 |
> 189 |     setTimeout(() => fs.createReadStream(textFilePath).pipe(passthrough), 125)
      |    ^ Sleepy Test
  190 |
  191 |     const { body } = await got('http://example.test/')
  192 |"
/home/gabriel/Disk/Research/research-javascript-test-smells/repositories/nock/tests/got/test_delay.js,Unknown Test,"{'column': 2, 'line': 108}","  106 |
  107 | describe('`delayBody()`', () => {
> 108 |   it('should delay the clock between the `response` event and the first `data` event', done => {
      |  ^ Unknown Test
  109 |     nock('http://example.test').get('/').delayBody(200).reply(201, 'OK')
  110 |
  111 |     const start = process.hrtime()"
/home/gabriel/Disk/Research/research-javascript-test-smells/repositories/nock/tests/got/test_delay.js,Unknown Test,"{'column': 2, 'line': 199}","  197 |
  198 | describe('`delayConnection()`', () => {
> 199 |   it('should cause a timeout error when larger than options.timeout', async () => {
      |  ^ Unknown Test
  200 |     const scope = nock('http://example.test')
  201 |       .get('/')
  202 |       .delayConnection(1000)"
/home/gabriel/Disk/Research/research-javascript-test-smells/repositories/nock/tests/got/test_delay.js,Unknown Test,"{'column': 2, 'line': 213}","  211 |   })
  212 |
> 213 |   it('should delay the clock before the `response` event', done => {
      |  ^ Unknown Test
  214 |     nock('http://example.test').get('/').delayConnection(200).reply()
  215 |
  216 |     const req = http.request('http://example.test', () => {"
/home/gabriel/Disk/Research/research-javascript-test-smells/repositories/nock/tests/got/test_delay.js,Unknown Test,"{'column': 2, 'line': 305}","  303 |   })
  304 |
> 305 |   it('should delay errors when `replyWithError()` is used', async () => {
      |  ^ Unknown Test
  306 |     nock('http://example.test')
  307 |       .get('/')
  308 |       .delayConnection(100)"
/home/gabriel/Disk/Research/research-javascript-test-smells/repositories/nock/tests/got/test_define.js,Mystery Guest,"{'column': 16, 'line': 166}","  164 |     ).to.be.ok()
  165 |
> 166 |     const req = http.request(
      |                ^ Mystery Guest
  167 |       {
  168 |         host: 'example.test',
  169 |         method: 'POST',"
/home/gabriel/Disk/Research/research-javascript-test-smells/repositories/nock/tests/got/test_define.js,Mystery Guest,"{'column': 16, 'line': 221}","  219 |     // Make a request which should match the mock that was configured above.
  220 |     // This does not hit the network.
> 221 |     const req = http.request(
      |                ^ Mystery Guest
  222 |       {
  223 |         host: 'example.test',
  224 |         method: 'GET',"
/home/gabriel/Disk/Research/research-javascript-test-smells/repositories/nock/tests/got/test_define.js,Mystery Guest,"{'column': 16, 'line': 265}","  263 |     ).to.be.ok()
  264 |
> 265 |     const req = http.request(
      |                ^ Mystery Guest
  266 |       {
  267 |         host: 'example.test',
  268 |         method: 'GET',"
/home/gabriel/Disk/Research/research-javascript-test-smells/repositories/nock/tests/got/test_body_match.js,Unknown Test,"{'column': 2, 'line': 132}","  130 |   })
  131 |
> 132 |   it(""doesn't match body with mismatching keys"", async () => {
      |  ^ Unknown Test
  133 |     nock('http://example.test').post('/', { a: 'a' }).reply(200)
  134 |
  135 |     const request = got.post('http://example.test', {"
/home/gabriel/Disk/Research/research-javascript-test-smells/repositories/nock/tests/got/test_body_match.js,Unknown Test,"{'column': 2, 'line': 142}","  140 |
  141 |   // https://github.com/nock/nock/issues/1713
> 142 |   it(""doesn't match body with same number of keys but different keys"", async () => {
      |  ^ Unknown Test
  143 |     nock('http://example.test').post('/', { a: {} }).reply()
  144 |
  145 |     const request = got.post('http://example.test', { json: { b: 123 } })"
/home/gabriel/Disk/Research/research-javascript-test-smells/repositories/nock/tests/got/test_body_match.js,Unknown Test,"{'column': 2, 'line': 252}","  250 |   })
  251 |
> 252 |   it(""doesn't match utf-8 buffer body with mismatching utf-8 buffer"", async () => {
      |  ^ Unknown Test
  253 |     nock('http://example.test').post('/', Buffer.from('goodbye')).reply(200)
  254 |
  255 |     const request = got.post('http://example.test', {"
/home/gabriel/Disk/Research/research-javascript-test-smells/repositories/nock/tests/got/test_body_match.js,Unknown Test,"{'column': 2, 'line': 275}","  273 |   })
  274 |
> 275 |   it(""doesn't match binary buffer body with mismatching binary buffer"", async () => {
      |  ^ Unknown Test
  276 |     nock('http://example.test')
  277 |       .post('/', Buffer.from([0xff, 0xff, 0xfa]))
  278 |       .reply(200)"
/home/gabriel/Disk/Research/research-javascript-test-smells/repositories/nock/tests/got/test_body_match.js,Unknown Test,"{'column': 2, 'line': 287}","  285 |   })
  286 |
> 287 |   it(""doesn't match binary buffer body with mismatching utf-8 buffer"", async () => {
      |  ^ Unknown Test
  288 |     nock('http://example.test')
  289 |       .post('/', Buffer.from([0xff, 0xff, 0xff]))
  290 |       .reply(200)"
/home/gabriel/Disk/Research/research-javascript-test-smells/repositories/nock/tests/got/test_body_match.js,Unknown Test,"{'column': 2, 'line': 299}","  297 |   })
  298 |
> 299 |   it(""doesn't match utf-8 buffer body with mismatching binary buffer"", async () => {
      |  ^ Unknown Test
  300 |     nock('http://example.test').post('/', Buffer.from('hello')).reply(200)
  301 |
  302 |     const request = got.post('http://example.test', {"
/home/gabriel/Disk/Research/research-javascript-test-smells/repositories/nock/tests/got/test_basic_auth.js,Unknown Test,"{'column': 2, 'line': 26}","  24 |   })
  25 |
> 26 |   it('fails when it doesnt match', async () => {
     |  ^ Unknown Test
  27 |     await assertRejects(
  28 |       got('http://example.test/test'),
  29 |       /Nock: No match for request/,"
/home/gabriel/Disk/Research/research-javascript-test-smells/repositories/nock/tests/got/test_basic_auth.js,Unknown Test,"{'column': 2, 'line': 52}","  50 |   })
  51 |
> 52 |   it('fails when it doesnt match', async () => {
     |  ^ Unknown Test
  53 |     await assertRejects(
  54 |       got('http://example.test/test'),
  55 |       /Nock: No match for request/,"
/home/gabriel/Disk/Research/research-javascript-test-smells/repositories/nock/tests/got/test_back_filters.js,Conditional Test Logic,"{'line': 68, 'column': 10, 'index': 2106}","  66 |           const recordedBodyMatched = recordedBody.match(regExp)
  67 |
> 68 |           if (recordedBodyMatched && regExp.test(body)) {
     |          ^ Conditional Test Logic
  69 |             return body.replace(regExp, recordedBodyMatched[0])
  70 |           }
  71 |"
/home/gabriel/Disk/Research/research-javascript-test-smells/repositories/nock/tests/got/test_back_filters.js,Unknown Test,"{'column': 2, 'line': 100}","   98 |   })
   99 |
> 100 |   it('should be able to reset the mode', () => {
      |  ^ Unknown Test
  101 |     nockBack.setMode(originalMode)
  102 |   })
  103 | })"
/home/gabriel/Disk/Research/research-javascript-test-smells/repositories/nock/tests/got/test_allow_unmocked_https.js,Conditional Test Logic,"{'line': 32, 'column': 6, 'index': 936}","  30 |   it('allow unmocked option works with https', async () => {
  31 |     const { origin } = await servers.startHttpsServer((request, response) => {
> 32 |       if (request.url === '/does/not/exist') {
     |      ^ Conditional Test Logic
  33 |         response.writeHead(404)
  34 |         response.end()
  35 |         return"
/home/gabriel/Disk/Research/research-javascript-test-smells/repositories/nock/tests/got/test_allow_unmocked_https.js,Duplicate Assert,"{'line': 58, 'column': 4, 'index': 1609}","  56 |     expect(response1.statusCode).to.equal(200)
  57 |     expect(response1.body).to.equal('mocked response')
> 58 |     expect(scope.isDone()).to.equal(false)
     |    ^ Duplicate Assert
  59 |     const response2 = await client('does/not/exist')
  60 |
  61 |     expect(response2.statusCode).to.equal(404)"
/home/gabriel/Disk/Research/research-javascript-test-smells/repositories/nock/tests/got/test_allow_unmocked_https.js,Duplicate Assert,"{'line': 62, 'column': 4, 'index': 1753}","  60 |
  61 |     expect(response2.statusCode).to.equal(404)
> 62 |     expect(scope.isDone()).to.equal(false)
     |    ^ Duplicate Assert
  63 |     const response3 = await client('')
  64 |
  65 |     expect(response3.statusCode).to.equal(200)"
/home/gabriel/Disk/Research/research-javascript-test-smells/repositories/nock/tests/got/test_allow_unmocked_https.js,Duplicate Assert,"{'line': 67, 'column': 4, 'index': 1938}","  65 |     expect(response3.statusCode).to.equal(200)
  66 |     expect(response3.body).to.equal('server response')
> 67 |     expect(scope.isDone()).to.equal(false)
     |    ^ Duplicate Assert
  68 |   })
  69 |
  70 |   it('allow unmocked option works with https for a partial match', async () => {"
/home/gabriel/Disk/Research/research-javascript-test-smells/repositories/nock/tests/got/test_allow_unmocked.js,Conditional Test Logic,"{'line': 38, 'column': 6, 'index': 1169}","  36 |   it('allow unmocked option allows traffic to server', async () => {
  37 |     const { origin } = await startHttpServer((request, response) => {
> 38 |       switch (request.url) {
     |      ^ Conditional Test Logic
  39 |         case '/':
  40 |           response.writeHead(200)
  41 |           response.write('server served a response')"
/home/gabriel/Disk/Research/research-javascript-test-smells/repositories/nock/tests/got/test_allow_unmocked.js,Duplicate Assert,"{'line': 32, 'column': 4, 'index': 912}","  30 |     nock(origin, { allowUnmocked: true }).get('/').reply(200, 'Mocked')
  31 |
> 32 |     expect((await got(origin)).body).to.equal('Mocked')
     |    ^ Duplicate Assert
  33 |     expect((await got(origin)).body).to.equal('live')
  34 |   })
  35 |"
/home/gabriel/Disk/Research/research-javascript-test-smells/repositories/nock/tests/got/test_allow_unmocked.js,Duplicate Assert,"{'line': 33, 'column': 4, 'index': 968}","  31 |
  32 |     expect((await got(origin)).body).to.equal('Mocked')
> 33 |     expect((await got(origin)).body).to.equal('live')
     |    ^ Duplicate Assert
  34 |   })
  35 |
  36 |   it('allow unmocked option allows traffic to server', async () => {"
/home/gabriel/Disk/Research/research-javascript-test-smells/repositories/nock/tests/got/test_allow_unmocked.js,Duplicate Assert,"{'line': 65, 'column': 4, 'index': 1975}","  63 |     expect(response1.statusCode).to.equal(307)
  64 |     expect(response1.body).to.equal('served from our mock')
> 65 |     expect(scope.isDone()).to.equal(false)
     |    ^ Duplicate Assert
  66 |
  67 |     const response2 = await client('not/available')
  68 |     expect(response2.statusCode).to.equal(404)"
/home/gabriel/Disk/Research/research-javascript-test-smells/repositories/nock/tests/got/test_allow_unmocked.js,Duplicate Assert,"{'line': 69, 'column': 4, 'index': 2118}","  67 |     const response2 = await client('not/available')
  68 |     expect(response2.statusCode).to.equal(404)
> 69 |     expect(scope.isDone()).to.equal(false)
     |    ^ Duplicate Assert
  70 |
  71 |     const response3 = await client('')
  72 |     expect(response3.statusCode).to.equal(200)"
/home/gabriel/Disk/Research/research-javascript-test-smells/repositories/nock/tests/got/test_allow_unmocked.js,Duplicate Assert,"{'line': 74, 'column': 4, 'index': 2312}","  72 |     expect(response3.statusCode).to.equal(200)
  73 |     expect(response3.body).to.equal('server served a response')
> 74 |     expect(scope.isDone()).to.equal(false)
     |    ^ Duplicate Assert
  75 |   })
  76 |
  77 |   it('allow unmocked post with json data', async () => {"
