file,type,line,method,methodStart,methodEnd,source
/tests/test_fetch.js,AnonymousTest,"{'startLine':66,'endLine':73}","it('no match', async () => {
    nock('http://example.test').get('/').reply()

    await assertRejects(
      fetch('http://example.test/wrong-path'),
      /Nock: No match for request/,
    )
  })",66,73,snuts
/tests/test_fetch.js,IdenticalTestDescription,"{'startLine':155,'endLine':167}","it('should not mess the Headers object', async () => {
    nock('https://api.test.com', {
      reqheaders: { 'Content-Type': 'application/json' },
    })
      .get('/data')
      .times(2)
      .reply(200)

    const headers = new Headers({ 'Content-Type': 'application/json' })

    await fetch('https://api.test.com/data', { headers })
    await fetch('https://api.test.com/data', { headers })
  })",155,167,snuts
/tests/test_fetch.js,VerboseStatement,"{'startLine':568,'endLine':604}","it('records and replays deflated nocks correctly', async () => {
      const exampleText = '<html><body>example</body></html>'

      const { origin } = await startHttpServer((request, response) => {
        const body = zlib.deflateSync(exampleText)

        response.writeHead(200, { 'content-encoding': 'deflate' })
        response.end(body)
      })

      nock.restore()
      nock.recorder.clear()
      expect(nock.recorder.play()).to.be.empty()

      nock.recorder.rec({
        dont_print: true,
        output_objects: true,
      })

      const response1 = await fetch(origin)
      expect(await response1.text()).to.equal(exampleText)
      expect(response1.headers.get('content-encoding')).to.equal('deflate')

      nock.restore()
      const recorded = nock.recorder.play()
      nock.recorder.clear()
      nock.activate()

      expect(recorded).to.have.lengthOf(1)
      const nocks = nock.define(recorded)

      const response2 = await fetch(origin)
      expect(await response2.text()).to.equal(exampleText)
      expect(response1.headers.get('content-encoding')).to.equal('deflate')

      nocks.forEach(nock => nock.done())
    })",568,604,snuts
/tests/test_destroy.js,NonFunctionalStatement,"{'startLine':45,'endLine':45}","it('should not emit an response if destroyed first', done => {
    nock('http://example.test').get('/').reply()

    const req = http
      .get('http://example.test/', () => {
        expect.fail('should not emit a response')
      })
      .on('error', () => {}) // listen for error so ""socket hang up"" doesn't bubble
      .on('socket', () => {
        setImmediate(() => req.destroy())
      })

    // give the `setImmediate` calls enough time to cycle.
    setTimeout(() => done(), 10)
  })",38,52,snuts
/tests/test_common.js,AnonymousTest,"{'startLine':150,'endLine':160}","it('`isJSONContent()`', () => {
  expect(common.isJSONContent({ 'content-type': 'application/json' })).to.equal(
    true,
  )

  expect(
    common.isJSONContent({ 'content-type': 'application/json; charset=utf-8' }),
  ).to.equal(true)

  expect(common.isJSONContent({ 'content-type': 'text/plain' })).to.equal(false)
})",150,160,snuts
/tests/test_common.js,AnonymousTest,"{'startLine':423,'endLine':462}","it('`headersArrayToObject()`', () => {
  const headers = [
    'Content-Type',
    'application/json; charset=utf-8',
    'Last-Modified',
    'foobar',
    'Expires',
    'fizbuzz',
  ]

  expect(common.headersArrayToObject(headers)).to.deep.equal({
    'content-type': 'application/json; charset=utf-8',
    'last-modified': 'foobar',
    expires: 'fizbuzz',
  })

  const headersMultipleSetCookies = headers.concat([
    'Set-Cookie',
    'foo=bar; Domain=.github.com; Path=/',
    'Set-Cookie',
    'fiz=baz; Domain=.github.com; Path=/',
    'set-cookie',
    'foo=baz; Domain=.github.com; Path=/',
  ])

  expect(common.headersArrayToObject(headersMultipleSetCookies)).to.deep.equal({
    'content-type': 'application/json; charset=utf-8',
    'last-modified': 'foobar',
    expires: 'fizbuzz',
    'set-cookie': [
      'foo=bar; Domain=.github.com; Path=/',
      'fiz=baz; Domain=.github.com; Path=/',
      'foo=baz; Domain=.github.com; Path=/',
    ],
  })

  expect(() => common.headersArrayToObject(123)).to.throw(
    'Expected a header array',
  )
})",423,462,snuts
/tests/test_common.js,AnonymousTest,"{'startLine':541,'endLine':546}","it('custom Object', () => {
    function Foo() {
      this.a = 1
    }
    expect(isPlainObject(new Foo()), false)
  })",541,546,snuts
/tests/test_common.js,AnonymousTest,"{'startLine':548,'endLine':550}","it('Array', () => {
    expect(isPlainObject([1, 2, 3]), false)
  })",548,550,snuts
/tests/test_common.js,AnonymousTest,"{'startLine':552,'endLine':554}","it('Date', () => {
    expect(isPlainObject(new Date()), false)
  })",552,554,snuts
/tests/test_common.js,AnonymousTest,"{'startLine':556,'endLine':558}","it('RegExp', () => {
    expect(isPlainObject(/a/), false)
  })",556,558,snuts
/tests/test_common.js,AnonymousTest,"{'startLine':560,'endLine':562}","it('plain Object', () => {
    expect(isPlainObject({}), true)
  })",560,562,snuts
/tests/test_common.js,AnonymousTest,"{'startLine':564,'endLine':566}","it('null', () => {
    expect(isPlainObject(null), true)
  })",564,566,snuts
/tests/test_common.js,AnonymousTest,"{'startLine':568,'endLine':570}","it('null-Object /1', () => {
    expect(isPlainObject({ __proto__: null }), true)
  })",568,570,snuts
/tests/test_common.js,AnonymousTest,"{'startLine':572,'endLine':574}","it('null-Object /2', () => {
    expect(isPlainObject(Object.create(null)), true)
  })",572,574,snuts
/tests/test_common.js,AnonymousTest,"{'startLine':580,'endLine':582}","it('undefined', () => {
    expect(expand(undefined), undefined)
  })",580,582,snuts
/tests/test_common.js,AnonymousTest,"{'startLine':584,'endLine':586}","it('null', () => {
    expect(expand(null), null)
  })",584,586,snuts
/tests/test_common.js,AnonymousTest,"{'startLine':596,'endLine':598}","it('nested object', () => {
    expect(expand({ 'a.b': 4 })).deep.equal({ a: { b: 4 } })
  })",596,598,snuts
/tests/test_common.js,AnonymousTest,"{'startLine':600,'endLine':602}","it('nested object', () => {
    expect(expand({ 'a.b': 4, 'a.c': 5 })).deep.equal({ a: { b: 4, c: 5 } })
  })",600,602,snuts
/tests/test_common.js,AnonymousTest,"{'startLine':604,'endLine':609}","it('nested object', () => {
    expect(expand({ 'a.b': 4, 'b.a': 5 })).deep.equal({
      a: { b: 4 },
      b: { a: 5 },
    })
  })",604,609,snuts
/tests/test_common.js,AnonymousTest,"{'startLine':611,'endLine':613}","it('nested array', () => {
    expect(expand({ 'a.0': 4, 'a.1': 5 })).deep.equal({ a: [4, 5] })
  })",611,613,snuts
/tests/test_common.js,AnonymousTest,"{'startLine':615,'endLine':617}","it('array-like', () => {
    expect(expand({ 'a[0]': 4, 'a[1]': 5 })).deep.equal({ a: [4, 5] })
  })",615,617,snuts
/tests/test_common.js,AnonymousTest,"{'startLine':619,'endLine':623}","it('example', () => {
    expect(expand({ 'foo[bar][0]': 'baz' })).deep.equal({
      foo: { bar: ['baz'] },
    })
  })",619,623,snuts
/tests/test_common.js,IdenticalTestDescription,"{'startLine':584,'endLine':586}","it('null', () => {
    expect(expand(null), null)
  })",584,586,snuts
/tests/test_common.js,IdenticalTestDescription,"{'startLine':600,'endLine':602}","it('nested object', () => {
    expect(expand({ 'a.b': 4, 'a.c': 5 })).deep.equal({ a: { b: 4, c: 5 } })
  })",600,602,snuts
/tests/test_common.js,IdenticalTestDescription,"{'startLine':604,'endLine':609}","it('nested object', () => {
    expect(expand({ 'a.b': 4, 'b.a': 5 })).deep.equal({
      a: { b: 4 },
      b: { a: 5 },
    })
  })",604,609,snuts
/tests/test_common.js,NonFunctionalStatement,"{'startLine':492,'endLine':492}","it('should handle a single callback', async () => {
    // TODO: Only passing a callback isn't currently supported by Nock,
    // but should be in the future as Node allows it.
    const cb = () => {}

    const { options, callback } = common.normalizeClientRequestArgs(cb)

    expect(options).to.deep.equal({})
    expect(callback).to.equal(cb)
  })",489,498,snuts
/tests/test_back.js,IdenticalTestDescription,"{'startLine':494,'endLine':500}","it('should throw the expected exception when fs is not available', () => {
      const nockBackWithoutFs = proxyquire('../lib/back', { fs: null })
      nockBackWithoutFs.setMode('record')

      nockBackWithoutFs.fixtures = path.resolve(__dirname, 'fixtures')
      expect(() => nockBackWithoutFs('good_request.json')).to.throw('no fs')
    })",494,500,snuts
/tests/test_back.js,IdenticalTestDescription,"{'startLine':525,'endLine':549}","it('should record when configured correctly', done => {
      expect(fs.existsSync(fixtureLoc)).to.be.false()

      nockBack(fixture, nockDone => {
        startHttpServer(requestListener).then(server => {
          const request = http.request(
            {
              host: 'localhost',
              path: '/',
              port: server.address().port,
            },
            response => {
              nockDone()

              expect(response.statusCode).to.equal(217)
              expect(fs.existsSync(fixtureLoc)).to.be.true()
              done()
            },
          )

          request.on('error', () => expect.fail())
          request.end()
        })
      })
    })",525,549,snuts
/tests/test_back.js,IdenticalTestDescription,"{'startLine':551,'endLine':588}","it('should record the expected data', done => {
      nockBack(fixture, nockDone => {
        startHttpServer(requestListener).then(server => {
          const request = http.request(
            {
              host: 'localhost',
              path: '/',
              port: server.address().port,
              method: 'GET',
            },
            response => {
              response.once('end', async () => {
                nockDone()

                const fixtureContent = JSON.parse(
                  fs.readFileSync(fixtureLoc).toString('utf8'),
                )
                expect(fixtureContent).to.have.length(1)

                const [firstFixture] = fixtureContent
                expect(firstFixture).to.include({
                  method: 'GET',
                  path: '/',
                  status: 217,
                })

                done()
              })

              response.resume()
            },
          )

          request.on('error', err => expect.fail(err.message))
          request.end()
        })
      })
    })",551,588,snuts
/tests/test_back.js,IdenticalTestDescription,"{'startLine':592,'endLine':616}","it('can record twice', done => {
      expect(fs.existsSync(fixtureLoc)).to.be.false()

      nockBack(fixture, function (nockDone) {
        startHttpServer(requestListener).then(server => {
          const request = http.request(
            {
              host: 'localhost',
              path: '/',
              port: server.address().port,
            },
            response => {
              nockDone()

              expect(response.statusCode).to.equal(217)
              expect(fs.existsSync(fixtureLoc)).to.be.true()
              done()
            },
          )

          request.on('error', () => expect.fail())
          request.end()
        })
      })
    })",592,616,snuts
/tests/test_back.js,IdenticalTestDescription,"{'startLine':661,'endLine':689}","it('should filter after recording', done => {
      expect(fs.existsSync(fixtureLoc)).to.be.false()

      // You would do some filtering here, but for this test we'll just return
      // an empty array.
      const afterRecord = () => []

      nockBack(fixture, { afterRecord }, function (nockDone) {
        startHttpServer(requestListener).then(server => {
          const request = http.request(
            {
              host: 'localhost',
              path: '/',
              port: server.address().port,
            },
            response => {
              nockDone()

              expect(response.statusCode).to.equal(217)
              expect(fs.existsSync(fixtureLoc)).to.be.true()
              expect(this.scopes).to.be.empty()
              done()
            },
          )
          request.on('error', () => expect.fail())
          request.end()
        })
      })
    })",661,689,snuts
/tests/test_back.js,IdenticalTestDescription,"{'startLine':691,'endLine':719}","it('should format after recording', done => {
      expect(fs.existsSync(fixtureLoc)).to.be.false()

      const afterRecord = () => 'string-response'

      nockBack(fixture, { afterRecord }, function (nockDone) {
        startHttpServer(requestListener).then(server => {
          const request = http.request(
            {
              host: 'localhost',
              path: '/',
              port: server.address().port,
            },
            response => {
              nockDone()

              expect(response.statusCode).to.equal(217)
              expect(fs.existsSync(fixtureLoc)).to.be.true()
              expect(fs.readFileSync(fixtureLoc, 'utf8')).to.equal(
                'string-response',
              )
              done()
            },
          )
          request.on('error', () => expect.fail())
          request.end()
        })
      })
    })",691,719,snuts
/tests/test_back.js,IdenticalTestDescription,"{'startLine':721,'endLine':756}","it('should pass custom options to recorder', done => {
      nockBack(
        fixture,
        { recorder: { enable_reqheaders_recording: true } },
        nockDone => {
          startHttpServer(requestListener).then(server => {
            const request = http.request(
              {
                host: 'localhost',
                path: '/',
                port: server.address().port,
                method: 'GET',
              },
              response => {
                response.once('end', async () => {
                  nockDone()

                  const fixtureContent = JSON.parse(
                    fs.readFileSync(fixtureLoc).toString('utf8'),
                  )

                  expect(fixtureContent).to.have.length(1)
                  expect(fixtureContent[0].reqheaders).to.be.ok()

                  done()
                })
                response.resume()
              },
            )

            request.on('error', () => expect.fail())
            request.end()
          })
        },
      )
    })",721,756,snuts
/tests/test_back.js,IdenticalTestDescription,"{'startLine':758,'endLine':764}","it('should throw the expected exception when fs is not available', () => {
      const nockBackWithoutFs = proxyquire('../lib/back', { fs: null })
      nockBackWithoutFs.setMode('update')

      nockBackWithoutFs.fixtures = path.resolve(__dirname, 'fixtures')
      expect(() => nockBackWithoutFs('good_request.json')).to.throw('no fs')
    })",758,764,snuts
/tests/test_abort_signal.js,NonFunctionalStatement,"{'startLine':15,'endLine':15}",Unknown,,,snuts
/tests/test_abort_signal.js,NonFunctionalStatement,"{'startLine':95,'endLine':95}","it('aborts a request if the signal is aborted after the response headers have been read', async () => {
    const abortController = new AbortController()
    const scope = nock('http://example.test').post('/form').reply(201, 'OK!')

    const makeRequest = () =>
      new Promise((resolve, reject) => {
        http
          .request('http://example.test/form', {
            signal: abortController.signal,
            method: 'POST',
          })
          .on('response', res => {
            abortController.abort()
            res
              .on('data', () => {})
              .on('error', error => {
                reject(error)
              })
              .on('end', () =>
                resolve({
                  statusCode: res.statusCode,
                }),
              )
          })
          .on('error', error => {
            reject(error)
          })
          .end()
      })

    const error = await makeRequest().catch(error => error)
    expect(error).to.have.property('message', 'The operation was aborted')
    expect(error).to.have.property('name', 'AbortError')
    expect(error).to.have.property('code', 'ABORT_ERR')
    expect(error.cause).to.have.property(
      'message',
      'This operation was aborted',
    )
    scope.done()
  })",81,120,snuts
/tests/test_abort.js,NonFunctionalStatement,"{'startLine':114,'endLine':114}","it('Emits the expected event sequence when aborted multiple times', done => {
    const scope = nock('http://example.test').get('/').reply()

    const req = http.request('http://example.test')
    const emitSpy = sinon.spy(req, 'emit')

    req.on('error', () => {}) // listen for error so it doesn't bubble
    req.on('socket', () => {
      req.abort()
      req.abort()
      req.abort()
    })
    req.end()

    setTimeout(() => {
      const events = emitSpy.args.map(i => i[0])
      // important: `abort` and `error` events only fire once and the `close` event still fires at the end
      expect(events).to.deep.equal(['socket', 'abort', 'error', 'close'])
      expect(scope.isDone()).to.be.false()
      done()
    }, 10)
  })",108,129,snuts
/tests/got/test_url_encoding.js,AnonymousTest,"{'startLine':7,'endLine':14}","it('url encoding', async () => {
  const scope = nock('http://example.test').get('/key?a=[1]').reply(200)

  const { statusCode } = await got('http://example.test/key?a=[1]')
  expect(statusCode).to.equal(200)

  scope.done()
})",7,14,snuts
/tests/got/test_stream.js,AnonymousTest,"{'startLine':101,'endLine':152}","it('response pipe', done => {
  const dest = (() => {
    function Constructor() {
      events.EventEmitter.call(this)

      this.buffer = Buffer.alloc(0)
      this.writable = true
    }

    util.inherits(Constructor, events.EventEmitter)

    Constructor.prototype.end = function () {
      this.emit('end')
    }

    Constructor.prototype.write = function (chunk) {
      const buf = Buffer.alloc(this.buffer.length + chunk.length)

      this.buffer.copy(buf)
      chunk.copy(buf, this.buffer.length)

      this.buffer = buf

      return true
    }

    return new Constructor()
  })()

  const scope = nock('http://example.test').get('/').reply(200, 'nobody')

  http.get(
    {
      host: 'example.test',
      path: '/',
    },
    res => {
      const onPipeEvent = sinon.spy()

      dest.on('pipe', onPipeEvent)

      dest.on('end', () => {
        scope.done()
        expect(onPipeEvent).to.have.been.calledOnce()
        expect(dest.buffer.toString()).to.equal('nobody')
        done()
      })

      res.pipe(dest)
    },
  )
})",101,152,snuts
/tests/got/test_stream.js,ConditionalTestLogic,"{'startLine':254,'endLine':258}","it('response readable pull stream works as expected', done => {
  nock('http://example.test')
    .get('/ssstream')
    .reply(200, 'this is the response body yeah')

  const req = http.request(
    {
      host: 'example.test',
      path: '/ssstream',
      port: 80,
    },
    res => {
      let ended = false
      let responseBody = ''
      expect(res.statusCode).to.equal(200)
      res.on('readable', function () {
        let chunk
        while ((chunk = res.read()) !== null) {
          responseBody += chunk.toString()
        }
        if (chunk === null && !ended) {
          ended = true
          expect(responseBody).to.equal('this is the response body yeah')
          done()
        }
      })
    },
  )

  req.end()
})",234,264,snuts
/tests/got/test_request_overrider.js,AnonymousTest,"{'startLine':488,'endLine':509}","it('.setNoDelay', done => {
    nock('http://example.test').get('/yay').reply(200, 'Hi')

    const req = http.request(
      {
        host: 'example.test',
        path: '/yay',
        port: 80,
      },
      res => {
        expect(res.statusCode).to.equal(200)
        res.on('end', done)
        // Streams start in 'paused' mode and must be started.
        // See https://nodejs.org/api/stream.html#stream_class_stream_readable
        res.resume()
      },
    )

    req.setNoDelay(true)

    req.end()
  })",488,509,snuts
/tests/got/test_request_overrider.js,NonFunctionalStatement,"{'startLine':638,'endLine':638}","it('socket has destroy() method', done => {
    nock('http://example.test').get('/').reply(200, 'hey')

    const req = http.get('http://example.test')
    req.on('error', () => {}) // listen for error so it doesn't bubble
    req.once('socket', socket => {
      socket.destroy()
      done()
    })
  })",634,643,snuts
/tests/got/test_request_overrider.js,NonFunctionalStatement,"{'startLine':649,'endLine':649}","it('calling Socket#destroy() multiple times only emits a single `close` event', done => {
    nock('http://example.test').get('/').reply(200, 'hey')

    const req = http.get('http://example.test')
    req.on('error', () => {}) // listen for error so it doesn't bubble
    req.once('socket', socket => {
      const closeSpy = sinon.spy()
      socket.on('close', closeSpy)

      socket.destroy().destroy().destroy()

      setTimeout(() => {
        expect(closeSpy).to.have.been.calledOnce()
        done()
      }, 10)
    })
  })",645,661,snuts
/tests/got/test_request_overrider.js,NonFunctionalStatement,"{'startLine':681,'endLine':681}","it('abort destroys socket', done => {
    nock('http://example.test').get('/').reply(200, 'hey')

    const req = http.get('http://example.test')
    // Ignore errors.
    req.once('error', () => {})
    req.once('socket', socket => {
      req.abort()
      expect(socket.destroyed).to.be.true()
      done()
    })
  })",676,687,snuts
/tests/got/test_reply_headers.js,AnonymousTest,"{'startLine':20,'endLine':43}","it('as array', async () => {
      const scope = nock('http://example.test')
        .get('/')
        .reply(200, 'Hello World!', [
          'X-My-Header',
          'My Header value',
          'X-Other-Header',
          'My Other Value',
        ])

      const { headers, rawHeaders } = await got('http://example.test/')

      expect(headers).to.deep.equal({
        'x-my-header': 'My Header value',
        'x-other-header': 'My Other Value',
      })
      expect(rawHeaders).to.deep.equal([
        'X-My-Header',
        'My Header value',
        'X-Other-Header',
        'My Other Value',
      ])
      scope.done()
    })",20,43,snuts
/tests/got/test_reply_headers.js,AnonymousTest,"{'startLine':114,'endLine':124}","it('as object', async () => {
      const scope = nock('http://example.test')
        .get('/')
        .reply(200, 'Hello World!', { 'X-My-Headers': 'My Header value' })

      const { headers, rawHeaders } = await got('http://example.test/')

      expect(headers).to.deep.equal({ 'x-my-headers': 'My Header value' })
      expect(rawHeaders).to.deep.equal(['X-My-Headers', 'My Header value'])
      scope.done()
    })",114,124,snuts
/tests/got/test_reply_headers.js,AnonymousTest,"{'startLine':126,'endLine':148}","it('as Map', async () => {
      const replyHeaders = new Map([
        ['X-My-Header', 'My Header value'],
        ['X-Other-Header', 'My Other Value'],
      ])
      const scope = nock('http://example.test')
        .get('/')
        .reply(200, 'Hello World!', replyHeaders)

      const { headers, rawHeaders } = await got('http://example.test/')

      expect(headers).to.deep.equal({
        'x-my-header': 'My Header value',
        'x-other-header': 'My Other Value',
      })
      expect(rawHeaders).to.deep.equal([
        'X-My-Header',
        'My Header value',
        'X-Other-Header',
        'My Other Value',
      ])
      scope.done()
    })",126,148,snuts
/tests/got/test_reply_headers.js,AnonymousTest,"{'startLine':166,'endLine':193}","it('as array', async () => {
      const scope = nock('http://example.test')
        .get('/')
        .reply(() => [
          200,
          'Hello World!',
          [
            'X-My-Header',
            'My Header value',
            'X-Other-Header',
            'My Other Value',
          ],
        ])

      const { headers, rawHeaders } = await got('http://example.test/')

      expect(headers).to.deep.equal({
        'x-my-header': 'My Header value',
        'x-other-header': 'My Other Value',
      })
      expect(rawHeaders).to.deep.equal([
        'X-My-Header',
        'My Header value',
        'X-Other-Header',
        'My Other Value',
      ])
      scope.done()
    })",166,193,snuts
/tests/got/test_reply_headers.js,AnonymousTest,"{'startLine':195,'endLine':209}","it('as object', async () => {
      const scope = nock('http://example.test')
        .get('/')
        .reply(() => [
          200,
          'Hello World!',
          { 'X-My-Headers': 'My Header value' },
        ])

      const { headers, rawHeaders } = await got('http://example.test/')

      expect(headers).to.deep.equal({ 'x-my-headers': 'My Header value' })
      expect(rawHeaders).to.deep.equal(['X-My-Headers', 'My Header value'])
      scope.done()
    })",195,209,snuts
/tests/got/test_reply_headers.js,AnonymousTest,"{'startLine':211,'endLine':233}","it('as Map', async () => {
      const replyHeaders = new Map([
        ['X-My-Header', 'My Header value'],
        ['X-Other-Header', 'My Other Value'],
      ])
      const scope = nock('http://example.test')
        .get('/')
        .reply(() => [200, 'Hello World!', replyHeaders])

      const { headers, rawHeaders } = await got('http://example.test/')

      expect(headers).to.deep.equal({
        'x-my-header': 'My Header value',
        'x-other-header': 'My Other Value',
      })
      expect(rawHeaders).to.deep.equal([
        'X-My-Header',
        'My Header value',
        'X-Other-Header',
        'My Other Value',
      ])
      scope.done()
    })",211,233,snuts
/tests/got/test_reply_headers.js,IdenticalTestDescription,"{'startLine':166,'endLine':193}","it('as array', async () => {
      const scope = nock('http://example.test')
        .get('/')
        .reply(() => [
          200,
          'Hello World!',
          [
            'X-My-Header',
            'My Header value',
            'X-Other-Header',
            'My Other Value',
          ],
        ])

      const { headers, rawHeaders } = await got('http://example.test/')

      expect(headers).to.deep.equal({
        'x-my-header': 'My Header value',
        'x-other-header': 'My Other Value',
      })
      expect(rawHeaders).to.deep.equal([
        'X-My-Header',
        'My Header value',
        'X-Other-Header',
        'My Other Value',
      ])
      scope.done()
    })",166,193,snuts
/tests/got/test_reply_headers.js,IdenticalTestDescription,"{'startLine':195,'endLine':209}","it('as object', async () => {
      const scope = nock('http://example.test')
        .get('/')
        .reply(() => [
          200,
          'Hello World!',
          { 'X-My-Headers': 'My Header value' },
        ])

      const { headers, rawHeaders } = await got('http://example.test/')

      expect(headers).to.deep.equal({ 'x-my-headers': 'My Header value' })
      expect(rawHeaders).to.deep.equal(['X-My-Headers', 'My Header value'])
      scope.done()
    })",195,209,snuts
/tests/got/test_reply_headers.js,IdenticalTestDescription,"{'startLine':211,'endLine':233}","it('as Map', async () => {
      const replyHeaders = new Map([
        ['X-My-Header', 'My Header value'],
        ['X-Other-Header', 'My Other Value'],
      ])
      const scope = nock('http://example.test')
        .get('/')
        .reply(() => [200, 'Hello World!', replyHeaders])

      const { headers, rawHeaders } = await got('http://example.test/')

      expect(headers).to.deep.equal({
        'x-my-header': 'My Header value',
        'x-other-header': 'My Other Value',
      })
      expect(rawHeaders).to.deep.equal([
        'X-My-Header',
        'My Header value',
        'X-Other-Header',
        'My Other Value',
      ])
      scope.done()
    })",211,233,snuts
/tests/got/test_reply_function_sync.js,AnonymousTest,"{'startLine':74,'endLine':83}","it('stringifies null', async () => {
      const scope = nock('http://example.test')
        .get('/')
        .reply(201, () => null)

      const { statusCode, body } = await got('http://example.test')
      expect(statusCode).to.equal(201)
      expect(body).to.be.a('string').and.to.equal('null')
      scope.done()
    })",74,83,snuts
/tests/got/test_reply_function_sync.js,IdenticalTestDescription,"{'startLine':103,'endLine':122}","it('passes through a string', async () => {
        const exampleRequestBody = 'key=val'
        const exampleResponseBody = 'foo'

        const scope = nock('http://example.test')
          .post('/endpoint', exampleRequestBody)
          .reply(404, () => exampleResponseBody)

        await assertRejects(
          got.post('http://example.test/endpoint', {
            body: exampleRequestBody,
          }),
          ({ response: { statusCode, body } }) => {
            expect(statusCode).to.equal(404)
            expect(body).to.equal(exampleResponseBody)
            return true
          },
        )
        scope.done()
      })",103,122,snuts
/tests/got/test_reply_body.js,AnonymousTest,"{'startLine':52,'endLine':61}","it('stringifies null', async () => {
    const scope = nock('http://example.test').get('/').reply(200, null)

    const { statusCode, body } = await got('http://example.test/')

    expect(statusCode).to.equal(200)
    // `'null'` is json-stringified `null`.
    expect(body).to.be.a('string').and.equal('null')
    scope.done()
  })",52,61,snuts
/tests/got/test_repeating.js,AnonymousTest,"{'startLine':9,'endLine':24}","it('`once()`', async () => {
    const scope = nock('http://example.test')
      .get('/')
      .once()
      .reply(200, 'Hello World!')

    const { statusCode } = await got('http://example.test/')
    expect(statusCode).to.equal(200)

    await assertRejects(
      got('http://example.test/'),
      /Nock: No match for request/,
    )

    scope.done()
  })",9,24,snuts
/tests/got/test_repeating.js,AnonymousTest,"{'startLine':26,'endLine':44}","it('`twice()`', async () => {
    const scope = nock('http://example.test')
      .get('/')
      .twice()
      .reply(200, 'Hello World!')

    // eslint-disable-next-line no-unused-vars
    for (const _ of Array(2)) {
      const { statusCode } = await got('http://example.test/')
      expect(statusCode).to.equal(200)
    }

    await assertRejects(
      got('http://example.test/'),
      /Nock: No match for request/,
    )

    scope.done()
  })",26,44,snuts
/tests/got/test_repeating.js,AnonymousTest,"{'startLine':46,'endLine':64}","it('`thrice()`', async () => {
    const scope = nock('http://example.test')
      .get('/')
      .thrice()
      .reply(200, 'Hello World!')

    // eslint-disable-next-line no-unused-vars
    for (const _ of Array(3)) {
      const { statusCode } = await got('http://example.test/')
      expect(statusCode).to.equal(200)
    }

    await assertRejects(
      got('http://example.test/'),
      /Nock: No match for request/,
    )

    scope.done()
  })",46,64,snuts
/tests/got/test_redirects.js,AnonymousTest,"{'startLine':7,'endLine':22}","it('follows redirects', async () => {
  const scope = nock('http://example.test')
    .get('/YourAccount')
    .reply(302, undefined, {
      Location: 'http://example.test/Login',
    })
    .get('/Login')
    .reply(200, 'Here is the login page')

  const { statusCode, body } = await got('http://example.test/YourAccount')

  expect(statusCode).to.equal(200)
  expect(body).to.equal('Here is the login page')

  scope.done()
})",7,22,snuts
/tests/got/test_recorder.js,AnonymousTest,"{'startLine':88,'endLine':120}","it('records', async () => {
    const gotRequest = sinon.spy()

    nock.restore()
    nock.recorder.clear()
    expect(nock.recorder.play()).to.be.empty()

    const { origin, port } = await servers.startHttpServer(
      (request, response) => {
        gotRequest()
        response.writeHead(200)
        response.end()
      },
    )

    nock.recorder.rec(true)

    await got.post(origin)

    expect(gotRequest).to.have.been.calledOnce()

    nock.restore()

    const recorded = nock.recorder.play()
    expect(recorded).to.have.lengthOf(1)
    expect(recorded[0]).to.be.a('string')
    // TODO: Use chai-string?
    expect(
      recorded[0].startsWith(
        `\nnock('http://localhost:${port}', {""encodedQueryParams"":true})\n  .post('/')`,
      ),
    ).to.be.true()
  })",88,120,snuts
/tests/got/test_recorder.js,AnonymousTest,"{'startLine':147,'endLine':177}","it('records objects', async () => {
    const gotRequest = sinon.spy()

    nock.restore()
    nock.recorder.clear()
    expect(nock.recorder.play()).to.be.empty()

    const { origin } = await servers.startHttpServer((request, response) => {
      gotRequest()
      response.writeHead(200)
      response.end()
    })

    nock.recorder.rec({
      dont_print: true,
      output_objects: true,
    })

    const requestBody = '0123455'
    await got.post(origin, { body: requestBody })

    expect(gotRequest).to.have.been.calledOnce()
    nock.restore()
    const recorded = nock.recorder.play()
    expect(recorded).to.have.lengthOf(1)
    expect(recorded[0]).to.include({
      scope: origin,
      method: 'POST',
      body: requestBody,
    })
  })",147,177,snuts
/tests/got/test_recorder.js,GeneralFixture,"{'startLine':17,'endLine':17}","beforeEach(() => {
    globalCount = Object.keys(global).length
  })",16,18,snuts
/tests/got/test_recorder.js,OvercommentedTest,"{'startLine':211,'endLine':248}","it('records objects and correctly stores JSON object in body', async () => {
    nock.restore()
    nock.recorder.clear()
    expect(nock.recorder.play()).to.be.empty()

    const { origin } = await servers.startHttpServer()

    nock.recorder.rec({
      dont_print: true,
      output_objects: true,
    })

    const exampleBody = { foo: 123 }

    await got.post(origin, {
      headers: { 'content-type': 'application/json' },
      body: JSON.stringify(exampleBody),
    })

    nock.restore()
    const recorded = nock.recorder.play()
    nock.recorder.clear()
    nock.activate()

    expect(recorded).to.have.lengthOf(1)

    // TODO See https://github.com/nock/nock/issues/1229

    // This is the current behavior: store body as decoded JSON.
    expect(recorded[0]).to.deep.include({ body: exampleBody })

    // This is the desired behavior: store the body as encoded JSON. The second
    // test shows desired behavior: store body as encoded JSON so that JSON
    // strings can be correctly matched at runtime. Because headers are not
    // stored in the recorder output, it is impossible for the loader to
    // differentiate a stored JSON string from a non-JSON body.
    // expect(recorded[0]).to.include({ body: JSON.stringify(exampleBody) })
  })",211,248,snuts
/tests/got/test_recorder.js,VerboseStatement,"{'startLine':250,'endLine':288}","it('records and replays objects correctly', async () => {
    const exampleText = '<html><body>example</body></html>'

    const { origin } = await servers.startHttpServer((request, response) => {
      switch (require('url').parse(request.url).pathname) {
        case '/':
          response.writeHead(302, { Location: '/abc' })
          break
        case '/abc':
          response.write(exampleText)
          break
      }
      response.end()
    })

    nock.restore()
    nock.recorder.clear()
    expect(nock.recorder.play()).to.be.empty()

    nock.recorder.rec({
      dont_print: true,
      output_objects: true,
    })

    const response1 = await got(origin)
    expect(response1.body).to.equal(exampleText)

    nock.restore()
    const recorded = nock.recorder.play()
    nock.recorder.clear()
    nock.activate()

    expect(recorded).to.have.lengthOf(2)
    const nocks = nock.define(recorded)

    const response2 = await got(origin)
    expect(response2.body).to.equal(exampleText)
    nocks.forEach(nock => nock.done())
  })",250,288,snuts
/tests/got/test_recorder.js,VerboseStatement,"{'startLine':290,'endLine':329}","it('records and replays correctly with filteringRequestBody', async () => {
    const responseBody = '<html><body>example</body></html>'
    const { origin } = await servers.startHttpServer((request, response) => {
      response.write(responseBody)
      response.end()
    })

    nock.restore()
    nock.recorder.clear()
    expect(nock.recorder.play()).to.be.empty()

    nock.recorder.rec({
      dont_print: true,
      output_objects: true,
    })

    const response1 = await got(origin)
    expect(response1.body).to.equal(responseBody)
    expect(response1.headers).to.be.ok()

    nock.restore()
    const recorded = nock.recorder.play()
    nock.recorder.clear()
    nock.activate()

    expect(recorded).to.have.lengthOf(1)
    const onFilteringRequestBody = sinon.spy()
    const [definition] = recorded
    definition.filteringRequestBody = (body, aRecodedBody) => {
      onFilteringRequestBody()
      expect(body).to.equal(aRecodedBody)
      return body
    }
    const nocks = nock.define([definition])

    const response2 = await got(origin)
    expect(response2.body).to.equal(responseBody)
    nocks.forEach(nock => nock.done())
    expect(onFilteringRequestBody).to.have.been.calledOnce()
  })",290,329,snuts
/tests/got/test_recorder.js,VerboseStatement,"{'startLine':675,'endLine':712}","it('records and replays gzipped nocks correctly', async () => {
    const exampleText = '<html><body>example</body></html>'

    const { origin } = await servers.startHttpServer((request, response) => {
      zlib.gzip(exampleText, (err, result) => {
        expect(err).to.be.null()
        response.writeHead(200, { 'content-encoding': 'gzip' })
        response.end(result)
      })
    })

    nock.restore()
    nock.recorder.clear()
    expect(nock.recorder.play()).to.be.empty()

    nock.recorder.rec({
      dont_print: true,
      output_objects: true,
    })

    const response1 = await got(origin)
    expect(response1.body).to.equal(exampleText)
    expect(response1.headers).to.include({ 'content-encoding': 'gzip' })

    nock.restore()
    const recorded = nock.recorder.play()
    nock.recorder.clear()
    nock.activate()

    expect(recorded).to.have.lengthOf(1)
    const nocks = nock.define(recorded)

    const response2 = await got(origin)
    expect(response2.body).to.equal(exampleText)
    expect(response2.headers).to.include({ 'content-encoding': 'gzip' })

    nocks.forEach(nock => nock.done())
  })",675,712,snuts
/tests/got/test_recorder.js,VerboseStatement,"{'startLine':714,'endLine':753}","it('records and replays the response body', async () => {
    const exampleBody = '<html><body>example</body></html>'

    const { origin } = await servers.startHttpServer((request, response) => {
      switch (require('url').parse(request.url).pathname) {
        case '/':
          response.writeHead(302, { Location: '/abc' })
          break
        case '/abc':
          response.write(exampleBody)
          break
      }
      response.end()
    })

    nock.restore()
    nock.recorder.clear()
    expect(nock.recorder.play()).to.be.empty()

    nock.recorder.rec({
      dont_print: true,
      output_objects: true,
    })

    const response1 = await got(origin)
    expect(response1.body).to.equal(exampleBody)

    nock.restore()
    const recorded = nock.recorder.play()
    nock.recorder.clear()
    nock.activate()

    // Two requests, on account of the redirect.
    expect(recorded).to.have.lengthOf(2)
    const nocks = nock.define(recorded)

    const response2 = await got(origin)
    expect(response2.body).to.equal(exampleBody)
    nocks.forEach(nock => nock.done())
  })",714,753,snuts
/tests/got/test_query_complex.js,OvercommentedTest,"{'startLine':7,'endLine':25}","it('query with array', async () => {
    // In Node 10.x this can be updated:
    // const exampleQuery = new URLSearchParams([
    //   ['list', 123],
    //   ['list', 456],
    //   ['list', 789],
    //   ['a', 'b'],
    // ])
    const expectedQuery = { list: [123, 456, 789], a: 'b' }
    const encodedQuery = 'list=123&list=456&list=789&a=b'

    const scope = nock('http://example.test')
      .get('/test')
      .query(expectedQuery)
      .reply()
    await got(`http://example.test/test?${encodedQuery}`)

    scope.done()
  })",7,25,snuts
/tests/got/test_query_complex.js,OvercommentedTest,"{'startLine':114,'endLine':138}","it('query with array and regexp', async () => {
    // In Node 10.x this can be updated:
    // const exampleQuery = new URLSearchParams([
    //   ['list', 123],
    //   ['list', 456],
    //   ['list', 789],
    //   ['foo', 'bar'],
    //   ['a', 'b'],
    // ]).toString()
    const encodedQuery = 'list=123&list=456&list=789&foo=bar&a=b'

    const expectedQuery = {
      list: [123, 456, 789],
      foo: /.*/,
      a: 'b',
    }

    const scope = nock('http://example.test')
      .get('/test')
      .query(expectedQuery)
      .reply()
    await got(`http://example.test/test?${encodedQuery}`)

    scope.done()
  })",114,138,snuts
/tests/got/test_query.js,AnonymousTest,"{'startLine':258,'endLine':267}","it('matches', async () => {
      const params = new url.URLSearchParams({ foo: 'bar' })

      const scope = nock('http://example.test').get('/').query(params).reply()

      const { statusCode } = await got('http://example.test?foo=bar')

      expect(statusCode).to.equal(200)
      scope.done()
    })",258,267,snuts
/tests/got/test_nock_off.js,GeneralFixture,"{'startLine':13,'endLine':13}","beforeEach(() => {
    original = process.env.NOCK_OFF
    process.env.NOCK_OFF = 'true'
  })",12,15,snuts
/tests/got/test_nock_lifecycle.js,ConditionalTestLogic,"{'startLine':32,'endLine':35}","it('(re-)activate after restore', async () => {
      const onResponse = sinon.spy()

      const { origin } = await servers.startHttpServer((request, response) => {
        onResponse()

        if (request.url === '/') {
          response.writeHead(200)
          response.write('server served a response')
        }

        response.end()
      })

      const scope = nock(origin).get('/').reply(304, 'served from our mock')

      nock.restore()
      expect(nock.isActive()).to.be.false()

      expect(await got(origin)).to.include({ statusCode: 200 })

      expect(scope.isDone()).to.be.false()

      nock.activate()
      expect(nock.isActive()).to.be.true()

      expect(await got(origin)).to.include({ statusCode: 304 })

      expect(scope.isDone()).to.be.true()

      expect(onResponse).to.have.been.calledOnce()
    })",26,57,snuts
/tests/got/test_intercept.js,AnonymousTest,"{'startLine':51,'endLine':80}","it('get, lowercase', done => {
    const onData = sinon.spy()

    const scope = nock('http://example.test').get('/form').reply(200, 'OK!')

    // Since this is testing a lowercase `method`, it's using the `http` module.
    const req = http.request(
      {
        host: 'example.test',
        method: 'get',
        path: '/form',
        port: 80,
      },
      res => {
        expect(res.statusCode).to.equal(200)
        res.on('data', data => {
          onData()
          expect(data).to.be.an.instanceOf(Buffer)
          expect(data.toString()).to.equal('OK!')
        })
        res.on('end', () => {
          expect(onData).to.have.been.calledOnce()
          scope.done()
          done()
        })
      },
    )

    req.end()
  })",51,80,snuts
/tests/got/test_intercept.js,AnonymousTest,"{'startLine':150,'endLine':179}","it('post, lowercase', done => {
    const onData = sinon.spy()

    const scope = nock('http://example.test').post('/form').reply(200, 'OK!')

    // Since this is testing a lowercase `method`, it's using the `http` module.
    const req = http.request(
      {
        host: 'example.test',
        method: 'post',
        path: '/form',
        port: 80,
      },
      res => {
        expect(res.statusCode).to.equal(200)
        res.on('data', data => {
          onData()
          expect(data).to.be.an.instanceOf(Buffer)
          expect(data.toString()).to.equal('OK!')
        })
        res.on('end', () => {
          expect(onData).to.have.been.calledOnce()
          scope.done()
          done()
        })
      },
    )

    req.end()
  })",150,179,snuts
/tests/got/test_intercept.js,AnonymousTest,"{'startLine':270,'endLine':284}","it('chaining', async () => {
    const scope = nock('http://example.test')
      .get('/')
      .reply(200, 'Hello World!')
      .post('/form')
      .reply(201, 'OK!')

    const response1 = await got.post('http://example.test/form')
    expect(response1).to.include({ statusCode: 201, body: 'OK!' })

    const response2 = await got('http://example.test/')
    expect(response2).to.include({ statusCode: 200, body: 'Hello World!' })

    scope.done()
  })",270,284,snuts
/tests/got/test_intercept.js,AnonymousTest,"{'startLine':286,'endLine':296}","it('encoding', async () => {
    const scope = nock('http://example.test')
      .get('/')
      .reply(200, 'Hello World!')

    const { body } = await got('http://example.test/', { encoding: 'base64' })

    expect(body).to.be.a('string').and.equal('SGVsbG8gV29ybGQh')

    scope.done()
  })",286,296,snuts
/tests/got/test_intercept.js,AnonymousTest,"{'startLine':314,'endLine':328}","it('chaining API', async () => {
    const scope = nock('http://example.test')
      .get('/one')
      .reply(200, 'first one')
      .get('/two')
      .reply(200, 'second one')

    const response1 = await got('http://example.test/one')
    expect(response1).to.include({ statusCode: 200, body: 'first one' })

    const response2 = await got('http://example.test/two')
    expect(response2).to.include({ statusCode: 200, body: 'second one' })

    scope.done()
  })",314,328,snuts
/tests/got/test_intercept.js,AnonymousTest,"{'startLine':330,'endLine':344}","it('same URI', async () => {
    const scope = nock('http://example.test')
      .get('/abc')
      .reply(200, 'first one')
      .get('/abc')
      .reply(201, 'second one')

    const response1 = await got('http://example.test/abc')
    expect(response1).to.include({ statusCode: 200, body: 'first one' })

    const response2 = await got('http://example.test/abc')
    expect(response2).to.include({ statusCode: 201, body: 'second one' })

    scope.done()
  })",330,344,snuts
/tests/got/test_intercept.js,OvercommentedTest,"{'startLine':1092,'endLine':1158}","it('works when headers are removed on the socket event', done => {
    // Set up a nock that will fail if it gets an ""authorization"" header.
    const scope = nock('http://example.test', { badheaders: ['authorization'] })
      .get('/endpoint')
      .reply()

    // Create a server to act as our reverse proxy.
    const server = http.createServer((request, response) => {
      // Make a request to the nock instance with the same request that came in.
      const proxyReq = http.request({
        host: 'example.test',
        // Get the path from the incoming request and pass it through.
        path: `/${request.url.split('/').slice(1).join('/')}`,
        headers: request.headers,
      })

      // When we connect, remove the authorization header (node-http-proxy uses
      // this event to do it).
      proxyReq.on('socket', () => {
        proxyReq.removeHeader('authorization')

        // End the request here, otherwise it ends up matching the request before
        // socket gets called because socket runs on `process.nextTick()`.
        proxyReq.end()
      })

      proxyReq.on('response', proxyRes => {
        proxyRes.pipe(response)
      })

      proxyReq.on('error', error => {
        expect.fail(error)
        done()
      })
    })

    server
      .listen(() => {
        // Now that the server's started up, make a request to it with an authorization header.
        const req = http.request(
          {
            hostname: 'localhost',
            path: '/endpoint',
            port: server.address().port,
            method: 'GET',
            headers: { authorization: 'blah' },
          },
          res => {
            // If we get a request, all good :)
            expect(res.statusCode).to.equal(200)
            scope.done()
            server.close(done)
          },
        )

        req.on('error', error => {
          expect.fail(error)
          done()
        })

        req.end()
      })
      .on('error', error => {
        expect.fail(error)
        done()
      })
  })",1092,1158,snuts
/tests/got/test_intercept.js,NonFunctionalStatement,"{'startLine':972,'endLine':972}","it('no content type provided', done => {
    const scope = nock('http://example.test')
      .replyContentLength()
      .post('/httppost', () => true)
      .reply(401, '')

    http
      .request(
        {
          host: 'example.test',
          path: '/httppost',
          method: 'POST',
          headers: {},
        },
        res => {
          res.on('data', () => {})
          res.once('end', () => {
            scope.done()
            done()
          })
        },
      )
      .end('WHAA')
  })",957,980,snuts
/tests/got/test_intercept.js,NonFunctionalStatement,"{'startLine':1002,'endLine':1002}","it('correctly parse request without specified path', done => {
    const scope1 = nock('https://example.test').get('/').reply(200)

    https
      .request({ hostname: 'example.test' }, res => {
        expect(res.statusCode).to.equal(200)
        res.on('data', () => {})
        res.on('end', () => {
          scope1.done()
          done()
        })
      })
      .end()
  })",996,1009,snuts
/tests/got/test_intercept.js,NonFunctionalStatement,"{'startLine':1040,'endLine':1040}","it('with filteringScope, URL path without leading slash does not throw error', done => {
    expect(() =>
      nock('http://example.test', { filteringScope: () => {} }).get(''),
    ).not.to.throw()
    done()
  })",1038,1043,snuts
/tests/got/test_header_matching.js,AnonymousTest,"{'startLine':584,'endLine':607}","it('header manipulation', done => {
  // This test seems to depend on behavior of the `http` module.
  const scope = nock('http://example.test')
    .get('/accounts')
    .reply(200, { accounts: [{ id: 1, name: 'Joe Blow' }] })

  const req = http.request({ host: 'example.test', path: '/accounts' }, res => {
    res.on('end', () => {
      scope.done()
      done()
    })
    // Streams start in 'paused' mode and must be started.
    // See https://nodejs.org/api/stream.html#stream_class_stream_readable
    res.resume()
  })

  req.setHeader('X-Custom-Header', 'My Value')
  expect(req.getHeader('X-Custom-Header')).to.equal('My Value')

  req.removeHeader('X-Custom-Header')
  expect(req.getHeader('X-Custom-Header')).to.be.undefined()

  req.end()
})",584,607,snuts
/tests/got/test_header_matching.js,IdenticalTestDescription,"{'startLine':212,'endLine':224}","it('should not match headers with function: does not match when match declined', async () => {
      nock('http://example.test')
        .get('/')
        .matchHeader('x-my-headers', () => false)
        .reply(200, 'Hello World!')

      await assertRejects(
        got('http://example.test/', {
          headers: { 'X-My-Headers': 456 },
        }),
        /Nock: No match for request/,
      )
    })",212,224,snuts
/tests/got/test_header_matching.js,IdenticalTestDescription,"{'startLine':226,'endLine':240}","it('should not consume mock request when match is declined by function', async () => {
      const scope = nock('http://example.test')
        .get('/')
        .matchHeader('x-my-headers', () => false)
        .reply(200, 'Hello World!')

      await assertRejects(
        got('http://example.test/', {
          headers: { '-My-Headers': 456 },
        }),
        /Nock: No match for request/,
      )

      expect(scope.isDone()).to.be.false()
    })",226,240,snuts
/tests/got/test_events.js,NonFunctionalStatement,"{'startLine':11,'endLine':11}",Unknown,,,snuts
/tests/got/test_delay.js,IdenticalTestDescription,"{'startLine':225,'endLine':235}","it('should delay the overall response', async () => {
    const scope = nock('http://example.test')
      .get('/')
      .delayConnection(200)
      .reply(200, 'OK')

    const { body } = await resolvesInAtLeast(got('http://example.test'), 200)

    expect(body).to.equal('OK')
    scope.done()
  })",225,235,snuts
/tests/got/test_delay.js,IdenticalTestDescription,"{'startLine':289,'endLine':303}","it('should work with a generic stream from the reply callback', async () => {
    const scope = nock('http://example.test')
      .get('/')
      .delayConnection(200)
      .reply(200, () => fs.createReadStream(textFilePath))

    const { body, statusCode } = await resolvesInAtLeast(
      got('http://example.test'),
      200,
    )

    expect(statusCode).to.equal(200)
    expect(body).to.equal(textFileContents)
    scope.done()
  })",289,303,snuts
/tests/got/test_define.js,AnonymousTest,"{'startLine':199,'endLine':241}","it('uses reqheaders', done => {
    const auth = 'foo:bar'
    const authHeader = `Basic ${Buffer.from('foo:bar').toString('base64')}`
    const reqheaders = {
      host: 'example.test',
      authorization: authHeader,
    }

    expect(
      nock.define([
        {
          scope: 'http://example.test',
          method: 'GET',
          path: '/',
          status: 200,
          reqheaders,
        },
      ]),
    ).to.be.ok()

    // Make a request which should match the mock that was configured above.
    // This does not hit the network.
    const req = http.request(
      {
        host: 'example.test',
        method: 'GET',
        path: '/',
        auth,
      },
      res => {
        expect(res.statusCode).to.equal(200)

        res.once('end', () => {
          expect(req.getHeaders(), reqheaders)
          done()
        })
        // Streams start in 'paused' mode and must be started.
        // See https://nodejs.org/api/stream.html#stream_class_stream_readable
        res.resume()
      },
    )
    req.end()
  })",199,241,snuts
/tests/got/test_define.js,AnonymousTest,"{'startLine':243,'endLine':286}","it('uses badheaders', done => {
    expect(
      nock.define([
        {
          scope: 'http://example.test',
          method: 'GET',
          path: '/',
          status: 401,
          badheaders: ['x-foo'],
        },
        {
          scope: 'http://example.test',
          method: 'GET',
          path: '/',
          status: 200,
          reqheaders: {
            'x-foo': 'bar',
          },
        },
      ]),
    ).to.be.ok()

    const req = http.request(
      {
        host: 'example.test',
        method: 'GET',
        path: '/',
        headers: {
          'x-foo': 'bar',
        },
      },
      res => {
        expect(res.statusCode).to.equal(200)

        res.once('end', () => {
          done()
        })
        // Streams start in 'paused' mode and must be started.
        // See https://nodejs.org/api/stream.html#stream_class_stream_readable
        res.resume()
      },
    )
    req.end()
  })",243,286,snuts
/tests/got/test_basic_auth.js,IdenticalTestDescription,"{'startLine':43,'endLine':50}","it('succeeds when it matches', async () => {
    const response = await got('http://example.test/test', {
      username: 'foo',
      password: '',
    })
    expect(response.statusCode).to.equal(200)
    expect(response.body).to.equal('Here is the content')
  })",43,50,snuts
/tests/got/test_basic_auth.js,IdenticalTestDescription,"{'startLine':52,'endLine':57}","it('fails when it doesnt match', async () => {
    await assertRejects(
      got('http://example.test/test'),
      /Nock: No match for request/,
    )
  })",52,57,snuts
/tests/got/test_back_filters.js,ConditionalTestLogic,"{'startLine':68,'endLine':70}","it('should pass filteringRequestBody options', async () => {
    const server = await startHttpServer()
    const nockBackOptions = {
      before(scope) {
        scope.filteringRequestBody = (body, recordedBody) => {
          const regExp = /token=[a-z-]+/
          const recordedBodyMatched = recordedBody.match(regExp)

          if (recordedBodyMatched && regExp.test(body)) {
            return body.replace(regExp, recordedBodyMatched[0])
          }

          return body
        }
      },
    }

    const back1 = await nockBack(fixtureFilename, nockBackOptions)
    const response1 = await got.post(server.origin, {
      form: { token: 'aaa-bbb-ccc' },
    })
    back1.nockDone()

    const fixtureContent = getFixtureContent()
    expect(fixtureContent).to.have.lengthOf(1)
    expect(fixtureContent[0].body).to.equal('token=aaa-bbb-ccc')

    const back2 = await nockBack(fixtureFilename, nockBackOptions)
    const response2 = await got.post(server.origin, {
      form: { token: 'ddd-eee-fff' },
    })
    back2.nockDone()

    expect(response2.text).to.deep.equal(response1.text)

    const fixtureContentReloaded = getFixtureContent()
    expect(fixtureContentReloaded).to.have.lengthOf(1)
    expect(fixtureContentReloaded[0].body).to.equal('token=aaa-bbb-ccc')
  })",60,98,snuts
/tests/got/test_back_filters.js,VerboseStatement,"{'startLine':32,'endLine':58}","it('should pass filteringPath options', async () => {
    const server = await startHttpServer()
    const nockBackOptions = {
      before(scope) {
        scope.filteringPath = path =>
          path.replace(/timestamp=[0-9]+/, 'timestamp=1111')
      },
    }

    const back1 = await nockBack(fixtureFilename, nockBackOptions)
    const response1 = await got(`${server.origin}/?timestamp=1111`)
    back1.nockDone()

    const fixtureContent = getFixtureContent()
    expect(fixtureContent).to.have.lengthOf(1)
    expect(fixtureContent[0].path).to.equal('/?timestamp=1111')

    const back2 = await nockBack(fixtureFilename, nockBackOptions)
    const response2 = await got(`${server.origin}/?timestamp=2222`)
    back2.nockDone()

    expect(response2.body).to.deep.equal(response1.body)

    const fixtureContentReloaded = getFixtureContent()
    expect(fixtureContentReloaded).to.have.lengthOf(1)
    expect(fixtureContentReloaded[0].path).to.equal('/?timestamp=1111')
  })",32,58,snuts
/tests/got/test_back_filters.js,VerboseStatement,"{'startLine':60,'endLine':98}","it('should pass filteringRequestBody options', async () => {
    const server = await startHttpServer()
    const nockBackOptions = {
      before(scope) {
        scope.filteringRequestBody = (body, recordedBody) => {
          const regExp = /token=[a-z-]+/
          const recordedBodyMatched = recordedBody.match(regExp)

          if (recordedBodyMatched && regExp.test(body)) {
            return body.replace(regExp, recordedBodyMatched[0])
          }

          return body
        }
      },
    }

    const back1 = await nockBack(fixtureFilename, nockBackOptions)
    const response1 = await got.post(server.origin, {
      form: { token: 'aaa-bbb-ccc' },
    })
    back1.nockDone()

    const fixtureContent = getFixtureContent()
    expect(fixtureContent).to.have.lengthOf(1)
    expect(fixtureContent[0].body).to.equal('token=aaa-bbb-ccc')

    const back2 = await nockBack(fixtureFilename, nockBackOptions)
    const response2 = await got.post(server.origin, {
      form: { token: 'ddd-eee-fff' },
    })
    back2.nockDone()

    expect(response2.text).to.deep.equal(response1.text)

    const fixtureContentReloaded = getFixtureContent()
    expect(fixtureContentReloaded).to.have.lengthOf(1)
    expect(fixtureContentReloaded[0].body).to.equal('token=aaa-bbb-ccc')
  })",60,98,snuts
/tests/got/test_allow_unmocked_https.js,OvercommentedTest,"{'startLine':70,'endLine':94}","it('allow unmocked option works with https for a partial match', async () => {
    // The `allowUnmocked` option is processed in two places. Once in the intercept when there
    // are no interceptors that come close to matching the request. And again in the overrider when
    // there are interceptors that partially match, eg just path, but don't completely match.
    // This explicitly tests the later case in the overrider by making an HTTPS request for a path
    // that has an interceptor but fails to match the query constraint.
    const { origin } = await servers.startHttpsServer((request, response) => {
      response.writeHead(201)
      response.write('foo')
      response.end()
    })

    nock(origin, { allowUnmocked: true })
      .get('/foo')
      .query({ foo: 'bar' })
      .reply(418)

    // no query so wont match the interceptor
    const { statusCode, body } = await got(`${origin}/foo`, {
      https: { certificateAuthority: servers.ca },
    })

    expect(statusCode).to.equal(201)
    expect(body).to.equal('foo')
  })",70,94,snuts
/tests/got/test_allow_unmocked_https.js,ConditionalTestLogic,"{'startLine':32,'endLine':36}","it('allow unmocked option works with https', async () => {
    const { origin } = await servers.startHttpsServer((request, response) => {
      if (request.url === '/does/not/exist') {
        response.writeHead(404)
        response.end()
        return
      }

      response.writeHead(200)
      response.write('server response')
      response.end()
    })

    const client = got.extend({
      prefixUrl: origin,
      throwHttpErrors: false,
      https: { certificateAuthority: servers.ca },
    })

    const scope = nock(origin, { allowUnmocked: true })
      .get('/abc')
      .reply(200, 'mocked response')
      .get('/wont/get/here')
      .reply(500)

    const response1 = await client('abc')
    expect(response1.statusCode).to.equal(200)
    expect(response1.body).to.equal('mocked response')
    expect(scope.isDone()).to.equal(false)
    const response2 = await client('does/not/exist')

    expect(response2.statusCode).to.equal(404)
    expect(scope.isDone()).to.equal(false)
    const response3 = await client('')

    expect(response3.statusCode).to.equal(200)
    expect(response3.body).to.equal('server response')
    expect(scope.isDone()).to.equal(false)
  })",30,68,snuts
/tests/got/test_allow_unmocked_https.js,VerboseStatement,"{'startLine':30,'endLine':68}","it('allow unmocked option works with https', async () => {
    const { origin } = await servers.startHttpsServer((request, response) => {
      if (request.url === '/does/not/exist') {
        response.writeHead(404)
        response.end()
        return
      }

      response.writeHead(200)
      response.write('server response')
      response.end()
    })

    const client = got.extend({
      prefixUrl: origin,
      throwHttpErrors: false,
      https: { certificateAuthority: servers.ca },
    })

    const scope = nock(origin, { allowUnmocked: true })
      .get('/abc')
      .reply(200, 'mocked response')
      .get('/wont/get/here')
      .reply(500)

    const response1 = await client('abc')
    expect(response1.statusCode).to.equal(200)
    expect(response1.body).to.equal('mocked response')
    expect(scope.isDone()).to.equal(false)
    const response2 = await client('does/not/exist')

    expect(response2.statusCode).to.equal(404)
    expect(scope.isDone()).to.equal(false)
    const response3 = await client('')

    expect(response3.statusCode).to.equal(200)
    expect(response3.body).to.equal('server response')
    expect(scope.isDone()).to.equal(false)
  })",30,68,snuts
/tests/got/test_allow_unmocked.js,VerboseStatement,"{'startLine':36,'endLine':75}","it('allow unmocked option allows traffic to server', async () => {
    const { origin } = await startHttpServer((request, response) => {
      switch (request.url) {
        case '/':
          response.writeHead(200)
          response.write('server served a response')
          break
        case '/not/available':
          response.writeHead(404)
          break
        case '/abc':
          response.writeHead(200)
          response.write('server served a response')
          break
      }

      response.end()
    })

    const scope = nock(origin, { allowUnmocked: true })
      .get('/abc')
      .reply(307, 'served from our mock')
      .get('/wont/get/here')
      .reply(307, 'served from our mock')
    const client = got.extend({ prefixUrl: origin, throwHttpErrors: false })

    const response1 = await client('abc')
    expect(response1.statusCode).to.equal(307)
    expect(response1.body).to.equal('served from our mock')
    expect(scope.isDone()).to.equal(false)

    const response2 = await client('not/available')
    expect(response2.statusCode).to.equal(404)
    expect(scope.isDone()).to.equal(false)

    const response3 = await client('')
    expect(response3.statusCode).to.equal(200)
    expect(response3.body).to.equal('server served a response')
    expect(scope.isDone()).to.equal(false)
  })",36,75,snuts
/tests/test_unix_socket.js,Conditional Test Logic,"{'line': 14, 'column': 0, 'index': 309}",Failed to parse file: 'return' outside of function. (16:2),,,steel
/tests/test_unix_socket.js,Conditional Test Logic,"{'line': 27, 'column': 8, 'index': 630}",Failed to parse file: 'return' outside of function. (16:2),,,steel
/tests/test_unix_socket.js,Conditional Test Logic,"{'line': 36, 'column': 8, 'index': 799}",Failed to parse file: 'return' outside of function. (16:2),,,steel
/tests/test_unix_socket.js,Conditional Test Logic,"{'line': 44, 'column': 6, 'index': 928}",Failed to parse file: 'return' outside of function. (16:2),,,steel
/tests/test_socket.js,Conditional Test Logic,"{'line': 87, 'column': 4, 'index': 2326}",Unknown,,,steel
/tests/test_socket.js,Unknown Test,"{'column': 2, 'line': 30}","it('adds callback as a one-time listener for parity with a real socket', done => {
    nock('http://example.test').get('/').delayConnection(100).reply()

    const onTimeout = () => {
      done()
    }

    http.get('http://example.test').on('socket', socket => {
      socket.setTimeout(50, onTimeout)
    })
  })",30,40,steel
/tests/test_socket.js,Unknown Test,"{'column': 2, 'line': 42}","it('can be called without a callback', done => {
    nock('http://example.test').get('/').delayConnection(100).reply()

    http.get('http://example.test').on('socket', socket => {
      socket.setTimeout(50)

      socket.on('timeout', () => {
        done()
      })
    })
  })",42,52,steel
/tests/test_socket.js,Unknown Test,"{'column': 2, 'line': 56}","it('can destroy the socket if stream is not finished', async () => {
    const scope = nock('http://example.test')

    scope.intercept('/somepath', 'GET').reply(() => {
      const buffer = Buffer.allocUnsafe(10000000)
      const data = new MemoryReadableStream(buffer, { highWaterMark: 128 })
      return [200, data]
    })

    const req = http.get('http://example.test/somepath')
    const stream = await new Promise(resolve => req.on('response', resolve))

    // close after first chunk of data
    stream.on('data', () => stream.destroy())

    await new Promise((resolve, reject) => {
      stream.on('error', reject)
      stream.on('close', resolve)
      stream.on('end', resolve)
    })
  })",56,76,steel
/tests/test_reply_with_error.js,Duplicate Assert,"{'line': 50, 'column': 6, 'index': 1129}","it('returns an Error object as an error response through the request', done => {
    const scope = nock('http://example.test')
      .post('/echo')
      .replyWithError(
        Object.assign(new Error('Connection refused'), {
          code: 'ECONNREFUSED',
        }),
      )

    const req = http.request({
      host: 'example.test',
      method: 'POST',
      path: '/echo',
      port: 80,
    })

    req.on('error', e => {
      expect(e).to.be.an.instanceof(Error)
      expect(e).to.have.property('message', 'Connection refused')
      expect(e).to.have.property('code', 'ECONNREFUSED')
      scope.done()
      done()
    })

    req.end()
  })",33,58,steel
/tests/test_reply_with_error.js,Duplicate Assert,"{'line': 51, 'column': 6, 'index': 1172}","it('returns an Error object as an error response through the request', done => {
    const scope = nock('http://example.test')
      .post('/echo')
      .replyWithError(
        Object.assign(new Error('Connection refused'), {
          code: 'ECONNREFUSED',
        }),
      )

    const req = http.request({
      host: 'example.test',
      method: 'POST',
      path: '/echo',
      port: 80,
    })

    req.on('error', e => {
      expect(e).to.be.an.instanceof(Error)
      expect(e).to.have.property('message', 'Connection refused')
      expect(e).to.have.property('code', 'ECONNREFUSED')
      scope.done()
      done()
    })

    req.end()
  })",33,58,steel
/tests/test_reply_with_error.js,Duplicate Assert,"{'line': 52, 'column': 6, 'index': 1238}","it('returns an Error object as an error response through the request', done => {
    const scope = nock('http://example.test')
      .post('/echo')
      .replyWithError(
        Object.assign(new Error('Connection refused'), {
          code: 'ECONNREFUSED',
        }),
      )

    const req = http.request({
      host: 'example.test',
      method: 'POST',
      path: '/echo',
      port: 80,
    })

    req.on('error', e => {
      expect(e).to.be.an.instanceof(Error)
      expect(e).to.have.property('message', 'Connection refused')
      expect(e).to.have.property('code', 'ECONNREFUSED')
      scope.done()
      done()
    })

    req.end()
  })",33,58,steel
/tests/test_gzip_request.js,Unknown Test,"{'column': 0, 'line': 37}","it('should accept and decode gzip encoded application/json, when headers come from a client as an array', done => {
  const compressedMessage = zlib.gzipSync(JSON.stringify({ my: 'contents' }))

  const scope = nock('http://example.test')
    .post('/', compressedMessage)
    .reply(200)

  const req = http.request({
    hostname: 'example.test',
    path: '/',
    method: 'POST',
    headers: {
      'content-encoding': ['gzip'],
      'content-type': ['application/json'],
    },
  })
  req.on('response', () => {
    scope.done()
    done()
  })

  req.write(compressedMessage)
  req.end()
})",37,60,steel
/tests/test_fetch.js,Conditional Test Logic,"{'line': 336, 'column': 8, 'index': 10423}","beforeEach(async () => {
      const server = await startHttpServer((request, response) => {
        if (request.url === '/redirected') {
          response.writeHead(200).end('redirected')
        } else {
          response.writeHead(302, { Location: '/redirected' }).end()
        }
      })

      origin = server.origin
    })",334,344,steel
/tests/test_fetch.js,Duplicate Assert,"{'line': 589, 'column': 6, 'index': 18591}","it('records and replays deflated nocks correctly', async () => {
      const exampleText = '<html><body>example</body></html>'

      const { origin } = await startHttpServer((request, response) => {
        const body = zlib.deflateSync(exampleText)

        response.writeHead(200, { 'content-encoding': 'deflate' })
        response.end(body)
      })

      nock.restore()
      nock.recorder.clear()
      expect(nock.recorder.play()).to.be.empty()

      nock.recorder.rec({
        dont_print: true,
        output_objects: true,
      })

      const response1 = await fetch(origin)
      expect(await response1.text()).to.equal(exampleText)
      expect(response1.headers.get('content-encoding')).to.equal('deflate')

      nock.restore()
      const recorded = nock.recorder.play()
      nock.recorder.clear()
      nock.activate()

      expect(recorded).to.have.lengthOf(1)
      const nocks = nock.define(recorded)

      const response2 = await fetch(origin)
      expect(await response2.text()).to.equal(exampleText)
      expect(response1.headers.get('content-encoding')).to.equal('deflate')

      nocks.forEach(nock => nock.done())
    })",568,604,steel
/tests/test_fetch.js,Duplicate Assert,"{'line': 601, 'column': 6, 'index': 18973}","it('records and replays deflated nocks correctly', async () => {
      const exampleText = '<html><body>example</body></html>'

      const { origin } = await startHttpServer((request, response) => {
        const body = zlib.deflateSync(exampleText)

        response.writeHead(200, { 'content-encoding': 'deflate' })
        response.end(body)
      })

      nock.restore()
      nock.recorder.clear()
      expect(nock.recorder.play()).to.be.empty()

      nock.recorder.rec({
        dont_print: true,
        output_objects: true,
      })

      const response1 = await fetch(origin)
      expect(await response1.text()).to.equal(exampleText)
      expect(response1.headers.get('content-encoding')).to.equal('deflate')

      nock.restore()
      const recorded = nock.recorder.play()
      nock.recorder.clear()
      nock.activate()

      expect(recorded).to.have.lengthOf(1)
      const nocks = nock.define(recorded)

      const response2 = await fetch(origin)
      expect(await response2.text()).to.equal(exampleText)
      expect(response1.headers.get('content-encoding')).to.equal('deflate')

      nocks.forEach(nock => nock.done())
    })",568,604,steel
/tests/test_fetch.js,Exception Handling,"{'line': 299, 'column': 10, 'index': 9298}","it('should throw error if wrong encoding is used', async () => {
      const message = 'Lorem ipsum dolor sit amet'
      const compressed = zlib.gzipSync(message)

      const scope = nock('http://example.test')
        .get('/foo')
        .reply(200, compressed, {
          'X-Transfer-Length': String(message.length),
          'Content-Length': undefined,
          'Content-Encoding': 'br',
        })
      const response = await fetch('http://example.test/foo')
      await response
        .text()
        .then(() => {
          throw new Error('Should have thrown')
        })
        .catch(e => {
          expect(e.message).to.contain('Decompression failed')
          scope.done()
        })
    })",284,305,steel
/tests/test_fetch.js,Ignored Test,"{'line': 308, 'column': 7, 'index': 9569}","it.skip('should throw error if encoding is used with uncompressed body', async () => {
      const message = 'Lorem ipsum dolor sit amet'

      const scope = nock('http://example.test')
        .get('/foo')
        .reply(200, Buffer.from(message), {
          'X-Transfer-Length': String(message.length),
          'Content-Length': undefined,
          'Content-Encoding': 'br',
        })
      const response = await fetch('http://example.test/foo')
      await response
        .text()
        .then(() => {
          throw new Error('Should have thrown')
        })
        .catch(e => {
          expect(e.message).to.contain('Decompression failed')
          scope.done()
        })
    })",308,328,steel
/tests/test_fetch.js,Ignored Test,"{'line': 528, 'column': 7, 'index': 16599}","it.skip('records and replays gzipped nocks correctly', async () => {
      const exampleText = '<html><body>example</body></html>'

      const { origin } = await startHttpServer((request, response) => {
        // TODO: flip the order of the encoding, this is a bug in fetch
        // const body = zlib.brotliCompressSync(zlib.gzipSync(exampleText))
        const body = zlib.gzipSync(zlib.brotliCompressSync(exampleText))

        response.writeHead(200, { 'content-encoding': 'gzip, br' })
        response.end(body)
      })

      nock.restore()
      nock.recorder.clear()
      expect(nock.recorder.play()).to.be.empty()

      nock.recorder.rec({
        dont_print: true,
        output_objects: true,
      })

      const response1 = await fetch(origin)
      expect(await response1.text()).to.equal(exampleText)
      expect(response1.headers.get('content-encoding')).to.equal('gzip, br')

      nock.restore()
      const recorded = nock.recorder.play()
      nock.recorder.clear()
      nock.activate()

      expect(recorded).to.have.lengthOf(1)
      const nocks = nock.define(recorded)

      const response2 = await fetch(origin)
      expect(await response2.text()).to.equal(exampleText)
      expect(response1.headers.get('content-encoding')).to.equal('gzip, br')

      nocks.forEach(nock => nock.done())
    })",528,566,steel
/tests/test_fetch.js,Unknown Test,"{'column': 2, 'line': 66}","it('no match', async () => {
    nock('http://example.test').get('/').reply()

    await assertRejects(
      fetch('http://example.test/wrong-path'),
      /Nock: No match for request/,
    )
  })",66,73,steel
/tests/test_fetch.js,Unknown Test,"{'column': 2, 'line': 118}","it('should support body cancellation', async () => {
    const scope = nock('http://test').post('/').reply(200)

    const response = await fetch('http://test', { method: 'POST' })
    await response.body.cancel()
    scope.done()
  })",118,124,steel
/tests/test_fetch.js,Unknown Test,"{'column': 2, 'line': 126}","it('should abort a request with a timeout signal', async () => {
    const scope = nock('http://test.com').get('/').delayBody(100).reply(200)

    const response = await fetch('http://test.com', {
      signal: AbortSignal.timeout(50),
    })
    await assertRejects(
      response.text(),
      'TimeoutError: The operation was aborted due to timeout',
    )
    scope.done()
  })",126,137,steel
/tests/test_fetch.js,Unknown Test,"{'column': 2, 'line': 140}","it('should not mess the Headers object', async () => {
    nock('https://api.test.com', {
      reqheaders: { 'Content-Type': 'application/json' },
    })
      .get('/data')
      .times(2)
      .reply(200)

    const headers = new Headers({ 'Content-Type': 'application/json' })

    await fetch('https://api.test.com/data', { headers })
    await fetch('https://api.test.com/data', { headers })
  })",140,152,steel
/tests/test_fetch.js,Unknown Test,"{'column': 2, 'line': 155}","it('should not mess the Headers object', async () => {
    nock('https://api.test.com', {
      reqheaders: { 'Content-Type': 'application/json' },
    })
      .get('/data')
      .times(2)
      .reply(200)

    const headers = new Headers({ 'Content-Type': 'application/json' })

    await fetch('https://api.test.com/data', { headers })
    await fetch('https://api.test.com/data', { headers })
  })",155,167,steel
/tests/test_fetch.js,Unknown Test,"{'column': 4, 'line': 393}","it('should throws a network error on a redirect for a request with ""error"" redirect mode', async () => {
      nock(origin)
        .get('/')
        .reply(302, '', { Location: `${origin}/redirected` })

      await assertRejects(
        fetch(origin, { redirect: 'error' }),
        /Failed to fetch/,
      )
    })",393,402,steel
/tests/test_fetch.js,Unknown Test,"{'column': 4, 'line': 404}","it('should throws a network error on a non-303 redirect with a body', async () => {
      nock(origin)
        .post('/')
        .reply(302, '', { Location: `${origin}/redirected` })

      await assertRejects(
        fetch(origin, { method: 'POST', body: 'Hello' }),
        /Failed to fetch/,
      )
    })",404,413,steel
/tests/test_fetch.js,Unknown Test,"{'column': 4, 'line': 415}","it('should throws a network error on redirects to a non-HTTP scheme', async () => {
      nock(origin).get('/').reply(302, '', { Location: `wss://localhost` })

      await assertRejects(fetch(origin), /Failed to fetch/)
    })",415,419,steel
/tests/test_fetch.js,Unknown Test,"{'column': 4, 'line': 421}","it('should throws on a redirect with credentials for a ""cors"" request', async () => {
      nock(origin)
        .get('/')
        .reply(302, '', { Location: `http://user:password@localhost` })

      await assertRejects(fetch(origin, { mode: 'cors' }), /Failed to fetch/)
    })",421,427,steel
/tests/test_destroy.js,Sleepy Test,"{'line': 51, 'column': 4, 'index': 1362}","it('should not emit an response if destroyed first', done => {
    nock('http://example.test').get('/').reply()

    const req = http
      .get('http://example.test/', () => {
        expect.fail('should not emit a response')
      })
      .on('error', () => {}) // listen for error so ""socket hang up"" doesn't bubble
      .on('socket', () => {
        setImmediate(() => req.destroy())
      })

    // give the `setImmediate` calls enough time to cycle.
    setTimeout(() => done(), 10)
  })",38,52,steel
/tests/test_destroy.js,Unknown Test,"{'column': 2, 'line': 38}","it('should not emit an response if destroyed first', done => {
    nock('http://example.test').get('/').reply()

    const req = http
      .get('http://example.test/', () => {
        expect.fail('should not emit a response')
      })
      .on('error', () => {}) // listen for error so ""socket hang up"" doesn't bubble
      .on('socket', () => {
        setImmediate(() => req.destroy())
      })

    // give the `setImmediate` calls enough time to cycle.
    setTimeout(() => done(), 10)
  })",38,52,steel
/tests/test_common.js,Duplicate Assert,"{'line': 228, 'column': 4, 'index': 6619}","it('should delete fields with case-insensitive field names', () => {
    // Prepare.
    const headers = {
      HoSt: 'example.test',
      'Content-typE': 'plain/text',
    }

    // Confidence check.
    expect(headers).to.have.property('HoSt')
    expect(headers).to.have.property('Content-typE')

    // Act.
    common.deleteHeadersField(headers, 'HOST')
    common.deleteHeadersField(headers, 'CONTENT-TYPE')

    // Assert.
    expect(headers).to.not.have.property('HoSt')
    expect(headers).to.not.have.property('Content-typE')
  })",220,238,steel
/tests/test_common.js,Duplicate Assert,"{'line': 229, 'column': 4, 'index': 6664}","it('should delete fields with case-insensitive field names', () => {
    // Prepare.
    const headers = {
      HoSt: 'example.test',
      'Content-typE': 'plain/text',
    }

    // Confidence check.
    expect(headers).to.have.property('HoSt')
    expect(headers).to.have.property('Content-typE')

    // Act.
    common.deleteHeadersField(headers, 'HOST')
    common.deleteHeadersField(headers, 'CONTENT-TYPE')

    // Assert.
    expect(headers).to.not.have.property('HoSt')
    expect(headers).to.not.have.property('Content-typE')
  })",220,238,steel
/tests/test_common.js,Duplicate Assert,"{'line': 236, 'column': 4, 'index': 6848}","it('should delete fields with case-insensitive field names', () => {
    // Prepare.
    const headers = {
      HoSt: 'example.test',
      'Content-typE': 'plain/text',
    }

    // Confidence check.
    expect(headers).to.have.property('HoSt')
    expect(headers).to.have.property('Content-typE')

    // Act.
    common.deleteHeadersField(headers, 'HOST')
    common.deleteHeadersField(headers, 'CONTENT-TYPE')

    // Assert.
    expect(headers).to.not.have.property('HoSt')
    expect(headers).to.not.have.property('Content-typE')
  })",220,238,steel
/tests/test_common.js,Duplicate Assert,"{'line': 237, 'column': 4, 'index': 6897}","it('should delete fields with case-insensitive field names', () => {
    // Prepare.
    const headers = {
      HoSt: 'example.test',
      'Content-typE': 'plain/text',
    }

    // Confidence check.
    expect(headers).to.have.property('HoSt')
    expect(headers).to.have.property('Content-typE')

    // Act.
    common.deleteHeadersField(headers, 'HOST')
    common.deleteHeadersField(headers, 'CONTENT-TYPE')

    // Assert.
    expect(headers).to.not.have.property('HoSt')
    expect(headers).to.not.have.property('Content-typE')
  })",220,238,steel
/tests/test_common.js,Duplicate Assert,"{'line': 629, 'column': 4, 'index': 17068}","it('does not mutate original', () => {
    const original = { 'foo[bar][0]': 'baz' }
    const result = expand(original)
    expect(result).deep.equal({ foo: { bar: ['baz'] } })
    expect(original).deep.equal({ 'foo[bar][0]': 'baz' })
    expect(original).not.equal(result)
  })",625,631,steel
/tests/test_common.js,Duplicate Assert,"{'line': 630, 'column': 4, 'index': 17126}","it('does not mutate original', () => {
    const original = { 'foo[bar][0]': 'baz' }
    const result = expand(original)
    expect(result).deep.equal({ foo: { bar: ['baz'] } })
    expect(original).deep.equal({ 'foo[bar][0]': 'baz' })
    expect(original).not.equal(result)
  })",625,631,steel
/tests/test_common.js,Lazy Test,"{'line': 27, 'column': 21, 'index': 1070}","it('ignores new line characters from strings', () => {
      const result = matchBody(
        {},
        'something //here is something more \n',
        'something //here is something more \n\r',
      )
      expect(result).to.equal(true)
    })",26,33,steel
/tests/test_common.js,Lazy Test,"{'line': 39, 'column': 6, 'index': 1441}","it(""when spec is a function, it's called with newline characters intact"", () => {
      const exampleBody = 'something //here is something more \n'
      const matchCbSpy = sinon.spy()

      matchBody({}, matchCbSpy, exampleBody)
      expect(matchCbSpy).to.have.been.calledOnceWithExactly(exampleBody)
    })",35,41,steel
/tests/test_common.js,Lazy Test,"{'line': 44, 'column': 21, 'index': 1662}","it('should not throw, when headers come node-fetch style as array', () => {
      const result = matchBody(
        { headers: { 'Content-Type': ['multipart/form-data;'] } },
        {},
        'test',
      )
      expect(result).to.equal(false)
    })",43,50,steel
/tests/test_common.js,Lazy Test,"{'line': 53, 'column': 21, 'index': 1950}","it(""should not ignore new line characters from strings when Content-Type contains 'multipart'"", () => {
      const result = matchBody(
        { headers: { 'Content-Type': 'multipart/form-data;' } },
        'something //here is something more \nHello',
        'something //here is something more \nHello',
      )
      expect(result).to.equal(true)
    })",52,59,steel
/tests/test_common.js,Lazy Test,"{'line': 62, 'column': 21, 'index': 2355}","it(""should not ignore new line characters from strings when Content-Type contains 'multipart' (arrays come node-fetch style as array)"", () => {
      const result = matchBody(
        { headers: { 'Content-Type': ['multipart/form-data;'] } },
        'something //here is something more \nHello',
        'something //here is something more \nHello',
      )
      expect(result).to.equal(true)
    })",61,68,steel
/tests/test_common.js,Lazy Test,"{'line': 71, 'column': 21, 'index': 2680}","it('should use strict equality for deep comparisons', () => {
      const result = matchBody({}, { number: 1 }, '{""number"": ""1""}')
      expect(result).to.equal(false)
    })",70,73,steel
/tests/test_common.js,Lazy Test,"{'line': 77, 'column': 6, 'index': 2873}","it('should not modify the original spec object', () => {
      const spec = { number: 1 }
      matchBody(
        {
          headers: { 'Content-Type': 'application/x-www-form-urlencoded' },
        },
        spec,
        '',
      )
      expect(spec).to.deep.equal({ number: 1 })
    })",75,85,steel
/tests/test_common.js,Unknown Test,"{'column': 2, 'line': 479}","it('can include auth info', async () => {
    const scope = nock('http://example.test')
      .get('/')
      .basicAuth({ user: 'user', pass: 'pw' })
      .reply()

    http.get('http://user:pw@example.test')
    scope.isDone()
  })",479,487,steel
/tests/test_back.js,Duplicate Assert,"{'line': 225, 'column': 6, 'index': 6654}","it(""goes to internet, doesn't record new fixtures"", done => {
      const onData = sinon.spy()

      const fixture = 'someDryrunFixture.json'
      const fixtureLoc = `${nockBack.fixtures}/${fixture}`

      expect(fs.existsSync(fixtureLoc)).to.be.false()

      nockBack(fixture, () => {
        startHttpServer(requestListener).then(server => {
          const request = http.request(
            {
              host: 'localhost',
              path: '/',
              port: server.address().port,
            },
            response => {
              expect(response.statusCode).to.equal(217)

              response.on('data', onData)

              response.on('end', () => {
                expect(onData).to.have.been.called()
                expect(fs.existsSync(fixtureLoc)).to.be.false()
                done()
              })
            },
          )

          request.on('error', () => expect.fail())
          request.end()
        })
      })
    })",219,252,steel
/tests/test_back.js,Duplicate Assert,"{'line': 242, 'column': 16, 'index': 7199}","it(""goes to internet, doesn't record new fixtures"", done => {
      const onData = sinon.spy()

      const fixture = 'someDryrunFixture.json'
      const fixtureLoc = `${nockBack.fixtures}/${fixture}`

      expect(fs.existsSync(fixtureLoc)).to.be.false()

      nockBack(fixture, () => {
        startHttpServer(requestListener).then(server => {
          const request = http.request(
            {
              host: 'localhost',
              path: '/',
              port: server.address().port,
            },
            response => {
              expect(response.statusCode).to.equal(217)

              response.on('data', onData)

              response.on('end', () => {
                expect(onData).to.have.been.called()
                expect(fs.existsSync(fixtureLoc)).to.be.false()
                done()
              })
            },
          )

          request.on('error', () => expect.fail())
          request.end()
        })
      })
    })",219,252,steel
/tests/test_back.js,Duplicate Assert,"{'line': 280, 'column': 6, 'index': 8298}","it('should record when configured correctly', done => {
      expect(fs.existsSync(fixtureLoc)).to.be.false()

      nockBack(fixture, nockDone => {
        startHttpServer(requestListener).then(server => {
          const request = http.request(
            {
              host: 'localhost',
              path: '/',
              port: server.address().port,
            },
            response => {
              nockDone()

              expect(response.statusCode).to.equal(217)
              expect(fs.existsSync(fixtureLoc)).to.be.true()
              done()
            },
          )

          request.on('error', () => expect.fail())
          request.end()
        })
      })
    })",279,303,steel
/tests/test_back.js,Duplicate Assert,"{'line': 294, 'column': 14, 'index': 8735}","it('should record when configured correctly', done => {
      expect(fs.existsSync(fixtureLoc)).to.be.false()

      nockBack(fixture, nockDone => {
        startHttpServer(requestListener).then(server => {
          const request = http.request(
            {
              host: 'localhost',
              path: '/',
              port: server.address().port,
            },
            response => {
              nockDone()

              expect(response.statusCode).to.equal(217)
              expect(fs.existsSync(fixtureLoc)).to.be.true()
              done()
            },
          )

          request.on('error', () => expect.fail())
          request.end()
        })
      })
    })",279,303,steel
/tests/test_back.js,Duplicate Assert,"{'line': 347, 'column': 6, 'index': 10172}","it('can record twice', done => {
      expect(fs.existsSync(fixtureLoc)).to.be.false()

      nockBack(fixture, function (nockDone) {
        startHttpServer(requestListener).then(server => {
          const request = http.request(
            {
              host: 'localhost',
              path: '/',
              port: server.address().port,
            },
            response => {
              nockDone()

              expect(response.statusCode).to.equal(217)
              expect(fs.existsSync(fixtureLoc)).to.be.true()
              done()
            },
          )

          request.on('error', () => expect.fail())
          request.end()
        })
      })
    })",346,370,steel
/tests/test_back.js,Duplicate Assert,"{'line': 361, 'column': 14, 'index': 10617}","it('can record twice', done => {
      expect(fs.existsSync(fixtureLoc)).to.be.false()

      nockBack(fixture, function (nockDone) {
        startHttpServer(requestListener).then(server => {
          const request = http.request(
            {
              host: 'localhost',
              path: '/',
              port: server.address().port,
            },
            response => {
              nockDone()

              expect(response.statusCode).to.equal(217)
              expect(fs.existsSync(fixtureLoc)).to.be.true()
              done()
            },
          )

          request.on('error', () => expect.fail())
          request.end()
        })
      })
    })",346,370,steel
/tests/test_back.js,Duplicate Assert,"{'line': 398, 'column': 6, 'index': 11613}","it('should filter after recording', done => {
      expect(fs.existsSync(fixtureLoc)).to.be.false()

      // You would do some filtering here, but for this test we'll just return
      // an empty array.
      const afterRecord = () => []

      nockBack(fixture, { afterRecord }, function (nockDone) {
        startHttpServer(requestListener).then(server => {
          const request = http.request(
            {
              host: 'localhost',
              path: '/',
              port: server.address().port,
            },
            response => {
              nockDone()

              expect(response.statusCode).to.equal(217)
              expect(fs.existsSync(fixtureLoc)).to.be.true()
              expect(this.scopes).to.be.empty()
              done()
            },
          )
          request.on('error', () => expect.fail())
          request.end()
        })
      })
    })",397,425,steel
/tests/test_back.js,Duplicate Assert,"{'line': 416, 'column': 14, 'index': 12215}","it('should filter after recording', done => {
      expect(fs.existsSync(fixtureLoc)).to.be.false()

      // You would do some filtering here, but for this test we'll just return
      // an empty array.
      const afterRecord = () => []

      nockBack(fixture, { afterRecord }, function (nockDone) {
        startHttpServer(requestListener).then(server => {
          const request = http.request(
            {
              host: 'localhost',
              path: '/',
              port: server.address().port,
            },
            response => {
              nockDone()

              expect(response.statusCode).to.equal(217)
              expect(fs.existsSync(fixtureLoc)).to.be.true()
              expect(this.scopes).to.be.empty()
              done()
            },
          )
          request.on('error', () => expect.fail())
          request.end()
        })
      })
    })",397,425,steel
/tests/test_back.js,Duplicate Assert,"{'line': 428, 'column': 6, 'index': 12517}","it('should format after recording', done => {
      expect(fs.existsSync(fixtureLoc)).to.be.false()

      const afterRecord = () => 'string-response'

      nockBack(fixture, { afterRecord }, function (nockDone) {
        startHttpServer(requestListener).then(server => {
          const request = http.request(
            {
              host: 'localhost',
              path: '/',
              port: server.address().port,
            },
            response => {
              nockDone()

              expect(response.statusCode).to.equal(217)
              expect(fs.existsSync(fixtureLoc)).to.be.true()
              expect(fs.readFileSync(fixtureLoc, 'utf8')).to.equal(
                'string-response',
              )
              done()
            },
          )
          request.on('error', () => expect.fail())
          request.end()
        })
      })
    })",427,455,steel
/tests/test_back.js,Duplicate Assert,"{'line': 444, 'column': 14, 'index': 13030}","it('should format after recording', done => {
      expect(fs.existsSync(fixtureLoc)).to.be.false()

      const afterRecord = () => 'string-response'

      nockBack(fixture, { afterRecord }, function (nockDone) {
        startHttpServer(requestListener).then(server => {
          const request = http.request(
            {
              host: 'localhost',
              path: '/',
              port: server.address().port,
            },
            response => {
              nockDone()

              expect(response.statusCode).to.equal(217)
              expect(fs.existsSync(fixtureLoc)).to.be.true()
              expect(fs.readFileSync(fixtureLoc, 'utf8')).to.equal(
                'string-response',
              )
              done()
            },
          )
          request.on('error', () => expect.fail())
          request.end()
        })
      })
    })",427,455,steel
/tests/test_back.js,Duplicate Assert,"{'line': 526, 'column': 6, 'index': 15497}","it('should record when configured correctly', done => {
      expect(fs.existsSync(fixtureLoc)).to.be.false()

      nockBack(fixture, nockDone => {
        startHttpServer(requestListener).then(server => {
          const request = http.request(
            {
              host: 'localhost',
              path: '/',
              port: server.address().port,
            },
            response => {
              nockDone()

              expect(response.statusCode).to.equal(217)
              expect(fs.existsSync(fixtureLoc)).to.be.true()
              done()
            },
          )

          request.on('error', () => expect.fail())
          request.end()
        })
      })
    })",525,549,steel
/tests/test_back.js,Duplicate Assert,"{'line': 540, 'column': 14, 'index': 15934}","it('should record when configured correctly', done => {
      expect(fs.existsSync(fixtureLoc)).to.be.false()

      nockBack(fixture, nockDone => {
        startHttpServer(requestListener).then(server => {
          const request = http.request(
            {
              host: 'localhost',
              path: '/',
              port: server.address().port,
            },
            response => {
              nockDone()

              expect(response.statusCode).to.equal(217)
              expect(fs.existsSync(fixtureLoc)).to.be.true()
              done()
            },
          )

          request.on('error', () => expect.fail())
          request.end()
        })
      })
    })",525,549,steel
/tests/test_back.js,Duplicate Assert,"{'line': 593, 'column': 6, 'index': 17371}","it('can record twice', done => {
      expect(fs.existsSync(fixtureLoc)).to.be.false()

      nockBack(fixture, function (nockDone) {
        startHttpServer(requestListener).then(server => {
          const request = http.request(
            {
              host: 'localhost',
              path: '/',
              port: server.address().port,
            },
            response => {
              nockDone()

              expect(response.statusCode).to.equal(217)
              expect(fs.existsSync(fixtureLoc)).to.be.true()
              done()
            },
          )

          request.on('error', () => expect.fail())
          request.end()
        })
      })
    })",592,616,steel
/tests/test_back.js,Duplicate Assert,"{'line': 607, 'column': 14, 'index': 17816}","it('can record twice', done => {
      expect(fs.existsSync(fixtureLoc)).to.be.false()

      nockBack(fixture, function (nockDone) {
        startHttpServer(requestListener).then(server => {
          const request = http.request(
            {
              host: 'localhost',
              path: '/',
              port: server.address().port,
            },
            response => {
              nockDone()

              expect(response.statusCode).to.equal(217)
              expect(fs.existsSync(fixtureLoc)).to.be.true()
              done()
            },
          )

          request.on('error', () => expect.fail())
          request.end()
        })
      })
    })",592,616,steel
/tests/test_back.js,Duplicate Assert,"{'line': 662, 'column': 6, 'index': 19307}","it('should filter after recording', done => {
      expect(fs.existsSync(fixtureLoc)).to.be.false()

      // You would do some filtering here, but for this test we'll just return
      // an empty array.
      const afterRecord = () => []

      nockBack(fixture, { afterRecord }, function (nockDone) {
        startHttpServer(requestListener).then(server => {
          const request = http.request(
            {
              host: 'localhost',
              path: '/',
              port: server.address().port,
            },
            response => {
              nockDone()

              expect(response.statusCode).to.equal(217)
              expect(fs.existsSync(fixtureLoc)).to.be.true()
              expect(this.scopes).to.be.empty()
              done()
            },
          )
          request.on('error', () => expect.fail())
          request.end()
        })
      })
    })",661,689,steel
/tests/test_back.js,Duplicate Assert,"{'line': 680, 'column': 14, 'index': 19909}","it('should filter after recording', done => {
      expect(fs.existsSync(fixtureLoc)).to.be.false()

      // You would do some filtering here, but for this test we'll just return
      // an empty array.
      const afterRecord = () => []

      nockBack(fixture, { afterRecord }, function (nockDone) {
        startHttpServer(requestListener).then(server => {
          const request = http.request(
            {
              host: 'localhost',
              path: '/',
              port: server.address().port,
            },
            response => {
              nockDone()

              expect(response.statusCode).to.equal(217)
              expect(fs.existsSync(fixtureLoc)).to.be.true()
              expect(this.scopes).to.be.empty()
              done()
            },
          )
          request.on('error', () => expect.fail())
          request.end()
        })
      })
    })",661,689,steel
/tests/test_back.js,Duplicate Assert,"{'line': 692, 'column': 6, 'index': 20211}","it('should format after recording', done => {
      expect(fs.existsSync(fixtureLoc)).to.be.false()

      const afterRecord = () => 'string-response'

      nockBack(fixture, { afterRecord }, function (nockDone) {
        startHttpServer(requestListener).then(server => {
          const request = http.request(
            {
              host: 'localhost',
              path: '/',
              port: server.address().port,
            },
            response => {
              nockDone()

              expect(response.statusCode).to.equal(217)
              expect(fs.existsSync(fixtureLoc)).to.be.true()
              expect(fs.readFileSync(fixtureLoc, 'utf8')).to.equal(
                'string-response',
              )
              done()
            },
          )
          request.on('error', () => expect.fail())
          request.end()
        })
      })
    })",691,719,steel
/tests/test_back.js,Duplicate Assert,"{'line': 708, 'column': 14, 'index': 20724}","it('should format after recording', done => {
      expect(fs.existsSync(fixtureLoc)).to.be.false()

      const afterRecord = () => 'string-response'

      nockBack(fixture, { afterRecord }, function (nockDone) {
        startHttpServer(requestListener).then(server => {
          const request = http.request(
            {
              host: 'localhost',
              path: '/',
              port: server.address().port,
            },
            response => {
              nockDone()

              expect(response.statusCode).to.equal(217)
              expect(fs.existsSync(fixtureLoc)).to.be.true()
              expect(fs.readFileSync(fixtureLoc, 'utf8')).to.equal(
                'string-response',
              )
              done()
            },
          )
          request.on('error', () => expect.fail())
          request.end()
        })
      })
    })",691,719,steel
/tests/test_back.js,Unknown Test,"{'column': 4, 'line': 175}","it('should enable net connect', done => {
      nock.disableNetConnect()
      nockBack.setMode('wild')
      // TODO: It would be nice if there were a cleaner way to assert that net
      // connect is allowed.
      nockBackWithFixtureLocalhost(done)
    })",175,181,steel
/tests/test_abort_signal.js,Duplicate Assert,"{'line': 52, 'column': 4, 'index': 1439}","it('aborts a request if the signal is aborted before the request is made', async () => {
    const abortController = new AbortController()
    abortController.abort()

    const scope = nock('http://example.test').post('/form').reply(201, 'OK!')

    const error = await makeRequest('http://example.test/form', {
      method: 'POST',
      signal: abortController.signal,
    }).catch(error => error)

    expect(error).to.have.property('message', 'The operation was aborted')
    expect(error).to.have.property('name', 'AbortError')
    expect(error).to.have.property('code', 'ABORT_ERR')
    expect(error.cause).to.have.property(
      'message',
      'This operation was aborted',
    )
    expect(scope.isDone()).to.be.false()
  })",41,60,steel
/tests/test_abort_signal.js,Duplicate Assert,"{'line': 53, 'column': 4, 'index': 1514}","it('aborts a request if the signal is aborted before the request is made', async () => {
    const abortController = new AbortController()
    abortController.abort()

    const scope = nock('http://example.test').post('/form').reply(201, 'OK!')

    const error = await makeRequest('http://example.test/form', {
      method: 'POST',
      signal: abortController.signal,
    }).catch(error => error)

    expect(error).to.have.property('message', 'The operation was aborted')
    expect(error).to.have.property('name', 'AbortError')
    expect(error).to.have.property('code', 'ABORT_ERR')
    expect(error.cause).to.have.property(
      'message',
      'This operation was aborted',
    )
    expect(scope.isDone()).to.be.false()
  })",41,60,steel
/tests/test_abort_signal.js,Duplicate Assert,"{'line': 54, 'column': 4, 'index': 1571}","it('aborts a request if the signal is aborted before the request is made', async () => {
    const abortController = new AbortController()
    abortController.abort()

    const scope = nock('http://example.test').post('/form').reply(201, 'OK!')

    const error = await makeRequest('http://example.test/form', {
      method: 'POST',
      signal: abortController.signal,
    }).catch(error => error)

    expect(error).to.have.property('message', 'The operation was aborted')
    expect(error).to.have.property('name', 'AbortError')
    expect(error).to.have.property('code', 'ABORT_ERR')
    expect(error.cause).to.have.property(
      'message',
      'This operation was aborted',
    )
    expect(scope.isDone()).to.be.false()
  })",41,60,steel
/tests/test_abort_signal.js,Duplicate Assert,"{'line': 74, 'column': 4, 'index': 2215}","it('sets the reason correctly for an aborted request', async () => {
    const abortController = new AbortController()
    const cause = new Error('A very good reason')
    abortController.abort(cause)

    const scope = nock('http://example.test').post('/form').reply(201, 'OK!')

    const error = await makeRequest('http://example.test/form', {
      method: 'POST',
      signal: abortController.signal,
    }).catch(error => error)

    expect(error).to.have.property('message', 'The operation was aborted')
    expect(error).to.have.property('name', 'AbortError')
    expect(error).to.have.property('code', 'ABORT_ERR')
    expect(error.cause).to.eql(cause)
    expect(scope.isDone()).to.be.false()
  })",62,79,steel
/tests/test_abort_signal.js,Duplicate Assert,"{'line': 75, 'column': 4, 'index': 2290}","it('sets the reason correctly for an aborted request', async () => {
    const abortController = new AbortController()
    const cause = new Error('A very good reason')
    abortController.abort(cause)

    const scope = nock('http://example.test').post('/form').reply(201, 'OK!')

    const error = await makeRequest('http://example.test/form', {
      method: 'POST',
      signal: abortController.signal,
    }).catch(error => error)

    expect(error).to.have.property('message', 'The operation was aborted')
    expect(error).to.have.property('name', 'AbortError')
    expect(error).to.have.property('code', 'ABORT_ERR')
    expect(error.cause).to.eql(cause)
    expect(scope.isDone()).to.be.false()
  })",62,79,steel
/tests/test_abort_signal.js,Duplicate Assert,"{'line': 76, 'column': 4, 'index': 2347}","it('sets the reason correctly for an aborted request', async () => {
    const abortController = new AbortController()
    const cause = new Error('A very good reason')
    abortController.abort(cause)

    const scope = nock('http://example.test').post('/form').reply(201, 'OK!')

    const error = await makeRequest('http://example.test/form', {
      method: 'POST',
      signal: abortController.signal,
    }).catch(error => error)

    expect(error).to.have.property('message', 'The operation was aborted')
    expect(error).to.have.property('name', 'AbortError')
    expect(error).to.have.property('code', 'ABORT_ERR')
    expect(error.cause).to.eql(cause)
    expect(scope.isDone()).to.be.false()
  })",62,79,steel
/tests/test_abort_signal.js,Duplicate Assert,"{'line': 112, 'column': 4, 'index': 3461}","it('aborts a request if the signal is aborted after the response headers have been read', async () => {
    const abortController = new AbortController()
    const scope = nock('http://example.test').post('/form').reply(201, 'OK!')

    const makeRequest = () =>
      new Promise((resolve, reject) => {
        http
          .request('http://example.test/form', {
            signal: abortController.signal,
            method: 'POST',
          })
          .on('response', res => {
            abortController.abort()
            res
              .on('data', () => {})
              .on('error', error => {
                reject(error)
              })
              .on('end', () =>
                resolve({
                  statusCode: res.statusCode,
                }),
              )
          })
          .on('error', error => {
            reject(error)
          })
          .end()
      })

    const error = await makeRequest().catch(error => error)
    expect(error).to.have.property('message', 'The operation was aborted')
    expect(error).to.have.property('name', 'AbortError')
    expect(error).to.have.property('code', 'ABORT_ERR')
    expect(error.cause).to.have.property(
      'message',
      'This operation was aborted',
    )
    scope.done()
  })",81,120,steel
/tests/test_abort_signal.js,Duplicate Assert,"{'line': 113, 'column': 4, 'index': 3536}","it('aborts a request if the signal is aborted after the response headers have been read', async () => {
    const abortController = new AbortController()
    const scope = nock('http://example.test').post('/form').reply(201, 'OK!')

    const makeRequest = () =>
      new Promise((resolve, reject) => {
        http
          .request('http://example.test/form', {
            signal: abortController.signal,
            method: 'POST',
          })
          .on('response', res => {
            abortController.abort()
            res
              .on('data', () => {})
              .on('error', error => {
                reject(error)
              })
              .on('end', () =>
                resolve({
                  statusCode: res.statusCode,
                }),
              )
          })
          .on('error', error => {
            reject(error)
          })
          .end()
      })

    const error = await makeRequest().catch(error => error)
    expect(error).to.have.property('message', 'The operation was aborted')
    expect(error).to.have.property('name', 'AbortError')
    expect(error).to.have.property('code', 'ABORT_ERR')
    expect(error.cause).to.have.property(
      'message',
      'This operation was aborted',
    )
    scope.done()
  })",81,120,steel
/tests/test_abort_signal.js,Duplicate Assert,"{'line': 114, 'column': 4, 'index': 3593}","it('aborts a request if the signal is aborted after the response headers have been read', async () => {
    const abortController = new AbortController()
    const scope = nock('http://example.test').post('/form').reply(201, 'OK!')

    const makeRequest = () =>
      new Promise((resolve, reject) => {
        http
          .request('http://example.test/form', {
            signal: abortController.signal,
            method: 'POST',
          })
          .on('response', res => {
            abortController.abort()
            res
              .on('data', () => {})
              .on('error', error => {
                reject(error)
              })
              .on('end', () =>
                resolve({
                  statusCode: res.statusCode,
                }),
              )
          })
          .on('error', error => {
            reject(error)
          })
          .end()
      })

    const error = await makeRequest().catch(error => error)
    expect(error).to.have.property('message', 'The operation was aborted')
    expect(error).to.have.property('name', 'AbortError')
    expect(error).to.have.property('code', 'ABORT_ERR')
    expect(error.cause).to.have.property(
      'message',
      'This operation was aborted',
    )
    scope.done()
  })",81,120,steel
/tests/test_abort_signal.js,Duplicate Assert,"{'line': 134, 'column': 4, 'index': 4162}","it('aborts a request if the signal is aborted before the connection is made', async () => {
    const signal = AbortSignal.timeout(10)
    const scope = nock('http://example.test')
      .post('/form')
      .delayConnection(10)
      .reply(201, 'OK!')

    const error = await makeRequest('http://example.test/form', {
      signal,
      method: 'POST',
    }).catch(error => error)

    expect(error).to.have.property('message', 'The operation was aborted')
    expect(error).to.have.property('name', 'AbortError')
    expect(error).to.have.property('code', 'ABORT_ERR')
    expect(error.cause).to.have.property('name', 'TimeoutError')
    scope.done()
  })",122,139,steel
/tests/test_abort_signal.js,Duplicate Assert,"{'line': 135, 'column': 4, 'index': 4237}","it('aborts a request if the signal is aborted before the connection is made', async () => {
    const signal = AbortSignal.timeout(10)
    const scope = nock('http://example.test')
      .post('/form')
      .delayConnection(10)
      .reply(201, 'OK!')

    const error = await makeRequest('http://example.test/form', {
      signal,
      method: 'POST',
    }).catch(error => error)

    expect(error).to.have.property('message', 'The operation was aborted')
    expect(error).to.have.property('name', 'AbortError')
    expect(error).to.have.property('code', 'ABORT_ERR')
    expect(error.cause).to.have.property('name', 'TimeoutError')
    scope.done()
  })",122,139,steel
/tests/test_abort_signal.js,Duplicate Assert,"{'line': 136, 'column': 4, 'index': 4294}","it('aborts a request if the signal is aborted before the connection is made', async () => {
    const signal = AbortSignal.timeout(10)
    const scope = nock('http://example.test')
      .post('/form')
      .delayConnection(10)
      .reply(201, 'OK!')

    const error = await makeRequest('http://example.test/form', {
      signal,
      method: 'POST',
    }).catch(error => error)

    expect(error).to.have.property('message', 'The operation was aborted')
    expect(error).to.have.property('name', 'AbortError')
    expect(error).to.have.property('code', 'ABORT_ERR')
    expect(error.cause).to.have.property('name', 'TimeoutError')
    scope.done()
  })",122,139,steel
/tests/test_abort_signal.js,Duplicate Assert,"{'line': 153, 'column': 4, 'index': 4815}","it('aborts a request if the signal is aborted before the body is returned', async () => {
    const signal = AbortSignal.timeout(10)
    const scope = nock('http://example.test')
      .post('/form')
      .delay(10)
      .reply(201, 'OK!')

    const error = await makeRequest('http://example.test/form', {
      signal,
      method: 'POST',
    }).catch(error => error)

    expect(error).to.have.property('message', 'The operation was aborted')
    expect(error).to.have.property('name', 'AbortError')
    expect(error).to.have.property('code', 'ABORT_ERR')
    expect(error.cause).to.have.property('name', 'TimeoutError')

    scope.done()
  })",141,159,steel
/tests/test_abort_signal.js,Duplicate Assert,"{'line': 154, 'column': 4, 'index': 4890}","it('aborts a request if the signal is aborted before the body is returned', async () => {
    const signal = AbortSignal.timeout(10)
    const scope = nock('http://example.test')
      .post('/form')
      .delay(10)
      .reply(201, 'OK!')

    const error = await makeRequest('http://example.test/form', {
      signal,
      method: 'POST',
    }).catch(error => error)

    expect(error).to.have.property('message', 'The operation was aborted')
    expect(error).to.have.property('name', 'AbortError')
    expect(error).to.have.property('code', 'ABORT_ERR')
    expect(error.cause).to.have.property('name', 'TimeoutError')

    scope.done()
  })",141,159,steel
/tests/test_abort_signal.js,Duplicate Assert,"{'line': 155, 'column': 4, 'index': 4947}","it('aborts a request if the signal is aborted before the body is returned', async () => {
    const signal = AbortSignal.timeout(10)
    const scope = nock('http://example.test')
      .post('/form')
      .delay(10)
      .reply(201, 'OK!')

    const error = await makeRequest('http://example.test/form', {
      signal,
      method: 'POST',
    }).catch(error => error)

    expect(error).to.have.property('message', 'The operation was aborted')
    expect(error).to.have.property('name', 'AbortError')
    expect(error).to.have.property('code', 'ABORT_ERR')
    expect(error.cause).to.have.property('name', 'TimeoutError')

    scope.done()
  })",141,159,steel
/tests/test_abort.js,Ignored Test,"{'line': 165, 'column': 5, 'index': 5258}","it.skip('Emits the expected event sequence when aborted after a delay from the `finish` event', done => {
    // use the delay functionality to create a window where the abort is called during the artificial connection wait.
    const scope = nock('http://example.test').get('/').delay(100).reply()

    const req = http.request('http://example.test')
    const emitSpy = sinon.spy(req, 'emit')

    req.on('finish', () => {
      setTimeout(() => {
        req.abort()
      }, 10)
    })
    req.on('error', err => {
      expect(err.message).to.equal('socket hang up')
      expect(err.code).to.equal('ECONNRESET')
    })
    req.end()

    setTimeout(() => {
      const events = emitSpy.args.map(i => i[0])
      expect(events).to.deep.equal([
        'socket',
        'prefinish',
        'finish',
        'abort',
        'error',
        'close',
      ])
      scope.done()
      done()
    }, 200)
  })",165,196,steel
/tests/test_abort.js,Sleepy Test,"{'line': 25, 'column': 4, 'index': 903}","it('Emits the expected event sequence when `write` is called on an aborted request', done => {
    const scope = nock('http://example.test').get('/').reply()

    const req = http.request('http://example.test')
    const emitSpy = sinon.spy(req, 'emit')
    req.abort()
    req.write('foo')

    setTimeout(() => {
      expect(emitSpy).to.have.been.calledTwice()
      expect(emitSpy.firstCall).to.have.been.calledWith('close')
      expect(emitSpy.secondCall).to.have.been.calledWith('abort')
      expect(scope.isDone()).to.be.false()
      done()
    }, 10)
  })",17,32,steel
/tests/test_abort.js,Sleepy Test,"{'line': 42, 'column': 4, 'index': 1464}","it('Emits the expected event sequence when `end` is called on an aborted request', done => {
    const scope = nock('http://example.test').get('/').reply()

    const req = http.request('http://example.test')
    const emitSpy = sinon.spy(req, 'emit')
    req.abort()
    req.end()

    setTimeout(() => {
      expect(emitSpy).to.have.been.calledTwice()
      expect(emitSpy.firstCall).to.have.been.calledWith('close')
      expect(emitSpy.secondCall).to.have.been.calledWith('abort')
      expect(scope.isDone()).to.be.false()
      done()
    }, 10)
  })",34,49,steel
/tests/test_abort.js,Sleepy Test,"{'line': 59, 'column': 4, 'index': 2043}","it('Emits the expected event sequence when `flushHeaders` is called on an aborted request', done => {
    const scope = nock('http://example.test').get('/').reply()

    const req = http.request('http://example.test')
    const emitSpy = sinon.spy(req, 'emit')
    req.abort()
    req.flushHeaders()

    setTimeout(() => {
      expect(emitSpy).to.have.been.calledTwice()
      expect(emitSpy.firstCall).to.have.been.calledWith('close')
      expect(emitSpy.secondCall).to.have.been.calledWith('abort')
      expect(scope.isDone()).to.be.false()
      done()
    }, 10)
  })",51,66,steel
/tests/test_abort.js,Sleepy Test,"{'line': 76, 'column': 4, 'index': 2598}","it('Emits the expected event sequence when aborted immediately after `end`', done => {
    const scope = nock('http://example.test').get('/').reply()

    const req = http.request('http://example.test')
    const emitSpy = sinon.spy(req, 'emit')
    req.end()
    req.abort()

    setTimeout(() => {
      expect(emitSpy).to.have.been.calledTwice()
      expect(emitSpy.firstCall).to.have.been.calledWith('close')
      expect(emitSpy.secondCall).to.have.been.calledWith('abort')
      expect(scope.isDone()).to.be.false()
      done()
    }, 10)
  })",68,83,steel
/tests/test_abort.js,Sleepy Test,"{'line': 100, 'column': 4, 'index': 3336}","it('Emits the expected event sequence when aborted inside a `socket` event listener', done => {
    const scope = nock('http://example.test').get('/').reply()

    const req = http.request('http://example.test')
    const emitSpy = sinon.spy(req, 'emit')

    req.on('socket', () => {
      req.abort()
    })
    req.on('error', err => {
      expect(err.message).to.equal('socket hang up')
      expect(err.code).to.equal('ECONNRESET')
    })
    req.end()

    setTimeout(() => {
      const events = emitSpy.args.map(i => i[0])
      expect(events).to.deep.equal(['socket', 'abort', 'error', 'close'])
      expect(scope.isDone()).to.be.false()
      done()
    }, 10)
  })",85,106,steel
/tests/test_abort.js,Sleepy Test,"{'line': 122, 'column': 4, 'index': 3971}","it('Emits the expected event sequence when aborted multiple times', done => {
    const scope = nock('http://example.test').get('/').reply()

    const req = http.request('http://example.test')
    const emitSpy = sinon.spy(req, 'emit')

    req.on('error', () => {}) // listen for error so it doesn't bubble
    req.on('socket', () => {
      req.abort()
      req.abort()
      req.abort()
    })
    req.end()

    setTimeout(() => {
      const events = emitSpy.args.map(i => i[0])
      // important: `abort` and `error` events only fire once and the `close` event still fires at the end
      expect(events).to.deep.equal(['socket', 'abort', 'error', 'close'])
      expect(scope.isDone()).to.be.false()
      done()
    }, 10)
  })",108,129,steel
/tests/test_abort.js,Sleepy Test,"{'line': 149, 'column': 4, 'index': 4900}","it('Emits the expected event sequence when aborted inside a `finish` event listener', done => {
    const scope = nock('http://example.test').get('/').reply()

    const req = http.request('http://example.test')
    const emitSpy = sinon.spy(req, 'emit')

    req.on('finish', () => {
      req.abort()
    })
    req.on('error', err => {
      expect(err.message).to.equal('socket hang up')
      expect(err.code).to.equal('ECONNRESET')
    })
    req.end()

    setTimeout(() => {
      const events = emitSpy.args.map(i => i[0])
      expect(events).to.deep.equal([
        'socket',
        'prefinish',
        'finish',
        'abort',
        'error',
        'close',
      ])
      scope.done()
      done()
    }, 20)
  })",134,162,steel
/tests/test_abort.js,Sleepy Test,"{'line': 209, 'column': 4, 'index': 6506}","it('Emits the expected event sequence when aborted inside a `response` event listener', done => {
    const scope = nock('http://example.test').get('/').reply()

    const req = http.request('http://example.test')
    const emitSpy = sinon.spy(req, 'emit')

    req.on('response', () => {
      req.abort()
    })
    req.end()

    setTimeout(() => {
      const events = emitSpy.args.map(i => i[0])
      expect(events).to.deep.equal([
        'socket',
        'prefinish',
        'finish',
        'response',
        'abort',
        'close',
      ])
      scope.done()
      done()
    }, 20)
  })",198,222,steel
/tests/got/test_stream.js,Conditional Test Logic,"{'line': 221, 'column': 10, 'index': 4981}","it('response is streams2 compatible', done => {
  const responseText = 'streams2 streams2 streams2'
  nock('http://example.test').get('/somepath').reply(200, responseText)

  http
    .request(
      {
        host: 'example.test',
        path: '/somepath',
      },
      function (res) {
        res.setEncoding('utf8')

        let body = ''

        res.on('readable', function () {
          let buf
          while ((buf = res.read())) body += buf
        })

        res.once('end', function () {
          expect(body).to.equal(responseText)
          done()
        })
      },
    )
    .end()
})",204,231,steel
/tests/got/test_stream.js,Conditional Test Logic,"{'line': 251, 'column': 8, 'index': 5667}","it('response readable pull stream works as expected', done => {
  nock('http://example.test')
    .get('/ssstream')
    .reply(200, 'this is the response body yeah')

  const req = http.request(
    {
      host: 'example.test',
      path: '/ssstream',
      port: 80,
    },
    res => {
      let ended = false
      let responseBody = ''
      expect(res.statusCode).to.equal(200)
      res.on('readable', function () {
        let chunk
        while ((chunk = res.read()) !== null) {
          responseBody += chunk.toString()
        }
        if (chunk === null && !ended) {
          ended = true
          expect(responseBody).to.equal('this is the response body yeah')
          done()
        }
      })
    },
  )

  req.end()
})",234,264,steel
/tests/got/test_stream.js,Conditional Test Logic,"{'line': 254, 'column': 8, 'index': 5768}","it('response readable pull stream works as expected', done => {
  nock('http://example.test')
    .get('/ssstream')
    .reply(200, 'this is the response body yeah')

  const req = http.request(
    {
      host: 'example.test',
      path: '/ssstream',
      port: 80,
    },
    res => {
      let ended = false
      let responseBody = ''
      expect(res.statusCode).to.equal(200)
      res.on('readable', function () {
        let chunk
        while ((chunk = res.read()) !== null) {
          responseBody += chunk.toString()
        }
        if (chunk === null && !ended) {
          ended = true
          expect(responseBody).to.equal('this is the response body yeah')
          done()
        }
      })
    },
  )

  req.end()
})",234,264,steel
/tests/got/test_stream.js,Ignored Test,"{'line': 267, 'column': 3, 'index': 6008}","it.skip('error events on reply streams proxy to the response', done => {
  // This test could probably be written to use got, however, that lib has a lot
  // of built in error handling and this test would get convoluted.

  const replyBody = new stream.PassThrough()
  const scope = nock('http://example.test').get('/').reply(201, replyBody)

  // We have to push the first bytes so Node will emit the response event
  replyBody.push('start')

  http.get(
    {
      host: 'example.test',
      method: 'GET',
      path: '/',
    },
    res => {
      res.on('error', err => {
        expect(err).to.equal('oh no!')
        scope.done()
        done()
      })

      replyBody.end(() => {
        replyBody.emit('error', 'oh no!')
      })
    },
  )
})",267,295,steel
/tests/got/test_stream.js,Sleepy Test,"{'line': 50, 'column': 4, 'index': 1322}","it('pause response after data', done => {
  const response = new stream.PassThrough()
  const scope = nock('http://example.test')
    .get('/')
    // Node does not pause the 'end' event so we need to use a stream to simulate
    // multiple 'data' events.
    .reply(200, response)

  // We have to push the first bytes so Node will emit the response event
  response.push('start')

  http.get('http://example.test', res => {
    const didTimeout = sinon.spy()

    setTimeout(() => {
      didTimeout()
      res.resume()
    }, 200)

    res.once('data', () => res.pause())

    res.on('end', () => {
      expect(didTimeout).to.have.been.calledOnce()
      scope.done()
      done()
    })

    // Manually simulate multiple 'data' events.
    response.emit('data', 'one')
    setTimeout(() => {
      response.emit('data', 'two')
      response.end()
    }, 0)
  })
})",36,70,steel
/tests/got/test_stream.js,Sleepy Test,"{'line': 65, 'column': 4, 'index': 1636}","it('pause response after data', done => {
  const response = new stream.PassThrough()
  const scope = nock('http://example.test')
    .get('/')
    // Node does not pause the 'end' event so we need to use a stream to simulate
    // multiple 'data' events.
    .reply(200, response)

  // We have to push the first bytes so Node will emit the response event
  response.push('start')

  http.get('http://example.test', res => {
    const didTimeout = sinon.spy()

    setTimeout(() => {
      didTimeout()
      res.resume()
    }, 200)

    res.once('data', () => res.pause())

    res.on('end', () => {
      expect(didTimeout).to.have.been.calledOnce()
      scope.done()
      done()
    })

    // Manually simulate multiple 'data' events.
    response.emit('data', 'one')
    setTimeout(() => {
      response.emit('data', 'two')
      response.end()
    }, 0)
  })
})",36,70,steel
/tests/got/test_stream.js,Unknown Test,"{'column': 0, 'line': 155}","it('response pipe without implicit end', done => {
  const dest = (() => {
    function Constructor() {
      events.EventEmitter.call(this)

      this.buffer = Buffer.alloc(0)
      this.writable = true
    }

    util.inherits(Constructor, events.EventEmitter)

    Constructor.prototype.end = function () {
      this.emit('end')
    }

    Constructor.prototype.write = function (chunk) {
      const buf = Buffer.alloc(this.buffer.length + chunk.length)

      this.buffer.copy(buf)
      chunk.copy(buf, this.buffer.length)

      this.buffer = buf

      return true
    }

    return new Constructor()
  })()

  const scope = nock('http://example.test').get('/').reply(200, 'nobody')

  http.get(
    {
      host: 'example.test',
      path: '/',
    },
    res => {
      dest.on('end', () => expect.fail('should not call end implicitly'))

      res.on('end', () => {
        scope.done()
        done()
      })

      res.pipe(dest, { end: false })
    },
  )
})",155,202,steel
/tests/got/test_scope.js,Duplicate Assert,"{'line': 17, 'column': 2, 'index': 454}","it('scope exposes interceptors', () => {
  const scopes = nock.load(
    path.join(__dirname, '..', 'fixtures', 'good_request.json'),
  )

  expect(scopes).to.be.an.instanceOf(Array)
  expect(scopes).to.have.lengthOf.at.least(1)

  scopes.forEach(scope => {
    scope.interceptors.forEach(interceptor => {
      expect(interceptor).to.be.an.instanceOf(Interceptor)
      interceptor.delayConnection(100)
    })
  })
})",12,26,steel
/tests/got/test_scope.js,Duplicate Assert,"{'line': 18, 'column': 2, 'index': 498}","it('scope exposes interceptors', () => {
  const scopes = nock.load(
    path.join(__dirname, '..', 'fixtures', 'good_request.json'),
  )

  expect(scopes).to.be.an.instanceOf(Array)
  expect(scopes).to.have.lengthOf.at.least(1)

  scopes.forEach(scope => {
    scope.interceptors.forEach(interceptor => {
      expect(interceptor).to.be.an.instanceOf(Interceptor)
      interceptor.delayConnection(100)
    })
  })
})",12,26,steel
/tests/got/test_scope.js,Duplicate Assert,"{'line': 81, 'column': 4, 'index': 2405}","it('removes an active mock', () => {
    const scope = nock('http://example.test').get('/').reply(200)
    const key = 'GET http://example.test:80/'

    // Confidence check.
    expect(scope.activeMocks()).to.deep.equal([key])

    // Act.
    scope.remove(key, scope.interceptors[0])

    // Assert.
    expect(scope.activeMocks()).to.deep.equal([])
  })",76,88,steel
/tests/got/test_scope.js,Duplicate Assert,"{'line': 87, 'column': 4, 'index': 2532}","it('removes an active mock', () => {
    const scope = nock('http://example.test').get('/').reply(200)
    const key = 'GET http://example.test:80/'

    // Confidence check.
    expect(scope.activeMocks()).to.deep.equal([key])

    // Act.
    scope.remove(key, scope.interceptors[0])

    // Assert.
    expect(scope.activeMocks()).to.deep.equal([])
  })",76,88,steel
/tests/got/test_scope.js,Duplicate Assert,"{'line': 95, 'column': 4, 'index': 2791}","it('when a mock is persisted, does nothing', () => {
    const scope = nock('http://example.test').persist().get('/').reply(200)
    const key = 'GET http://example.test:80/'

    // Confidence check.
    expect(scope.activeMocks()).to.deep.equal([key])

    // Act.
    scope.remove(key, scope.interceptors[0])

    // Assert.
    expect(scope.activeMocks()).to.deep.equal([key])
  })",90,102,steel
/tests/got/test_scope.js,Duplicate Assert,"{'line': 101, 'column': 4, 'index': 2918}","it('when a mock is persisted, does nothing', () => {
    const scope = nock('http://example.test').persist().get('/').reply(200)
    const key = 'GET http://example.test:80/'

    // Confidence check.
    expect(scope.activeMocks()).to.deep.equal([key])

    // Act.
    scope.remove(key, scope.interceptors[0])

    // Assert.
    expect(scope.activeMocks()).to.deep.equal([key])
  })",90,102,steel
/tests/got/test_scope.js,Duplicate Assert,"{'line': 109, 'column': 4, 'index': 3173}","it('when the key is nonexistent, does nothing', () => {
    const scope = nock('http://example.test').get('/').reply(200)
    const key = 'GET http://example.test:80/'

    // Confidence check.
    expect(scope.activeMocks()).to.deep.equal([key])

    // Act.
    scope.remove('GET http://bogus.test:80/', scope.interceptors[0])

    // Assert.
    expect(scope.activeMocks()).to.deep.equal([key])
  })",104,116,steel
/tests/got/test_scope.js,Duplicate Assert,"{'line': 115, 'column': 4, 'index': 3324}","it('when the key is nonexistent, does nothing', () => {
    const scope = nock('http://example.test').get('/').reply(200)
    const key = 'GET http://example.test:80/'

    // Confidence check.
    expect(scope.activeMocks()).to.deep.equal([key])

    // Act.
    scope.remove('GET http://bogus.test:80/', scope.interceptors[0])

    // Assert.
    expect(scope.activeMocks()).to.deep.equal([key])
  })",104,116,steel
/tests/got/test_scope.js,Duplicate Assert,"{'line': 129, 'column': 4, 'index': 3766}","it('returns false while a mock is pending, and true after it is consumed', async () => {
    const scope = nock('http://example.test').get('/').reply()

    expect(scope.isDone()).to.be.false()

    await got('http://example.test/')

    expect(scope.isDone()).to.be.true()

    scope.done()
  })",126,136,steel
/tests/got/test_scope.js,Duplicate Assert,"{'line': 133, 'column': 4, 'index': 3847}","it('returns false while a mock is pending, and true after it is consumed', async () => {
    const scope = nock('http://example.test').get('/').reply()

    expect(scope.isDone()).to.be.false()

    await got('http://example.test/')

    expect(scope.isDone()).to.be.true()

    scope.done()
  })",126,136,steel
/tests/got/test_request_overrider.js,Duplicate Assert,"{'line': 368, 'column': 4, 'index': 9402}","it('should update the writable attributes before emitting the ""finish"" event', done => {
    nock('http://example.test').post('/').reply()

    const req = http.request({
      host: 'example.test',
      method: 'POST',
      path: '/',
      port: 80,
    })

    // `writableEnded` was added in v12.9.0 to rename `finished` which was deprecated in v13.4.0. it's just an alias,
    // but it only denotes that `end` was called on the request not that the socket has finished flushing (hence the rename).
    expect(req.finished).to.be.false()
    const hasWriteable = 'writableEnded' in req // to support v10
    expect(req.writableEnded).to.equal(hasWriteable ? false : undefined)

    // `writableFinished` denotes all data has been flushed to the underlying system, immediately before
    // the 'finish' event is emitted. Nock's ""socket"" is instantaneous so these attributes never differ.
    expect(req.writableFinished).to.equal(hasWriteable ? false : undefined)

    req.on('finish', () => {
      expect(req.finished).to.be.true()
      expect(req.writableEnded).to.equal(hasWriteable ? true : undefined)
      expect(req.writableFinished).to.equal(hasWriteable ? true : undefined)

      done()
    })

    req.end('mamma mia')
  })",356,385,steel
/tests/got/test_request_overrider.js,Duplicate Assert,"{'line': 370, 'column': 4, 'index': 9507}","it('should update the writable attributes before emitting the ""finish"" event', done => {
    nock('http://example.test').post('/').reply()

    const req = http.request({
      host: 'example.test',
      method: 'POST',
      path: '/',
      port: 80,
    })

    // `writableEnded` was added in v12.9.0 to rename `finished` which was deprecated in v13.4.0. it's just an alias,
    // but it only denotes that `end` was called on the request not that the socket has finished flushing (hence the rename).
    expect(req.finished).to.be.false()
    const hasWriteable = 'writableEnded' in req // to support v10
    expect(req.writableEnded).to.equal(hasWriteable ? false : undefined)

    // `writableFinished` denotes all data has been flushed to the underlying system, immediately before
    // the 'finish' event is emitted. Nock's ""socket"" is instantaneous so these attributes never differ.
    expect(req.writableFinished).to.equal(hasWriteable ? false : undefined)

    req.on('finish', () => {
      expect(req.finished).to.be.true()
      expect(req.writableEnded).to.equal(hasWriteable ? true : undefined)
      expect(req.writableFinished).to.equal(hasWriteable ? true : undefined)

      done()
    })

    req.end('mamma mia')
  })",356,385,steel
/tests/got/test_request_overrider.js,Duplicate Assert,"{'line': 374, 'column': 4, 'index': 9791}","it('should update the writable attributes before emitting the ""finish"" event', done => {
    nock('http://example.test').post('/').reply()

    const req = http.request({
      host: 'example.test',
      method: 'POST',
      path: '/',
      port: 80,
    })

    // `writableEnded` was added in v12.9.0 to rename `finished` which was deprecated in v13.4.0. it's just an alias,
    // but it only denotes that `end` was called on the request not that the socket has finished flushing (hence the rename).
    expect(req.finished).to.be.false()
    const hasWriteable = 'writableEnded' in req // to support v10
    expect(req.writableEnded).to.equal(hasWriteable ? false : undefined)

    // `writableFinished` denotes all data has been flushed to the underlying system, immediately before
    // the 'finish' event is emitted. Nock's ""socket"" is instantaneous so these attributes never differ.
    expect(req.writableFinished).to.equal(hasWriteable ? false : undefined)

    req.on('finish', () => {
      expect(req.finished).to.be.true()
      expect(req.writableEnded).to.equal(hasWriteable ? true : undefined)
      expect(req.writableFinished).to.equal(hasWriteable ? true : undefined)

      done()
    })

    req.end('mamma mia')
  })",356,385,steel
/tests/got/test_request_overrider.js,Duplicate Assert,"{'line': 377, 'column': 6, 'index': 9899}","it('should update the writable attributes before emitting the ""finish"" event', done => {
    nock('http://example.test').post('/').reply()

    const req = http.request({
      host: 'example.test',
      method: 'POST',
      path: '/',
      port: 80,
    })

    // `writableEnded` was added in v12.9.0 to rename `finished` which was deprecated in v13.4.0. it's just an alias,
    // but it only denotes that `end` was called on the request not that the socket has finished flushing (hence the rename).
    expect(req.finished).to.be.false()
    const hasWriteable = 'writableEnded' in req // to support v10
    expect(req.writableEnded).to.equal(hasWriteable ? false : undefined)

    // `writableFinished` denotes all data has been flushed to the underlying system, immediately before
    // the 'finish' event is emitted. Nock's ""socket"" is instantaneous so these attributes never differ.
    expect(req.writableFinished).to.equal(hasWriteable ? false : undefined)

    req.on('finish', () => {
      expect(req.finished).to.be.true()
      expect(req.writableEnded).to.equal(hasWriteable ? true : undefined)
      expect(req.writableFinished).to.equal(hasWriteable ? true : undefined)

      done()
    })

    req.end('mamma mia')
  })",356,385,steel
/tests/got/test_request_overrider.js,Duplicate Assert,"{'line': 378, 'column': 6, 'index': 9939}","it('should update the writable attributes before emitting the ""finish"" event', done => {
    nock('http://example.test').post('/').reply()

    const req = http.request({
      host: 'example.test',
      method: 'POST',
      path: '/',
      port: 80,
    })

    // `writableEnded` was added in v12.9.0 to rename `finished` which was deprecated in v13.4.0. it's just an alias,
    // but it only denotes that `end` was called on the request not that the socket has finished flushing (hence the rename).
    expect(req.finished).to.be.false()
    const hasWriteable = 'writableEnded' in req // to support v10
    expect(req.writableEnded).to.equal(hasWriteable ? false : undefined)

    // `writableFinished` denotes all data has been flushed to the underlying system, immediately before
    // the 'finish' event is emitted. Nock's ""socket"" is instantaneous so these attributes never differ.
    expect(req.writableFinished).to.equal(hasWriteable ? false : undefined)

    req.on('finish', () => {
      expect(req.finished).to.be.true()
      expect(req.writableEnded).to.equal(hasWriteable ? true : undefined)
      expect(req.writableFinished).to.equal(hasWriteable ? true : undefined)

      done()
    })

    req.end('mamma mia')
  })",356,385,steel
/tests/got/test_request_overrider.js,Duplicate Assert,"{'line': 379, 'column': 6, 'index': 10013}","it('should update the writable attributes before emitting the ""finish"" event', done => {
    nock('http://example.test').post('/').reply()

    const req = http.request({
      host: 'example.test',
      method: 'POST',
      path: '/',
      port: 80,
    })

    // `writableEnded` was added in v12.9.0 to rename `finished` which was deprecated in v13.4.0. it's just an alias,
    // but it only denotes that `end` was called on the request not that the socket has finished flushing (hence the rename).
    expect(req.finished).to.be.false()
    const hasWriteable = 'writableEnded' in req // to support v10
    expect(req.writableEnded).to.equal(hasWriteable ? false : undefined)

    // `writableFinished` denotes all data has been flushed to the underlying system, immediately before
    // the 'finish' event is emitted. Nock's ""socket"" is instantaneous so these attributes never differ.
    expect(req.writableFinished).to.equal(hasWriteable ? false : undefined)

    req.on('finish', () => {
      expect(req.finished).to.be.true()
      expect(req.writableEnded).to.equal(hasWriteable ? true : undefined)
      expect(req.writableFinished).to.equal(hasWriteable ? true : undefined)

      done()
    })

    req.end('mamma mia')
  })",356,385,steel
/tests/got/test_request_overrider.js,Duplicate Assert,"{'line': 531, 'column': 6, 'index': 13675}","it('socket is shared and aliased correctly', done => {
    nock('http://example.test').get('/').reply()

    const req = http.get('http://example.test')

    req.once('response', res => {
      expect(req.socket).to.equal(req.connection)
      expect(req.socket).to.equal(res.socket)
      expect(res.socket).to.equal(res.client)
      expect(res.socket).to.equal(res.connection)
      done()
    })
  })",525,537,steel
/tests/got/test_request_overrider.js,Duplicate Assert,"{'line': 532, 'column': 6, 'index': 13725}","it('socket is shared and aliased correctly', done => {
    nock('http://example.test').get('/').reply()

    const req = http.get('http://example.test')

    req.once('response', res => {
      expect(req.socket).to.equal(req.connection)
      expect(req.socket).to.equal(res.socket)
      expect(res.socket).to.equal(res.client)
      expect(res.socket).to.equal(res.connection)
      done()
    })
  })",525,537,steel
/tests/got/test_request_overrider.js,Duplicate Assert,"{'line': 533, 'column': 6, 'index': 13771}","it('socket is shared and aliased correctly', done => {
    nock('http://example.test').get('/').reply()

    const req = http.get('http://example.test')

    req.once('response', res => {
      expect(req.socket).to.equal(req.connection)
      expect(req.socket).to.equal(res.socket)
      expect(res.socket).to.equal(res.client)
      expect(res.socket).to.equal(res.connection)
      done()
    })
  })",525,537,steel
/tests/got/test_request_overrider.js,Duplicate Assert,"{'line': 534, 'column': 6, 'index': 13817}","it('socket is shared and aliased correctly', done => {
    nock('http://example.test').get('/').reply()

    const req = http.get('http://example.test')

    req.once('response', res => {
      expect(req.socket).to.equal(req.connection)
      expect(req.socket).to.equal(res.socket)
      expect(res.socket).to.equal(res.client)
      expect(res.socket).to.equal(res.connection)
      done()
    })
  })",525,537,steel
/tests/got/test_request_overrider.js,Duplicate Assert,"{'line': 717, 'column': 4, 'index': 18667}","it(""mocked requests have 'method' property"", done => {
    const scope = nock('http://example.test').get('/somepath').reply(200, {})

    const req = http.request({
      host: 'example.test',
      path: '/somepath',
      method: 'GET',
      port: 80,
    })

    expect(req.method).to.equal('GET')

    req.on('response', res => {
      expect(req.method).to.equal('GET')
      scope.done()
      done()
    })

    req.end()
  })",707,726,steel
/tests/got/test_request_overrider.js,Duplicate Assert,"{'line': 720, 'column': 6, 'index': 18741}","it(""mocked requests have 'method' property"", done => {
    const scope = nock('http://example.test').get('/somepath').reply(200, {})

    const req = http.request({
      host: 'example.test',
      path: '/somepath',
      method: 'GET',
      port: 80,
    })

    expect(req.method).to.equal('GET')

    req.on('response', res => {
      expect(req.method).to.equal('GET')
      scope.done()
      done()
    })

    req.end()
  })",707,726,steel
/tests/got/test_request_overrider.js,Ignored Test,"{'line': 663, 'column': 5, 'index': 17174}","it.skip('socket has getPeerCertificate() method which returns a random base64 string', done => {
    nock('https://example.test').get('/').reply()

    const req = https.get('https://example.test')
    req.once('socket', socket => {
      const first = socket.getPeerCertificate()
      const second = socket.getPeerCertificate()
      expect(first).to.be.a('string')
      expect(second).to.be.a('string').and.not.equal(first)
      done()
    })
  })",663,674,steel
/tests/got/test_request_overrider.js,Ignored Test,"{'line': 755, 'column': 5, 'index': 19534}","it.skip('Request with `Expect: 100-continue` triggers continue event', done => {
    // This is a replacement for a wide-bracket regression test that was added
    // for https://github.com/nock/nock/issues/256.
    //
    // The behavior was subsequently changed so 'continue' is emitted only when
    // the `Expect: 100-continue` header is present.
    //
    // This test was adapted from this test from Node:
    // https://github.com/nodejs/node/blob/1b2d3f7ae7f0391908b70b0333a5adef3c8cb79d/test/parallel/test-http-expect-continue.js#L35
    //
    // Related:
    // https://tools.ietf.org/html/rfc2616#section-8.2.3
    // https://github.com/nodejs/node/issues/10487
    const exampleRequestBody = 'this is the full request body'

    const scope = nock('http://example.test')
      .post('/', exampleRequestBody)
      .reply()

    const req = http.request({
      host: 'example.test',
      method: 'POST',
      path: '/',
      port: 80,
      headers: { Expect: '100-continue' },
    })

    const onData = sinon.spy()

    req.on('response', res => {
      expect(res.statusCode).to.equal(200)
      // The `end` event will not fire without a `data` listener, though it
      // will never fire since the body is empty. This is consistent with
      // the Node docs:
      // https://nodejs.org/api/http.html#http_class_http_clientrequest
      res.on('data', onData)
      res.on('end', () => {
        expect(onData).not.to.have.been.called()
        scope.done()
        done()
      })
    })

    req.on('continue', () => {
      req.end(exampleRequestBody)
    })
  })",755,801,steel
/tests/got/test_request_overrider.js,Sleepy Test,"{'line': 404, 'column': 6, 'index': 10527}","it('pause response before data', done => {
    const scope = nock('http://example.test')
      .get('/pauser')
      .reply(200, 'nobody')

    const req = http.request({
      host: 'example.test',
      path: '/pauser',
    })

    const didTimeout = sinon.spy()
    const onData = sinon.spy()

    req.on('response', res => {
      res.pause()

      setTimeout(() => {
        didTimeout()
        res.resume()
      }, 500)

      res.on('data', () => {
        onData()
        expect(didTimeout).to.have.been.calledOnce()
      })

      res.on('end', () => {
        expect(onData).to.have.been.calledOnce()
        scope.done()
        done()
      })
    })

    req.end()
  })",388,422,steel
/tests/got/test_request_overrider.js,Sleepy Test,"{'line': 656, 'column': 6, 'index': 17058}","it('calling Socket#destroy() multiple times only emits a single `close` event', done => {
    nock('http://example.test').get('/').reply(200, 'hey')

    const req = http.get('http://example.test')
    req.on('error', () => {}) // listen for error so it doesn't bubble
    req.once('socket', socket => {
      const closeSpy = sinon.spy()
      socket.on('close', closeSpy)

      socket.destroy().destroy().destroy()

      setTimeout(() => {
        expect(closeSpy).to.have.been.calledOnce()
        done()
      }, 10)
    })
  })",645,661,steel
/tests/got/test_request_overrider.js,Unknown Test,"{'column': 2, 'line': 47}","it('emits the response event', done => {
    const scope = nock('http://example.test').get('/').reply()

    const req = http.get('http://example.test')

    req.on('response', () => {
      scope.done()
      done()
    })
  })",47,56,steel
/tests/got/test_request_overrider.js,Unknown Test,"{'column': 2, 'line': 239}","it('request.end called with only data and encoding', done => {
    const scope = nock('http://example.test').post('/', 'foobar').reply()

    const req = http.request(
      {
        host: 'example.test',
        method: 'POST',
        path: '/',
      },
      res => {
        res.on('end', () => {
          scope.done()
          done()
        })
        res.resume()
      },
    )

    // hex(foobar) == 666F6F626172
    req.end('666F6F626172', 'hex')
  })",239,259,steel
/tests/got/test_request_overrider.js,Unknown Test,"{'column': 2, 'line': 286}","it('request.end can be called multiple times without a chunk and not error', done => {
    const scope = nock('http://example.test').get('/').reply()

    const req = http.request(
      {
        host: 'example.test',
        method: 'GET',
        path: '/',
      },
      res => {
        res.on('end', () => {
          scope.done()
          done()
        })
        res.resume()
      },
    )

    req.end()
    req.end()
    req.end()
  })",286,307,steel
/tests/got/test_request_overrider.js,Unknown Test,"{'column': 2, 'line': 602}","it('socket has setKeepAlive() method', done => {
    nock('http://example.test').get('/').reply(200, 'hey')

    const req = http.get('http://example.test')
    req.once('socket', socket => {
      socket.setKeepAlive(true)
      done()
    })
  })",602,610,steel
/tests/got/test_request_overrider.js,Unknown Test,"{'column': 2, 'line': 612}","it('socket has write() method', done => {
    nock('http://example.test').get('/').reply(200, 'hey')

    const req = http.get('http://example.test')
    req.once('socket', socket => {
      socket.write('test')
      done()
    })
  })",612,620,steel
/tests/got/test_request_overrider.js,Unknown Test,"{'column': 2, 'line': 634}","it('socket has destroy() method', done => {
    nock('http://example.test').get('/').reply(200, 'hey')

    const req = http.get('http://example.test')
    req.on('error', () => {}) // listen for error so it doesn't bubble
    req.once('socket', socket => {
      socket.destroy()
      done()
    })
  })",634,643,steel
/tests/got/test_reply_headers.js,Conditional Test Logic,"{'line': 420, 'column': 6, 'index': 11822}","afterEach(() => {
      if (clock) {
        clock.uninstall()
        clock = undefined
      }
    })",419,424,steel
/tests/got/test_reply_headers.js,Duplicate Assert,"{'line': 329, 'column': 6, 'index': 9355}","it('is re-evaluated for a subsequent request', async () => {
      let counter = 0
      const scope = nock('http://example.test')
        .get('/')
        .times(2)
        .reply(200, 'boo!', {
          'X-My-Headers': () => `${++counter}`,
        })

      const { headers, rawHeaders } = await got('http://example.test/')
      expect(headers).to.deep.equal({ 'x-my-headers': '1' })
      expect(rawHeaders).to.deep.equal(['X-My-Headers', '1'])

      expect(counter).to.equal(1)

      const { headers: headers2, rawHeaders: rawHeaders2 } = await got(
        'http://example.test/',
      )
      expect(headers2).to.deep.equal({ 'x-my-headers': '2' })
      expect(rawHeaders2).to.deep.equal(['X-My-Headers', '2'])

      expect(counter).to.equal(2)

      scope.done()
    })",316,340,steel
/tests/got/test_reply_headers.js,Duplicate Assert,"{'line': 337, 'column': 6, 'index': 9628}","it('is re-evaluated for a subsequent request', async () => {
      let counter = 0
      const scope = nock('http://example.test')
        .get('/')
        .times(2)
        .reply(200, 'boo!', {
          'X-My-Headers': () => `${++counter}`,
        })

      const { headers, rawHeaders } = await got('http://example.test/')
      expect(headers).to.deep.equal({ 'x-my-headers': '1' })
      expect(rawHeaders).to.deep.equal(['X-My-Headers', '1'])

      expect(counter).to.equal(1)

      const { headers: headers2, rawHeaders: rawHeaders2 } = await got(
        'http://example.test/',
      )
      expect(headers2).to.deep.equal({ 'x-my-headers': '2' })
      expect(rawHeaders2).to.deep.equal(['X-My-Headers', '2'])

      expect(counter).to.equal(2)

      scope.done()
    })",316,340,steel
/tests/got/test_reply_function_sync.js,Duplicate Assert,"{'line': 95, 'column': 6, 'index': 2876}","it(""isn't invoked until request matches"", async () => {
      const onReply = sinon.spy()

      const scope = nock('http://example.test')
        .get('/')
        .reply(200, (uri, body) => {
          onReply()
          return ''
        })

      expect(onReply).not.to.have.been.called()
      await got('http://example.test/')
      expect(onReply).to.have.been.calledOnce()

      scope.done()
    })",85,100,steel
/tests/got/test_reply_function_sync.js,Duplicate Assert,"{'line': 97, 'column': 6, 'index': 2964}","it(""isn't invoked until request matches"", async () => {
      const onReply = sinon.spy()

      const scope = nock('http://example.test')
        .get('/')
        .reply(200, (uri, body) => {
          onReply()
          return ''
        })

      expect(onReply).not.to.have.been.called()
      await got('http://example.test/')
      expect(onReply).to.have.been.calledOnce()

      scope.done()
    })",85,100,steel
/tests/got/test_reply_function_async.js,Exception Handling,"{'line': 164, 'column': 10, 'index': 5150}","it('when reply is called with a status code and an async function that throws, it propagates the error', async () => {
      nock('http://example.test')
        .get('/')
        .reply(201, async () => {
          throw Error('oh no!')
        })

      await assertRejects(got('http://example.test'), /oh no!/)
    })",160,168,steel
/tests/got/test_reply_function_async.js,Exception Handling,"{'line': 174, 'column': 10, 'index': 5452}","it('when reply is called with an async function that throws, it propagates the error', async () => {
      nock('http://example.test')
        .get('/')
        .reply(async () => {
          throw Error('oh no!')
        })

      await assertRejects(got('http://example.test'), /oh no!/)
    })",170,178,steel
/tests/got/test_reply_function_async.js,Sleepy Test,"{'line': 37, 'column': 10, 'index': 1172}","it('reply takes a callback for status code', async () => {
      const responseBody = 'Hello, world!'

      const scope = nock('http://example.test')
        .get('/')
        .reply((path, requestBody, callback) => {
          setTimeout(
            () =>
              callback(null, [
                202,
                responseBody,
                { 'X-Custom-Header': 'abcdef' },
              ]),
            1,
          )
        })

      const { statusCode, headers, body } = await got('http://example.test/')

      expect(statusCode).to.equal(202)
      expect(headers).to.deep.equal({ 'x-custom-header': 'abcdef' })
      expect(body).to.equal(responseBody)
      scope.done()
    })",31,54,steel
/tests/got/test_reply_function_async.js,Sleepy Test,"{'line': 69, 'column': 10, 'index': 2222}","it('should get request headers', async () => {
      const scope = nock('http://example.test')
        .get('/yo')
        .reply(201, function (path, reqBody, cb) {
          expect(this.req.path).to.equal('/yo')
          expect(this.req.headers).to.deep.equal({
            connection: 'close',
            'accept-encoding': 'gzip, deflate, br',
            host: 'example.test',
            'x-my-header': 'some-value',
            'x-my-other-header': 'some-other-value',
            'user-agent': 'got (https://github.com/sindresorhus/got)',
          })
          setTimeout(function () {
            cb(null, 'foobar')
          }, 1e3)
        })

      const { statusCode, body } = await got('http://example.test/yo', {
        headers: {
          'x-my-header': 'some-value',
          'x-my-other-header': 'some-other-value',
        },
      })

      expect(statusCode).to.equal(201)
      expect(body).to.equal('foobar')

      scope.done()
    })",56,85,steel
/tests/got/test_reply_function_async.js,Unknown Test,"{'column': 4, 'line': 87}","it('reply should throw on error on the callback', async () => {
      nock('http://example.test')
        .get('/')
        .reply(500, (path, requestBody, callback) =>
          callback(new Error('Database failed')),
        )

      await assertRejects(got('http://example.test'), /Database failed/)
    })",87,95,steel
/tests/got/test_reply_function_async.js,Unknown Test,"{'column': 4, 'line': 97}","it('an error passed to the callback propagates when [err, fullResponseArray] is expected', async () => {
      nock('http://example.test')
        .get('/')
        .reply((path, requestBody, callback) => {
          callback(Error('boom'))
        })

      await assertRejects(got('http://example.test'), /boom/)
    })",97,105,steel
/tests/got/test_reply_function_async.js,Unknown Test,"{'column': 4, 'line': 160}","it('when reply is called with a status code and an async function that throws, it propagates the error', async () => {
      nock('http://example.test')
        .get('/')
        .reply(201, async () => {
          throw Error('oh no!')
        })

      await assertRejects(got('http://example.test'), /oh no!/)
    })",160,168,steel
/tests/got/test_reply_function_async.js,Unknown Test,"{'column': 4, 'line': 170}","it('when reply is called with an async function that throws, it propagates the error', async () => {
      nock('http://example.test')
        .get('/')
        .reply(async () => {
          throw Error('oh no!')
        })

      await assertRejects(got('http://example.test'), /oh no!/)
    })",170,178,steel
/tests/got/test_reply_body.js,Duplicate Assert,"{'line': 17, 'column': 4, 'index': 492}","it('stringifies an object', async () => {
    const responseBody = { hello: 'world' }
    const scope = nock('http://example.test').get('/').reply(200, responseBody)

    const { statusCode, headers, body } = await got('http://example.test/')

    expect(statusCode).to.equal(200)
    expect(headers).not.to.have.property('date')
    expect(headers).not.to.have.property('content-length')
    expect(headers).to.include({ 'content-type': 'application/json' })
    expect(body).to.be.a('string').and.equal(JSON.stringify(responseBody))
    scope.done()
  })",10,22,steel
/tests/got/test_reply_body.js,Duplicate Assert,"{'line': 18, 'column': 4, 'index': 541}","it('stringifies an object', async () => {
    const responseBody = { hello: 'world' }
    const scope = nock('http://example.test').get('/').reply(200, responseBody)

    const { statusCode, headers, body } = await got('http://example.test/')

    expect(statusCode).to.equal(200)
    expect(headers).not.to.have.property('date')
    expect(headers).not.to.have.property('content-length')
    expect(headers).to.include({ 'content-type': 'application/json' })
    expect(body).to.be.a('string').and.equal(JSON.stringify(responseBody))
    scope.done()
  })",10,22,steel
/tests/got/test_reply_body.js,Duplicate Assert,"{'line': 19, 'column': 4, 'index': 600}","it('stringifies an object', async () => {
    const responseBody = { hello: 'world' }
    const scope = nock('http://example.test').get('/').reply(200, responseBody)

    const { statusCode, headers, body } = await got('http://example.test/')

    expect(statusCode).to.equal(200)
    expect(headers).not.to.have.property('date')
    expect(headers).not.to.have.property('content-length')
    expect(headers).to.include({ 'content-type': 'application/json' })
    expect(body).to.be.a('string').and.equal(JSON.stringify(responseBody))
    scope.done()
  })",10,22,steel
/tests/got/test_reply_body.js,Duplicate Assert,"{'line': 31, 'column': 4, 'index': 1053}","it('stringifies an array', async () => {
    const responseBody = [{ hello: 'world' }]
    const scope = nock('http://example.test').get('/').reply(200, responseBody)

    const { statusCode, headers, body } = await got('http://example.test/')

    expect(statusCode).to.equal(200)
    expect(headers).not.to.have.property('date')
    expect(headers).not.to.have.property('content-length')
    expect(headers).to.include({ 'content-type': 'application/json' })
    expect(body).to.be.a('string').and.equal(JSON.stringify(responseBody))
    scope.done()
  })",24,36,steel
/tests/got/test_reply_body.js,Duplicate Assert,"{'line': 32, 'column': 4, 'index': 1102}","it('stringifies an array', async () => {
    const responseBody = [{ hello: 'world' }]
    const scope = nock('http://example.test').get('/').reply(200, responseBody)

    const { statusCode, headers, body } = await got('http://example.test/')

    expect(statusCode).to.equal(200)
    expect(headers).not.to.have.property('date')
    expect(headers).not.to.have.property('content-length')
    expect(headers).to.include({ 'content-type': 'application/json' })
    expect(body).to.be.a('string').and.equal(JSON.stringify(responseBody))
    scope.done()
  })",24,36,steel
/tests/got/test_reply_body.js,Duplicate Assert,"{'line': 33, 'column': 4, 'index': 1161}","it('stringifies an array', async () => {
    const responseBody = [{ hello: 'world' }]
    const scope = nock('http://example.test').get('/').reply(200, responseBody)

    const { statusCode, headers, body } = await got('http://example.test/')

    expect(statusCode).to.equal(200)
    expect(headers).not.to.have.property('date')
    expect(headers).not.to.have.property('content-length')
    expect(headers).to.include({ 'content-type': 'application/json' })
    expect(body).to.be.a('string').and.equal(JSON.stringify(responseBody))
    scope.done()
  })",24,36,steel
/tests/got/test_reply_body.js,Exception Handling,"{'line': 100, 'column': 8, 'index': 3293}","it('unencodable object throws the expected error', () => {
    const unencodableObject = {
      toJSON() {
        throw Error('bad!')
      },
    }

    expect(() =>
      nock('http://localhost').get('/').reply(200, unencodableObject),
    ).to.throw(Error, 'Error encoding response body into JSON')
  })",97,107,steel
/tests/got/test_repeating.js,Conditional Test Logic,"{'line': 33, 'column': 4, 'index': 756}","it('`twice()`', async () => {
    const scope = nock('http://example.test')
      .get('/')
      .twice()
      .reply(200, 'Hello World!')

    // eslint-disable-next-line no-unused-vars
    for (const _ of Array(2)) {
      const { statusCode } = await got('http://example.test/')
      expect(statusCode).to.equal(200)
    }

    await assertRejects(
      got('http://example.test/'),
      /Nock: No match for request/,
    )

    scope.done()
  })",26,44,steel
/tests/got/test_repeating.js,Conditional Test Logic,"{'line': 53, 'column': 4, 'index': 1216}","it('`thrice()`', async () => {
    const scope = nock('http://example.test')
      .get('/')
      .thrice()
      .reply(200, 'Hello World!')

    // eslint-disable-next-line no-unused-vars
    for (const _ of Array(3)) {
      const { statusCode } = await got('http://example.test/')
      expect(statusCode).to.equal(200)
    }

    await assertRejects(
      got('http://example.test/'),
      /Nock: No match for request/,
    )

    scope.done()
  })",46,64,steel
/tests/got/test_repeating.js,Conditional Test Logic,"{'line': 74, 'column': 6, 'index': 1729}","it('repeating 4 times', async () => {
      const scope = nock('http://example.test')
        .get('/')
        .times(4)
        .reply(200, 'Hello World!')

      // eslint-disable-next-line no-unused-vars
      for (const _ of Array(4)) {
        const { statusCode } = await got('http://example.test/')
        expect(statusCode).to.equal(200)
      }

      await assertRejects(
        got('http://example.test/'),
        /Nock: No match for request/,
      )

      scope.done()
    })",67,85,steel
/tests/got/test_repeating.js,Conditional Test Logic,"{'line': 109, 'column': 4, 'index': 2618}","it('`isDone()` considers repeated responses', async () => {
    const scope = nock('http://example.test').get('/').times(2).reply(204)

    // eslint-disable-next-line no-unused-vars
    for (const _ of Array(2)) {
      expect(scope.isDone()).to.be.false()
      await got('http://example.test/')
    }
    expect(scope.isDone()).to.be.true()
  })",105,114,steel
/tests/got/test_repeating.js,Duplicate Assert,"{'line': 110, 'column': 6, 'index': 2652}","it('`isDone()` considers repeated responses', async () => {
    const scope = nock('http://example.test').get('/').times(2).reply(204)

    // eslint-disable-next-line no-unused-vars
    for (const _ of Array(2)) {
      expect(scope.isDone()).to.be.false()
      await got('http://example.test/')
    }
    expect(scope.isDone()).to.be.true()
  })",105,114,steel
/tests/got/test_repeating.js,Duplicate Assert,"{'line': 113, 'column': 4, 'index': 2739}","it('`isDone()` considers repeated responses', async () => {
    const scope = nock('http://example.test').get('/').times(2).reply(204)

    // eslint-disable-next-line no-unused-vars
    for (const _ of Array(2)) {
      expect(scope.isDone()).to.be.false()
      await got('http://example.test/')
    }
    expect(scope.isDone()).to.be.true()
  })",105,114,steel
/tests/got/test_remove_interceptor.js,Duplicate Assert,"{'line': 30, 'column': 6, 'index': 981}","it('reflects the removal in `pendingMocks()`', () => {
      const givenInterceptor = nock('http://example.test').get('/somepath')
      const scope = givenInterceptor.reply(200, 'hey')

      expect(scope.pendingMocks()).to.deep.equal([
        'GET http://example.test:80/somepath',
      ])

      expect(nock.removeInterceptor(givenInterceptor)).to.be.true()

      expect(scope.pendingMocks()).to.deep.equal([])
    })",26,37,steel
/tests/got/test_remove_interceptor.js,Duplicate Assert,"{'line': 36, 'column': 6, 'index': 1158}","it('reflects the removal in `pendingMocks()`', () => {
      const givenInterceptor = nock('http://example.test').get('/somepath')
      const scope = givenInterceptor.reply(200, 'hey')

      expect(scope.pendingMocks()).to.deep.equal([
        'GET http://example.test:80/somepath',
      ])

      expect(nock.removeInterceptor(givenInterceptor)).to.be.true()

      expect(scope.pendingMocks()).to.deep.equal([])
    })",26,37,steel
/tests/got/test_remove_interceptor.js,Duplicate Assert,"{'line': 120, 'column': 6, 'index': 3615}","it('can match a request with a proto', () => {
      const scope = nock('https://example.test')
        .get('/somepath')
        .reply(200, 'hey')
      expect(scope.pendingMocks()).to.deep.equal([
        'GET https://example.test:443/somepath',
      ])

      expect(
        nock.removeInterceptor({
          proto: 'https',
          hostname: 'example.test',
          path: '/somepath',
        }),
      ).to.be.true()

      expect(scope.pendingMocks()).to.deep.equal([])
    })",116,133,steel
/tests/got/test_remove_interceptor.js,Duplicate Assert,"{'line': 132, 'column': 6, 'index': 3897}","it('can match a request with a proto', () => {
      const scope = nock('https://example.test')
        .get('/somepath')
        .reply(200, 'hey')
      expect(scope.pendingMocks()).to.deep.equal([
        'GET https://example.test:443/somepath',
      ])

      expect(
        nock.removeInterceptor({
          proto: 'https',
          hostname: 'example.test',
          path: '/somepath',
        }),
      ).to.be.true()

      expect(scope.pendingMocks()).to.deep.equal([])
    })",116,133,steel
/tests/got/test_remove_interceptor.js,Duplicate Assert,"{'line': 139, 'column': 6, 'index': 4112}","it('can match a request with a method', () => {
      const scope = nock('http://example.test')
        .post('/somepath')
        .reply(200, 'hey')
      expect(scope.pendingMocks()).to.deep.equal([
        'POST http://example.test:80/somepath',
      ])

      expect(
        nock.removeInterceptor({
          method: 'post',
          hostname: 'example.test',
          path: '/somepath',
        }),
      ).to.be.true()

      expect(scope.pendingMocks()).to.deep.equal([])
    })",135,152,steel
/tests/got/test_remove_interceptor.js,Duplicate Assert,"{'line': 151, 'column': 6, 'index': 4393}","it('can match a request with a method', () => {
      const scope = nock('http://example.test')
        .post('/somepath')
        .reply(200, 'hey')
      expect(scope.pendingMocks()).to.deep.equal([
        'POST http://example.test:80/somepath',
      ])

      expect(
        nock.removeInterceptor({
          method: 'post',
          hostname: 'example.test',
          path: '/somepath',
        }),
      ).to.be.true()

      expect(scope.pendingMocks()).to.deep.equal([])
    })",135,152,steel
/tests/got/test_remove_interceptor.js,Duplicate Assert,"{'line': 156, 'column': 6, 'index': 4604}","it('can match the default path `/` when no path is specified', () => {
      const scope = nock('http://example.test').get('/').reply(200, 'hey')
      expect(scope.pendingMocks()).to.deep.equal([
        'GET http://example.test:80/',
      ])

      expect(
        nock.removeInterceptor({
          hostname: 'example.test',
        }),
      ).to.be.true()

      expect(scope.pendingMocks()).to.deep.equal([])
    })",154,167,steel
/tests/got/test_remove_interceptor.js,Duplicate Assert,"{'line': 166, 'column': 6, 'index': 4821}","it('can match the default path `/` when no path is specified', () => {
      const scope = nock('http://example.test').get('/').reply(200, 'hey')
      expect(scope.pendingMocks()).to.deep.equal([
        'GET http://example.test:80/',
      ])

      expect(
        nock.removeInterceptor({
          hostname: 'example.test',
        }),
      ).to.be.true()

      expect(scope.pendingMocks()).to.deep.equal([])
    })",154,167,steel
/tests/got/test_remove_interceptor.js,Duplicate Assert,"{'line': 177, 'column': 6, 'index': 5153}","it('only removes interceptors whose path matches', () => {
      const scope1 = nock('http://example.test')
        .get('/somepath')
        .reply(200, 'hey')
      const scope2 = nock('http://example.test')
        .get('/anotherpath')
        .reply(200, 'hey')

      expect(scope1.pendingMocks()).to.deep.equal([
        'GET http://example.test:80/somepath',
      ])
      expect(scope2.pendingMocks()).to.deep.equal([
        'GET http://example.test:80/anotherpath',
      ])

      expect(
        nock.removeInterceptor({
          hostname: 'example.test',
          path: '/anotherpath',
        }),
      ).to.be.true()

      expect(scope1.pendingMocks()).to.deep.equal([
        'GET http://example.test:80/somepath',
      ])
      expect(scope2.pendingMocks()).to.deep.equal([])
    })",169,195,steel
/tests/got/test_remove_interceptor.js,Duplicate Assert,"{'line': 180, 'column': 6, 'index': 5261}","it('only removes interceptors whose path matches', () => {
      const scope1 = nock('http://example.test')
        .get('/somepath')
        .reply(200, 'hey')
      const scope2 = nock('http://example.test')
        .get('/anotherpath')
        .reply(200, 'hey')

      expect(scope1.pendingMocks()).to.deep.equal([
        'GET http://example.test:80/somepath',
      ])
      expect(scope2.pendingMocks()).to.deep.equal([
        'GET http://example.test:80/anotherpath',
      ])

      expect(
        nock.removeInterceptor({
          hostname: 'example.test',
          path: '/anotherpath',
        }),
      ).to.be.true()

      expect(scope1.pendingMocks()).to.deep.equal([
        'GET http://example.test:80/somepath',
      ])
      expect(scope2.pendingMocks()).to.deep.equal([])
    })",169,195,steel
/tests/got/test_remove_interceptor.js,Duplicate Assert,"{'line': 191, 'column': 6, 'index': 5522}","it('only removes interceptors whose path matches', () => {
      const scope1 = nock('http://example.test')
        .get('/somepath')
        .reply(200, 'hey')
      const scope2 = nock('http://example.test')
        .get('/anotherpath')
        .reply(200, 'hey')

      expect(scope1.pendingMocks()).to.deep.equal([
        'GET http://example.test:80/somepath',
      ])
      expect(scope2.pendingMocks()).to.deep.equal([
        'GET http://example.test:80/anotherpath',
      ])

      expect(
        nock.removeInterceptor({
          hostname: 'example.test',
          path: '/anotherpath',
        }),
      ).to.be.true()

      expect(scope1.pendingMocks()).to.deep.equal([
        'GET http://example.test:80/somepath',
      ])
      expect(scope2.pendingMocks()).to.deep.equal([])
    })",169,195,steel
/tests/got/test_remove_interceptor.js,Duplicate Assert,"{'line': 194, 'column': 6, 'index': 5630}","it('only removes interceptors whose path matches', () => {
      const scope1 = nock('http://example.test')
        .get('/somepath')
        .reply(200, 'hey')
      const scope2 = nock('http://example.test')
        .get('/anotherpath')
        .reply(200, 'hey')

      expect(scope1.pendingMocks()).to.deep.equal([
        'GET http://example.test:80/somepath',
      ])
      expect(scope2.pendingMocks()).to.deep.equal([
        'GET http://example.test:80/anotherpath',
      ])

      expect(
        nock.removeInterceptor({
          hostname: 'example.test',
          path: '/anotherpath',
        }),
      ).to.be.true()

      expect(scope1.pendingMocks()).to.deep.equal([
        'GET http://example.test:80/somepath',
      ])
      expect(scope2.pendingMocks()).to.deep.equal([])
    })",169,195,steel
/tests/got/test_recorder.js,Conditional Test Logic,"{'line': 21, 'column': 4, 'index': 534}","afterEach(() => {
    let leaks = Object.keys(global).splice(globalCount, Number.MAX_VALUE)
    if (leaks.length === 1 && leaks[0] === '_key') {
      leaks = []
    }
    expect(leaks).to.be.empty()
  })",19,25,steel
/tests/got/test_recorder.js,Conditional Test Logic,"{'line': 254, 'column': 6, 'index': 7095}","it('records and replays objects correctly', async () => {
    const exampleText = '<html><body>example</body></html>'

    const { origin } = await servers.startHttpServer((request, response) => {
      switch (require('url').parse(request.url).pathname) {
        case '/':
          response.writeHead(302, { Location: '/abc' })
          break
        case '/abc':
          response.write(exampleText)
          break
      }
      response.end()
    })

    nock.restore()
    nock.recorder.clear()
    expect(nock.recorder.play()).to.be.empty()

    nock.recorder.rec({
      dont_print: true,
      output_objects: true,
    })

    const response1 = await got(origin)
    expect(response1.body).to.equal(exampleText)

    nock.restore()
    const recorded = nock.recorder.play()
    nock.recorder.clear()
    nock.activate()

    expect(recorded).to.have.lengthOf(2)
    const nocks = nock.define(recorded)

    const response2 = await got(origin)
    expect(response2.body).to.equal(exampleText)
    nocks.forEach(nock => nock.done())
  })",250,288,steel
/tests/got/test_recorder.js,Conditional Test Logic,"{'line': 718, 'column': 6, 'index': 19302}","it('records and replays the response body', async () => {
    const exampleBody = '<html><body>example</body></html>'

    const { origin } = await servers.startHttpServer((request, response) => {
      switch (require('url').parse(request.url).pathname) {
        case '/':
          response.writeHead(302, { Location: '/abc' })
          break
        case '/abc':
          response.write(exampleBody)
          break
      }
      response.end()
    })

    nock.restore()
    nock.recorder.clear()
    expect(nock.recorder.play()).to.be.empty()

    nock.recorder.rec({
      dont_print: true,
      output_objects: true,
    })

    const response1 = await got(origin)
    expect(response1.body).to.equal(exampleBody)

    nock.restore()
    const recorded = nock.recorder.play()
    nock.recorder.clear()
    nock.activate()

    // Two requests, on account of the redirect.
    expect(recorded).to.have.lengthOf(2)
    const nocks = nock.define(recorded)

    const response2 = await got(origin)
    expect(response2.body).to.equal(exampleBody)
    nocks.forEach(nock => nock.done())
  })",714,753,steel
/tests/got/test_recorder.js,Conditional Test Logic,"{'line': 1029, 'column': 14, 'index': 27361}","it('works with clients listening for readable', done => {
    nock.restore()
    nock.recorder.clear()
    expect(nock.recorder.play()).to.be.empty()

    const requestBody = 'ABCDEF'
    const responseBody = '012345'

    const requestListener = (req, res) => {
      res.end(responseBody)
    }

    servers.startHttpServer(requestListener).then(({ origin, port }) => {
      nock.recorder.rec({ dont_print: true, output_objects: true })

      http
        .request(
          {
            host: 'localhost',
            method: 'POST',
            port,
            path: '/',
          },
          res => {
            let readableCount = 0
            let chunkCount = 0

            res.on('readable', () => {
              ++readableCount
              let chunk
              while ((chunk = res.read()) !== null) {
                expect(chunk.toString()).to.equal(responseBody)
                ++chunkCount
              }
            })

            res.once('end', () => {
              expect(readableCount).to.equal(1)
              expect(chunkCount).to.equal(1)

              const recorded = nock.recorder.play()
              expect(recorded).to.have.lengthOf(1)
              expect(recorded[0]).to.be.an('object').and.include({
                scope: origin,
                method: 'POST',
                body: requestBody,
                status: 200,
                response: responseBody,
              })
              done()
            })
          },
        )
        .end(requestBody)
    })
  })",999,1054,steel
/tests/got/test_recorder.js,Duplicate Assert,"{'line': 77, 'column': 4, 'index': 2318}","it('recording turns off nock interception (backward compatibility behavior)', () => {
    //  We ensure that there are no overrides.
    nock.restore()
    expect(nock.isActive()).to.be.false()
    //  We active the nock overriding - as it's done by merely loading nock.
    nock.activate()
    expect(nock.isActive()).to.be.true()
    //  We start recording.
    nock.recorder.rec()
    //  Nothing happens (nothing has been thrown) - which was the original behavior -
    //  and mocking has been deactivated.
    expect(nock.isActive()).to.be.false()
  })",74,86,steel
/tests/got/test_recorder.js,Duplicate Assert,"{'line': 80, 'column': 4, 'index': 2457}","it('recording turns off nock interception (backward compatibility behavior)', () => {
    //  We ensure that there are no overrides.
    nock.restore()
    expect(nock.isActive()).to.be.false()
    //  We active the nock overriding - as it's done by merely loading nock.
    nock.activate()
    expect(nock.isActive()).to.be.true()
    //  We start recording.
    nock.recorder.rec()
    //  Nothing happens (nothing has been thrown) - which was the original behavior -
    //  and mocking has been deactivated.
    expect(nock.isActive()).to.be.false()
  })",74,86,steel
/tests/got/test_recorder.js,Duplicate Assert,"{'line': 85, 'column': 4, 'index': 2678}","it('recording turns off nock interception (backward compatibility behavior)', () => {
    //  We ensure that there are no overrides.
    nock.restore()
    expect(nock.isActive()).to.be.false()
    //  We active the nock overriding - as it's done by merely loading nock.
    nock.activate()
    expect(nock.isActive()).to.be.true()
    //  We start recording.
    nock.recorder.rec()
    //  Nothing happens (nothing has been thrown) - which was the original behavior -
    //  and mocking has been deactivated.
    expect(nock.isActive()).to.be.false()
  })",74,86,steel
/tests/got/test_recorder.js,Duplicate Assert,"{'line': 1237, 'column': 10, 'index': 32805}","it('records and replays binary response correctly', done => {
    nock.restore()
    nock.recorder.clear()
    expect(nock.recorder.play()).to.be.empty()

    nock.recorder.rec({
      output_objects: true,
      dont_print: true,
    })

    const transparentGifHex =
      '47494638396101000100800000000000ffffff21f90401000000002c000000000100010000020144003b'
    const transparentGifBuffer = Buffer.from(transparentGifHex, 'hex')

    const requestListener = (request, response) => {
      response.writeHead(201, {
        'Content-Type': 'image/gif',
        'Content-Length': transparentGifBuffer.length,
      })
      response.write(transparentGifBuffer, 'binary')
      response.end()
    }

    servers.startHttpServer(requestListener).then(server => {
      const options = {
        method: 'PUT',
        host: 'localhost',
        port: server.port,
        path: '/clear.gif',
        headers: {
          'Content-Type': 'image/gif',
          'Content-Length': transparentGifBuffer.length,
        },
      }

      const postRequest1 = http.request(options, response => {
        const data = []

        response.on('data', chunk => {
          data.push(chunk)
        })

        response.on('end', async () => {
          expect(Buffer.concat(data).toString('hex')).to.equal(
            transparentGifHex,
          )

          const recordedFixtures = nock.recorder.play()

          server.close(error => {
            server = undefined
            expect(error).to.be.undefined()

            nock.restore()
            nock.activate()
            nock.define(recordedFixtures)

            // Send same post request again.
            const postRequest2 = http.request(options, response => {
              const data = []

              response.on('data', chunk => {
                data.push(chunk)
              })

              response.on('end', () => {
                expect(Buffer.concat(data).toString('hex')).to.equal(
                  transparentGifHex,
                )
                done()
              })
            })

            postRequest2.write(transparentGifBuffer)
            postRequest2.end()
          })
        })
      })

      postRequest1.write(transparentGifBuffer)
      postRequest1.end()
    })
  })",1194,1276,steel
/tests/got/test_recorder.js,Duplicate Assert,"{'line': 1260, 'column': 16, 'index': 33466}","it('records and replays binary response correctly', done => {
    nock.restore()
    nock.recorder.clear()
    expect(nock.recorder.play()).to.be.empty()

    nock.recorder.rec({
      output_objects: true,
      dont_print: true,
    })

    const transparentGifHex =
      '47494638396101000100800000000000ffffff21f90401000000002c000000000100010000020144003b'
    const transparentGifBuffer = Buffer.from(transparentGifHex, 'hex')

    const requestListener = (request, response) => {
      response.writeHead(201, {
        'Content-Type': 'image/gif',
        'Content-Length': transparentGifBuffer.length,
      })
      response.write(transparentGifBuffer, 'binary')
      response.end()
    }

    servers.startHttpServer(requestListener).then(server => {
      const options = {
        method: 'PUT',
        host: 'localhost',
        port: server.port,
        path: '/clear.gif',
        headers: {
          'Content-Type': 'image/gif',
          'Content-Length': transparentGifBuffer.length,
        },
      }

      const postRequest1 = http.request(options, response => {
        const data = []

        response.on('data', chunk => {
          data.push(chunk)
        })

        response.on('end', async () => {
          expect(Buffer.concat(data).toString('hex')).to.equal(
            transparentGifHex,
          )

          const recordedFixtures = nock.recorder.play()

          server.close(error => {
            server = undefined
            expect(error).to.be.undefined()

            nock.restore()
            nock.activate()
            nock.define(recordedFixtures)

            // Send same post request again.
            const postRequest2 = http.request(options, response => {
              const data = []

              response.on('data', chunk => {
                data.push(chunk)
              })

              response.on('end', () => {
                expect(Buffer.concat(data).toString('hex')).to.equal(
                  transparentGifHex,
                )
                done()
              })
            })

            postRequest2.write(transparentGifBuffer)
            postRequest2.end()
          })
        })
      })

      postRequest1.write(transparentGifBuffer)
      postRequest1.end()
    })
  })",1194,1276,steel
/tests/got/test_recorder.js,Ignored Test,"{'line': 29, 'column': 5, 'index': 885}","it.skip('does not record requests from previous sessions', async () => {
    const { origin } = await servers.startHttpServer()

    nock.restore()
    nock.recorder.clear()
    nock.recorder.rec(true)

    const req1 = http.get(`${origin}/foo`)
    const req1Promise = new Promise(resolve => {
      req1.on('response', res => {
        res.on('end', resolve)
        res.resume()
      })
    })

    // start a new recording session while the first request is still in flight
    nock.restore()
    nock.recorder.rec(true)
    await got.post(`${origin}/bar`)

    // wait for the first request to end
    await req1Promise

    // validate only the request from the second session is in the outputs
    const outputs = nock.recorder.play()
    expect(outputs).to.have.lengthOf(1)
    expect(outputs[0]).to.match(/\.post\('\/bar'\)/)
  })",29,56,steel
/tests/got/test_recorder.js,Sleepy Test,"{'line': 1153, 'column': 6, 'index': 30722}","it('respects http.request() consumers', done => {
    const requestListener = (req, res) => {
      res.write('foo')
      setTimeout(() => {
        res.end('bar')
      }, 25)
    }

    servers.startHttpServer(requestListener).then(({ port }) => {
      nock.restore()
      nock.recorder.clear()
      nock.recorder.rec({
        dont_print: true,
        output_objects: true,
      })

      const req = http.request(
        {
          host: 'localhost',
          port,
          path: '/',
        },
        res => {
          let buffer = Buffer.from('')

          setTimeout(() => {
            res
              .on('data', data => {
                buffer = Buffer.concat([buffer, data])
              })
              .on('end', () => {
                nock.restore()
                expect(buffer.toString()).to.equal('foobar')
                done()
              })
          })
        },
        50,
      )

      req.end()
    })
  })",1150,1192,steel
/tests/got/test_recorder.js,Sleepy Test,"{'line': 1175, 'column': 10, 'index': 31177}","it('respects http.request() consumers', done => {
    const requestListener = (req, res) => {
      res.write('foo')
      setTimeout(() => {
        res.end('bar')
      }, 25)
    }

    servers.startHttpServer(requestListener).then(({ port }) => {
      nock.restore()
      nock.recorder.clear()
      nock.recorder.rec({
        dont_print: true,
        output_objects: true,
      })

      const req = http.request(
        {
          host: 'localhost',
          port,
          path: '/',
        },
        res => {
          let buffer = Buffer.from('')

          setTimeout(() => {
            res
              .on('data', data => {
                buffer = Buffer.concat([buffer, data])
              })
              .on('end', () => {
                nock.restore()
                expect(buffer.toString()).to.equal('foobar')
                done()
              })
          })
        },
        50,
      )

      req.end()
    })
  })",1150,1192,steel
/tests/got/test_recorder.js,Unknown Test,"{'column': 2, 'line': 1279}","it('should not resume the response stream', done => {
    nock.recorder.rec(true)

    servers.startHttpServer().then(({ origin }) => {
      const req = http.request(origin)

      req.on('response', res => {
        // wait for an iteration of the event loop to prove that the `end`
        // listener is being added after a delay. We want to show that callers
        // have time to register listeners before they manually call `resume`.
        setImmediate(() => {
          res.on('end', () => done())
          res.resume()
        })
      })

      req.end()
    })
  })",1279,1297,steel
/tests/got/test_query_complex.js,Unknown Test,"{'column': 2, 'line': 7}","it('query with array', async () => {
    // In Node 10.x this can be updated:
    // const exampleQuery = new URLSearchParams([
    //   ['list', 123],
    //   ['list', 456],
    //   ['list', 789],
    //   ['a', 'b'],
    // ])
    const expectedQuery = { list: [123, 456, 789], a: 'b' }
    const encodedQuery = 'list=123&list=456&list=789&a=b'

    const scope = nock('http://example.test')
      .get('/test')
      .query(expectedQuery)
      .reply()
    await got(`http://example.test/test?${encodedQuery}`)

    scope.done()
  })",7,25,steel
/tests/got/test_query_complex.js,Unknown Test,"{'column': 2, 'line': 30}","it('query with array which contains unencoded value', async () => {
    const expectedQuery = {
      list: ['hello%20world', '2hello%20world', 3],
      a: 'b',
    }
    const encodedQuery =
      'list%5B0%5D=hello%2520world&list%5B1%5D=2hello%2520world&list%5B2%5D=3&a=b'

    const scope = nock('http://example.test')
      .get('/test')
      .query(expectedQuery)
      .reply()
    await got(`http://example.test/test?${encodedQuery}`)

    scope.done()
  })",30,45,steel
/tests/got/test_query_complex.js,Unknown Test,"{'column': 2, 'line': 47}","it('query with array which contains pre-encoded values ', async () => {
    const expectedQuery = { list: ['hello%20world', '2hello%20world'] }
    const queryString = 'list%5B0%5D=hello%20world&list%5B1%5D=2hello%20world'

    const scope = nock('http://example.test', { encodedQueryParams: true })
      .get('/test')
      .query(expectedQuery)
      .reply()
    await got(`http://example.test/test?${queryString}`)

    scope.done()
  })",47,58,steel
/tests/got/test_query_complex.js,Unknown Test,"{'column': 2, 'line': 60}","it('query with object', async () => {
    const expectedQuery = {
      a: {
        b: ['c', 'd'],
      },
      e: [1, 2, 3, 4],
      q: '(nodejs)',
    }
    const encodedQuery =
      'a[b][0]=c&a[b][1]=d&e[0]=1&e[1]=2&e[2]=3&e[3]=4&q=(nodejs)'

    const scope = nock('http://example.test')
      .get('/test')
      .query(expectedQuery)
      .reply()
    await got(`http://example.test/test?${encodedQuery}`)

    scope.done()
  })",60,78,steel
/tests/got/test_query_complex.js,Unknown Test,"{'column': 2, 'line': 80}","it('query with object which contains unencoded value', async () => {
    const exampleQuery = {
      a: {
        b: 'hello%20world',
      },
    }
    const encodedQuery = 'a%5Bb%5D=hello%2520world'

    const scope = nock('http://example.test')
      .get('/test')
      .query(exampleQuery)
      .reply()
    await got(`http://example.test/test?${encodedQuery}`)

    scope.done()
  })",80,95,steel
/tests/got/test_query_complex.js,Unknown Test,"{'column': 2, 'line': 97}","it('query with object which contains pre-encoded values', async () => {
    const queryString = 'a%5Bb%5D=hello%20world'
    const exampleQuery = {
      a: {
        b: 'hello%20world',
      },
    }

    const scope = nock('http://example.test', { encodedQueryParams: true })
      .get('/test')
      .query(exampleQuery)
      .reply()
    await got(`http://example.test/test?${queryString}`)

    scope.done()
  })",97,112,steel
/tests/got/test_query_complex.js,Unknown Test,"{'column': 2, 'line': 114}","it('query with array and regexp', async () => {
    // In Node 10.x this can be updated:
    // const exampleQuery = new URLSearchParams([
    //   ['list', 123],
    //   ['list', 456],
    //   ['list', 789],
    //   ['foo', 'bar'],
    //   ['a', 'b'],
    // ]).toString()
    const encodedQuery = 'list=123&list=456&list=789&foo=bar&a=b'

    const expectedQuery = {
      list: [123, 456, 789],
      foo: /.*/,
      a: 'b',
    }

    const scope = nock('http://example.test')
      .get('/test')
      .query(expectedQuery)
      .reply()
    await got(`http://example.test/test?${encodedQuery}`)

    scope.done()
  })",114,138,steel
/tests/got/test_query.js,Unknown Test,"{'column': 4, 'line': 189}","it('will not match when a query string does not match name=value', async () => {
      nock('http://example.test').get('/').query({ foo: 'bar' }).reply()

      await assertRejects(
        got('http://example.test/?foo=baz'),
        /Nock: No match for request/,
      )
    })",189,196,steel
/tests/got/test_query.js,Unknown Test,"{'column': 4, 'line': 198}","it('will not match when a query string is present that was not registered', async () => {
      nock('http://example.test').get('/').query({ foo: 'bar' }).reply()

      await assertRejects(
        got('http://example.test/?foo=bar&baz=foz'),
        /Nock: No match for request/,
      )
    })",198,205,steel
/tests/got/test_query.js,Unknown Test,"{'column': 4, 'line': 207}","it('will not match when a query string is malformed', async () => {
      // This is a valid query string so it's not really malformed, just not
      // matching. Should this test be removed?
      nock('http://example.test').get('/').query({ foo: 'bar' }).reply()

      await assertRejects(
        got('http://example.test/?foobar'),
        /Nock: No match for request/,
      )
    })",207,216,steel
/tests/got/test_query.js,Unknown Test,"{'column': 4, 'line': 218}","it('will not match when a query string has fewer correct values than expected', async () => {
      nock('http://example.test')
        .get('/')
        .query({
          num: 1,
          bool: true,
          empty: null,
          str: 'fou',
        })
        .reply()

      await assertRejects(
        got('http://example.test/?num=1str=fou'),
        /Nock: No match for request/,
      )
    })",218,233,steel
/tests/got/test_query.js,Unknown Test,"{'column': 4, 'line': 235}","it('query matching should not consider request arrays equal to comma-separated expectations', async () => {
      nock('http://example.test').get('/').query({ foo: 'bar,baz' }).reply()

      await assertRejects(
        got('http://example.test?foo[]=bar&foo[]=baz'),
        /Nock: No match for request/,
      )
    })",235,242,steel
/tests/got/test_query.js,Unknown Test,"{'column': 4, 'line': 244}","it('query matching should not consider comma-separated requests equal to array expectations', async () => {
      nock('http://example.test')
        .get('/')
        .query({ foo: ['bar', 'baz'] })
        .reply()

      await assertRejects(
        got('http://example.test?foo=bar%2Cbaz'),
        /Nock: No match for request/,
      )
    })",244,254,steel
/tests/got/test_query.js,Unknown Test,"{'column': 4, 'line': 328}","it('function return false the query treat as un-matched', async () => {
      nock('http://example.test')
        .get('/')
        .query(() => false)
        .reply()

      await assertRejects(
        got('http://example.test/?i=should&pass=?'),
        /Nock: No match for request/,
      )
    })",328,338,steel
/tests/got/test_persist_optionally.js,Conditional Test Logic,"{'line': 177, 'column': 4, 'index': 4985}","it('persisted mocks can use `replyWithFile()`', async () => {
    nock('http://example.test')
      .persist()
      .get('/')
      .replyWithFile(200, textFilePath)
      .get('/test')
      .reply(200, 'Yay!')

    for (let i = 0; i < 2; ++i) {
      const { statusCode, body } = await got('http://example.test/')
      expect(statusCode).to.equal(200)
      expect(body).to.equal('Hello from the file!')
    }
  })",169,182,steel
/tests/got/test_persist_optionally.js,Duplicate Assert,"{'line': 70, 'column': 6, 'index': 2092}","it('when optional mocks are also persisted, they do not appear as pending', async () => {
      const scope = nock('http://example.test')
        .get('/')
        .optionally()
        .reply(200)
        .persist()

      expect(nock.pendingMocks()).to.be.empty()

      const response1 = await got('http://example.test/')
      expect(response1.statusCode).to.equal(200)

      expect(nock.pendingMocks()).to.be.empty()

      const response2 = await got('http://example.test/')
      expect(response2.statusCode).to.equal(200)
      expect(nock.pendingMocks()).to.be.empty()

      scope.done()
    })",63,82,steel
/tests/got/test_persist_optionally.js,Duplicate Assert,"{'line': 75, 'column': 6, 'index': 2249}","it('when optional mocks are also persisted, they do not appear as pending', async () => {
      const scope = nock('http://example.test')
        .get('/')
        .optionally()
        .reply(200)
        .persist()

      expect(nock.pendingMocks()).to.be.empty()

      const response1 = await got('http://example.test/')
      expect(response1.statusCode).to.equal(200)

      expect(nock.pendingMocks()).to.be.empty()

      const response2 = await got('http://example.test/')
      expect(response2.statusCode).to.equal(200)
      expect(nock.pendingMocks()).to.be.empty()

      scope.done()
    })",63,82,steel
/tests/got/test_persist_optionally.js,Duplicate Assert,"{'line': 79, 'column': 6, 'index': 2405}","it('when optional mocks are also persisted, they do not appear as pending', async () => {
      const scope = nock('http://example.test')
        .get('/')
        .optionally()
        .reply(200)
        .persist()

      expect(nock.pendingMocks()).to.be.empty()

      const response1 = await got('http://example.test/')
      expect(response1.statusCode).to.equal(200)

      expect(nock.pendingMocks()).to.be.empty()

      const response2 = await got('http://example.test/')
      expect(response2.statusCode).to.equal(200)
      expect(nock.pendingMocks()).to.be.empty()

      scope.done()
    })",63,82,steel
/tests/got/test_persist_optionally.js,Duplicate Assert,"{'line': 89, 'column': 6, 'index': 2687}","it('optional repeated mocks execute repeatedly', done => {
    nock('http://example.test').get('/456').optionally().times(2).reply(200)

    http.get({ host: 'example.test', path: '/456' }, res => {
      expect(res.statusCode).to.equal(200)
      http.get({ host: 'example.test', path: '/456' }, res => {
        expect(res.statusCode).to.equal(200)
        done()
      })
    })
  })",85,95,steel
/tests/got/test_persist_optionally.js,Duplicate Assert,"{'line': 91, 'column': 8, 'index': 2796}","it('optional repeated mocks execute repeatedly', done => {
    nock('http://example.test').get('/456').optionally().times(2).reply(200)

    http.get({ host: 'example.test', path: '/456' }, res => {
      expect(res.statusCode).to.equal(200)
      http.get({ host: 'example.test', path: '/456' }, res => {
        expect(res.statusCode).to.equal(200)
        done()
      })
    })
  })",85,95,steel
/tests/got/test_persist_optionally.js,Duplicate Assert,"{'line': 100, 'column': 4, 'index': 3034}","it(""optional mocks appear in `activeMocks()` only until they're matched"", done => {
    nock('http://example.test').get('/optional').optionally().reply(200)

    expect(nock.activeMocks()).to.deep.equal([
      'GET http://example.test:80/optional',
    ])
    http.get({ host: 'example.test', path: '/optional' }, res => {
      expect(nock.activeMocks()).to.be.empty()
      done()
    })
  })",97,107,steel
/tests/got/test_persist_optionally.js,Duplicate Assert,"{'line': 104, 'column': 6, 'index': 3202}","it(""optional mocks appear in `activeMocks()` only until they're matched"", done => {
    nock('http://example.test').get('/optional').optionally().reply(200)

    expect(nock.activeMocks()).to.deep.equal([
      'GET http://example.test:80/optional',
    ])
    http.get({ host: 'example.test', path: '/optional' }, res => {
      expect(nock.activeMocks()).to.be.empty()
      done()
    })
  })",97,107,steel
/tests/got/test_persist_optionally.js,Duplicate Assert,"{'line': 117, 'column': 4, 'index': 3505}","it('`activeMocks()` always returns persisted mocks, even after matching', async () => {
    const scope = nock('http://example.test')
      .get('/persisted')
      .reply(200)
      .persist()

    expect(nock.activeMocks()).to.deep.equal([
      'GET http://example.test:80/persisted',
    ])

    await got('http://example.test/persisted')

    expect(nock.activeMocks()).to.deep.equal([
      'GET http://example.test:80/persisted',
    ])

    scope.done()
  })",111,128,steel
/tests/got/test_persist_optionally.js,Duplicate Assert,"{'line': 123, 'column': 4, 'index': 3654}","it('`activeMocks()` always returns persisted mocks, even after matching', async () => {
    const scope = nock('http://example.test')
      .get('/persisted')
      .reply(200)
      .persist()

    expect(nock.activeMocks()).to.deep.equal([
      'GET http://example.test:80/persisted',
    ])

    await got('http://example.test/persisted')

    expect(nock.activeMocks()).to.deep.equal([
      'GET http://example.test:80/persisted',
    ])

    scope.done()
  })",111,128,steel
/tests/got/test_persist_optionally.js,Duplicate Assert,"{'line': 136, 'column': 4, 'index': 3957}","it('persisted mocks match repeatedly', async () => {
    const scope = nock('http://example.test')
      .persist()
      .get('/')
      .reply(200, 'Persisting all the way')

    expect(scope.isDone()).to.be.false()

    await got('http://example.test/')

    expect(scope.isDone()).to.be.true()

    await got('http://example.test/')

    expect(scope.isDone()).to.be.true()
  })",130,145,steel
/tests/got/test_persist_optionally.js,Duplicate Assert,"{'line': 140, 'column': 4, 'index': 4038}","it('persisted mocks match repeatedly', async () => {
    const scope = nock('http://example.test')
      .persist()
      .get('/')
      .reply(200, 'Persisting all the way')

    expect(scope.isDone()).to.be.false()

    await got('http://example.test/')

    expect(scope.isDone()).to.be.true()

    await got('http://example.test/')

    expect(scope.isDone()).to.be.true()
  })",130,145,steel
/tests/got/test_persist_optionally.js,Duplicate Assert,"{'line': 144, 'column': 4, 'index': 4118}","it('persisted mocks match repeatedly', async () => {
    const scope = nock('http://example.test')
      .persist()
      .get('/')
      .reply(200, 'Persisting all the way')

    expect(scope.isDone()).to.be.false()

    await got('http://example.test/')

    expect(scope.isDone()).to.be.true()

    await got('http://example.test/')

    expect(scope.isDone()).to.be.true()
  })",130,145,steel
/tests/got/test_persist_optionally.js,Duplicate Assert,"{'line': 190, 'column': 4, 'index': 5386}","it('can call `persist(false)` to stop persisting', async () => {
    const scope = nock('http://example.test')
      .persist(true)
      .get('/')
      .reply(200, 'Persisting all the way')

    expect(scope.isDone()).to.be.false()

    await got('http://example.test/')

    expect(scope.isDone()).to.be.true()
    expect(nock.activeMocks()).to.deep.equal(['GET http://example.test:80/'])

    scope.persist(false)

    await got('http://example.test/')

    expect(nock.activeMocks()).to.be.empty()
    expect(scope.isDone()).to.be.true()

    await assertRejects(
      got('http://example.test/'),
      /Nock: No match for request/,
    )
  })",184,208,steel
/tests/got/test_persist_optionally.js,Duplicate Assert,"{'line': 194, 'column': 4, 'index': 5467}","it('can call `persist(false)` to stop persisting', async () => {
    const scope = nock('http://example.test')
      .persist(true)
      .get('/')
      .reply(200, 'Persisting all the way')

    expect(scope.isDone()).to.be.false()

    await got('http://example.test/')

    expect(scope.isDone()).to.be.true()
    expect(nock.activeMocks()).to.deep.equal(['GET http://example.test:80/'])

    scope.persist(false)

    await got('http://example.test/')

    expect(nock.activeMocks()).to.be.empty()
    expect(scope.isDone()).to.be.true()

    await assertRejects(
      got('http://example.test/'),
      /Nock: No match for request/,
    )
  })",184,208,steel
/tests/got/test_persist_optionally.js,Duplicate Assert,"{'line': 195, 'column': 4, 'index': 5507}","it('can call `persist(false)` to stop persisting', async () => {
    const scope = nock('http://example.test')
      .persist(true)
      .get('/')
      .reply(200, 'Persisting all the way')

    expect(scope.isDone()).to.be.false()

    await got('http://example.test/')

    expect(scope.isDone()).to.be.true()
    expect(nock.activeMocks()).to.deep.equal(['GET http://example.test:80/'])

    scope.persist(false)

    await got('http://example.test/')

    expect(nock.activeMocks()).to.be.empty()
    expect(scope.isDone()).to.be.true()

    await assertRejects(
      got('http://example.test/'),
      /Nock: No match for request/,
    )
  })",184,208,steel
/tests/got/test_persist_optionally.js,Duplicate Assert,"{'line': 201, 'column': 4, 'index': 5651}","it('can call `persist(false)` to stop persisting', async () => {
    const scope = nock('http://example.test')
      .persist(true)
      .get('/')
      .reply(200, 'Persisting all the way')

    expect(scope.isDone()).to.be.false()

    await got('http://example.test/')

    expect(scope.isDone()).to.be.true()
    expect(nock.activeMocks()).to.deep.equal(['GET http://example.test:80/'])

    scope.persist(false)

    await got('http://example.test/')

    expect(nock.activeMocks()).to.be.empty()
    expect(scope.isDone()).to.be.true()

    await assertRejects(
      got('http://example.test/'),
      /Nock: No match for request/,
    )
  })",184,208,steel
/tests/got/test_persist_optionally.js,Duplicate Assert,"{'line': 202, 'column': 4, 'index': 5696}","it('can call `persist(false)` to stop persisting', async () => {
    const scope = nock('http://example.test')
      .persist(true)
      .get('/')
      .reply(200, 'Persisting all the way')

    expect(scope.isDone()).to.be.false()

    await got('http://example.test/')

    expect(scope.isDone()).to.be.true()
    expect(nock.activeMocks()).to.deep.equal(['GET http://example.test:80/'])

    scope.persist(false)

    await got('http://example.test/')

    expect(nock.activeMocks()).to.be.empty()
    expect(scope.isDone()).to.be.true()

    await assertRejects(
      got('http://example.test/'),
      /Nock: No match for request/,
    )
  })",184,208,steel
/tests/got/test_persist_optionally.js,Mystery Guest,"{'column': 4, 'line': 46}","it('optional mocks can be matched', done => {
    nock('http://example.test').get('/abc').optionally().reply(200)

    http.get({ host: 'example.test', path: '/abc' }, res => {
      expect(res.statusCode).to.equal(200)
      expect(nock.pendingMocks()).to.be.empty()
      done()
    })
  })",43,51,steel
/tests/got/test_persist_optionally.js,Mystery Guest,"{'column': 4, 'line': 88}","it('optional repeated mocks execute repeatedly', done => {
    nock('http://example.test').get('/456').optionally().times(2).reply(200)

    http.get({ host: 'example.test', path: '/456' }, res => {
      expect(res.statusCode).to.equal(200)
      http.get({ host: 'example.test', path: '/456' }, res => {
        expect(res.statusCode).to.equal(200)
        done()
      })
    })
  })",85,95,steel
/tests/got/test_persist_optionally.js,Mystery Guest,"{'column': 6, 'line': 90}","it('optional repeated mocks execute repeatedly', done => {
    nock('http://example.test').get('/456').optionally().times(2).reply(200)

    http.get({ host: 'example.test', path: '/456' }, res => {
      expect(res.statusCode).to.equal(200)
      http.get({ host: 'example.test', path: '/456' }, res => {
        expect(res.statusCode).to.equal(200)
        done()
      })
    })
  })",85,95,steel
/tests/got/test_persist_optionally.js,Mystery Guest,"{'column': 4, 'line': 103}","it(""optional mocks appear in `activeMocks()` only until they're matched"", done => {
    nock('http://example.test').get('/optional').optionally().reply(200)

    expect(nock.activeMocks()).to.deep.equal([
      'GET http://example.test:80/optional',
    ])
    http.get({ host: 'example.test', path: '/optional' }, res => {
      expect(nock.activeMocks()).to.be.empty()
      done()
    })
  })",97,107,steel
/tests/got/test_nock_lifecycle.js,Conditional Test Logic,"{'line': 32, 'column': 8, 'index': 855}","it('(re-)activate after restore', async () => {
      const onResponse = sinon.spy()

      const { origin } = await servers.startHttpServer((request, response) => {
        onResponse()

        if (request.url === '/') {
          response.writeHead(200)
          response.write('server served a response')
        }

        response.end()
      })

      const scope = nock(origin).get('/').reply(304, 'served from our mock')

      nock.restore()
      expect(nock.isActive()).to.be.false()

      expect(await got(origin)).to.include({ statusCode: 200 })

      expect(scope.isDone()).to.be.false()

      nock.activate()
      expect(nock.isActive()).to.be.true()

      expect(await got(origin)).to.include({ statusCode: 304 })

      expect(scope.isDone()).to.be.true()

      expect(onResponse).to.have.been.calledOnce()
    })",26,57,steel
/tests/got/test_nock_lifecycle.js,Duplicate Assert,"{'line': 16, 'column': 6, 'index': 423}","it('double activation throws exception', () => {
      nock.restore()
      expect(nock.isActive()).to.be.false()

      nock.activate()
      expect(nock.isActive()).to.be.true()

      expect(() => nock.activate()).to.throw(Error, 'Nock already active')

      expect(nock.isActive()).to.be.true()
    })",14,24,steel
/tests/got/test_nock_lifecycle.js,Duplicate Assert,"{'line': 19, 'column': 6, 'index': 490}","it('double activation throws exception', () => {
      nock.restore()
      expect(nock.isActive()).to.be.false()

      nock.activate()
      expect(nock.isActive()).to.be.true()

      expect(() => nock.activate()).to.throw(Error, 'Nock already active')

      expect(nock.isActive()).to.be.true()
    })",14,24,steel
/tests/got/test_nock_lifecycle.js,Duplicate Assert,"{'line': 23, 'column': 6, 'index': 610}","it('double activation throws exception', () => {
      nock.restore()
      expect(nock.isActive()).to.be.false()

      nock.activate()
      expect(nock.isActive()).to.be.true()

      expect(() => nock.activate()).to.throw(Error, 'Nock already active')

      expect(nock.isActive()).to.be.true()
    })",14,24,steel
/tests/got/test_nock_lifecycle.js,Duplicate Assert,"{'line': 43, 'column': 6, 'index': 1118}","it('(re-)activate after restore', async () => {
      const onResponse = sinon.spy()

      const { origin } = await servers.startHttpServer((request, response) => {
        onResponse()

        if (request.url === '/') {
          response.writeHead(200)
          response.write('server served a response')
        }

        response.end()
      })

      const scope = nock(origin).get('/').reply(304, 'served from our mock')

      nock.restore()
      expect(nock.isActive()).to.be.false()

      expect(await got(origin)).to.include({ statusCode: 200 })

      expect(scope.isDone()).to.be.false()

      nock.activate()
      expect(nock.isActive()).to.be.true()

      expect(await got(origin)).to.include({ statusCode: 304 })

      expect(scope.isDone()).to.be.true()

      expect(onResponse).to.have.been.calledOnce()
    })",26,57,steel
/tests/got/test_nock_lifecycle.js,Duplicate Assert,"{'line': 45, 'column': 6, 'index': 1163}","it('(re-)activate after restore', async () => {
      const onResponse = sinon.spy()

      const { origin } = await servers.startHttpServer((request, response) => {
        onResponse()

        if (request.url === '/') {
          response.writeHead(200)
          response.write('server served a response')
        }

        response.end()
      })

      const scope = nock(origin).get('/').reply(304, 'served from our mock')

      nock.restore()
      expect(nock.isActive()).to.be.false()

      expect(await got(origin)).to.include({ statusCode: 200 })

      expect(scope.isDone()).to.be.false()

      nock.activate()
      expect(nock.isActive()).to.be.true()

      expect(await got(origin)).to.include({ statusCode: 304 })

      expect(scope.isDone()).to.be.true()

      expect(onResponse).to.have.been.calledOnce()
    })",26,57,steel
/tests/got/test_nock_lifecycle.js,Duplicate Assert,"{'line': 47, 'column': 6, 'index': 1228}","it('(re-)activate after restore', async () => {
      const onResponse = sinon.spy()

      const { origin } = await servers.startHttpServer((request, response) => {
        onResponse()

        if (request.url === '/') {
          response.writeHead(200)
          response.write('server served a response')
        }

        response.end()
      })

      const scope = nock(origin).get('/').reply(304, 'served from our mock')

      nock.restore()
      expect(nock.isActive()).to.be.false()

      expect(await got(origin)).to.include({ statusCode: 200 })

      expect(scope.isDone()).to.be.false()

      nock.activate()
      expect(nock.isActive()).to.be.true()

      expect(await got(origin)).to.include({ statusCode: 304 })

      expect(scope.isDone()).to.be.true()

      expect(onResponse).to.have.been.calledOnce()
    })",26,57,steel
/tests/got/test_nock_lifecycle.js,Duplicate Assert,"{'line': 50, 'column': 6, 'index': 1294}","it('(re-)activate after restore', async () => {
      const onResponse = sinon.spy()

      const { origin } = await servers.startHttpServer((request, response) => {
        onResponse()

        if (request.url === '/') {
          response.writeHead(200)
          response.write('server served a response')
        }

        response.end()
      })

      const scope = nock(origin).get('/').reply(304, 'served from our mock')

      nock.restore()
      expect(nock.isActive()).to.be.false()

      expect(await got(origin)).to.include({ statusCode: 200 })

      expect(scope.isDone()).to.be.false()

      nock.activate()
      expect(nock.isActive()).to.be.true()

      expect(await got(origin)).to.include({ statusCode: 304 })

      expect(scope.isDone()).to.be.true()

      expect(onResponse).to.have.been.calledOnce()
    })",26,57,steel
/tests/got/test_nock_lifecycle.js,Duplicate Assert,"{'line': 52, 'column': 6, 'index': 1338}","it('(re-)activate after restore', async () => {
      const onResponse = sinon.spy()

      const { origin } = await servers.startHttpServer((request, response) => {
        onResponse()

        if (request.url === '/') {
          response.writeHead(200)
          response.write('server served a response')
        }

        response.end()
      })

      const scope = nock(origin).get('/').reply(304, 'served from our mock')

      nock.restore()
      expect(nock.isActive()).to.be.false()

      expect(await got(origin)).to.include({ statusCode: 200 })

      expect(scope.isDone()).to.be.false()

      nock.activate()
      expect(nock.isActive()).to.be.true()

      expect(await got(origin)).to.include({ statusCode: 304 })

      expect(scope.isDone()).to.be.true()

      expect(onResponse).to.have.been.calledOnce()
    })",26,57,steel
/tests/got/test_nock_lifecycle.js,Duplicate Assert,"{'line': 54, 'column': 6, 'index': 1403}","it('(re-)activate after restore', async () => {
      const onResponse = sinon.spy()

      const { origin } = await servers.startHttpServer((request, response) => {
        onResponse()

        if (request.url === '/') {
          response.writeHead(200)
          response.write('server served a response')
        }

        response.end()
      })

      const scope = nock(origin).get('/').reply(304, 'served from our mock')

      nock.restore()
      expect(nock.isActive()).to.be.false()

      expect(await got(origin)).to.include({ statusCode: 200 })

      expect(scope.isDone()).to.be.false()

      nock.activate()
      expect(nock.isActive()).to.be.true()

      expect(await got(origin)).to.include({ statusCode: 304 })

      expect(scope.isDone()).to.be.true()

      expect(onResponse).to.have.been.calledOnce()
    })",26,57,steel
/tests/got/test_nock_lifecycle.js,Duplicate Assert,"{'line': 78, 'column': 6, 'index': 2057}","it('removes pending mocks from all scopes', () => {
      const scope1 = nock('http://example.test')
        .get('/somepath')
        .reply(200, 'hey')
      expect(scope1.pendingMocks()).to.deep.equal([
        'GET http://example.test:80/somepath',
      ])
      const scope2 = nock('http://example.test')
        .get('/somepath')
        .reply(200, 'hey')
      expect(scope2.pendingMocks()).to.deep.equal([
        'GET http://example.test:80/somepath',
      ])

      nock.cleanAll()

      expect(scope1.pendingMocks()).to.be.empty()
      expect(scope2.pendingMocks()).to.be.empty()
    })",74,92,steel
/tests/got/test_nock_lifecycle.js,Duplicate Assert,"{'line': 84, 'column': 6, 'index': 2267}","it('removes pending mocks from all scopes', () => {
      const scope1 = nock('http://example.test')
        .get('/somepath')
        .reply(200, 'hey')
      expect(scope1.pendingMocks()).to.deep.equal([
        'GET http://example.test:80/somepath',
      ])
      const scope2 = nock('http://example.test')
        .get('/somepath')
        .reply(200, 'hey')
      expect(scope2.pendingMocks()).to.deep.equal([
        'GET http://example.test:80/somepath',
      ])

      nock.cleanAll()

      expect(scope1.pendingMocks()).to.be.empty()
      expect(scope2.pendingMocks()).to.be.empty()
    })",74,92,steel
/tests/got/test_nock_lifecycle.js,Duplicate Assert,"{'line': 90, 'column': 6, 'index': 2399}","it('removes pending mocks from all scopes', () => {
      const scope1 = nock('http://example.test')
        .get('/somepath')
        .reply(200, 'hey')
      expect(scope1.pendingMocks()).to.deep.equal([
        'GET http://example.test:80/somepath',
      ])
      const scope2 = nock('http://example.test')
        .get('/somepath')
        .reply(200, 'hey')
      expect(scope2.pendingMocks()).to.deep.equal([
        'GET http://example.test:80/somepath',
      ])

      nock.cleanAll()

      expect(scope1.pendingMocks()).to.be.empty()
      expect(scope2.pendingMocks()).to.be.empty()
    })",74,92,steel
/tests/got/test_nock_lifecycle.js,Duplicate Assert,"{'line': 91, 'column': 6, 'index': 2449}","it('removes pending mocks from all scopes', () => {
      const scope1 = nock('http://example.test')
        .get('/somepath')
        .reply(200, 'hey')
      expect(scope1.pendingMocks()).to.deep.equal([
        'GET http://example.test:80/somepath',
      ])
      const scope2 = nock('http://example.test')
        .get('/somepath')
        .reply(200, 'hey')
      expect(scope2.pendingMocks()).to.deep.equal([
        'GET http://example.test:80/somepath',
      ])

      nock.cleanAll()

      expect(scope1.pendingMocks()).to.be.empty()
      expect(scope2.pendingMocks()).to.be.empty()
    })",74,92,steel
/tests/got/test_nock_lifecycle.js,Duplicate Assert,"{'line': 132, 'column': 6, 'index': 3847}","it('returns false while a mock is pending, and true after it is consumed', async () => {
      const scope = nock('http://example.test').get('/').reply()

      expect(nock.isDone()).to.be.false()

      await got('http://example.test/')

      expect(nock.isDone()).to.be.true()

      scope.done()
    })",129,139,steel
/tests/got/test_nock_lifecycle.js,Duplicate Assert,"{'line': 136, 'column': 6, 'index': 3931}","it('returns false while a mock is pending, and true after it is consumed', async () => {
      const scope = nock('http://example.test').get('/').reply()

      expect(nock.isDone()).to.be.false()

      await got('http://example.test/')

      expect(nock.isDone()).to.be.true()

      scope.done()
    })",129,139,steel
/tests/got/test_nock_lifecycle.js,Duplicate Assert,"{'line': 146, 'column': 6, 'index': 4212}","it('returns the expected array while a mock is pending, and an empty array after it is consumed', async () => {
      nock('http://example.test').get('/').reply()

      expect(nock.pendingMocks()).to.deep.equal(['GET http://example.test:80/'])

      await got('http://example.test/')

      expect(nock.pendingMocks()).to.be.empty()
    })",143,151,steel
/tests/got/test_nock_lifecycle.js,Duplicate Assert,"{'line': 150, 'column': 6, 'index': 4335}","it('returns the expected array while a mock is pending, and an empty array after it is consumed', async () => {
      nock('http://example.test').get('/').reply()

      expect(nock.pendingMocks()).to.deep.equal(['GET http://example.test:80/'])

      await got('http://example.test/')

      expect(nock.pendingMocks()).to.be.empty()
    })",143,151,steel
/tests/got/test_nock_lifecycle.js,Ignored Test,"{'line': 108, 'column': 7, 'index': 2848}","it.skip('should be safe to call in the middle of a request', done => {
      // This covers a race-condition where cleanAll() is called while a request
      // is in mid-flight. The request itself should continue to process normally.
      // Notably, `cleanAll` is being called before the Interceptor is marked as
      // consumed and removed from the global map. Having this test wait until the
      // response event means we verify it didn't throw an error when attempting
      // to remove an Interceptor that doesn't exist in the global map `allInterceptors`.
      nock('http://example.test').get('/').reply()

      const req = http.request('http://example.test', () => {
        done()
      })
      req.once('socket', () => {
        nock.cleanAll()
      })

      req.end()
    })",108,125,steel
/tests/got/test_nock_lifecycle.js,Sleepy Test,"{'line': 217, 'column': 6, 'index': 6412}","it('prevents the request from completing', done => {
      const onRequest = sinon.spy()

      nock('http://example.test').get('/').delayConnection(100).reply(200, 'OK')

      http.get('http://example.test', onRequest)

      setTimeout(() => {
        expect(onRequest).not.to.have.been.called()
        done()
      }, 200)
      setImmediate(nock.abortPendingRequests)
    })",210,222,steel
/tests/got/test_net_connect.js,Unknown Test,"{'column': 2, 'line': 12}","it('prevents connection to unmocked hosts', async () => {
    nock.disableNetConnect()

    nock('http://www.example.test').get('/').reply(200)

    await assertRejects(
      got('https://other.example.test/'),
      /Nock: Disallowed net connect for ""other.example.test:443\/""/,
    )
  })",12,21,steel
/tests/got/test_net_connect.js,Unknown Test,"{'column': 2, 'line': 52}","it('disallows request for other domains, via string', async () => {
    nock.enableNetConnect('localhost')

    await assertRejects(
      got('https://example.test/'),
      /Nock: Disallowed net connect for ""example.test:443\/""/,
    )
  })",52,59,steel
/tests/got/test_net_connect.js,Unknown Test,"{'column': 2, 'line': 75}","it('disallows request for other domains, via regexp', async () => {
    nock.enableNetConnect(/ocalhos/)

    await assertRejects(
      got('https://example.test/'),
      /Nock: Disallowed net connect for ""example.test:443\/""/,
    )
  })",75,82,steel
/tests/got/test_net_connect.js,Unknown Test,"{'column': 2, 'line': 98}","it('disallows request for other domains, via function', async () => {
    nock.enableNetConnect(host => host.includes('ocalhos'))

    await assertRejects(
      got('https://example.test/'),
      /Nock: Disallowed net connect for ""example.test:443\/""/,
    )
  })",98,105,steel
/tests/got/test_logging.js,Conditional Test Logic,"{'line': 74, 'column': 8, 'index': 4442}","it.skip('match debugging works', async () => {
    // the log function will have been a few dozen times, there are a few specific to matching we want to validate:

    let resolveTest
    let rejectTest
    const p = new Promise((resolve, reject) => {
      resolveTest = resolve
      rejectTest = reject
    })
    const assertions = [
      /NOCK:BACK \d+: New nock back mode: dryrun/,
      /NOCK:RECORDER \d+: 0 restoring all the overridden http\/https properties/,
      /NOCK:COMMON \d+: restoring requests/,
      /NOCK:INTERCEPT \d+: restoring overridden ClientRequest/,
      /NOCK:INTERCEPT \d+: - ClientRequest was not overridden/,
      /NOCK:COMMON \d+: overriding requests/,
      /NOCK:COMMON \d+: - overriding request for http/,
      /NOCK:COMMON \d+: - overridden request for http/,
      /NOCK:COMMON \d+: - overriding request for https/,
      /NOCK:COMMON \d+: - overridden request for https/,
      /NOCK:INTERCEPT \d+: Overriding ClientRequest/,
      /NOCK:INTERCEPT \d+: ClientRequest overridden/,
      /NOCK:SCOPE:EXAMPLE.TEST \d+: reply.headers: {}/,
      /NOCK:SCOPE:EXAMPLE.TEST \d+: reply.rawHeaders: \[\]/,
      /NOCK:COMMON \d+: options.hostname in the end: ""example.test""/,
      /NOCK:COMMON \d+: options.host in the end: ""example.test:80""/,
      /NOCK:INTERCEPT \d+: interceptors for ""example.test:80""/,
      /NOCK:INTERCEPT \d+: filtering interceptors for basepath http:\/\/example.test:80/,
      /NOCK:INTERCEPT \d+: matched base path \(1 interceptor\)/,
      /NOCK:COMMON \d+: options.host: example.test:80/,
      /NOCK:COMMON \d+: options.hostname in the end: ""example.test""/,
      /NOCK:COMMON \d+: options.host in the end: ""example.test:80""/,
      /NOCK:INTERCEPT \d+: interceptors for ""example.test:80""/,
      /NOCK:INTERCEPT \d+: filtering interceptors for basepath http:\/\/example.test:80/,
      /NOCK:INTERCEPT \d+: matched base path \(1 interceptor\)/,
      /NOCK:INTERCEPT \d+: using 1 interceptors/,
      /NOCK:REQUEST_OVERRIDER \d+: request write/,
      /NOCK:REQUEST_OVERRIDER \d+: request end/,
      /NOCK:REQUEST_OVERRIDER \d+: ending/,
      /NOCK:SCOPE:EXAMPLE.TEST \d+: attempting match {""protocol"":""http:"",""hostname"":""example.test"",""hash"":"""",""search"":"""",""pathname"":""\/deep\/link"",""path"":""\/deep\/link"",""href"":""http:\/\/example.test\/deep\/link"",""method"":""POST"",""retry"":{""limit"":2,""methods"":\[""GET"",""PUT"",""HEAD"",""DELETE"",""OPTIONS"",""TRACE""\],""statusCodes"":\[408,413,429,500,502,503,504,521,522,524\],""errorCodes"":\[""ETIMEDOUT"",""ECONNRESET"",""EADDRINUSE"",""ECONNREFUSED"",""EPIPE"",""ENOTFOUND"",""ENETUNREACH"",""EAI_AGAIN""\],""maxRetryAfter"":null},""headers"":{""user-agent"":""got \(https:\/\/github.com\/sindresorhus\/got\)"",""content-length"":""15"",""accept-encoding"":""gzip, deflate, br""},""hooks"":{""init"":\[\],""beforeRequest"":\[\],""beforeRedirect"":\[\],""beforeRetry"":\[\],""beforeError"":\[\],""afterResponse"":\[\]},""decompress"":true,""throwHttpErrors"":true,""followRedirect"":true,""isStream"":false,""responseType"":""text"",""resolveBodyOnly"":false,""maxRedirects"":10,""prefixUrl"":"""",""methodRewriting"":true,""ignoreInvalidCookies"":false,""http2"":false,""allowGetBody"":false,""pagination"":{""countLimit"":null,""backoff"":0,""requestLimit"":10000,""stackAllItems"":true},""cacheOptions"":{},""url"":""http:\/\/example.test\/deep\/link"",""username"":"""",""password"":"""",""proto"":""http"",""port"":80,""host"":""example.test:80""}, body = ""Hello yourself!""/,
      /NOCK:SCOPE:EXAMPLE.TEST \d+: query matching skipped/,
      /NOCK:SCOPE:EXAMPLE.TEST \d+: matching http:\/\/example.test:80\/deep\/link to POST http:\/\/example.test:80\/deep\/link: true/,
      /NOCK:SCOPE:EXAMPLE.TEST \d+: interceptor identified, starting mocking/,
      /NOCK:SCOPE:EXAMPLE.TEST \d+: response.rawHeaders: \[\]/,
      /NOCK:SCOPE:EXAMPLE.TEST \d+: emitting response/,
      /^$/,
    ]

    const child = spawn(
      process.execPath,
      [join(__dirname, './fixtures/logging.mjs')],
      {
        env: {
          NODE_DEBUG: 'nock:*',
        },
      },
    )
    const chunks = []
    child.stderr.setEncoding('utf8')
    child.stderr.on('data', chunk => {
      chunks.push(chunk)
    })
    child.stderr.on('end', () => {
      const lines = extractLines(chunks)
      try {
        expect(lines.length).to.be.equal(assertions.length)
        for (let i = 1; i < lines.length; i++) {
          expect(lines[i], `${i}: ${lines[i]}`).to.match(assertions[i])
        }
      } catch (e) {
        rejectTest(e)
        return
      }
      resolveTest()
    })
    await p
  })",8,84,steel
/tests/got/test_logging.js,Ignored Test,"{'line': 8, 'column': 5, 'index': 195}","it.skip('match debugging works', async () => {
    // the log function will have been a few dozen times, there are a few specific to matching we want to validate:

    let resolveTest
    let rejectTest
    const p = new Promise((resolve, reject) => {
      resolveTest = resolve
      rejectTest = reject
    })
    const assertions = [
      /NOCK:BACK \d+: New nock back mode: dryrun/,
      /NOCK:RECORDER \d+: 0 restoring all the overridden http\/https properties/,
      /NOCK:COMMON \d+: restoring requests/,
      /NOCK:INTERCEPT \d+: restoring overridden ClientRequest/,
      /NOCK:INTERCEPT \d+: - ClientRequest was not overridden/,
      /NOCK:COMMON \d+: overriding requests/,
      /NOCK:COMMON \d+: - overriding request for http/,
      /NOCK:COMMON \d+: - overridden request for http/,
      /NOCK:COMMON \d+: - overriding request for https/,
      /NOCK:COMMON \d+: - overridden request for https/,
      /NOCK:INTERCEPT \d+: Overriding ClientRequest/,
      /NOCK:INTERCEPT \d+: ClientRequest overridden/,
      /NOCK:SCOPE:EXAMPLE.TEST \d+: reply.headers: {}/,
      /NOCK:SCOPE:EXAMPLE.TEST \d+: reply.rawHeaders: \[\]/,
      /NOCK:COMMON \d+: options.hostname in the end: ""example.test""/,
      /NOCK:COMMON \d+: options.host in the end: ""example.test:80""/,
      /NOCK:INTERCEPT \d+: interceptors for ""example.test:80""/,
      /NOCK:INTERCEPT \d+: filtering interceptors for basepath http:\/\/example.test:80/,
      /NOCK:INTERCEPT \d+: matched base path \(1 interceptor\)/,
      /NOCK:COMMON \d+: options.host: example.test:80/,
      /NOCK:COMMON \d+: options.hostname in the end: ""example.test""/,
      /NOCK:COMMON \d+: options.host in the end: ""example.test:80""/,
      /NOCK:INTERCEPT \d+: interceptors for ""example.test:80""/,
      /NOCK:INTERCEPT \d+: filtering interceptors for basepath http:\/\/example.test:80/,
      /NOCK:INTERCEPT \d+: matched base path \(1 interceptor\)/,
      /NOCK:INTERCEPT \d+: using 1 interceptors/,
      /NOCK:REQUEST_OVERRIDER \d+: request write/,
      /NOCK:REQUEST_OVERRIDER \d+: request end/,
      /NOCK:REQUEST_OVERRIDER \d+: ending/,
      /NOCK:SCOPE:EXAMPLE.TEST \d+: attempting match {""protocol"":""http:"",""hostname"":""example.test"",""hash"":"""",""search"":"""",""pathname"":""\/deep\/link"",""path"":""\/deep\/link"",""href"":""http:\/\/example.test\/deep\/link"",""method"":""POST"",""retry"":{""limit"":2,""methods"":\[""GET"",""PUT"",""HEAD"",""DELETE"",""OPTIONS"",""TRACE""\],""statusCodes"":\[408,413,429,500,502,503,504,521,522,524\],""errorCodes"":\[""ETIMEDOUT"",""ECONNRESET"",""EADDRINUSE"",""ECONNREFUSED"",""EPIPE"",""ENOTFOUND"",""ENETUNREACH"",""EAI_AGAIN""\],""maxRetryAfter"":null},""headers"":{""user-agent"":""got \(https:\/\/github.com\/sindresorhus\/got\)"",""content-length"":""15"",""accept-encoding"":""gzip, deflate, br""},""hooks"":{""init"":\[\],""beforeRequest"":\[\],""beforeRedirect"":\[\],""beforeRetry"":\[\],""beforeError"":\[\],""afterResponse"":\[\]},""decompress"":true,""throwHttpErrors"":true,""followRedirect"":true,""isStream"":false,""responseType"":""text"",""resolveBodyOnly"":false,""maxRedirects"":10,""prefixUrl"":"""",""methodRewriting"":true,""ignoreInvalidCookies"":false,""http2"":false,""allowGetBody"":false,""pagination"":{""countLimit"":null,""backoff"":0,""requestLimit"":10000,""stackAllItems"":true},""cacheOptions"":{},""url"":""http:\/\/example.test\/deep\/link"",""username"":"""",""password"":"""",""proto"":""http"",""port"":80,""host"":""example.test:80""}, body = ""Hello yourself!""/,
      /NOCK:SCOPE:EXAMPLE.TEST \d+: query matching skipped/,
      /NOCK:SCOPE:EXAMPLE.TEST \d+: matching http:\/\/example.test:80\/deep\/link to POST http:\/\/example.test:80\/deep\/link: true/,
      /NOCK:SCOPE:EXAMPLE.TEST \d+: interceptor identified, starting mocking/,
      /NOCK:SCOPE:EXAMPLE.TEST \d+: response.rawHeaders: \[\]/,
      /NOCK:SCOPE:EXAMPLE.TEST \d+: emitting response/,
      /^$/,
    ]

    const child = spawn(
      process.execPath,
      [join(__dirname, './fixtures/logging.mjs')],
      {
        env: {
          NODE_DEBUG: 'nock:*',
        },
      },
    )
    const chunks = []
    child.stderr.setEncoding('utf8')
    child.stderr.on('data', chunk => {
      chunks.push(chunk)
    })
    child.stderr.on('end', () => {
      const lines = extractLines(chunks)
      try {
        expect(lines.length).to.be.equal(assertions.length)
        for (let i = 1; i < lines.length; i++) {
          expect(lines[i], `${i}: ${lines[i]}`).to.match(assertions[i])
        }
      } catch (e) {
        rejectTest(e)
        return
      }
      resolveTest()
    })
    await p
  })",8,84,steel
/tests/got/test_intercept_parallel.js,Conditional Test Logic,"{'line': 17, 'column': 8, 'index': 503}","describe('interception in parallel', () => {
  const origin = 'https://example.test'
  const makeRequest = opts =>
    got(origin, opts)
      .then(res => res.statusCode)
      .catch(reason => {
        if (reason.code === 'ERR_NOCK_NO_MATCH') return 418
        throw reason
      })

  it('consumes multiple requests, using multiple Interceptors on the same Scope', async () => {
    const scope = nock(origin)

    scope.get('/').reply(200)
    scope.get('/').reply(201)

    const results = await Promise.all([
      makeRequest(),
      makeRequest(),
      makeRequest(),
    ])

    expect(results.sort()).to.deep.equal([200, 201, 418])
    scope.done()
  })

  it('consumes multiple requests, using a single Interceptor', async () => {
    const scope = nock(origin).get('/').times(2).reply(200)

    const results = await Promise.all([
      makeRequest(),
      makeRequest(),
      makeRequest(),
    ])

    expect(results.sort()).to.deep.equal([200, 200, 418])
    scope.done()
  })

  it('consumes multiple requests, using multiple Scopes', async () => {
    nock(origin).get('/').reply(200)
    nock(origin).get('/').reply(201)

    const results = await Promise.all([
      makeRequest(),
      makeRequest(),
      makeRequest(),
    ])

    expect(results.sort()).to.deep.equal([200, 201, 418])
    expect(nock.isDone()).to.equal(true)
  })

  it('provides the correct request instance on the Interceptor inside reply callbacks', async () => {
    const fooHeadersStub = sinon.stub()

    nock(origin)
      .persist()
      .get('/')
      .reply(function () {
        fooHeadersStub(this.req.headers.foo)
        return [200]
      })

    await Promise.all([
      makeRequest({ headers: { foo: 'A' } }),
      makeRequest({ headers: { foo: 'B' } }),
    ])

    expect(fooHeadersStub).to.have.calledTwice()
    expect(fooHeadersStub).to.have.been.calledWithExactly('A')
    expect(fooHeadersStub).to.have.been.calledWithExactly('B')
    expect(nock.isDone()).to.equal(true)
  })
})",11,85,steel
/tests/got/test_intercept_parallel.js,Duplicate Assert,"{'line': 80, 'column': 4, 'index': 2084}","it('provides the correct request instance on the Interceptor inside reply callbacks', async () => {
    const fooHeadersStub = sinon.stub()

    nock(origin)
      .persist()
      .get('/')
      .reply(function () {
        fooHeadersStub(this.req.headers.foo)
        return [200]
      })

    await Promise.all([
      makeRequest({ headers: { foo: 'A' } }),
      makeRequest({ headers: { foo: 'B' } }),
    ])

    expect(fooHeadersStub).to.have.calledTwice()
    expect(fooHeadersStub).to.have.been.calledWithExactly('A')
    expect(fooHeadersStub).to.have.been.calledWithExactly('B')
    expect(nock.isDone()).to.equal(true)
  })",64,84,steel
/tests/got/test_intercept_parallel.js,Duplicate Assert,"{'line': 81, 'column': 4, 'index': 2133}","it('provides the correct request instance on the Interceptor inside reply callbacks', async () => {
    const fooHeadersStub = sinon.stub()

    nock(origin)
      .persist()
      .get('/')
      .reply(function () {
        fooHeadersStub(this.req.headers.foo)
        return [200]
      })

    await Promise.all([
      makeRequest({ headers: { foo: 'A' } }),
      makeRequest({ headers: { foo: 'B' } }),
    ])

    expect(fooHeadersStub).to.have.calledTwice()
    expect(fooHeadersStub).to.have.been.calledWithExactly('A')
    expect(fooHeadersStub).to.have.been.calledWithExactly('B')
    expect(nock.isDone()).to.equal(true)
  })",64,84,steel
/tests/got/test_intercept_parallel.js,Duplicate Assert,"{'line': 82, 'column': 4, 'index': 2196}","it('provides the correct request instance on the Interceptor inside reply callbacks', async () => {
    const fooHeadersStub = sinon.stub()

    nock(origin)
      .persist()
      .get('/')
      .reply(function () {
        fooHeadersStub(this.req.headers.foo)
        return [200]
      })

    await Promise.all([
      makeRequest({ headers: { foo: 'A' } }),
      makeRequest({ headers: { foo: 'B' } }),
    ])

    expect(fooHeadersStub).to.have.calledTwice()
    expect(fooHeadersStub).to.have.been.calledWithExactly('A')
    expect(fooHeadersStub).to.have.been.calledWithExactly('B')
    expect(nock.isDone()).to.equal(true)
  })",64,84,steel
/tests/got/test_intercept.js,Duplicate Assert,"{'line': 145, 'column': 4, 'index': 4232}","it('post with empty response body', async () => {
    const scope = nock('http://example.test').post('/form').reply()

    const { statusCode, body } = await got.post('http://example.test/form', {
      responseType: 'buffer',
    })

    expect(statusCode).to.equal(200)
    expect(body).to.be.an.instanceOf(Buffer)
    expect(body).to.have.lengthOf(0)
    scope.done()
  })",137,148,steel
/tests/got/test_intercept.js,Duplicate Assert,"{'line': 146, 'column': 4, 'index': 4277}","it('post with empty response body', async () => {
    const scope = nock('http://example.test').post('/form').reply()

    const { statusCode, body } = await got.post('http://example.test/form', {
      responseType: 'buffer',
    })

    expect(statusCode).to.equal(200)
    expect(body).to.be.an.instanceOf(Buffer)
    expect(body).to.have.lengthOf(0)
    scope.done()
  })",137,148,steel
/tests/got/test_intercept.js,Ignored Test,"{'line': 689, 'column': 5, 'index': 18255}","it.skip('get correct filtering with scope and request headers filtering', done => {
    const responseText = 'OK!'
    const requestHeaders = { host: 'foo.example.test' }

    const scope = nock('http://foo.example.test', {
      filteringScope: scope => /^http:\/\/.*\.example\.test/.test(scope),
    })
      .get('/path')
      .reply(200, responseText, { 'Content-Type': 'text/plain' })

    const onData = sinon.spy()
    const req = http.get('http://bar.example.test/path', res => {
      expect(req.getHeaders()).to.deep.equal({ host: requestHeaders.host })

      res.on('data', data => {
        onData()
        expect(data.toString()).to.equal(responseText)
      })
      res.on('end', () => {
        expect(onData).to.have.been.calledOnce()
        scope.done()
        done()
      })
    })
  })",689,713,steel
/tests/got/test_intercept.js,Ignored Test,"{'line': 855, 'column': 5, 'index': 23201}","it.skip('match hostname as regex and string in tandem', async () => {
    const scope1 = nock(/.*/).get('/hello/world').reply()
    const scope2 = nock('http://example.test').get('/hello/planet').reply()

    const response1 = await got('http://example.test/hello/world')
    expect(response1.statusCode).to.equal(200)
    scope1.done()

    const response2 = await got('http://example.test/hello/planet')
    expect(response2.statusCode).to.equal(200)
    scope2.done()
  })",855,866,steel
/tests/got/test_intercept.js,Unknown Test,"{'column': 2, 'line': 372}","it('hostname is case insensitive', done => {
    const scope = nock('http://example.test').get('/path').reply()

    const req = http.request(
      {
        hostname: 'EXAMPLE.test',
        path: '/path',
        method: 'GET',
      },
      () => {
        scope.done()
        done()
      },
    )
    req.end()
  })",372,387,steel
/tests/got/test_intercept.js,Unknown Test,"{'column': 2, 'line': 517}","it('two scopes with the same request are consumed', async () => {
    const scope1 = nock('http://example.test')
      .get('/')
      .reply(200, 'Hello World!')

    const scope2 = nock('http://example.test')
      .get('/')
      .reply(200, 'Hello World!')

    await got('http://example.test/')
    await got('http://example.test/')

    scope1.done()
    scope2.done()
  })",517,531,steel
/tests/got/test_intercept.js,Unknown Test,"{'column': 2, 'line': 534}","it('username and password works', done => {
    const scope = nock('http://example.test')
      .get('/')
      .reply(200, 'Welcome, username')

    http
      .request(
        {
          hostname: 'example.test',
          auth: 'username:password',
          path: '/',
        },
        res => {
          scope.done()
          done()
        },
      )
      .end()
  })",534,552,steel
/tests/got/test_intercept.js,Unknown Test,"{'column': 2, 'line': 571}","it('different port works', done => {
    const scope = nock('http://example.test:8081').get('/').reply()

    http
      .request(
        {
          hostname: 'example.test',
          port: 8081,
          path: '/',
        },
        res => {
          scope.done()
          done()
        },
      )
      .end()
  })",571,587,steel
/tests/got/test_intercept.js,Unknown Test,"{'column': 2, 'line': 589}","it('explicitly specifiying port 80 works', done => {
    const scope = nock('http://example.test:80').get('/').reply()

    http
      .request(
        {
          hostname: 'example.test',
          port: 80,
          path: '/',
        },
        res => {
          scope.done()
          done()
        },
      )
      .end()
  })",589,605,steel
/tests/got/test_intercept.js,Unknown Test,"{'column': 2, 'line': 607}","it('post with object', done => {
    const scope = nock('http://example.test')
      .post('/claim', { some_data: 'something' })
      .reply()

    http
      .request(
        {
          hostname: 'example.test',
          port: 80,
          method: 'POST',
          path: '/claim',
        },
        res => {
          scope.done()
          done()
        },
      )
      .end('{""some_data"":""something""}')
  })",607,626,steel
/tests/got/test_intercept.js,Unknown Test,"{'column': 2, 'line': 730}","it('succeeds even when host request header is not specified', done => {
    const scope = nock('http://example.test').post('/resource').reply()

    const opts = {
      method: 'POST',
      headers: {
        'X-App-TOKEN': 'apptoken',
        'X-Auth-TOKEN': 'apptoken',
      },
    }

    const req = http.request('http://example.test/resource', opts, res => {
      res.on('end', () => {
        scope.done()
        done()
      })
      res.resume()
    })

    req.end()
  })",730,750,steel
/tests/got/test_intercept.js,Unknown Test,"{'column': 2, 'line': 957}","it('no content type provided', done => {
    const scope = nock('http://example.test')
      .replyContentLength()
      .post('/httppost', () => true)
      .reply(401, '')

    http
      .request(
        {
          host: 'example.test',
          path: '/httppost',
          method: 'POST',
          headers: {},
        },
        res => {
          res.on('data', () => {})
          res.once('end', () => {
            scope.done()
            done()
          })
        },
      )
      .end('WHAA')
  })",957,980,steel
/tests/got/test_intercept.js,Unknown Test,"{'column': 2, 'line': 1055}","it('first arg as URL instance', done => {
    const scope = nock('http://example.test').get('/').reply()

    http.get(new url.URL('http://example.test'), () => {
      scope.done()
      done()
    })
  })",1055,1062,steel
/tests/got/test_header_matching.js,Duplicate Assert,"{'line': 601, 'column': 2, 'index': 17578}","it('header manipulation', done => {
  // This test seems to depend on behavior of the `http` module.
  const scope = nock('http://example.test')
    .get('/accounts')
    .reply(200, { accounts: [{ id: 1, name: 'Joe Blow' }] })

  const req = http.request({ host: 'example.test', path: '/accounts' }, res => {
    res.on('end', () => {
      scope.done()
      done()
    })
    // Streams start in 'paused' mode and must be started.
    // See https://nodejs.org/api/stream.html#stream_class_stream_readable
    res.resume()
  })

  req.setHeader('X-Custom-Header', 'My Value')
  expect(req.getHeader('X-Custom-Header')).to.equal('My Value')

  req.removeHeader('X-Custom-Header')
  expect(req.getHeader('X-Custom-Header')).to.be.undefined()

  req.end()
})",584,607,steel
/tests/got/test_header_matching.js,Duplicate Assert,"{'line': 604, 'column': 2, 'index': 17681}","it('header manipulation', done => {
  // This test seems to depend on behavior of the `http` module.
  const scope = nock('http://example.test')
    .get('/accounts')
    .reply(200, { accounts: [{ id: 1, name: 'Joe Blow' }] })

  const req = http.request({ host: 'example.test', path: '/accounts' }, res => {
    res.on('end', () => {
      scope.done()
      done()
    })
    // Streams start in 'paused' mode and must be started.
    // See https://nodejs.org/api/stream.html#stream_class_stream_readable
    res.resume()
  })

  req.setHeader('X-Custom-Header', 'My Value')
  expect(req.getHeader('X-Custom-Header')).to.equal('My Value')

  req.removeHeader('X-Custom-Header')
  expect(req.getHeader('X-Custom-Header')).to.be.undefined()

  req.end()
})",584,607,steel
/tests/got/test_header_matching.js,Unknown Test,"{'column': 4, 'line': 32}","it('should not match headers with function: does not match when match declined', async () => {
      nock('http://example.test')
        .matchHeader('x-my-headers', () => false)
        // `.matchHeader()` is called on the interceptor. It precedes the call to
        // `.get()`.
        .get('/')
        .reply(200, 'Hello World!')

      await assertRejects(
        got('http://example.test/', {
          headers: { 'X-My-Headers': 456 },
        }),
        /Nock: No match for request/,
      )
    })",32,46,steel
/tests/got/test_header_matching.js,Unknown Test,"{'column': 4, 'line': 212}","it('should not match headers with function: does not match when match declined', async () => {
      nock('http://example.test')
        .get('/')
        .matchHeader('x-my-headers', () => false)
        .reply(200, 'Hello World!')

      await assertRejects(
        got('http://example.test/', {
          headers: { 'X-My-Headers': 456 },
        }),
        /Nock: No match for request/,
      )
    })",212,224,steel
/tests/got/test_header_matching.js,Unknown Test,"{'column': 4, 'line': 267}","it('should fail when specified request header is missing', async () => {
      nock('http://example.test', {
        reqheaders: {
          'X-App-Token': 'apptoken',
          'X-Auth-Token': 'apptoken',
        },
      })
        .post('/')
        .reply(200, { status: 'ok' })

      await assertRejects(
        got.post('http://example.test/', {
          headers: { 'X-App-Token': 'apptoken' },
        }),
        /Nock: No match for request/,
      )
    })",267,283,steel
/tests/got/test_header_matching.js,Unknown Test,"{'column': 4, 'line': 523}","it('should not prevent match when badheaders are absent but other headers are present', async () => {
      const scope = nock('http://example.test', {
        badheaders: ['cookie'],
      })
        .get('/')
        .reply()

      await got('http://example.test/', { headers: { Donut: 'donut' } })

      scope.done()
    })",523,533,steel
/tests/got/test_header_matching.js,Unknown Test,"{'column': 4, 'line': 567}","it('Host header is used to reject a match if defined on the scope and request', async () => {
      nock('http://example.test', {
        reqheaders: { host: 'example.test' },
      })
        .get('/')
        .reply()

      await assertRejects(
        got('http://example.test/', {
          headers: { Host: 'some.other.domain.test' },
        }),
        /Nock: No match for request/,
      )
    })",567,580,steel
/tests/got/test_fake_timer.js,Unknown Test,"{'column': 0, 'line': 8}","it('should still return successfully when fake timer is enabled', async () => {
  const clock = fakeTimers.install()
  const scope = nock('http://example.test').get('/').reply()

  await got('http://example.test')

  clock.uninstall()
  scope.done()
})",8,16,steel
/tests/got/test_events.js,Duplicate Assert,"{'line': 39, 'column': 4, 'index': 940}","it('emits request and request body', async () => {
  const data = 'example=123'

  const scope = nock('http://example.test').post('/please').reply()

  const onRequest = sinon.spy()
  const onReplied = sinon.spy()

  scope.on('request', function (req, interceptor, body) {
    onRequest()
    expect(req.path).to.equal('/please')
    expect(interceptor.interceptionCounter).to.equal(1)
    expect(body).to.deep.equal(data)
    expect(onReplied).to.not.have.been.called()
  })

  scope.on('replied', function (req, interceptor) {
    onReplied()
    expect(req.path).to.equal('/please')
    expect(interceptor.interceptionCounter).to.equal(1)
  })

  await got.post('http://example.test/please', {
    body: data,
    headers: {
      'Content-Type': 'application/x-www-form-urlencoded',
      'Content-Length': Buffer.byteLength(data),
    },
  })

  scope.done()
  expect(onRequest).to.have.been.calledOnce()
  expect(onReplied).to.have.been.calledOnce()
})",29,62,steel
/tests/got/test_events.js,Duplicate Assert,"{'line': 40, 'column': 4, 'index': 981}","it('emits request and request body', async () => {
  const data = 'example=123'

  const scope = nock('http://example.test').post('/please').reply()

  const onRequest = sinon.spy()
  const onReplied = sinon.spy()

  scope.on('request', function (req, interceptor, body) {
    onRequest()
    expect(req.path).to.equal('/please')
    expect(interceptor.interceptionCounter).to.equal(1)
    expect(body).to.deep.equal(data)
    expect(onReplied).to.not.have.been.called()
  })

  scope.on('replied', function (req, interceptor) {
    onReplied()
    expect(req.path).to.equal('/please')
    expect(interceptor.interceptionCounter).to.equal(1)
  })

  await got.post('http://example.test/please', {
    body: data,
    headers: {
      'Content-Type': 'application/x-www-form-urlencoded',
      'Content-Length': Buffer.byteLength(data),
    },
  })

  scope.done()
  expect(onRequest).to.have.been.calledOnce()
  expect(onReplied).to.have.been.calledOnce()
})",29,62,steel
/tests/got/test_events.js,Duplicate Assert,"{'line': 42, 'column': 4, 'index': 1074}","it('emits request and request body', async () => {
  const data = 'example=123'

  const scope = nock('http://example.test').post('/please').reply()

  const onRequest = sinon.spy()
  const onReplied = sinon.spy()

  scope.on('request', function (req, interceptor, body) {
    onRequest()
    expect(req.path).to.equal('/please')
    expect(interceptor.interceptionCounter).to.equal(1)
    expect(body).to.deep.equal(data)
    expect(onReplied).to.not.have.been.called()
  })

  scope.on('replied', function (req, interceptor) {
    onReplied()
    expect(req.path).to.equal('/please')
    expect(interceptor.interceptionCounter).to.equal(1)
  })

  await got.post('http://example.test/please', {
    body: data,
    headers: {
      'Content-Type': 'application/x-www-form-urlencoded',
      'Content-Length': Buffer.byteLength(data),
    },
  })

  scope.done()
  expect(onRequest).to.have.been.calledOnce()
  expect(onReplied).to.have.been.calledOnce()
})",29,62,steel
/tests/got/test_events.js,Duplicate Assert,"{'line': 47, 'column': 4, 'index': 1196}","it('emits request and request body', async () => {
  const data = 'example=123'

  const scope = nock('http://example.test').post('/please').reply()

  const onRequest = sinon.spy()
  const onReplied = sinon.spy()

  scope.on('request', function (req, interceptor, body) {
    onRequest()
    expect(req.path).to.equal('/please')
    expect(interceptor.interceptionCounter).to.equal(1)
    expect(body).to.deep.equal(data)
    expect(onReplied).to.not.have.been.called()
  })

  scope.on('replied', function (req, interceptor) {
    onReplied()
    expect(req.path).to.equal('/please')
    expect(interceptor.interceptionCounter).to.equal(1)
  })

  await got.post('http://example.test/please', {
    body: data,
    headers: {
      'Content-Type': 'application/x-www-form-urlencoded',
      'Content-Length': Buffer.byteLength(data),
    },
  })

  scope.done()
  expect(onRequest).to.have.been.calledOnce()
  expect(onReplied).to.have.been.calledOnce()
})",29,62,steel
/tests/got/test_events.js,Duplicate Assert,"{'line': 48, 'column': 4, 'index': 1237}","it('emits request and request body', async () => {
  const data = 'example=123'

  const scope = nock('http://example.test').post('/please').reply()

  const onRequest = sinon.spy()
  const onReplied = sinon.spy()

  scope.on('request', function (req, interceptor, body) {
    onRequest()
    expect(req.path).to.equal('/please')
    expect(interceptor.interceptionCounter).to.equal(1)
    expect(body).to.deep.equal(data)
    expect(onReplied).to.not.have.been.called()
  })

  scope.on('replied', function (req, interceptor) {
    onReplied()
    expect(req.path).to.equal('/please')
    expect(interceptor.interceptionCounter).to.equal(1)
  })

  await got.post('http://example.test/please', {
    body: data,
    headers: {
      'Content-Type': 'application/x-www-form-urlencoded',
      'Content-Length': Buffer.byteLength(data),
    },
  })

  scope.done()
  expect(onRequest).to.have.been.calledOnce()
  expect(onReplied).to.have.been.calledOnce()
})",29,62,steel
/tests/got/test_events.js,Duplicate Assert,"{'line': 61, 'column': 2, 'index': 1559}","it('emits request and request body', async () => {
  const data = 'example=123'

  const scope = nock('http://example.test').post('/please').reply()

  const onRequest = sinon.spy()
  const onReplied = sinon.spy()

  scope.on('request', function (req, interceptor, body) {
    onRequest()
    expect(req.path).to.equal('/please')
    expect(interceptor.interceptionCounter).to.equal(1)
    expect(body).to.deep.equal(data)
    expect(onReplied).to.not.have.been.called()
  })

  scope.on('replied', function (req, interceptor) {
    onReplied()
    expect(req.path).to.equal('/please')
    expect(interceptor.interceptionCounter).to.equal(1)
  })

  await got.post('http://example.test/please', {
    body: data,
    headers: {
      'Content-Type': 'application/x-www-form-urlencoded',
      'Content-Length': Buffer.byteLength(data),
    },
  })

  scope.done()
  expect(onRequest).to.have.been.calledOnce()
  expect(onReplied).to.have.been.calledOnce()
})",29,62,steel
/tests/got/test_events.js,Unknown Test,"{'column': 0, 'line': 83}","it('emits no match when no match and no mock', done => {
  nock.emitter.once('no match', () => {
    done()
  })

  http.get('http://example.test/abc').once('error', ignore)
})",83,89,steel
/tests/got/test_dynamic_mock.js,Sleepy Test,"{'line': 54, 'column': 8, 'index': 1681}","it('should provide the status code and body by passing them to the asynchronous callback', async () => {
    const scope = nock('http://example.test')
      .get('/')
      .reply(function (path, reqBody, cb) {
        setTimeout(function () {
          cb(null, [201, 'GHI'])
        }, 1e3)
      })

    const { statusCode, body } = await got('http://example.test')
    expect(statusCode).to.equal(201)
    expect(body).to.equal('GHI')

    scope.done()
  })",50,64,steel
/tests/got/test_delay.js,Sleepy Test,"{'line': 189, 'column': 4, 'index': 5932}","it('should work with a delayed response stream', async () => {
    const passthrough = new stream.Transform({
      transform(chunk, encoding, callback) {
        this.push(chunk.toString())
        callback()
      },
    })

    const scope = nock('http://example.test')
      .get('/')
      .delayBody(100)
      .reply(200, () => passthrough)

    setTimeout(() => fs.createReadStream(textFilePath).pipe(passthrough), 125)

    const { body } = await got('http://example.test/')

    expect(body).to.equal(textFileContents)
    scope.done()
  })",176,195,steel
/tests/got/test_delay.js,Unknown Test,"{'column': 2, 'line': 108}","it('should delay the clock between the `response` event and the first `data` event', done => {
    nock('http://example.test').get('/').delayBody(200).reply(201, 'OK')

    const start = process.hrtime()
    http.get('http://example.test', res => {
      res.once('data', () => {
        checkDuration(start, 200)
        done()
      })
    })
  })",108,118,steel
/tests/got/test_delay.js,Unknown Test,"{'column': 2, 'line': 199}","it('should cause a timeout error when larger than options.timeout', async () => {
    const scope = nock('http://example.test')
      .get('/')
      .delayConnection(1000)
      .reply(200, {})

    await assertRejects(
      got('http://example.test', { timeout: 10 }),
      err => err.code === 'ETIMEDOUT',
    )

    scope.done()
  })",199,211,steel
/tests/got/test_delay.js,Unknown Test,"{'column': 2, 'line': 213}","it('should delay the clock before the `response` event', done => {
    nock('http://example.test').get('/').delayConnection(200).reply()

    const req = http.request('http://example.test', () => {
      checkDuration(start, 200)
      done()
    })

    req.end()
    const start = process.hrtime()
  })",213,223,steel
/tests/got/test_delay.js,Unknown Test,"{'column': 2, 'line': 305}","it('should delay errors when `replyWithError()` is used', async () => {
    nock('http://example.test')
      .get('/')
      .delayConnection(100)
      .replyWithError('this is an error message')

    await resolvesInAtLeast(
      assertRejects(got('http://example.test'), /this is an error message/),
      100,
    )
  })",305,315,steel
/tests/got/test_define.js,Mystery Guest,"{'column': 16, 'line': 166}","it('works with binary buffers', done => {
    const exampleBody = '8001'
    const exampleResponse = '8001'

    expect(
      nock.define([
        {
          scope: 'http://example.test',
          method: 'POST',
          path: '/',
          body: exampleBody,
          status: 200,
          response: exampleResponse,
        },
      ]),
    ).to.be.ok()

    const req = http.request(
      {
        host: 'example.test',
        method: 'POST',
        path: '/',
      },
      res => {
        expect(res.statusCode).to.equal(200)

        const dataChunks = []

        res.on('data', chunk => {
          dataChunks.push(chunk)
        })

        res.once('end', () => {
          const response = Buffer.concat(dataChunks)
          expect(response.toString('hex')).to.equal(exampleResponse)
          done()
        })
      },
    )

    req.on('error', () => {
      //  This should never happen.
      expect.fail()
      done()
    })

    req.write(Buffer.from(exampleBody, 'hex'))
    req.end()
  })",149,197,steel
/tests/got/test_define.js,Mystery Guest,"{'column': 16, 'line': 221}","it('uses reqheaders', done => {
    const auth = 'foo:bar'
    const authHeader = `Basic ${Buffer.from('foo:bar').toString('base64')}`
    const reqheaders = {
      host: 'example.test',
      authorization: authHeader,
    }

    expect(
      nock.define([
        {
          scope: 'http://example.test',
          method: 'GET',
          path: '/',
          status: 200,
          reqheaders,
        },
      ]),
    ).to.be.ok()

    // Make a request which should match the mock that was configured above.
    // This does not hit the network.
    const req = http.request(
      {
        host: 'example.test',
        method: 'GET',
        path: '/',
        auth,
      },
      res => {
        expect(res.statusCode).to.equal(200)

        res.once('end', () => {
          expect(req.getHeaders(), reqheaders)
          done()
        })
        // Streams start in 'paused' mode and must be started.
        // See https://nodejs.org/api/stream.html#stream_class_stream_readable
        res.resume()
      },
    )
    req.end()
  })",199,241,steel
/tests/got/test_define.js,Mystery Guest,"{'column': 16, 'line': 265}","it('uses badheaders', done => {
    expect(
      nock.define([
        {
          scope: 'http://example.test',
          method: 'GET',
          path: '/',
          status: 401,
          badheaders: ['x-foo'],
        },
        {
          scope: 'http://example.test',
          method: 'GET',
          path: '/',
          status: 200,
          reqheaders: {
            'x-foo': 'bar',
          },
        },
      ]),
    ).to.be.ok()

    const req = http.request(
      {
        host: 'example.test',
        method: 'GET',
        path: '/',
        headers: {
          'x-foo': 'bar',
        },
      },
      res => {
        expect(res.statusCode).to.equal(200)

        res.once('end', () => {
          done()
        })
        // Streams start in 'paused' mode and must be started.
        // See https://nodejs.org/api/stream.html#stream_class_stream_readable
        res.resume()
      },
    )
    req.end()
  })",243,286,steel
/tests/got/test_body_match.js,Unknown Test,"{'column': 2, 'line': 132}","it(""doesn't match body with mismatching keys"", async () => {
    nock('http://example.test').post('/', { a: 'a' }).reply(200)

    const request = got.post('http://example.test', {
      json: { a: 'a', b: 'b' },
    })
    await assertRejects(request, /Nock: No match for request/)
  })",132,139,steel
/tests/got/test_body_match.js,Unknown Test,"{'column': 2, 'line': 142}","it(""doesn't match body with same number of keys but different keys"", async () => {
    nock('http://example.test').post('/', { a: {} }).reply()

    const request = got.post('http://example.test', { json: { b: 123 } })
    await assertRejects(request, /Nock: No match for request/)
  })",142,147,steel
/tests/got/test_body_match.js,Unknown Test,"{'column': 2, 'line': 252}","it(""doesn't match utf-8 buffer body with mismatching utf-8 buffer"", async () => {
    nock('http://example.test').post('/', Buffer.from('goodbye')).reply(200)

    const request = got.post('http://example.test', {
      body: Buffer.from('hello'),
    })

    await assertRejects(request, /Nock: No match for request/)
  })",252,260,steel
/tests/got/test_body_match.js,Unknown Test,"{'column': 2, 'line': 275}","it(""doesn't match binary buffer body with mismatching binary buffer"", async () => {
    nock('http://example.test')
      .post('/', Buffer.from([0xff, 0xff, 0xfa]))
      .reply(200)

    const request = got.post('http://example.test', {
      body: Buffer.from([0xff, 0xff, 0xff]),
    })

    await assertRejects(request, /Nock: No match for request/)
  })",275,285,steel
/tests/got/test_body_match.js,Unknown Test,"{'column': 2, 'line': 287}","it(""doesn't match binary buffer body with mismatching utf-8 buffer"", async () => {
    nock('http://example.test')
      .post('/', Buffer.from([0xff, 0xff, 0xff]))
      .reply(200)

    const request = got.post('http://example.test', {
      body: Buffer.from('hello'),
    })

    await assertRejects(request, /Nock: No match for request/)
  })",287,297,steel
/tests/got/test_body_match.js,Unknown Test,"{'column': 2, 'line': 299}","it(""doesn't match utf-8 buffer body with mismatching binary buffer"", async () => {
    nock('http://example.test').post('/', Buffer.from('hello')).reply(200)

    const request = got.post('http://example.test', {
      body: Buffer.from([0xff, 0xff, 0xff]),
    })

    await assertRejects(request, /Nock: No match for request/)
  })",299,307,steel
/tests/got/test_basic_auth.js,Unknown Test,"{'column': 2, 'line': 26}","it('fails when it doesnt match', async () => {
    await assertRejects(
      got('http://example.test/test'),
      /Nock: No match for request/,
    )
  })",26,31,steel
/tests/got/test_basic_auth.js,Unknown Test,"{'column': 2, 'line': 52}","it('fails when it doesnt match', async () => {
    await assertRejects(
      got('http://example.test/test'),
      /Nock: No match for request/,
    )
  })",52,57,steel
/tests/got/test_back_filters.js,Conditional Test Logic,"{'line': 68, 'column': 10, 'index': 2106}","it('should pass filteringRequestBody options', async () => {
    const server = await startHttpServer()
    const nockBackOptions = {
      before(scope) {
        scope.filteringRequestBody = (body, recordedBody) => {
          const regExp = /token=[a-z-]+/
          const recordedBodyMatched = recordedBody.match(regExp)

          if (recordedBodyMatched && regExp.test(body)) {
            return body.replace(regExp, recordedBodyMatched[0])
          }

          return body
        }
      },
    }

    const back1 = await nockBack(fixtureFilename, nockBackOptions)
    const response1 = await got.post(server.origin, {
      form: { token: 'aaa-bbb-ccc' },
    })
    back1.nockDone()

    const fixtureContent = getFixtureContent()
    expect(fixtureContent).to.have.lengthOf(1)
    expect(fixtureContent[0].body).to.equal('token=aaa-bbb-ccc')

    const back2 = await nockBack(fixtureFilename, nockBackOptions)
    const response2 = await got.post(server.origin, {
      form: { token: 'ddd-eee-fff' },
    })
    back2.nockDone()

    expect(response2.text).to.deep.equal(response1.text)

    const fixtureContentReloaded = getFixtureContent()
    expect(fixtureContentReloaded).to.have.lengthOf(1)
    expect(fixtureContentReloaded[0].body).to.equal('token=aaa-bbb-ccc')
  })",60,98,steel
/tests/got/test_back_filters.js,Unknown Test,"{'column': 2, 'line': 100}","it('should be able to reset the mode', () => {
    nockBack.setMode(originalMode)
  })",100,102,steel
/tests/got/test_allow_unmocked_https.js,Conditional Test Logic,"{'line': 32, 'column': 6, 'index': 936}","it('allow unmocked option works with https', async () => {
    const { origin } = await servers.startHttpsServer((request, response) => {
      if (request.url === '/does/not/exist') {
        response.writeHead(404)
        response.end()
        return
      }

      response.writeHead(200)
      response.write('server response')
      response.end()
    })

    const client = got.extend({
      prefixUrl: origin,
      throwHttpErrors: false,
      https: { certificateAuthority: servers.ca },
    })

    const scope = nock(origin, { allowUnmocked: true })
      .get('/abc')
      .reply(200, 'mocked response')
      .get('/wont/get/here')
      .reply(500)

    const response1 = await client('abc')
    expect(response1.statusCode).to.equal(200)
    expect(response1.body).to.equal('mocked response')
    expect(scope.isDone()).to.equal(false)
    const response2 = await client('does/not/exist')

    expect(response2.statusCode).to.equal(404)
    expect(scope.isDone()).to.equal(false)
    const response3 = await client('')

    expect(response3.statusCode).to.equal(200)
    expect(response3.body).to.equal('server response')
    expect(scope.isDone()).to.equal(false)
  })",30,68,steel
/tests/got/test_allow_unmocked_https.js,Duplicate Assert,"{'line': 58, 'column': 4, 'index': 1609}","it('allow unmocked option works with https', async () => {
    const { origin } = await servers.startHttpsServer((request, response) => {
      if (request.url === '/does/not/exist') {
        response.writeHead(404)
        response.end()
        return
      }

      response.writeHead(200)
      response.write('server response')
      response.end()
    })

    const client = got.extend({
      prefixUrl: origin,
      throwHttpErrors: false,
      https: { certificateAuthority: servers.ca },
    })

    const scope = nock(origin, { allowUnmocked: true })
      .get('/abc')
      .reply(200, 'mocked response')
      .get('/wont/get/here')
      .reply(500)

    const response1 = await client('abc')
    expect(response1.statusCode).to.equal(200)
    expect(response1.body).to.equal('mocked response')
    expect(scope.isDone()).to.equal(false)
    const response2 = await client('does/not/exist')

    expect(response2.statusCode).to.equal(404)
    expect(scope.isDone()).to.equal(false)
    const response3 = await client('')

    expect(response3.statusCode).to.equal(200)
    expect(response3.body).to.equal('server response')
    expect(scope.isDone()).to.equal(false)
  })",30,68,steel
/tests/got/test_allow_unmocked_https.js,Duplicate Assert,"{'line': 62, 'column': 4, 'index': 1753}","it('allow unmocked option works with https', async () => {
    const { origin } = await servers.startHttpsServer((request, response) => {
      if (request.url === '/does/not/exist') {
        response.writeHead(404)
        response.end()
        return
      }

      response.writeHead(200)
      response.write('server response')
      response.end()
    })

    const client = got.extend({
      prefixUrl: origin,
      throwHttpErrors: false,
      https: { certificateAuthority: servers.ca },
    })

    const scope = nock(origin, { allowUnmocked: true })
      .get('/abc')
      .reply(200, 'mocked response')
      .get('/wont/get/here')
      .reply(500)

    const response1 = await client('abc')
    expect(response1.statusCode).to.equal(200)
    expect(response1.body).to.equal('mocked response')
    expect(scope.isDone()).to.equal(false)
    const response2 = await client('does/not/exist')

    expect(response2.statusCode).to.equal(404)
    expect(scope.isDone()).to.equal(false)
    const response3 = await client('')

    expect(response3.statusCode).to.equal(200)
    expect(response3.body).to.equal('server response')
    expect(scope.isDone()).to.equal(false)
  })",30,68,steel
/tests/got/test_allow_unmocked_https.js,Duplicate Assert,"{'line': 67, 'column': 4, 'index': 1938}","it('allow unmocked option works with https', async () => {
    const { origin } = await servers.startHttpsServer((request, response) => {
      if (request.url === '/does/not/exist') {
        response.writeHead(404)
        response.end()
        return
      }

      response.writeHead(200)
      response.write('server response')
      response.end()
    })

    const client = got.extend({
      prefixUrl: origin,
      throwHttpErrors: false,
      https: { certificateAuthority: servers.ca },
    })

    const scope = nock(origin, { allowUnmocked: true })
      .get('/abc')
      .reply(200, 'mocked response')
      .get('/wont/get/here')
      .reply(500)

    const response1 = await client('abc')
    expect(response1.statusCode).to.equal(200)
    expect(response1.body).to.equal('mocked response')
    expect(scope.isDone()).to.equal(false)
    const response2 = await client('does/not/exist')

    expect(response2.statusCode).to.equal(404)
    expect(scope.isDone()).to.equal(false)
    const response3 = await client('')

    expect(response3.statusCode).to.equal(200)
    expect(response3.body).to.equal('server response')
    expect(scope.isDone()).to.equal(false)
  })",30,68,steel
/tests/got/test_allow_unmocked.js,Conditional Test Logic,"{'line': 38, 'column': 6, 'index': 1169}","it('allow unmocked option allows traffic to server', async () => {
    const { origin } = await startHttpServer((request, response) => {
      switch (request.url) {
        case '/':
          response.writeHead(200)
          response.write('server served a response')
          break
        case '/not/available':
          response.writeHead(404)
          break
        case '/abc':
          response.writeHead(200)
          response.write('server served a response')
          break
      }

      response.end()
    })

    const scope = nock(origin, { allowUnmocked: true })
      .get('/abc')
      .reply(307, 'served from our mock')
      .get('/wont/get/here')
      .reply(307, 'served from our mock')
    const client = got.extend({ prefixUrl: origin, throwHttpErrors: false })

    const response1 = await client('abc')
    expect(response1.statusCode).to.equal(307)
    expect(response1.body).to.equal('served from our mock')
    expect(scope.isDone()).to.equal(false)

    const response2 = await client('not/available')
    expect(response2.statusCode).to.equal(404)
    expect(scope.isDone()).to.equal(false)

    const response3 = await client('')
    expect(response3.statusCode).to.equal(200)
    expect(response3.body).to.equal('server served a response')
    expect(scope.isDone()).to.equal(false)
  })",36,75,steel
/tests/got/test_allow_unmocked.js,Duplicate Assert,"{'line': 32, 'column': 4, 'index': 912}","it('allow unmocked works after one interceptor is removed', async () => {
    const { origin } = await startHttpServer((request, response) => {
      response.write('live')
      response.end()
    })

    nock(origin, { allowUnmocked: true }).get('/').reply(200, 'Mocked')

    expect((await got(origin)).body).to.equal('Mocked')
    expect((await got(origin)).body).to.equal('live')
  })",24,34,steel
/tests/got/test_allow_unmocked.js,Duplicate Assert,"{'line': 33, 'column': 4, 'index': 968}","it('allow unmocked works after one interceptor is removed', async () => {
    const { origin } = await startHttpServer((request, response) => {
      response.write('live')
      response.end()
    })

    nock(origin, { allowUnmocked: true }).get('/').reply(200, 'Mocked')

    expect((await got(origin)).body).to.equal('Mocked')
    expect((await got(origin)).body).to.equal('live')
  })",24,34,steel
/tests/got/test_allow_unmocked.js,Duplicate Assert,"{'line': 65, 'column': 4, 'index': 1975}","it('allow unmocked option allows traffic to server', async () => {
    const { origin } = await startHttpServer((request, response) => {
      switch (request.url) {
        case '/':
          response.writeHead(200)
          response.write('server served a response')
          break
        case '/not/available':
          response.writeHead(404)
          break
        case '/abc':
          response.writeHead(200)
          response.write('server served a response')
          break
      }

      response.end()
    })

    const scope = nock(origin, { allowUnmocked: true })
      .get('/abc')
      .reply(307, 'served from our mock')
      .get('/wont/get/here')
      .reply(307, 'served from our mock')
    const client = got.extend({ prefixUrl: origin, throwHttpErrors: false })

    const response1 = await client('abc')
    expect(response1.statusCode).to.equal(307)
    expect(response1.body).to.equal('served from our mock')
    expect(scope.isDone()).to.equal(false)

    const response2 = await client('not/available')
    expect(response2.statusCode).to.equal(404)
    expect(scope.isDone()).to.equal(false)

    const response3 = await client('')
    expect(response3.statusCode).to.equal(200)
    expect(response3.body).to.equal('server served a response')
    expect(scope.isDone()).to.equal(false)
  })",36,75,steel
/tests/got/test_allow_unmocked.js,Duplicate Assert,"{'line': 69, 'column': 4, 'index': 2118}","it('allow unmocked option allows traffic to server', async () => {
    const { origin } = await startHttpServer((request, response) => {
      switch (request.url) {
        case '/':
          response.writeHead(200)
          response.write('server served a response')
          break
        case '/not/available':
          response.writeHead(404)
          break
        case '/abc':
          response.writeHead(200)
          response.write('server served a response')
          break
      }

      response.end()
    })

    const scope = nock(origin, { allowUnmocked: true })
      .get('/abc')
      .reply(307, 'served from our mock')
      .get('/wont/get/here')
      .reply(307, 'served from our mock')
    const client = got.extend({ prefixUrl: origin, throwHttpErrors: false })

    const response1 = await client('abc')
    expect(response1.statusCode).to.equal(307)
    expect(response1.body).to.equal('served from our mock')
    expect(scope.isDone()).to.equal(false)

    const response2 = await client('not/available')
    expect(response2.statusCode).to.equal(404)
    expect(scope.isDone()).to.equal(false)

    const response3 = await client('')
    expect(response3.statusCode).to.equal(200)
    expect(response3.body).to.equal('server served a response')
    expect(scope.isDone()).to.equal(false)
  })",36,75,steel
/tests/got/test_allow_unmocked.js,Duplicate Assert,"{'line': 74, 'column': 4, 'index': 2312}","it('allow unmocked option allows traffic to server', async () => {
    const { origin } = await startHttpServer((request, response) => {
      switch (request.url) {
        case '/':
          response.writeHead(200)
          response.write('server served a response')
          break
        case '/not/available':
          response.writeHead(404)
          break
        case '/abc':
          response.writeHead(200)
          response.write('server served a response')
          break
      }

      response.end()
    })

    const scope = nock(origin, { allowUnmocked: true })
      .get('/abc')
      .reply(307, 'served from our mock')
      .get('/wont/get/here')
      .reply(307, 'served from our mock')
    const client = got.extend({ prefixUrl: origin, throwHttpErrors: false })

    const response1 = await client('abc')
    expect(response1.statusCode).to.equal(307)
    expect(response1.body).to.equal('served from our mock')
    expect(scope.isDone()).to.equal(false)

    const response2 = await client('not/available')
    expect(response2.statusCode).to.equal(404)
    expect(scope.isDone()).to.equal(false)

    const response3 = await client('')
    expect(response3.statusCode).to.equal(200)
    expect(response3.body).to.equal('server served a response')
    expect(scope.isDone()).to.equal(false)
  })",36,75,steel
